================================================================================
OPEN AZEROTH RESOURCE PARSER - EXTRACTION LOG
================================================================================

CONFIGURATION
--------------------------------------------------------------------------------
ADT Path: Y:\wow-server\Zeppelin-Tools\Open Azeroth\Resource Parser Export\WORLD\maps
Assets Source: Y:\wow-server\Zeppelin-Tools\Asset Library\GAME ASSETS
Export Path: Y:\wow-server\Zeppelin-Tools\Open Azeroth\Resource Parser Export
Stock Asset List: Y:\wow-server\Zeppelin-Craft\Scripts\Resource Parser\data\wotlk_335a_merged.txt

SUMMARY
--------------------------------------------------------------------------------
Total Custom Assets Required: 11,382
  - WMO Files: 530
  - M2/MDX Models: 5,794
  - BLP Textures: 5,058

ASSET SOURCES
--------------------------------------------------------------------------------
  - M2 Models from ADTs: 7,067
  - WMO Files from ADTs: 1,227
  - M2 Doodads from WMOs: 3,598
  - BLP Textures from ADTs (terrain): 665
  - BLP Textures from WMOs: 3,063
  - M2 Models from Ground Effects (DBC): 706

Ground Effect Validation:
  - ADT Ground Effect IDs Found: 2395
  - Missing from WotLK DBC: 429
  - Modern content IDs (genuinely missing): 58
    ⚠️  These WILL show blue cubes - need DBC entries
    Sample: [18233, 19289, 19290, 19335, 19600, 19730, 19731, 19732, 19864, 19874]...
  - Junk legacy IDs (safe to ignore): 371
    ℹ️  These are legacy Blizzard ADT data, not in any client
    Sample: [2195, 18054, 18065, 18066, 18067, 18068, 18069, 18071, 18072, 18073]...

Stock Assets (in base client): 8,047
Already Exported: 0

Assets Found and Extracted: 17,686
Assets Still Missing: 11



MISSING ASSETS BY TYPE
================================================================================

WMO FILES (0 missing)
--------------------------------------------------------------------------------
  ✅ All WMO files found!

M2/MDX MODELS (0 missing)
--------------------------------------------------------------------------------
  ✅ All M2 models found!

BLP TEXTURES (11 missing)
--------------------------------------------------------------------------------
  DUNGEONS/CUSTOM/HUMAN/MM_CELLAR_WALL_01_NEW.BLP
    ↳ Area: Dustwallow Marsh → ADT: KALIMDOR_40_39.ADT → WMO: WALLPOST_TUNNEL03_225DEG.WMO → BLP: MM_CELLAR_WALL_01_NEW.BLP
  ENVIRONMENTS/STARS/HIGHLANDSSKY_CLOUDMASK02.BLP
    ↳ Unknown: HIGHLANDSSKY.M2 → BLP: HIGHLANDSSKY_CLOUDMASK02.BLP
  ENVIRONMENTS/STARS/HIGHLANDSSKY_FARCLOUDS01.BLP
    ↳ Unknown: HIGHLANDSSKY.M2 → BLP: HIGHLANDSSKY_FARCLOUDS01.BLP
  ENVIRONMENTS/STARS/HIGHLANDSSKY_LOWCLOUDS01.BLP
    ↳ Unknown: HIGHLANDSSKY.M2 → BLP: HIGHLANDSSKY_LOWCLOUDS01.BLP
  ENVIRONMENTS/STARS/HIGHLANDS_LIGHTNINGA.BLP
    ↳ Unknown: HIGHLANDSSKY.M2 → BLP: HIGHLANDS_LIGHTNINGA.BLP
  ERROR_1.BLP
    ↳ Area: Eastern Plaguelands → ADT: AZEROTH_43_25.ADT → TerrainTexture: ERROR_1.BLP
  ERROR_2.BLP
    ↳ Area: The North Sea → ADT: AZEROTH_46_19.ADT → TerrainTexture: ERROR_2.BLP
  ERROR_3.BLP
    ↳ Area: The Forbidding Sea → ADT: AZEROTH_46_24.ADT → TerrainTexture: ERROR_3.BLP
  TILESET/HYJAL/HYJAL_DIRT01.BLP
    ↳ Area: Winterspring → ADT: KALIMDOR_39_24.ADT → TerrainTexture: HYJAL_DIRT01.BLP
  TILESET/HYJAL/HYJAL_ROCK01.BLP
    ↳ Area: Ashenvale → ADT: KALIMDOR_38_24.ADT → TerrainTexture: HYJAL_ROCK01.BLP
  WORLD/GENERIC/HUMAN/PASSIVE DOODADS/BANNERS/GILNEASWORGBANNER.BLP
    ↳ Area: Gilneas → ADT: AZEROTH_29_34.ADT → M2: GILNEASWORGENBANNER.M2 → BLP: GILNEASWORGBANNER.BLP

GROUND EFFECT IDs (58 genuinely missing from DBC)
--------------------------------------------------------------------------------
  Modern content missing from WotLK DBC (will show blue cubes):
    - Effect ID: 18233
    - Effect ID: 19289
    - Effect ID: 19290
    - Effect ID: 19335
    - Effect ID: 19600
    - Effect ID: 19730
    - Effect ID: 19731
    - Effect ID: 19732
    - Effect ID: 19864
    - Effect ID: 19874
    - Effect ID: 59954
    - Effect ID: 69447
    - Effect ID: 69503
    - Effect ID: 69897
    - Effect ID: 69900
    - Effect ID: 69902
    - Effect ID: 69906
    - Effect ID: 69924
    - Effect ID: 69933
    - Effect ID: 70343
    - Effect ID: 70344
    - Effect ID: 70739
    - Effect ID: 71019
    - Effect ID: 71020
    - Effect ID: 71234
    - Effect ID: 71473
    - Effect ID: 72131
    - Effect ID: 72470
    - Effect ID: 72702
    - Effect ID: 72989
    - Effect ID: 72993
    - Effect ID: 73006
    - Effect ID: 73018
    - Effect ID: 73226
    - Effect ID: 73229
    - Effect ID: 73625
    - Effect ID: 73627
    - Effect ID: 73631
    - Effect ID: 73633
    - Effect ID: 73784
    - Effect ID: 73823
    - Effect ID: 75321
    - Effect ID: 77463
    - Effect ID: 78428
    - Effect ID: 78792
    - Effect ID: 78885
    - Effect ID: 141056
    - Effect ID: 141057
    - Effect ID: 141197
    - Effect ID: 141570
    - Effect ID: 144817
    - Effect ID: 144818
    - Effect ID: 144819
    - Effect ID: 144822
    - Effect ID: 146493
    - Effect ID: 156984
    - Effect ID: 156993
    - Effect ID: 157060




MISSING ASSETS BY AREA
================================================================================

AREA: Ahn'Qiraj: The Fallen Kingdom
--------------------------------------------------------------------------------
  Ground effect IDs: 3 missing from DBC
    [71234, 73625, 73784]


AREA: Deepholm
--------------------------------------------------------------------------------
  Ground effect IDs: 2 missing from DBC
    [73823, 78792]


AREA: Dustwallow Marsh
--------------------------------------------------------------------------------
  Ground effect IDs: 2 missing from DBC
    [69897, 69900]


AREA: Felwood
--------------------------------------------------------------------------------
  Ground effect IDs: 2 missing from DBC
    [19289, 19290]


AREA: Gilneas
--------------------------------------------------------------------------------
  Ground effect IDs: 1 missing from DBC
    [18233]


AREA: Highlands
--------------------------------------------------------------------------------
  Ground effect IDs: 4 missing from DBC
    [72131, 73006, 73226, 73229]


AREA: Hyjal
--------------------------------------------------------------------------------
  Ground effect IDs: 4 missing from DBC
    [19289, 19290, 19335, 73018]


AREA: KALIMDOR [52,52]
--------------------------------------------------------------------------------
  Ground effect IDs: 2 missing from DBC
    [141570, 144818]


AREA: KALIMDOR [52,54]
--------------------------------------------------------------------------------
  Ground effect IDs: 7 missing from DBC
    [141056, 141057, 141570, 144817, 144818, 144819, 144822]


AREA: KALIMDOR [52,55]
--------------------------------------------------------------------------------
  Ground effect IDs: 4 missing from DBC
    [141570, 144817, 144819, 144822]


AREA: KALIMDOR [53,53]
--------------------------------------------------------------------------------
  Ground effect IDs: 9 missing from DBC
    [141056, 141057, 141197, 141570, 144817, 144818, 144822, 146493, 157060]


AREA: KALIMDOR [53,54]
--------------------------------------------------------------------------------
  Ground effect IDs: 11 missing from DBC
    [141056, 141057, 141197, 141570, 144817, 144818, 144819, 144822, 146493, 156984, 156993]


AREA: KALIMDOR [53,55]
--------------------------------------------------------------------------------
  Ground effect IDs: 6 missing from DBC
    [141057, 141570, 144817, 144818, 144819, 144822]


AREA: KALIMDOR [54,52]
--------------------------------------------------------------------------------
  Ground effect IDs: 1 missing from DBC
    [144819]


AREA: KALIMDOR [54,53]
--------------------------------------------------------------------------------
  Ground effect IDs: 9 missing from DBC
    [141056, 141057, 141197, 141570, 144817, 144818, 144819, 144822, 146493]


AREA: KALIMDOR [54,54]
--------------------------------------------------------------------------------
  Ground effect IDs: 11 missing from DBC
    [141056, 141057, 141197, 141570, 144817, 144818, 144819, 144822, 146493, 156984, 156993]


AREA: KALIMDOR [54,55]
--------------------------------------------------------------------------------
  Ground effect IDs: 5 missing from DBC
    [141057, 141570, 144817, 144819, 144822]


AREA: KALIMDOR [55,52]
--------------------------------------------------------------------------------
  Ground effect IDs: 1 missing from DBC
    [144819]


AREA: KALIMDOR [55,53]
--------------------------------------------------------------------------------
  Ground effect IDs: 5 missing from DBC
    [141570, 144817, 144818, 144819, 144822]


AREA: KALIMDOR [55,54]
--------------------------------------------------------------------------------
  Ground effect IDs: 5 missing from DBC
    [141570, 144817, 144818, 144819, 144822]


AREA: KALIMDOR [55,55]
--------------------------------------------------------------------------------
  Ground effect IDs: 4 missing from DBC
    [141570, 144817, 144819, 144822]


AREA: Kezan
--------------------------------------------------------------------------------
  Ground effect IDs: 12 missing from DBC
    [141056, 141057, 141197, 141570, 144817, 144818, 144819, 144822, 146493, 156984, 156993, 157060]


AREA: Silithus
--------------------------------------------------------------------------------
  Ground effect IDs: 5 missing from DBC
    [71234, 73625, 73627, 73784, 77463]


AREA: Silverpine Forest
--------------------------------------------------------------------------------
  Ground effect IDs: 1 missing from DBC
    [18233]


AREA: Stonetalon Mountains
--------------------------------------------------------------------------------
  Ground effect IDs: 1 missing from DBC
    [69897]


AREA: Tanaris
--------------------------------------------------------------------------------
  Ground effect IDs: 6 missing from DBC
    [72993, 73631, 73633, 77463, 78428, 78885]


AREA: The Barrens
--------------------------------------------------------------------------------
  Ground effect IDs: 6 missing from DBC
    [69897, 69900, 69902, 69906, 69924, 69933]


AREA: The Lost Isles
--------------------------------------------------------------------------------
  Ground effect IDs: 1 missing from DBC
    [19600]


AREA: Thousand Needles
--------------------------------------------------------------------------------
  Ground effect IDs: 4 missing from DBC
    [69897, 69900, 69924, 69933]


AREA: Uldum
--------------------------------------------------------------------------------
  Ground effect IDs: 4 missing from DBC
    [73784, 77463, 78428, 78885]


AREA: Un'Goro Crater
--------------------------------------------------------------------------------
  Ground effect IDs: 11 missing from DBC
    [71019, 71020, 71234, 72989, 72993, 73625, 73631, 73633, 73784, 75321, 77463]


AREA: Vashj'ir
--------------------------------------------------------------------------------
  Ground effect IDs: 14 missing from DBC
    [19730, 19731, 19732, 19864, 19874, 59954, 69447, 69503, 70343, 70344, 70739, 71473, 72470, 72702]


AREA: Winterspring
--------------------------------------------------------------------------------
  Ground effect IDs: 2 missing from DBC
    [19289, 19290]



================================================================================
DETAILED EXECUTION LOG
================================================================================
  Loaded 2791 areas from AreaTable.dbc
================================================================================
OPEN AZEROTH RESOURCE PARSER
================================================================================

================================================================================
PHASE 0: INITIALIZATION
================================================================================

================================================================================
STEP 0: Building assets directory cache
================================================================================
  Indexed 1,000 folders, 35,883 files so far...
  Indexed 2,000 folders, 62,670 files so far...
  Indexed 3,000 folders, 178,250 files so far...
  Indexed 4,000 folders, 184,451 files so far...
  Indexed 5,000 folders, 203,817 files so far...
  Indexed 6,000 folders, 292,649 files so far...
  Indexed 7,000 folders, 305,935 files so far...
  Indexed 8,000 folders, 367,121 files so far...
  ✅ Indexed 8,499 folders with 385,773 total files

================================================================================
STEP 1: Copying Patch-O content to Export folder
================================================================================

Source: Y:\wow-server\Zeppelin-Tools\Open Azeroth\Patch-O
Destination: Y:\wow-server\Zeppelin-Tools\Open Azeroth\Resource Parser Export

  Normalizing export folder case...
    Merged 134 duplicate folders, renamed 0 folders to uppercase
Files to copy: 9,622
  Progress: 1,000 files copied...
  Progress: 2,000 files copied...
  Progress: 3,000 files copied...
  Progress: 4,000 files copied...
  Progress: 5,000 files copied...
  Progress: 6,000 files copied...
  Progress: 7,000 files copied...
  Progress: 8,000 files copied...

  Copied: 8,576 files
  Skipped (already exist): 1,046 files

  ADT path updated to: Y:\wow-server\Zeppelin-Tools\Open Azeroth\Resource Parser Export\WORLD\maps

================================================================================
PHASE 1: DISCOVERY & WMO EXTRACTION
================================================================================

================================================================================
STEP 2: Parsing ADT files for model, texture, and ground effect dependencies
================================================================================

ADT Directory: Y:\wow-server\Zeppelin-Tools\Open Azeroth\Resource Parser Export\WORLD\maps
Found 2660 ADT files to parse...
  AZEROTH_10_39.ADT -> The Great Sea -> 0 models, 0 WMOs, 1 textures, 1 ground effects
  AZEROTH_10_40.ADT -> Crestfall -> 0 models, 0 WMOs, 1 textures, 1 ground effects
  AZEROTH_10_41.ADT -> Crestfall -> 3 models, 0 WMOs, 5 textures, 5 ground effects
  AZEROTH_10_42.ADT -> Crestfall -> 0 models, 0 WMOs, 2 textures, 2 ground effects
  AZEROTH_10_43.ADT -> Crestfall -> 0 models, 0 WMOs, 4 textures, 4 ground effects
  AZEROTH_10_44.ADT -> The Great Sea -> 24 models, 0 WMOs, 9 textures, 9 ground effects
  AZEROTH_10_45.ADT -> The Great Sea -> 15 models, 0 WMOs, 7 textures
  AZEROTH_11_39.ADT -> The Great Sea -> 0 models, 0 WMOs, 1 textures, 1 ground effects
  AZEROTH_11_40.ADT -> Crestfall -> 0 models, 0 WMOs, 2 textures, 2 ground effects
  AZEROTH_11_41.ADT -> Crestfall -> 53 models, 1 WMOs, 11 textures, 11 ground effects
  AZEROTH_11_42.ADT -> Crestfall -> 74 models, 2 WMOs, 9 textures, 9 ground effects
  AZEROTH_11_43.ADT -> Crestfall -> 12 models, 0 WMOs, 6 textures, 6 ground effects
  AZEROTH_11_44.ADT -> The Great Sea -> 33 models, 3 WMOs, 7 textures, 7 ground effects
  AZEROTH_11_45.ADT -> The Great Sea -> 19 models, 0 WMOs, 8 textures
  AZEROTH_12_39.ADT -> The Great Sea -> 0 models, 0 WMOs, 1 textures, 1 ground effects
  AZEROTH_12_40.ADT -> Crestfall -> 1 models, 0 WMOs, 3 textures, 3 ground effects
  AZEROTH_12_41.ADT -> Crestfall -> 179 models, 9 WMOs, 10 textures, 10 ground effects
  AZEROTH_12_42.ADT -> Crestfall -> 370 models, 29 WMOs, 15 textures, 16 ground effects
  AZEROTH_12_43.ADT -> Crestfall -> 29 models, 0 WMOs, 7 textures, 7 ground effects
  AZEROTH_12_44.ADT -> The Great Sea -> 73 models, 4 WMOs, 12 textures, 12 ground effects
  AZEROTH_12_45.ADT -> The Great Sea -> 17 models, 0 WMOs, 10 textures
  AZEROTH_13_39.ADT -> The Great Sea -> 0 models, 0 WMOs, 1 textures, 1 ground effects
  AZEROTH_13_40.ADT -> Crestfall -> 0 models, 0 WMOs, 3 textures, 3 ground effects
  AZEROTH_13_41.ADT -> Crestfall -> 36 models, 1 WMOs, 6 textures, 6 ground effects
  AZEROTH_13_42.ADT -> Crestfall -> 156 models, 15 WMOs, 12 textures, 12 ground effects
  AZEROTH_13_43.ADT -> Crestfall -> 24 models, 0 WMOs, 5 textures, 5 ground effects
  AZEROTH_13_44.ADT -> The Great Sea -> 22 models, 0 WMOs, 6 textures, 6 ground effects
  AZEROTH_13_45.ADT -> The Great Sea -> 0 models, 0 WMOs, 6 textures
  AZEROTH_14_39.ADT -> The Great Sea -> 0 models, 0 WMOs, 2 textures, 2 ground effects
  AZEROTH_14_40.ADT -> The Great Sea -> 25 models, 0 WMOs, 5 textures, 5 ground effects
  AZEROTH_14_41.ADT -> Crestfall -> 29 models, 1 WMOs, 6 textures, 6 ground effects
  AZEROTH_14_42.ADT -> Crestfall -> 20 models, 0 WMOs, 5 textures, 5 ground effects
  AZEROTH_14_43.ADT -> The Great Sea -> 2 models, 0 WMOs, 6 textures, 6 ground effects
  AZEROTH_14_44.ADT -> The Great Sea -> 23 models, 2 WMOs, 6 textures, 6 ground effects
  AZEROTH_14_45.ADT -> The Great Sea -> 2 models, 0 WMOs, 6 textures
  AZEROTH_15_39.ADT -> The Great Sea -> 29 models, 0 WMOs, 7 textures, 7 ground effects
  AZEROTH_15_40.ADT -> The Great Sea -> 55 models, 3 WMOs, 7 textures, 7 ground effects
  AZEROTH_15_41.ADT -> The Great Sea -> 68 models, 3 WMOs, 7 textures, 7 ground effects
  AZEROTH_15_42.ADT -> The Great Sea -> 50 models, 3 WMOs, 6 textures, 6 ground effects
  AZEROTH_15_43.ADT -> The Great Sea -> 65 models, 7 WMOs, 7 textures, 7 ground effects
  AZEROTH_15_44.ADT -> The Great Sea -> 85 models, 4 WMOs, 8 textures, 8 ground effects
  AZEROTH_15_45.ADT -> The Great Sea -> 3 models, 2 WMOs, 5 textures
  AZEROTH_16_32.ADT -> Tol Barad Peninsula -> 0 models, 0 WMOs, 3 textures, 5 ground effects
  AZEROTH_16_33.ADT -> Tol Barad Peninsula -> 0 models, 0 WMOs, 3 textures, 4 ground effects
  AZEROTH_16_34.ADT -> Tol Barad Peninsula -> 0 models, 0 WMOs, 2 textures, 3 ground effects
  AZEROTH_16_35.ADT -> Tol Barad -> 0 models, 0 WMOs, 1 textures, 1 ground effects
  AZEROTH_16_36.ADT -> Tol Barad -> 0 models, 0 WMOs, 2 textures, 2 ground effects
  AZEROTH_16_37.ADT -> The Great Sea -> 0 models, 0 WMOs, 3 textures, 1 ground effects
  AZEROTH_16_38.ADT -> The Great Sea -> 1 models, 0 WMOs, 4 textures, 1 ground effects
  AZEROTH_16_39.ADT -> The Great Sea -> 13 models, 3 WMOs, 4 textures
  AZEROTH_16_40.ADT -> The Great Sea -> 5 models, 0 WMOs, 4 textures
  AZEROTH_16_41.ADT -> The Great Sea -> 10 models, 1 WMOs, 4 textures
  AZEROTH_16_42.ADT -> The Great Sea -> 2 models, 0 WMOs, 4 textures
  AZEROTH_16_43.ADT -> The Great Sea -> 0 models, 0 WMOs, 5 textures
  AZEROTH_16_44.ADT -> The Great Sea -> 0 models, 0 WMOs, 4 textures
  AZEROTH_16_45.ADT -> The Great Sea -> 0 models, 0 WMOs, 4 textures
  AZEROTH_17_32.ADT -> Tol Barad Peninsula -> 20 models, 7 WMOs, 5 textures, 7 ground effects
  AZEROTH_17_33.ADT -> Tol Barad Peninsula -> 131 models, 27 WMOs, 9 textures, 12 ground effects
  AZEROTH_17_34.ADT -> Tol Barad Peninsula -> 59 models, 2 WMOs, 7 textures, 10 ground effects
  AZEROTH_17_35.ADT -> Tol Barad -> 0 models, 0 WMOs, 3 textures, 3 ground effects
  AZEROTH_17_36.ADT -> Tol Barad -> 0 models, 0 WMOs, 2 textures, 1 ground effects
  AZEROTH_17_37.ADT -> Tol Barad -> 0 models, 0 WMOs, 5 textures
  AZEROTH_17_38.ADT -> The Great Sea -> 24 models, 0 WMOs, 7 textures, 5 ground effects
  AZEROTH_17_39.ADT -> Vashj'ir -> 6 models, 0 WMOs, 5 textures, 3 ground effects
  AZEROTH_17_40.ADT -> Vashj'ir -> 15 models, 0 WMOs, 5 textures, 3 ground effects
  AZEROTH_17_41.ADT -> Vashj'ir -> 11 models, 1 WMOs, 5 textures
  AZEROTH_17_42.ADT -> Vashj'ir -> 1 models, 1 WMOs, 5 textures
  AZEROTH_17_43.ADT -> Vashj'ir -> 1 models, 1 WMOs, 8 textures
  AZEROTH_17_44.ADT -> Vashj'ir -> 2 models, 1 WMOs, 7 textures
  AZEROTH_17_45.ADT -> Vashj'ir -> 3 models, 1 WMOs, 8 textures
  AZEROTH_17_46.ADT -> Vashj'ir -> 3 models, 0 WMOs, 3 textures, 2 ground effects
  AZEROTH_17_47.ADT -> The Great Sea -> 9 models, 0 WMOs, 3 textures, 3 ground effects
  AZEROTH_17_48.ADT -> The Great Sea -> 0 models, 0 WMOs, 1 textures, 1 ground effects
  AZEROTH_18_25.ADT -> The Great Sea -> 5 models, 0 WMOs, 3 textures
  AZEROTH_18_26.ADT -> The Great Sea -> 45 models, 4 WMOs, 4 textures
  AZEROTH_18_27.ADT -> The Great Sea -> 0 models, 0 WMOs, 1 textures
  AZEROTH_18_28.ADT -> The Great Sea -> 0 models, 0 WMOs, 1 textures
  AZEROTH_18_29.ADT -> The Great Sea -> 0 models, 0 WMOs, 1 textures
  AZEROTH_18_30.ADT -> The Great Sea -> 0 models, 0 WMOs, 1 textures
  AZEROTH_18_31.ADT -> The Great Sea -> 0 models, 0 WMOs, 1 textures
  AZEROTH_18_32.ADT -> Tol Barad Peninsula -> 73 models, 19 WMOs, 5 textures, 7 ground effects
  AZEROTH_18_33.ADT -> Tol Barad Peninsula -> 155 models, 12 WMOs, 9 textures, 11 ground effects
  AZEROTH_18_34.ADT -> Tol Barad Peninsula -> 71 models, 4 WMOs, 7 textures, 12 ground effects
  AZEROTH_18_35.ADT -> Tol Barad -> 102 models, 5 WMOs, 9 textures, 9 ground effects
  AZEROTH_18_36.ADT -> Tol Barad -> 2 models, 2 WMOs, 5 textures, 5 ground effects
  AZEROTH_18_37.ADT -> Tol Barad -> 7 models, 0 WMOs, 6 textures, 1 ground effects
  AZEROTH_18_38.ADT -> Tol Barad -> 39 models, 2 WMOs, 7 textures, 2 ground effects
  AZEROTH_18_39.ADT -> Vashj'ir -> 6 models, 0 WMOs, 6 textures, 1 ground effects
  AZEROTH_18_40.ADT -> Vashj'ir -> 2 models, 0 WMOs, 7 textures
  AZEROTH_18_41.ADT -> Vashj'ir -> 0 models, 0 WMOs, 4 textures
  AZEROTH_18_42.ADT -> Vashj'ir -> 0 models, 0 WMOs, 3 textures
  AZEROTH_18_43.ADT -> Vashj'ir -> 4 models, 2 WMOs, 9 textures, 1 ground effects
  AZEROTH_18_44.ADT -> Vashj'ir -> 8 models, 2 WMOs, 6 textures
  AZEROTH_18_45.ADT -> Vashj'ir -> 12 models, 1 WMOs, 8 textures
  AZEROTH_18_46.ADT -> Vashj'ir -> 4 models, 0 WMOs, 3 textures, 2 ground effects
  AZEROTH_18_47.ADT -> The Great Sea -> 14 models, 0 WMOs, 2 textures, 2 ground effects
  AZEROTH_18_48.ADT -> The Great Sea -> 0 models, 0 WMOs, 2 textures, 2 ground effects
  AZEROTH_19_25.ADT -> The Great Sea -> 9 models, 0 WMOs, 4 textures
  AZEROTH_19_26.ADT -> The Great Sea -> 38 models, 4 WMOs, 4 textures
  AZEROTH_19_27.ADT -> The Great Sea -> 7 models, 1 WMOs, 2 textures
  AZEROTH_19_28.ADT -> The Great Sea -> 2 models, 0 WMOs, 1 textures
  AZEROTH_19_29.ADT -> The Great Sea -> 3 models, 0 WMOs, 1 textures
  AZEROTH_19_30.ADT -> The Great Sea -> 3 models, 0 WMOs, 2 textures
  AZEROTH_19_31.ADT -> The Great Sea -> 3 models, 0 WMOs, 2 textures
  AZEROTH_19_32.ADT -> Tol Barad Peninsula -> 14 models, 2 WMOs, 5 textures, 6 ground effects
  AZEROTH_19_33.ADT -> Tol Barad Peninsula -> 63 models, 7 WMOs, 5 textures, 8 ground effects
  AZEROTH_19_34.ADT -> Tol Barad Peninsula -> 97 models, 5 WMOs, 8 textures, 11 ground effects
  AZEROTH_19_35.ADT -> Tol Barad -> 138 models, 8 WMOs, 10 textures, 10 ground effects
  AZEROTH_19_36.ADT -> Tol Barad -> 12 models, 2 WMOs, 4 textures, 4 ground effects
  AZEROTH_19_37.ADT -> Tol Barad -> 0 models, 0 WMOs, 3 textures, 3 ground effects
  AZEROTH_19_38.ADT -> Tol Barad -> 5 models, 1 WMOs, 5 textures, 2 ground effects
  AZEROTH_19_39.ADT -> Vashj'ir -> 3 models, 0 WMOs, 5 textures
  AZEROTH_19_40.ADT -> Vashj'ir -> 2 models, 0 WMOs, 3 textures
  AZEROTH_19_41.ADT -> Vashj'ir -> 8 models, 0 WMOs, 8 textures
  AZEROTH_19_42.ADT -> Vashj'ir -> 46 models, 4 WMOs, 11 textures
  AZEROTH_19_43.ADT -> Vashj'ir -> 37 models, 3 WMOs, 14 textures, 1 ground effects
  AZEROTH_19_44.ADT -> Vashj'ir -> 32 models, 2 WMOs, 10 textures
  AZEROTH_19_45.ADT -> Vashj'ir -> 25 models, 1 WMOs, 10 textures
  AZEROTH_19_46.ADT -> Vashj'ir -> 2 models, 0 WMOs, 4 textures
  AZEROTH_19_47.ADT -> Vashj'ir -> 0 models, 0 WMOs, 3 textures, 2 ground effects
  AZEROTH_19_48.ADT -> The Great Sea -> 0 models, 0 WMOs, 2 textures, 2 ground effects
  AZEROTH_20_25.ADT -> The Great Sea -> 1 models, 0 WMOs, 1 textures
  AZEROTH_20_26.ADT -> The Great Sea -> 3 models, 0 WMOs, 2 textures
  AZEROTH_20_27.ADT -> The Great Sea -> 2 models, 0 WMOs, 2 textures
  AZEROTH_20_28.ADT -> Havenswood -> 77 models, 5 WMOs, 4 textures, 4 ground effects
  AZEROTH_20_29.ADT -> Havenswood -> 12 models, 0 WMOs, 3 textures, 3 ground effects
  AZEROTH_20_30.ADT -> The Great Sea -> 3 models, 0 WMOs, 2 textures
  AZEROTH_20_31.ADT -> The Great Sea -> 37 models, 0 WMOs, 5 textures
  AZEROTH_20_32.ADT -> Tol Barad -> 3 models, 0 WMOs, 3 textures, 2 ground effects
  AZEROTH_20_33.ADT -> Tol Barad -> 0 models, 0 WMOs, 1 textures, 1 ground effects
  AZEROTH_20_34.ADT -> Tol Barad -> 6 models, 1 WMOs, 3 textures, 3 ground effects
  AZEROTH_20_35.ADT -> Tol Barad -> 8 models, 0 WMOs, 4 textures, 4 ground effects
  AZEROTH_20_36.ADT -> Tol Barad -> 0 models, 0 WMOs, 2 textures, 2 ground effects
  AZEROTH_20_37.ADT -> Tol Barad -> 0 models, 0 WMOs, 2 textures, 2 ground effects
  AZEROTH_20_38.ADT -> Tol Barad -> 15 models, 1 WMOs, 6 textures, 2 ground effects
  AZEROTH_20_39.ADT -> Vashj'ir -> 4 models, 0 WMOs, 6 textures
  AZEROTH_20_40.ADT -> Vashj'ir -> 1 models, 0 WMOs, 5 textures
  AZEROTH_20_41.ADT -> Vashj'ir -> 8 models, 1 WMOs, 9 textures
  AZEROTH_20_42.ADT -> Vashj'ir -> 55 models, 3 WMOs, 13 textures
  AZEROTH_20_43.ADT -> Vashj'ir -> 78 models, 3 WMOs, 12 textures
  AZEROTH_20_44.ADT -> Vashj'ir -> 70 models, 4 WMOs, 7 textures, 1 ground effects
  AZEROTH_20_45.ADT -> Vashj'ir -> 35 models, 2 WMOs, 7 textures, 1 ground effects
  AZEROTH_20_46.ADT -> Vashj'ir -> 0 models, 0 WMOs, 6 textures
  AZEROTH_20_47.ADT -> Vashj'ir -> 0 models, 0 WMOs, 4 textures, 3 ground effects
  AZEROTH_20_48.ADT -> The Great Sea -> 0 models, 0 WMOs, 3 textures, 3 ground effects
  AZEROTH_21_25.ADT -> The Great Sea -> 0 models, 0 WMOs, 1 textures
  AZEROTH_21_26.ADT -> The Great Sea -> 0 models, 0 WMOs, 1 textures
  AZEROTH_21_27.ADT -> Havenswood -> 4 models, 0 WMOs, 3 textures, 3 ground effects
  AZEROTH_21_28.ADT -> Havenswood -> 276 models, 25 WMOs, 5 textures, 5 ground effects
  AZEROTH_21_29.ADT -> Havenswood -> 161 models, 17 WMOs, 5 textures, 5 ground effects
  AZEROTH_21_30.ADT -> Havenswood -> 3 models, 0 WMOs, 3 textures
  AZEROTH_21_31.ADT -> The Great Sea -> 5 models, 0 WMOs, 4 textures
  AZEROTH_21_32.ADT -> Tol Barad -> 0 models, 0 WMOs, 1 textures, 1 ground effects
  AZEROTH_21_33.ADT -> Tol Barad -> 0 models, 0 WMOs, 1 textures, 1 ground effects
  AZEROTH_21_34.ADT -> Tol Barad -> 0 models, 0 WMOs, 1 textures, 1 ground effects
  AZEROTH_21_35.ADT -> Tol Barad -> 0 models, 0 WMOs, 1 textures, 1 ground effects
  AZEROTH_21_36.ADT -> Tol Barad -> 0 models, 0 WMOs, 2 textures, 2 ground effects
  AZEROTH_21_37.ADT -> Tol Barad -> 0 models, 0 WMOs, 3 textures, 2 ground effects
  AZEROTH_21_38.ADT -> Tol Barad -> 0 models, 0 WMOs, 5 textures, 2 ground effects
  AZEROTH_21_39.ADT -> Vashj'ir -> 0 models, 0 WMOs, 7 textures
  AZEROTH_21_40.ADT -> Vashj'ir -> 5 models, 0 WMOs, 11 textures
  AZEROTH_21_41.ADT -> Vashj'ir -> 17 models, 1 WMOs, 8 textures
  AZEROTH_21_42.ADT -> Vashj'ir -> 10 models, 1 WMOs, 11 textures
  AZEROTH_21_43.ADT -> Vashj'ir -> 50 models, 3 WMOs, 9 textures
  AZEROTH_21_44.ADT -> Vashj'ir -> 52 models, 5 WMOs, 8 textures, 1 ground effects
  AZEROTH_21_45.ADT -> Vashj'ir -> 34 models, 2 WMOs, 6 textures, 1 ground effects
  AZEROTH_21_46.ADT -> Vashj'ir -> 1 models, 1 WMOs, 3 textures
  AZEROTH_21_47.ADT -> Vashj'ir -> 0 models, 0 WMOs, 7 textures, 2 ground effects
  AZEROTH_21_48.ADT -> The Great Sea -> 0 models, 0 WMOs, 2 textures, 2 ground effects
  AZEROTH_22_25.ADT -> The Great Sea -> 0 models, 0 WMOs, 1 textures
  AZEROTH_22_26.ADT -> The Great Sea -> 0 models, 0 WMOs, 1 textures
  AZEROTH_22_27.ADT -> Havenswood -> 3 models, 0 WMOs, 2 textures, 2 ground effects
  AZEROTH_22_28.ADT -> Havenswood -> 66 models, 11 WMOs, 5 textures, 5 ground effects
  AZEROTH_22_29.ADT -> Havenswood -> 24 models, 7 WMOs, 5 textures, 5 ground effects
  AZEROTH_22_30.ADT -> Havenswood -> 2 models, 0 WMOs, 2 textures, 2 ground effects
  AZEROTH_22_31.ADT -> The Great Sea -> 2 models, 0 WMOs, 2 textures
  AZEROTH_22_32.ADT -> The Great Sea -> 0 models, 0 WMOs, 1 textures
  AZEROTH_22_33.ADT -> The Great Sea -> 0 models, 0 WMOs, 6 textures, 6 ground effects
  AZEROTH_22_34.ADT -> The Great Sea -> 0 models, 0 WMOs, 7 textures, 7 ground effects
  AZEROTH_22_35.ADT -> The Great Sea -> 0 models, 0 WMOs, 5 textures, 5 ground effects
  AZEROTH_22_36.ADT -> The Great Sea -> 0 models, 0 WMOs, 4 textures, 4 ground effects
  AZEROTH_22_37.ADT -> The Great Sea -> 0 models, 0 WMOs, 3 textures, 3 ground effects
  AZEROTH_22_38.ADT -> Vashj'ir -> 2 models, 0 WMOs, 2 textures, 2 ground effects
  AZEROTH_22_39.ADT -> Vashj'ir -> 26 models, 0 WMOs, 4 textures
  AZEROTH_22_40.ADT -> Vashj'ir -> 27 models, 0 WMOs, 8 textures
  AZEROTH_22_41.ADT -> Vashj'ir -> 22 models, 1 WMOs, 10 textures
  AZEROTH_22_42.ADT -> Vashj'ir -> 11 models, 1 WMOs, 9 textures
  AZEROTH_22_43.ADT -> Vashj'ir -> 42 models, 4 WMOs, 9 textures
  AZEROTH_22_44.ADT -> Vashj'ir -> 64 models, 6 WMOs, 7 textures
  AZEROTH_22_45.ADT -> Vashj'ir -> 68 models, 3 WMOs, 9 textures
  AZEROTH_22_46.ADT -> Vashj'ir -> 14 models, 2 WMOs, 7 textures
  AZEROTH_22_47.ADT -> Vashj'ir -> 0 models, 0 WMOs, 8 textures, 3 ground effects
  AZEROTH_22_48.ADT -> The Great Sea -> 0 models, 0 WMOs, 3 textures, 3 ground effects
  AZEROTH_22_52.ADT -> The Great Sea -> 0 models, 0 WMOs, 1 textures
  AZEROTH_22_53.ADT -> The Great Sea -> 0 models, 0 WMOs, 1 textures
  AZEROTH_22_54.ADT -> The Great Sea -> 0 models, 0 WMOs, 1 textures
  AZEROTH_22_55.ADT -> The Great Sea -> 0 models, 0 WMOs, 1 textures
  AZEROTH_22_56.ADT -> The Great Sea -> 0 models, 0 WMOs, 1 textures
  AZEROTH_22_57.ADT -> The Great Sea -> 0 models, 0 WMOs, 1 textures
  AZEROTH_22_58.ADT -> Stranglethorn Vale -> 0 models, 0 WMOs, 1 textures, 1 ground effects
  AZEROTH_23_25.ADT -> The Great Sea -> 0 models, 0 WMOs, 1 textures
  AZEROTH_23_26.ADT -> The Great Sea -> 0 models, 0 WMOs, 1 textures
  AZEROTH_23_27.ADT -> Havenswood -> 0 models, 0 WMOs, 2 textures
  AZEROTH_23_28.ADT -> Havenswood -> 1 models, 0 WMOs, 2 textures, 2 ground effects
  AZEROTH_23_29.ADT -> Havenswood -> 0 models, 0 WMOs, 2 textures, 2 ground effects
  AZEROTH_23_30.ADT -> Havenswood -> 0 models, 0 WMOs, 2 textures
  AZEROTH_23_31.ADT -> The Great Sea -> 0 models, 0 WMOs, 1 textures
  AZEROTH_23_32.ADT -> The Great Sea -> 0 models, 0 WMOs, 1 textures
  AZEROTH_23_33.ADT -> The Great Sea -> 0 models, 0 WMOs, 5 textures, 5 ground effects
  AZEROTH_23_34.ADT -> The Great Sea -> 0 models, 0 WMOs, 8 textures, 7 ground effects
  AZEROTH_23_35.ADT -> The Great Sea -> 0 models, 0 WMOs, 7 textures, 6 ground effects
  AZEROTH_23_36.ADT -> The Great Sea -> 0 models, 0 WMOs, 3 textures, 3 ground effects
  AZEROTH_23_37.ADT -> The Great Sea -> 0 models, 0 WMOs, 3 textures, 3 ground effects
  AZEROTH_23_38.ADT -> Vashj'ir -> 14 models, 0 WMOs, 4 textures, 3 ground effects
  AZEROTH_23_39.ADT -> Vashj'ir -> 6 models, 0 WMOs, 8 textures
  AZEROTH_23_40.ADT -> Vashj'ir -> 19 models, 0 WMOs, 9 textures
  AZEROTH_23_41.ADT -> Vashj'ir -> 30 models, 0 WMOs, 9 textures
  AZEROTH_23_42.ADT -> Vashj'ir -> 51 models, 1 WMOs, 9 textures
  AZEROTH_23_43.ADT -> Vashj'ir -> 75 models, 3 WMOs, 11 textures
  AZEROTH_23_44.ADT -> Vashj'ir -> 110 models, 7 WMOs, 12 textures
  AZEROTH_23_45.ADT -> Vashj'ir -> 81 models, 8 WMOs, 12 textures
  AZEROTH_23_46.ADT -> Vashj'ir -> 7 models, 3 WMOs, 6 textures
  AZEROTH_23_47.ADT -> Vashj'ir -> 0 models, 0 WMOs, 2 textures, 1 ground effects
  AZEROTH_23_48.ADT -> The Great Sea -> 0 models, 0 WMOs, 1 textures, 1 ground effects
  AZEROTH_23_52.ADT -> The Great Sea -> 0 models, 0 WMOs, 1 textures
  AZEROTH_23_53.ADT -> Island of Doctor Lapidis -> 0 models, 0 WMOs, 4 textures, 2 ground effects
  AZEROTH_23_54.ADT -> Island of Doctor Lapidis -> 0 models, 0 WMOs, 7 textures, 3 ground effects
  AZEROTH_23_55.ADT -> Island of Doctor Lapidis -> 0 models, 0 WMOs, 5 textures, 3 ground effects
  AZEROTH_23_56.ADT -> Island of Doctor Lapidis -> 0 models, 0 WMOs, 1 textures
  AZEROTH_23_57.ADT -> Gillijim's Isle -> 0 models, 0 WMOs, 1 textures
  AZEROTH_23_58.ADT -> Gillijim's Isle -> 0 models, 0 WMOs, 1 textures
  AZEROTH_23_59.ADT -> Gillijim's Isle -> 0 models, 0 WMOs, 1 textures
  AZEROTH_24_25.ADT -> The Great Sea -> 0 models, 0 WMOs, 1 textures
  AZEROTH_24_26.ADT -> The Great Sea -> 0 models, 0 WMOs, 1 textures
  AZEROTH_24_27.ADT -> The Great Sea -> 0 models, 0 WMOs, 1 textures
  AZEROTH_24_28.ADT -> Havenswood -> 0 models, 0 WMOs, 2 textures
  AZEROTH_24_29.ADT -> Havenswood -> 0 models, 0 WMOs, 2 textures
  AZEROTH_24_30.ADT -> Havenswood -> 0 models, 0 WMOs, 2 textures
  AZEROTH_24_31.ADT -> The Great Sea -> 0 models, 0 WMOs, 1 textures
  AZEROTH_24_32.ADT -> The Great Sea -> 0 models, 0 WMOs, 1 textures
  AZEROTH_24_33.ADT -> The Great Sea -> 0 models, 0 WMOs, 1 textures, 1 ground effects
  AZEROTH_24_34.ADT -> The Great Sea -> 0 models, 0 WMOs, 1 textures, 1 ground effects
  AZEROTH_24_35.ADT -> The Great Sea -> 0 models, 0 WMOs, 1 textures, 1 ground effects
  AZEROTH_24_36.ADT -> The Great Sea -> 0 models, 0 WMOs, 1 textures, 1 ground effects
  AZEROTH_24_37.ADT -> The Great Sea -> 0 models, 0 WMOs, 4 textures, 4 ground effects
  AZEROTH_24_38.ADT -> Vashj'ir -> 6 models, 0 WMOs, 6 textures, 3 ground effects
  AZEROTH_24_39.ADT -> Vashj'ir -> 23 models, 0 WMOs, 7 textures, 1 ground effects
  AZEROTH_24_40.ADT -> Vashj'ir -> 95 models, 6 WMOs, 8 textures, 7 ground effects
  AZEROTH_24_41.ADT -> Vashj'ir -> 83 models, 1 WMOs, 12 textures, 7 ground effects
  AZEROTH_24_42.ADT -> Vashj'ir -> 112 models, 3 WMOs, 15 textures, 4 ground effects
  AZEROTH_24_43.ADT -> Vashj'ir -> 68 models, 4 WMOs, 10 textures
  AZEROTH_24_44.ADT -> Vashj'ir -> 25 models, 4 WMOs, 6 textures
  AZEROTH_24_45.ADT -> Vashj'ir -> 65 models, 6 WMOs, 11 textures
  AZEROTH_24_46.ADT -> Vashj'ir -> 34 models, 4 WMOs, 9 textures
  AZEROTH_24_47.ADT -> Vashj'ir -> 0 models, 0 WMOs, 3 textures, 2 ground effects
  AZEROTH_24_48.ADT -> The Great Sea -> 0 models, 0 WMOs, 1 textures, 1 ground effects
  AZEROTH_24_52.ADT -> The Great Sea -> 0 models, 0 WMOs, 1 textures
  AZEROTH_24_53.ADT -> Island of Doctor Lapidis -> 0 models, 0 WMOs, 6 textures, 3 ground effects
  AZEROTH_24_54.ADT -> Island of Doctor Lapidis -> 0 models, 0 WMOs, 4 textures, 3 ground effects
  AZEROTH_24_55.ADT -> Island of Doctor Lapidis -> 0 models, 0 WMOs, 5 textures, 4 ground effects
  AZEROTH_24_56.ADT -> Island of Doctor Lapidis -> 0 models, 0 WMOs, 3 textures
  AZEROTH_24_57.ADT -> Gillijim's Isle -> 0 models, 0 WMOs, 6 textures
  AZEROTH_24_58.ADT -> Gillijim's Isle -> 0 models, 0 WMOs, 6 textures
  AZEROTH_24_59.ADT -> Gillijim's Isle -> 0 models, 0 WMOs, 1 textures
  AZEROTH_25_22.ADT -> The Great Sea -> 0 models, 0 WMOs, 1 textures, 1 ground effects
  AZEROTH_25_23.ADT -> The Great Sea -> 0 models, 0 WMOs, 1 textures, 1 ground effects
  AZEROTH_25_24.ADT -> The Great Sea -> 0 models, 0 WMOs, 1 textures, 1 ground effects
  AZEROTH_25_25.ADT -> The Great Sea -> 0 models, 0 WMOs, 1 textures, 1 ground effects
  AZEROTH_25_26.ADT -> The Great Sea -> 0 models, 0 WMOs, 1 textures, 1 ground effects
  AZEROTH_25_27.ADT -> The Great Sea -> 0 models, 0 WMOs, 1 textures, 1 ground effects
  AZEROTH_25_28.ADT -> The Great Sea -> 0 models, 0 WMOs, 1 textures, 1 ground effects
  AZEROTH_25_29.ADT -> Silverpine Forest -> 0 models, 0 WMOs, 1 textures, 1 ground effects
  AZEROTH_25_30.ADT -> Silverpine Forest -> 0 models, 0 WMOs, 1 textures, 1 ground effects
  AZEROTH_25_31.ADT -> Silverpine Forest -> 0 models, 0 WMOs, 1 textures, 1 ground effects
  AZEROTH_25_32.ADT -> Silverpine Forest -> 0 models, 0 WMOs, 1 textures, 1 ground effects
  AZEROTH_25_33.ADT -> The Great Sea -> 0 models, 0 WMOs, 4 textures, 4 ground effects
  AZEROTH_25_34.ADT -> The Great Sea -> 0 models, 0 WMOs, 4 textures, 4 ground effects
  AZEROTH_25_35.ADT -> The Great Sea -> 0 models, 0 WMOs, 4 textures, 4 ground effects
  AZEROTH_25_36.ADT -> The Great Sea -> 0 models, 0 WMOs, 1 textures, 1 ground effects
  AZEROTH_25_37.ADT -> The Great Sea -> 0 models, 0 WMOs, 1 textures, 1 ground effects
  AZEROTH_25_38.ADT -> Vashj'ir -> 17 models, 0 WMOs, 8 textures, 2 ground effects
  AZEROTH_25_39.ADT -> Vashj'ir -> 13 models, 0 WMOs, 7 textures
  AZEROTH_25_40.ADT -> Vashj'ir -> 80 models, 4 WMOs, 9 textures, 9 ground effects
  AZEROTH_25_41.ADT -> Vashj'ir -> 130 models, 4 WMOs, 10 textures, 10 ground effects
  AZEROTH_25_42.ADT -> Vashj'ir -> 100 models, 4 WMOs, 11 textures, 9 ground effects
  AZEROTH_25_43.ADT -> Vashj'ir -> 66 models, 3 WMOs, 12 textures
  AZEROTH_25_44.ADT -> Vashj'ir -> 16 models, 1 WMOs, 6 textures
  AZEROTH_25_45.ADT -> Vashj'ir -> 24 models, 2 WMOs, 10 textures
  AZEROTH_25_46.ADT -> Vashj'ir -> 28 models, 1 WMOs, 11 textures
  AZEROTH_25_47.ADT -> The Great Sea -> 0 models, 0 WMOs, 3 textures, 3 ground effects
  AZEROTH_25_48.ADT -> Westfall -> 0 models, 0 WMOs, 2 textures, 2 ground effects
  AZEROTH_25_49.ADT -> Westfall -> 0 models, 0 WMOs, 2 textures, 2 ground effects
  AZEROTH_25_50.ADT -> Westfall -> 0 models, 0 WMOs, 2 textures, 2 ground effects
  AZEROTH_25_51.ADT -> Westfall -> 0 models, 0 WMOs, 2 textures, 2 ground effects
  AZEROTH_25_52.ADT -> Westfall -> 0 models, 0 WMOs, 2 textures, 2 ground effects
  AZEROTH_25_53.ADT -> Island of Doctor Lapidis -> 0 models, 0 WMOs, 5 textures, 5 ground effects
  AZEROTH_25_54.ADT -> Island of Doctor Lapidis -> 0 models, 0 WMOs, 7 textures, 5 ground effects
  AZEROTH_25_55.ADT -> Island of Doctor Lapidis -> 0 models, 0 WMOs, 4 textures, 4 ground effects
  AZEROTH_25_56.ADT -> Island of Doctor Lapidis -> 0 models, 0 WMOs, 3 textures
  AZEROTH_25_57.ADT -> Gillijim's Isle -> 0 models, 0 WMOs, 6 textures
  AZEROTH_25_58.ADT -> Gillijim's Isle -> 0 models, 0 WMOs, 6 textures
  AZEROTH_25_59.ADT -> Gillijim's Isle -> 0 models, 0 WMOs, 1 textures
  AZEROTH_26_22.ADT -> The Great Sea -> 0 models, 0 WMOs, 1 textures, 1 ground effects
  AZEROTH_26_23.ADT -> The Great Sea -> 0 models, 0 WMOs, 1 textures, 1 ground effects
  AZEROTH_26_24.ADT -> The Great Sea -> 0 models, 0 WMOs, 1 textures, 1 ground effects
  AZEROTH_26_25.ADT -> The Great Sea -> 0 models, 0 WMOs, 1 textures, 1 ground effects
  AZEROTH_26_26.ADT -> The Great Sea -> 0 models, 0 WMOs, 1 textures, 1 ground effects
  AZEROTH_26_27.ADT -> Tirisfal Glades -> 0 models, 0 WMOs, 5 textures, 8 ground effects
  AZEROTH_26_28.ADT -> Tirisfal Glades -> 0 models, 0 WMOs, 5 textures, 7 ground effects
  AZEROTH_26_29.ADT -> Silverpine Forest -> 0 models, 0 WMOs, 4 textures, 8 ground effects
  AZEROTH_26_30.ADT -> Silverpine Forest -> 0 models, 0 WMOs, 1 textures, 1 ground effects
  AZEROTH_26_31.ADT -> Silverpine Forest -> 0 models, 0 WMOs, 1 textures, 1 ground effects
  AZEROTH_26_32.ADT -> Silverpine Forest -> 3 models, 0 WMOs, 4 textures, 3 ground effects
  AZEROTH_26_33.ADT -> Gilneas -> 3 models, 0 WMOs, 4 textures, 4 ground effects
  AZEROTH_26_34.ADT -> Gilneas -> 1 models, 1 WMOs, 6 textures, 6 ground effects
  AZEROTH_26_35.ADT -> Gilneas -> 23 models, 2 WMOs, 10 textures, 10 ground effects
  AZEROTH_26_36.ADT -> Gilneas -> 0 models, 0 WMOs, 4 textures, 4 ground effects
  AZEROTH_26_37.ADT -> The Great Sea -> 0 models, 0 WMOs, 1 textures, 1 ground effects
  AZEROTH_26_38.ADT -> Vashj'ir -> 27 models, 0 WMOs, 7 textures, 5 ground effects
  AZEROTH_26_39.ADT -> Vashj'ir -> 21 models, 0 WMOs, 4 textures, 3 ground effects
  AZEROTH_26_40.ADT -> Vashj'ir -> 25 models, 0 WMOs, 9 textures, 4 ground effects
  AZEROTH_26_41.ADT -> Vashj'ir -> 16 models, 0 WMOs, 7 textures, 4 ground effects
  AZEROTH_26_42.ADT -> Vashj'ir -> 27 models, 0 WMOs, 8 textures, 4 ground effects
  AZEROTH_26_43.ADT -> Vashj'ir -> 37 models, 0 WMOs, 8 textures, 2 ground effects
  AZEROTH_26_44.ADT -> Vashj'ir -> 29 models, 0 WMOs, 9 textures, 4 ground effects
  AZEROTH_26_45.ADT -> Vashj'ir -> 21 models, 0 WMOs, 8 textures, 4 ground effects
  AZEROTH_26_46.ADT -> Vashj'ir -> 25 models, 0 WMOs, 6 textures, 4 ground effects
  AZEROTH_26_47.ADT -> The Great Sea -> 10 models, 0 WMOs, 6 textures, 5 ground effects
  AZEROTH_26_48.ADT -> Westfall -> 0 models, 0 WMOs, 4 textures, 4 ground effects
  AZEROTH_26_49.ADT -> Westfall -> 0 models, 0 WMOs, 2 textures, 2 ground effects
  AZEROTH_26_50.ADT -> Westfall -> 0 models, 0 WMOs, 2 textures, 2 ground effects
  AZEROTH_26_51.ADT -> Westfall -> 0 models, 0 WMOs, 2 textures, 2 ground effects
  AZEROTH_26_52.ADT -> Westfall -> 0 models, 0 WMOs, 4 textures, 6 ground effects
  AZEROTH_26_53.ADT -> Westfall -> 0 models, 0 WMOs, 5 textures, 6 ground effects
  AZEROTH_26_54.ADT -> Stranglethorn Vale -> 0 models, 0 WMOs, 5 textures, 9 ground effects
  AZEROTH_26_55.ADT -> Stranglethorn Vale -> 0 models, 0 WMOs, 1 textures, 1 ground effects
  AZEROTH_26_56.ADT -> Stranglethorn Vale -> 0 models, 0 WMOs, 3 textures, 4 ground effects
  AZEROTH_26_57.ADT -> Gillijim's Isle -> 0 models, 0 WMOs, 8 textures, 5 ground effects
  AZEROTH_26_58.ADT -> Stranglethorn Vale -> 0 models, 0 WMOs, 6 textures, 5 ground effects
  AZEROTH_26_59.ADT -> Stranglethorn Vale -> 0 models, 0 WMOs, 1 textures
  AZEROTH_27_22.ADT -> The Great Sea -> 0 models, 0 WMOs, 1 textures, 1 ground effects
  AZEROTH_27_23.ADT -> The Great Sea -> 0 models, 0 WMOs, 1 textures, 1 ground effects
  AZEROTH_27_24.ADT -> The Great Sea -> 0 models, 0 WMOs, 1 textures, 1 ground effects
  AZEROTH_27_25.ADT -> The Great Sea -> 0 models, 0 WMOs, 1 textures, 1 ground effects
  AZEROTH_27_26.ADT -> Tirisfal Glades -> 0 models, 0 WMOs, 5 textures, 10 ground effects
  AZEROTH_27_27.ADT -> Tirisfal Glades -> 27 models, 0 WMOs, 12 textures, 18 ground effects
  AZEROTH_27_28.ADT -> Tirisfal Glades -> 38 models, 0 WMOs, 9 textures, 8 ground effects
  AZEROTH_27_29.ADT -> Silverpine Forest -> 3 models, 0 WMOs, 9 textures, 11 ground effects
  AZEROTH_27_30.ADT -> Silverpine Forest -> 0 models, 0 WMOs, 4 textures, 7 ground effects
  AZEROTH_27_31.ADT -> Silverpine Forest -> 0 models, 0 WMOs, 4 textures, 7 ground effects
  AZEROTH_27_32.ADT -> Silverpine Forest -> 5 models, 0 WMOs, 6 textures, 5 ground effects
  AZEROTH_27_33.ADT -> Gilneas -> 28 models, 1 WMOs, 10 textures, 13 ground effects
  AZEROTH_27_34.ADT -> Gilneas -> 81 models, 6 WMOs, 10 textures, 10 ground effects
  AZEROTH_27_35.ADT -> Gilneas -> 164 models, 11 WMOs, 14 textures, 14 ground effects
  AZEROTH_27_36.ADT -> Gilneas -> 88 models, 4 WMOs, 11 textures, 11 ground effects
  AZEROTH_27_37.ADT -> Gilneas -> 0 models, 0 WMOs, 4 textures, 4 ground effects
  AZEROTH_27_38.ADT -> The Great Sea -> 5 models, 0 WMOs, 5 textures, 4 ground effects
  AZEROTH_27_39.ADT -> The Great Sea -> 21 models, 0 WMOs, 8 textures, 4 ground effects
  AZEROTH_27_40.ADT -> The Great Sea -> 23 models, 0 WMOs, 7 textures, 5 ground effects
  AZEROTH_27_41.ADT -> The Great Sea -> 22 models, 0 WMOs, 9 textures, 5 ground effects
  AZEROTH_27_42.ADT -> The Great Sea -> 27 models, 0 WMOs, 9 textures, 4 ground effects
  AZEROTH_27_43.ADT -> The Great Sea -> 6 models, 0 WMOs, 5 textures, 3 ground effects
  AZEROTH_27_44.ADT -> The Great Sea -> 21 models, 0 WMOs, 7 textures, 4 ground effects
  AZEROTH_27_45.ADT -> The Great Sea -> 16 models, 0 WMOs, 6 textures, 4 ground effects
  AZEROTH_27_46.ADT -> The Great Sea -> 27 models, 0 WMOs, 5 textures, 3 ground effects
  AZEROTH_27_47.ADT -> The Great Sea -> 0 models, 0 WMOs, 1 textures, 1 ground effects
  AZEROTH_27_48.ADT -> Westfall -> 0 models, 0 WMOs, 1 textures, 1 ground effects
  AZEROTH_27_49.ADT -> Westfall -> 0 models, 0 WMOs, 4 textures, 7 ground effects
  AZEROTH_27_50.ADT -> Westfall -> 0 models, 0 WMOs, 6 textures, 8 ground effects
  AZEROTH_27_51.ADT -> Westfall -> 10 models, 3 WMOs, 8 textures, 9 ground effects
  AZEROTH_27_52.ADT -> Westfall -> 7 models, 0 WMOs, 8 textures, 9 ground effects
  AZEROTH_27_53.ADT -> Westfall -> 0 models, 0 WMOs, 5 textures, 5 ground effects
  AZEROTH_27_54.ADT -> Stranglethorn Vale -> 0 models, 0 WMOs, 5 textures, 8 ground effects
  AZEROTH_27_55.ADT -> Stranglethorn Vale -> 0 models, 0 WMOs, 1 textures, 1 ground effects
  AZEROTH_27_56.ADT -> Stranglethorn Vale -> 0 models, 0 WMOs, 1 textures, 1 ground effects
  AZEROTH_27_57.ADT -> Stranglethorn Vale -> 0 models, 0 WMOs, 1 textures, 1 ground effects
  AZEROTH_27_58.ADT -> Stranglethorn Vale -> 0 models, 0 WMOs, 1 textures, 1 ground effects
  AZEROTH_27_59.ADT -> Stranglethorn Vale -> 0 models, 0 WMOs, 1 textures, 1 ground effects
  AZEROTH_27_60.ADT -> Stranglethorn Vale -> 0 models, 0 WMOs, 1 textures, 1 ground effects
  AZEROTH_27_61.ADT -> Stranglethorn Vale -> 0 models, 0 WMOs, 1 textures, 1 ground effects
  AZEROTH_28_22.ADT -> The Great Sea -> 0 models, 0 WMOs, 1 textures, 1 ground effects
  AZEROTH_28_23.ADT -> The Great Sea -> 0 models, 0 WMOs, 1 textures, 1 ground effects
  AZEROTH_28_24.ADT -> The Great Sea -> 0 models, 0 WMOs, 1 textures, 1 ground effects
  AZEROTH_28_25.ADT -> Tirisfal Glades -> 0 models, 0 WMOs, 5 textures, 8 ground effects
  AZEROTH_28_26.ADT -> Tirisfal Glades -> 1 models, 0 WMOs, 9 textures, 13 ground effects
  AZEROTH_28_27.ADT -> Tirisfal Glades -> 38 models, 1 WMOs, 14 textures, 12 ground effects
  AZEROTH_28_28.ADT -> Tirisfal Glades -> 74 models, 6 WMOs, 10 textures, 9 ground effects
  AZEROTH_28_29.ADT -> Silverpine Forest -> 39 models, 2 WMOs, 13 textures, 12 ground effects
  AZEROTH_28_30.ADT -> Silverpine Forest -> 44 models, 3 WMOs, 9 textures, 9 ground effects
  AZEROTH_28_31.ADT -> Silverpine Forest -> 54 models, 1 WMOs, 9 textures, 9 ground effects
  AZEROTH_28_32.ADT -> Silverpine Forest -> 14 models, 5 WMOs, 9 textures, 9 ground effects
  AZEROTH_28_33.ADT -> Silverpine Forest -> 32 models, 1 WMOs, 13 textures, 20 ground effects
  AZEROTH_28_34.ADT -> Gilneas -> 111 models, 11 WMOs, 15 textures, 28 ground effects
  AZEROTH_28_35.ADT -> Gilneas -> 118 models, 7 WMOs, 17 textures, 29 ground effects
  AZEROTH_28_36.ADT -> Gilneas -> 92 models, 1 WMOs, 11 textures, 13 ground effects
  AZEROTH_28_37.ADT -> Wetlands -> 0 models, 0 WMOs, 5 textures, 5 ground effects
  AZEROTH_28_38.ADT -> Wetlands -> 17 models, 0 WMOs, 8 textures, 4 ground effects
  AZEROTH_28_39.ADT -> Wetlands -> 12 models, 0 WMOs, 7 textures, 4 ground effects
  AZEROTH_28_40.ADT -> Dun Morogh -> 18 models, 0 WMOs, 9 textures, 9 ground effects
  AZEROTH_28_41.ADT -> Dun Morogh -> 0 models, 0 WMOs, 8 textures, 10 ground effects
  AZEROTH_28_42.ADT -> Dun Morogh -> 16 models, 0 WMOs, 9 textures, 9 ground effects
  AZEROTH_28_43.ADT -> Dun Morogh -> 23 models, 0 WMOs, 7 textures, 4 ground effects
  AZEROTH_28_44.ADT -> Dun Morogh -> 27 models, 0 WMOs, 7 textures, 3 ground effects
  AZEROTH_28_45.ADT -> Elwynn Forest -> 16 models, 0 WMOs, 7 textures, 4 ground effects
  AZEROTH_28_46.ADT -> Stormwind City -> 0 models, 0 WMOs, 8 textures, 12 ground effects
  AZEROTH_28_47.ADT -> Stormwind City -> 5 models, 1 WMOs, 3 textures, 3 ground effects
  AZEROTH_28_48.ADT -> Stormwind City -> 0 models, 0 WMOs, 2 textures, 2 ground effects
  AZEROTH_28_49.ADT -> Westfall -> 0 models, 0 WMOs, 6 textures, 8 ground effects
  AZEROTH_28_50.ADT -> Westfall -> 50 models, 3 WMOs, 13 textures, 15 ground effects
  AZEROTH_28_51.ADT -> Westfall -> 86 models, 4 WMOs, 15 textures, 17 ground effects
  AZEROTH_28_52.ADT -> Westfall -> 97 models, 6 WMOs, 16 textures, 18 ground effects
  AZEROTH_28_53.ADT -> Westfall -> 46 models, 4 WMOs, 14 textures, 20 ground effects
  AZEROTH_28_54.ADT -> Stranglethorn Vale -> 0 models, 0 WMOs, 5 textures, 9 ground effects
  AZEROTH_28_55.ADT -> Stranglethorn Vale -> 0 models, 0 WMOs, 5 textures, 5 ground effects
  AZEROTH_28_56.ADT -> Stranglethorn Vale -> 0 models, 0 WMOs, 2 textures, 2 ground effects
  AZEROTH_28_57.ADT -> Stranglethorn Vale -> 0 models, 0 WMOs, 1 textures, 1 ground effects
  AZEROTH_28_58.ADT -> Stranglethorn Vale -> 0 models, 0 WMOs, 1 textures, 1 ground effects
  AZEROTH_28_59.ADT -> Stranglethorn Vale -> 0 models, 0 WMOs, 1 textures, 1 ground effects
  AZEROTH_28_60.ADT -> Stranglethorn Vale -> 0 models, 0 WMOs, 1 textures, 1 ground effects
  AZEROTH_28_61.ADT -> Stranglethorn Vale -> 0 models, 0 WMOs, 1 textures, 1 ground effects
  AZEROTH_29_22.ADT -> The Great Sea -> 0 models, 0 WMOs, 1 textures, 1 ground effects
  AZEROTH_29_23.ADT -> The Great Sea -> 0 models, 0 WMOs, 1 textures, 1 ground effects
  AZEROTH_29_24.ADT -> The Great Sea -> 0 models, 0 WMOs, 1 textures, 1 ground effects
  AZEROTH_29_25.ADT -> Tirisfal Glades -> 0 models, 0 WMOs, 5 textures, 7 ground effects
  AZEROTH_29_26.ADT -> Tirisfal Glades -> 17 models, 0 WMOs, 14 textures, 14 ground effects
  AZEROTH_29_27.ADT -> Tirisfal Glades -> 46 models, 4 WMOs, 10 textures, 10 ground effects
  AZEROTH_29_28.ADT -> Tirisfal Glades -> 95 models, 6 WMOs, 8 textures, 8 ground effects
  AZEROTH_29_29.ADT -> Silverpine Forest -> 63 models, 4 WMOs, 13 textures, 10 ground effects
  AZEROTH_29_30.ADT -> Silverpine Forest -> 88 models, 5 WMOs, 10 textures, 10 ground effects
  AZEROTH_29_31.ADT -> Silverpine Forest -> 90 models, 3 WMOs, 7 textures, 7 ground effects
  AZEROTH_29_32.ADT -> Silverpine Forest -> 75 models, 8 WMOs, 6 textures, 6 ground effects
  AZEROTH_29_33.ADT -> Silverpine Forest -> 96 models, 2 WMOs, 16 textures, 23 ground effects
  AZEROTH_29_34.ADT -> Gilneas -> 178 models, 8 WMOs, 16 textures, 26 ground effects
  AZEROTH_29_35.ADT -> Gilneas -> 113 models, 6 WMOs, 17 textures, 23 ground effects
  AZEROTH_29_36.ADT -> Gilneas -> 138 models, 8 WMOs, 11 textures, 10 ground effects
  AZEROTH_29_37.ADT -> Wetlands -> 4 models, 0 WMOs, 6 textures, 8 ground effects
  AZEROTH_29_38.ADT -> Wetlands -> 0 models, 0 WMOs, 2 textures, 1 ground effects
  AZEROTH_29_39.ADT -> Wetlands -> 0 models, 0 WMOs, 2 textures, 2 ground effects
  AZEROTH_29_40.ADT -> Dun Morogh -> 1 models, 1 WMOs, 11 textures, 15 ground effects
  AZEROTH_29_41.ADT -> Dun Morogh -> 17 models, 1 WMOs, 8 textures, 8 ground effects
  AZEROTH_29_42.ADT -> Dun Morogh -> 15 models, 0 WMOs, 13 textures, 11 ground effects
  AZEROTH_29_43.ADT -> Dun Morogh -> 28 models, 2 WMOs, 11 textures, 6 ground effects
  AZEROTH_29_44.ADT -> Dun Morogh -> 2 models, 1 WMOs, 9 textures, 5 ground effects
  AZEROTH_29_45.ADT -> Elwynn Forest -> 34 models, 5 WMOs, 5 textures, 3 ground effects
  AZEROTH_29_46.ADT -> Northern Elwynn Mountains -> 15 models, 5 WMOs, 12 textures, 12 ground effects
  AZEROTH_29_47.ADT -> Stormwind City -> 57 models, 13 WMOs, 13 textures, 14 ground effects
  AZEROTH_29_48.ADT -> Stormwind City -> 61 models, 8 WMOs, 14 textures, 16 ground effects
  AZEROTH_29_49.ADT -> Stormwind City -> 25 models, 2 WMOs, 9 textures, 9 ground effects
  AZEROTH_29_50.ADT -> Westfall -> 87 models, 4 WMOs, 12 textures, 14 ground effects
  AZEROTH_29_51.ADT -> Westfall -> 92 models, 7 WMOs, 8 textures, 8 ground effects
  AZEROTH_29_52.ADT -> Westfall -> 87 models, 9 WMOs, 8 textures, 8 ground effects
  AZEROTH_29_53.ADT -> Stranglethorn Vale -> 86 models, 5 WMOs, 17 textures, 25 ground effects
  AZEROTH_29_54.ADT -> Stranglethorn Vale -> 137 models, 4 WMOs, 12 textures, 15 ground effects
  AZEROTH_29_55.ADT -> Stranglethorn Vale -> 0 models, 0 WMOs, 4 textures, 4 ground effects
  AZEROTH_29_56.ADT -> Stranglethorn Vale -> 0 models, 0 WMOs, 4 textures, 4 ground effects
  AZEROTH_29_57.ADT -> Stranglethorn Vale -> 0 models, 0 WMOs, 4 textures, 4 ground effects
  AZEROTH_29_58.ADT -> Stranglethorn Vale -> 0 models, 0 WMOs, 2 textures, 2 ground effects
  AZEROTH_29_59.ADT -> Stranglethorn Vale -> 0 models, 0 WMOs, 2 textures, 2 ground effects
  AZEROTH_29_60.ADT -> Stranglethorn Vale -> 0 models, 0 WMOs, 1 textures, 1 ground effects
  AZEROTH_29_61.ADT -> Stranglethorn Vale -> 0 models, 0 WMOs, 1 textures, 1 ground effects
  AZEROTH_30_22.ADT -> The Great Sea -> 0 models, 0 WMOs, 1 textures, 1 ground effects
  AZEROTH_30_23.ADT -> The Great Sea -> 0 models, 0 WMOs, 1 textures, 1 ground effects
  AZEROTH_30_24.ADT -> The Great Sea -> 0 models, 0 WMOs, 1 textures, 1 ground effects
  AZEROTH_30_25.ADT -> Tirisfal Glades -> 0 models, 0 WMOs, 6 textures, 11 ground effects
  AZEROTH_30_26.ADT -> Tirisfal Glades -> 35 models, 4 WMOs, 9 textures, 13 ground effects
  AZEROTH_30_27.ADT -> Tirisfal Glades -> 54 models, 3 WMOs, 6 textures, 6 ground effects
  AZEROTH_30_28.ADT -> Tirisfal Glades -> 47 models, 2 WMOs, 12 textures, 11 ground effects
  AZEROTH_30_29.ADT -> Silverpine Forest -> 46 models, 1 WMOs, 12 textures, 15 ground effects
  AZEROTH_30_30.ADT -> Silverpine Forest -> 54 models, 7 WMOs, 9 textures, 9 ground effects
  AZEROTH_30_31.ADT -> Silverpine Forest -> 61 models, 3 WMOs, 7 textures, 7 ground effects
  AZEROTH_30_32.ADT -> Hillsbrad Foothills -> 86 models, 10 WMOs, 10 textures, 12 ground effects
  AZEROTH_30_33.ADT -> Silverpine Forest -> 29 models, 2 WMOs, 17 textures
  AZEROTH_30_34.ADT -> Hillsbrad Foothills -> 62 models, 4 WMOs, 15 textures, 20 ground effects
  AZEROTH_30_35.ADT -> Gilneas -> 88 models, 5 WMOs, 14 textures, 12 ground effects
  AZEROTH_30_36.ADT -> Wetlands -> 9 models, 1 WMOs, 8 textures, 9 ground effects
  AZEROTH_30_37.ADT -> Wetlands -> 1 models, 0 WMOs, 6 textures, 8 ground effects
  AZEROTH_30_38.ADT -> Wetlands -> 0 models, 0 WMOs, 2 textures, 2 ground effects
  AZEROTH_30_39.ADT -> Wetlands -> 0 models, 0 WMOs, 5 textures, 5 ground effects
  AZEROTH_30_40.ADT -> Dun Morogh -> 13 models, 1 WMOs, 12 textures, 18 ground effects
  AZEROTH_30_41.ADT -> Dun Morogh -> 42 models, 3 WMOs, 5 textures, 9 ground effects
  AZEROTH_30_42.ADT -> Dun Morogh -> 48 models, 2 WMOs, 7 textures, 14 ground effects
  AZEROTH_30_43.ADT -> Dun Morogh -> 54 models, 1 WMOs, 13 textures, 20 ground effects
  AZEROTH_30_44.ADT -> Dun Morogh -> 46 models, 1 WMOs, 10 textures, 10 ground effects
  AZEROTH_30_45.ADT -> Elwynn Forest -> 67 models, 9 WMOs, 8 textures, 4 ground effects
  AZEROTH_30_46.ADT -> Stormwind City -> 29 models, 6 WMOs, 7 textures, 13 ground effects
  AZEROTH_30_47.ADT -> Stormwind City -> 177 models, 14 WMOs, 22 textures, 18 ground effects
  AZEROTH_30_48.ADT -> Stormwind City -> 107 models, 4 WMOs, 23 textures, 18 ground effects
  AZEROTH_30_49.ADT -> Stormwind City -> 43 models, 3 WMOs, 9 textures, 26 ground effects
  AZEROTH_30_50.ADT -> Elwynn Forest -> 92 models, 6 WMOs, 18 textures, 31 ground effects
  AZEROTH_30_51.ADT -> Elwynn Forest -> 114 models, 2 WMOs, 19 textures, 33 ground effects
  AZEROTH_30_52.ADT -> Duskwood -> 98 models, 3 WMOs, 16 textures, 20 ground effects
  AZEROTH_30_53.ADT -> Stranglethorn Vale -> 90 models, 3 WMOs, 17 textures, 23 ground effects
  AZEROTH_30_54.ADT -> Stranglethorn Vale -> 69 models, 9 WMOs, 11 textures, 11 ground effects
  AZEROTH_30_55.ADT -> Stranglethorn Vale -> 31 models, 0 WMOs, 6 textures, 6 ground effects
  AZEROTH_30_56.ADT -> Stranglethorn Vale -> 13 models, 0 WMOs, 12 textures, 12 ground effects
  AZEROTH_30_57.ADT -> Stranglethorn Vale -> 47 models, 0 WMOs, 15 textures, 15 ground effects
  AZEROTH_30_58.ADT -> Stranglethorn Vale -> 18 models, 2 WMOs, 12 textures, 12 ground effects
  AZEROTH_30_59.ADT -> Stranglethorn Vale -> 11 models, 2 WMOs, 12 textures, 12 ground effects
  AZEROTH_30_60.ADT -> Stranglethorn Vale -> 0 models, 0 WMOs, 7 textures, 7 ground effects
  AZEROTH_30_61.ADT -> Stranglethorn Vale -> 0 models, 0 WMOs, 2 textures, 2 ground effects
  AZEROTH_31_19.ADT -> The Great Sea -> 0 models, 0 WMOs, 1 textures, 1 ground effects
  AZEROTH_31_20.ADT -> The Great Sea -> 0 models, 0 WMOs, 1 textures, 1 ground effects
  AZEROTH_31_21.ADT -> The Great Sea -> 0 models, 0 WMOs, 1 textures, 1 ground effects
  AZEROTH_31_22.ADT -> The Great Sea -> 0 models, 0 WMOs, 1 textures, 1 ground effects
  AZEROTH_31_23.ADT -> The Great Sea -> 0 models, 0 WMOs, 1 textures, 1 ground effects
  AZEROTH_31_24.ADT -> The Great Sea -> 0 models, 0 WMOs, 1 textures, 1 ground effects
  AZEROTH_31_25.ADT -> Tirisfal Glades -> 0 models, 0 WMOs, 5 textures, 7 ground effects
  AZEROTH_31_26.ADT -> Tirisfal Glades -> 26 models, 3 WMOs, 10 textures, 11 ground effects
  AZEROTH_31_27.ADT -> Tirisfal Glades -> 88 models, 6 WMOs, 6 textures, 7 ground effects
  AZEROTH_31_28.ADT -> Tirisfal Glades -> 64 models, 3 WMOs, 7 textures, 7 ground effects
  AZEROTH_31_29.ADT -> Alterac Mountains -> 55 models, 1 WMOs, 11 textures, 23 ground effects
  AZEROTH_31_30.ADT -> Alterac Mountains -> 36 models, 0 WMOs, 10 textures, 19 ground effects
  AZEROTH_31_31.ADT -> Alterac Mountains -> 89 models, 16 WMOs, 14 textures, 17 ground effects
  AZEROTH_31_32.ADT -> Hillsbrad Foothills -> 80 models, 6 WMOs, 12 textures, 29 ground effects
  AZEROTH_31_33.ADT -> Hillsbrad Foothills -> 78 models, 4 WMOs, 10 textures, 20 ground effects
  AZEROTH_31_34.ADT -> Hillsbrad Foothills -> 72 models, 1 WMOs, 9 textures, 14 ground effects
  AZEROTH_31_35.ADT -> Hillsbrad Foothills -> 3 models, 0 WMOs, 8 textures, 9 ground effects
  AZEROTH_31_36.ADT -> Wetlands -> 4 models, 0 WMOs, 6 textures, 9 ground effects
  AZEROTH_31_37.ADT -> Wetlands -> 0 models, 0 WMOs, 3 textures, 2 ground effects
  AZEROTH_31_38.ADT -> Wetlands -> 0 models, 0 WMOs, 2 textures, 2 ground effects
  AZEROTH_31_39.ADT -> Wetlands -> 4 models, 0 WMOs, 8 textures, 9 ground effects
  AZEROTH_31_40.ADT -> Dun Morogh -> 3 models, 0 WMOs, 6 textures, 6 ground effects
  AZEROTH_31_41.ADT -> Dun Morogh -> 72 models, 3 WMOs, 11 textures, 17 ground effects
  AZEROTH_31_42.ADT -> Dun Morogh -> 111 models, 4 WMOs, 11 textures, 18 ground effects
  AZEROTH_31_43.ADT -> Dun Morogh -> 109 models, 2 WMOs, 8 textures, 22 ground effects
  AZEROTH_31_44.ADT -> Dun Morogh -> 38 models, 1 WMOs, 10 textures, 8 ground effects
  AZEROTH_31_45.ADT -> Elwynn Forest -> 68 models, 8 WMOs, 9 textures, 3 ground effects
  AZEROTH_31_46.ADT -> Stormwind City -> 28 models, 9 WMOs, 7 textures, 9 ground effects
  AZEROTH_31_47.ADT -> Stormwind City -> 91 models, 2 WMOs, 22 textures, 16 ground effects
  AZEROTH_31_48.ADT -> Stormwind City -> 29 models, 3 WMOs, 12 textures, 14 ground effects
  AZEROTH_31_49.ADT -> Stormwind City -> 97 models, 5 WMOs, 7 textures, 11 ground effects
  AZEROTH_31_50.ADT -> Elwynn Forest -> 80 models, 8 WMOs, 8 textures, 24 ground effects
  AZEROTH_31_51.ADT -> Elwynn Forest -> 101 models, 3 WMOs, 10 textures, 13 ground effects
  AZEROTH_31_52.ADT -> Duskwood -> 111 models, 6 WMOs, 14 textures, 18 ground effects
  AZEROTH_31_53.ADT -> Stranglethorn Vale -> 42 models, 2 WMOs, 16 textures, 30 ground effects
  AZEROTH_31_54.ADT -> Stranglethorn Vale -> 94 models, 3 WMOs, 10 textures, 10 ground effects
  AZEROTH_31_55.ADT -> Stranglethorn Vale -> 178 models, 6 WMOs, 11 textures, 11 ground effects
  AZEROTH_31_56.ADT -> Stranglethorn Vale -> 71 models, 2 WMOs, 9 textures, 9 ground effects
  AZEROTH_31_57.ADT -> Stranglethorn Vale -> 71 models, 5 WMOs, 8 textures, 8 ground effects
  AZEROTH_31_58.ADT -> Stranglethorn Vale -> 68 models, 6 WMOs, 11 textures, 11 ground effects
  AZEROTH_31_59.ADT -> Stranglethorn Vale -> 56 models, 2 WMOs, 11 textures, 11 ground effects
  AZEROTH_31_60.ADT -> Stranglethorn Vale -> 1 models, 1 WMOs, 7 textures, 7 ground effects
  AZEROTH_31_61.ADT -> Stranglethorn Vale -> 0 models, 0 WMOs, 2 textures, 2 ground effects
  AZEROTH_32_19.ADT -> The Great Sea -> 0 models, 0 WMOs, 1 textures, 1 ground effects
  AZEROTH_32_20.ADT -> The Great Sea -> 0 models, 0 WMOs, 1 textures, 1 ground effects
  AZEROTH_32_21.ADT -> The Great Sea -> 0 models, 0 WMOs, 1 textures, 1 ground effects
  AZEROTH_32_22.ADT -> The Great Sea -> 0 models, 0 WMOs, 1 textures, 1 ground effects
  AZEROTH_32_23.ADT -> The Great Sea -> 0 models, 0 WMOs, 1 textures, 1 ground effects
  AZEROTH_32_24.ADT -> The Great Sea -> 0 models, 0 WMOs, 1 textures, 1 ground effects
  AZEROTH_32_25.ADT -> Tirisfal Glades -> 1 models, 0 WMOs, 6 textures, 10 ground effects
  AZEROTH_32_26.ADT -> Tirisfal Glades -> 20 models, 2 WMOs, 10 textures, 11 ground effects
  AZEROTH_32_27.ADT -> Tirisfal Glades -> 39 models, 2 WMOs, 7 textures, 8 ground effects
  AZEROTH_32_28.ADT -> Tirisfal Glades -> 48 models, 4 WMOs, 8 textures, 8 ground effects
  AZEROTH_32_29.ADT -> Western Plaguelands -> 68 models, 3 WMOs, 13 textures, 26 ground effects
  AZEROTH_32_30.ADT -> Alterac Mountains -> 125 models, 20 WMOs, 11 textures, 15 ground effects
  AZEROTH_32_31.ADT -> Alterac Mountains -> 66 models, 13 WMOs, 8 textures, 12 ground effects
  AZEROTH_32_32.ADT -> Hillsbrad Foothills -> 57 models, 7 WMOs, 10 textures, 21 ground effects
  AZEROTH_32_33.ADT -> Hillsbrad Foothills -> 82 models, 9 WMOs, 8 textures, 17 ground effects
  AZEROTH_32_34.ADT -> Hillsbrad Foothills -> 20 models, 0 WMOs, 7 textures, 9 ground effects
  AZEROTH_32_35.ADT -> Hillsbrad Foothills -> 0 models, 0 WMOs, 2 textures, 2 ground effects
  AZEROTH_32_36.ADT -> Wetlands -> 0 models, 0 WMOs, 2 textures, 2 ground effects
  AZEROTH_32_37.ADT -> Wetlands -> 0 models, 0 WMOs, 5 textures, 5 ground effects
  AZEROTH_32_38.ADT -> Wetlands -> 0 models, 0 WMOs, 7 textures, 7 ground effects
  AZEROTH_32_39.ADT -> Wetlands -> 4 models, 1 WMOs, 7 textures, 8 ground effects
  AZEROTH_32_40.ADT -> Dun Morogh -> 12 models, 0 WMOs, 10 textures, 16 ground effects
  AZEROTH_32_41.ADT -> Dun Morogh -> 73 models, 3 WMOs, 11 textures, 13 ground effects
  AZEROTH_32_42.ADT -> Dun Morogh -> 116 models, 6 WMOs, 11 textures, 16 ground effects
  AZEROTH_32_43.ADT -> Dun Morogh -> 78 models, 2 WMOs, 10 textures, 8 ground effects
  AZEROTH_32_44.ADT -> Searing Gorge -> 27 models, 1 WMOs, 13 textures, 4 ground effects
  AZEROTH_32_45.ADT -> Searing Gorge -> 37 models, 2 WMOs, 16 textures, 7 ground effects
  AZEROTH_32_46.ADT -> Burning Steppes -> 11 models, 1 WMOs, 11 textures, 17 ground effects
  AZEROTH_32_47.ADT -> Elwynn Forest -> 24 models, 3 WMOs, 8 textures, 8 ground effects
  AZEROTH_32_48.ADT -> Elwynn Forest -> 75 models, 8 WMOs, 7 textures, 14 ground effects
  AZEROTH_32_49.ADT -> Elwynn Forest -> 66 models, 8 WMOs, 7 textures, 19 ground effects
  AZEROTH_32_50.ADT -> Elwynn Forest -> 71 models, 5 WMOs, 10 textures, 17 ground effects
  AZEROTH_32_51.ADT -> Duskwood -> 50 models, 2 WMOs, 13 textures, 13 ground effects
  AZEROTH_32_52.ADT -> Duskwood -> 100 models, 3 WMOs, 10 textures, 10 ground effects
  AZEROTH_32_53.ADT -> Stranglethorn Vale -> 117 models, 8 WMOs, 12 textures, 18 ground effects
  AZEROTH_32_54.ADT -> Stranglethorn Vale -> 42 models, 7 WMOs, 7 textures, 7 ground effects
  AZEROTH_32_55.ADT -> Stranglethorn Vale -> 65 models, 3 WMOs, 10 textures, 10 ground effects
  AZEROTH_32_56.ADT -> Stranglethorn Vale -> 80 models, 4 WMOs, 6 textures, 6 ground effects
  AZEROTH_32_57.ADT -> Stranglethorn Vale -> 60 models, 4 WMOs, 14 textures, 14 ground effects
  AZEROTH_32_58.ADT -> Stranglethorn Vale -> 16 models, 0 WMOs, 11 textures, 11 ground effects
  AZEROTH_32_59.ADT -> Stranglethorn Vale -> 35 models, 0 WMOs, 11 textures, 11 ground effects
  AZEROTH_32_60.ADT -> Stranglethorn Vale -> 0 models, 0 WMOs, 7 textures, 7 ground effects
  AZEROTH_32_61.ADT -> Stranglethorn Vale -> 0 models, 0 WMOs, 2 textures, 2 ground effects
  AZEROTH_33_19.ADT -> The Great Sea -> 0 models, 0 WMOs, 1 textures, 1 ground effects
  AZEROTH_33_20.ADT -> The Great Sea -> 0 models, 0 WMOs, 1 textures, 1 ground effects
  AZEROTH_33_21.ADT -> The Great Sea -> 0 models, 0 WMOs, 1 textures, 1 ground effects
  AZEROTH_33_22.ADT -> The Great Sea -> 0 models, 0 WMOs, 1 textures, 1 ground effects
  AZEROTH_33_23.ADT -> The Great Sea -> 0 models, 0 WMOs, 1 textures, 1 ground effects
  AZEROTH_33_24.ADT -> The Great Sea -> 0 models, 0 WMOs, 1 textures, 1 ground effects
  AZEROTH_33_25.ADT -> Tirisfal Glades -> 0 models, 0 WMOs, 7 textures, 18 ground effects
  AZEROTH_33_26.ADT -> Tirisfal Glades -> 33 models, 3 WMOs, 10 textures, 14 ground effects
  AZEROTH_33_27.ADT -> Tirisfal Glades -> 43 models, 1 WMOs, 6 textures, 6 ground effects
  AZEROTH_33_28.ADT -> Western Plaguelands -> 163 models, 1 WMOs, 11 textures, 17 ground effects
  AZEROTH_33_29.ADT -> Western Plaguelands -> 43 models, 0 WMOs, 14 textures, 24 ground effects
  AZEROTH_33_30.ADT -> Western Plaguelands -> 87 models, 8 WMOs, 13 textures, 18 ground effects
  AZEROTH_33_31.ADT -> Hillsbrad Foothills -> 129 models, 5 WMOs, 9 textures, 19 ground effects
  AZEROTH_33_32.ADT -> Hillsbrad Foothills -> 126 models, 6 WMOs, 8 textures, 16 ground effects
  AZEROTH_33_33.ADT -> Hillsbrad Foothills -> 74 models, 6 WMOs, 8 textures, 17 ground effects
  AZEROTH_33_34.ADT -> Hillsbrad Foothills -> 7 models, 0 WMOs, 8 textures, 15 ground effects
  AZEROTH_33_35.ADT -> Hillsbrad Foothills -> 0 models, 0 WMOs, 5 textures, 6 ground effects
  AZEROTH_33_36.ADT -> Hillsbrad Foothills -> 0 models, 0 WMOs, 5 textures, 6 ground effects
  AZEROTH_33_37.ADT -> Wetlands -> 29 models, 2 WMOs, 7 textures, 9 ground effects
  AZEROTH_33_38.ADT -> Wetlands -> 86 models, 12 WMOs, 9 textures, 15 ground effects
  AZEROTH_33_39.ADT -> Dun Morogh -> 73 models, 11 WMOs, 12 textures, 20 ground effects
  AZEROTH_33_40.ADT -> Dun Morogh -> 31 models, 2 WMOs, 10 textures, 15 ground effects
  AZEROTH_33_41.ADT -> Dun Morogh -> 39 models, 2 WMOs, 12 textures, 13 ground effects
  AZEROTH_33_42.ADT -> Dun Morogh -> 81 models, 3 WMOs, 10 textures, 14 ground effects
  AZEROTH_33_43.ADT -> Searing Gorge -> 29 models, 2 WMOs, 13 textures, 16 ground effects
  AZEROTH_33_44.ADT -> Searing Gorge -> 69 models, 3 WMOs, 14 textures, 11 ground effects
  AZEROTH_33_45.ADT -> Burning Steppes -> 24 models, 2 WMOs, 9 textures, 13 ground effects
  AZEROTH_33_46.ADT -> Burning Steppes -> 68 models, 2 WMOs, 10 textures, 8 ground effects
  AZEROTH_33_47.ADT -> Burning Steppes -> 17 models, 1 WMOs, 11 textures, 17 ground effects
  AZEROTH_33_48.ADT -> Elwynn Forest -> 50 models, 3 WMOs, 7 textures, 11 ground effects
  AZEROTH_33_49.ADT -> Elwynn Forest -> 51 models, 3 WMOs, 6 textures, 16 ground effects
  AZEROTH_33_50.ADT -> Elwynn Forest -> 49 models, 5 WMOs, 12 textures, 21 ground effects
  AZEROTH_33_51.ADT -> Duskwood -> 60 models, 2 WMOs, 10 textures, 10 ground effects
  AZEROTH_33_52.ADT -> Duskwood -> 88 models, 6 WMOs, 8 textures, 8 ground effects
  AZEROTH_33_53.ADT -> Stranglethorn Vale -> 56 models, 8 WMOs, 11 textures, 18 ground effects
  AZEROTH_33_54.ADT -> Stranglethorn Vale -> 59 models, 7 WMOs, 6 textures, 6 ground effects
  AZEROTH_33_55.ADT -> Stranglethorn Vale -> 85 models, 4 WMOs, 6 textures, 6 ground effects
  AZEROTH_33_56.ADT -> Stranglethorn Vale -> 60 models, 6 WMOs, 12 textures, 12 ground effects
  AZEROTH_33_57.ADT -> Stranglethorn Vale -> 2 models, 1 WMOs, 12 textures, 12 ground effects
  AZEROTH_33_58.ADT -> Stranglethorn Vale -> 0 models, 0 WMOs, 7 textures, 7 ground effects
  AZEROTH_33_59.ADT -> Stranglethorn Vale -> 0 models, 0 WMOs, 7 textures, 7 ground effects
  AZEROTH_33_60.ADT -> Stranglethorn Vale -> 0 models, 0 WMOs, 4 textures, 4 ground effects
  AZEROTH_33_61.ADT -> Stranglethorn Vale -> 0 models, 0 WMOs, 2 textures, 2 ground effects
  AZEROTH_34_19.ADT -> The Great Sea -> 0 models, 0 WMOs, 1 textures, 1 ground effects
  AZEROTH_34_20.ADT -> The Great Sea -> 0 models, 0 WMOs, 1 textures, 1 ground effects
  AZEROTH_34_21.ADT -> The Great Sea -> 0 models, 0 WMOs, 1 textures, 1 ground effects
  AZEROTH_34_22.ADT -> The Great Sea -> 0 models, 0 WMOs, 1 textures, 1 ground effects
  AZEROTH_34_23.ADT -> The Great Sea -> 0 models, 0 WMOs, 1 textures, 1 ground effects
  AZEROTH_34_24.ADT -> The Great Sea -> 0 models, 0 WMOs, 2 textures, 2 ground effects
  AZEROTH_34_25.ADT -> Western Plaguelands -> 0 models, 0 WMOs, 10 textures, 13 ground effects
  AZEROTH_34_26.ADT -> Western Plaguelands -> 82 models, 12 WMOs, 8 textures, 16 ground effects
  AZEROTH_34_27.ADT -> Western Plaguelands -> 42 models, 0 WMOs, 9 textures, 13 ground effects
  AZEROTH_34_28.ADT -> Western Plaguelands -> 127 models, 2 WMOs, 14 textures, 18 ground effects
  AZEROTH_34_29.ADT -> Western Plaguelands -> 183 models, 12 WMOs, 13 textures, 13 ground effects
  AZEROTH_34_30.ADT -> Western Plaguelands -> 113 models, 2 WMOs, 12 textures, 19 ground effects
  AZEROTH_34_31.ADT -> Hillsbrad Foothills -> 55 models, 5 WMOs, 8 textures, 16 ground effects
  AZEROTH_34_32.ADT -> Hillsbrad Foothills -> 116 models, 9 WMOs, 11 textures, 21 ground effects
  AZEROTH_34_33.ADT -> Hillsbrad Foothills -> 68 models, 8 WMOs, 15 textures, 27 ground effects
  AZEROTH_34_34.ADT -> Hillsbrad Foothills -> 32 models, 6 WMOs, 12 textures, 19 ground effects
  AZEROTH_34_35.ADT -> Hillsbrad Foothills -> 86 models, 8 WMOs, 12 textures, 21 ground effects
  AZEROTH_34_36.ADT -> Arathi Highlands -> 12 models, 4 WMOs, 11 textures, 18 ground effects
  AZEROTH_34_37.ADT -> Wetlands -> 57 models, 1 WMOs, 8 textures, 10 ground effects
  AZEROTH_34_38.ADT -> Wetlands -> 46 models, 1 WMOs, 7 textures, 7 ground effects
  AZEROTH_34_39.ADT -> Dun Morogh -> 43 models, 4 WMOs, 11 textures, 16 ground effects
  AZEROTH_34_40.ADT -> Dun Morogh -> 40 models, 2 WMOs, 9 textures, 9 ground effects
  AZEROTH_34_41.ADT -> Dun Morogh -> 28 models, 2 WMOs, 10 textures, 10 ground effects
  AZEROTH_34_42.ADT -> Dun Morogh -> 116 models, 6 WMOs, 10 textures, 14 ground effects
  AZEROTH_34_43.ADT -> Searing Gorge -> 33 models, 2 WMOs, 7 textures, 11 ground effects
  AZEROTH_34_44.ADT -> Searing Gorge -> 170 models, 5 WMOs, 7 textures, 7 ground effects
  AZEROTH_34_45.ADT -> Burning Steppes -> 52 models, 4 WMOs, 10 textures, 13 ground effects
  AZEROTH_34_46.ADT -> Burning Steppes -> 72 models, 3 WMOs, 9 textures, 8 ground effects
  AZEROTH_34_47.ADT -> Burning Steppes -> 54 models, 4 WMOs, 11 textures, 11 ground effects
  AZEROTH_34_48.ADT -> Burning Steppes -> 36 models, 1 WMOs, 10 textures, 18 ground effects
  AZEROTH_34_49.ADT -> Elwynn Forest -> 86 models, 4 WMOs, 7 textures, 10 ground effects
  AZEROTH_34_50.ADT -> Elwynn Forest -> 96 models, 4 WMOs, 10 textures, 15 ground effects
  AZEROTH_34_51.ADT -> Duskwood -> 128 models, 8 WMOs, 11 textures, 11 ground effects
  AZEROTH_34_52.ADT -> Deadwind Pass -> 98 models, 5 WMOs, 9 textures, 13 ground effects
  AZEROTH_34_53.ADT -> Stranglethorn Vale -> 74 models, 8 WMOs, 12 textures, 18 ground effects
  AZEROTH_34_54.ADT -> Stranglethorn Vale -> 76 models, 15 WMOs, 11 textures, 11 ground effects
  AZEROTH_34_55.ADT -> Stranglethorn Vale -> 40 models, 4 WMOs, 11 textures, 11 ground effects
  AZEROTH_34_56.ADT -> Stranglethorn Vale -> 34 models, 1 WMOs, 11 textures, 10 ground effects
  AZEROTH_34_57.ADT -> Stranglethorn Vale -> 0 models, 0 WMOs, 6 textures, 11 ground effects
  AZEROTH_34_58.ADT -> Stranglethorn Vale -> 0 models, 0 WMOs, 1 textures, 1 ground effects
  AZEROTH_34_59.ADT -> Stranglethorn Vale -> 0 models, 0 WMOs, 2 textures, 2 ground effects
  AZEROTH_34_60.ADT -> Stranglethorn Vale -> 0 models, 0 WMOs, 1 textures, 1 ground effects
  AZEROTH_34_61.ADT -> Stranglethorn Vale -> 0 models, 0 WMOs, 1 textures, 1 ground effects
  AZEROTH_35_20.ADT -> The Great Sea -> 0 models, 0 WMOs, 1 textures, 1 ground effects
  AZEROTH_35_21.ADT -> The Great Sea -> 0 models, 0 WMOs, 1 textures, 1 ground effects
  AZEROTH_35_22.ADT -> The Great Sea -> 0 models, 0 WMOs, 1 textures, 1 ground effects
  AZEROTH_35_23.ADT -> The Great Sea -> 0 models, 0 WMOs, 1 textures, 1 ground effects
  AZEROTH_35_24.ADT -> Western Plaguelands -> 0 models, 0 WMOs, 7 textures, 9 ground effects
  AZEROTH_35_25.ADT -> Western Plaguelands -> 0 models, 0 WMOs, 10 textures, 11 ground effects
  AZEROTH_35_26.ADT -> Western Plaguelands -> 64 models, 5 WMOs, 9 textures, 9 ground effects
  AZEROTH_35_27.ADT -> Western Plaguelands -> 99 models, 2 WMOs, 6 textures, 6 ground effects
  AZEROTH_35_28.ADT -> Western Plaguelands -> 98 models, 2 WMOs, 9 textures, 9 ground effects
  AZEROTH_35_29.ADT -> Western Plaguelands -> 154 models, 9 WMOs, 14 textures, 14 ground effects
  AZEROTH_35_30.ADT -> Western Plaguelands -> 60 models, 2 WMOs, 14 textures, 29 ground effects
  AZEROTH_35_31.ADT -> Alterac Mountains -> 82 models, 5 WMOs, 10 textures, 19 ground effects
  AZEROTH_35_32.ADT -> Hillsbrad Foothills -> 38 models, 6 WMOs, 17 textures, 35 ground effects
  AZEROTH_35_33.ADT -> Hillsbrad Foothills -> 48 models, 10 WMOs, 13 textures, 20 ground effects
  AZEROTH_35_34.ADT -> Arathi Highlands -> 162 models, 12 WMOs, 7 textures, 7 ground effects
  AZEROTH_35_35.ADT -> Arathi Highlands -> 158 models, 19 WMOs, 7 textures, 7 ground effects
  AZEROTH_35_36.ADT -> Arathi Highlands -> 48 models, 2 WMOs, 14 textures, 24 ground effects
  AZEROTH_35_37.ADT -> Wetlands -> 62 models, 0 WMOs, 6 textures, 6 ground effects
  AZEROTH_35_38.ADT -> Wetlands -> 104 models, 2 WMOs, 7 textures, 9 ground effects
  AZEROTH_35_39.ADT -> Dun Morogh -> 8 models, 0 WMOs, 9 textures, 14 ground effects
  AZEROTH_35_40.ADT -> Dun Morogh -> 37 models, 1 WMOs, 8 textures, 12 ground effects
  AZEROTH_35_41.ADT -> Dun Morogh -> 46 models, 2 WMOs, 11 textures, 12 ground effects
  AZEROTH_35_42.ADT -> Dun Morogh -> 89 models, 2 WMOs, 11 textures, 16 ground effects
  AZEROTH_35_43.ADT -> Searing Gorge -> 54 models, 3 WMOs, 13 textures, 11 ground effects
  AZEROTH_35_44.ADT -> Searing Gorge -> 32 models, 1 WMOs, 13 textures, 16 ground effects
  AZEROTH_35_45.ADT -> Burning Steppes -> 60 models, 1 WMOs, 10 textures, 17 ground effects
  AZEROTH_35_46.ADT -> Burning Steppes -> 57 models, 0 WMOs, 8 textures, 8 ground effects
  AZEROTH_35_47.ADT -> Burning Steppes -> 58 models, 3 WMOs, 8 textures, 8 ground effects
  AZEROTH_35_48.ADT -> Redridge Mountains -> 8 models, 2 WMOs, 12 textures, 29 ground effects
  AZEROTH_35_49.ADT -> Redridge Mountains -> 66 models, 2 WMOs, 12 textures, 26 ground effects
  AZEROTH_35_50.ADT -> Redridge Mountains -> 36 models, 1 WMOs, 18 textures, 40 ground effects
  AZEROTH_35_51.ADT -> Deadwind Pass -> 64 models, 0 WMOs, 14 textures, 22 ground effects
  AZEROTH_35_52.ADT -> Deadwind Pass -> 184 models, 9 WMOs, 9 textures, 15 ground effects
  AZEROTH_35_53.ADT -> Stranglethorn Vale -> 64 models, 11 WMOs, 13 textures, 21 ground effects
  AZEROTH_35_54.ADT -> Stranglethorn Vale -> 76 models, 13 WMOs, 8 textures, 7 ground effects
  AZEROTH_35_55.ADT -> Stranglethorn Vale -> 101 models, 7 WMOs, 13 textures, 12 ground effects
  AZEROTH_35_56.ADT -> Stranglethorn Vale -> 18 models, 1 WMOs, 9 textures, 13 ground effects
  AZEROTH_35_57.ADT -> Stranglethorn Vale -> 0 models, 0 WMOs, 2 textures, 2 ground effects
  AZEROTH_35_58.ADT -> Stranglethorn Vale -> 0 models, 0 WMOs, 1 textures, 1 ground effects
  AZEROTH_36_14.ADT -> The North Sea -> 0 models, 0 WMOs, 1 textures
  AZEROTH_36_15.ADT -> The North Sea -> 0 models, 0 WMOs, 1 textures
  AZEROTH_36_16.ADT -> The North Sea -> 0 models, 0 WMOs, 1 textures
  AZEROTH_36_17.ADT -> The North Sea -> 0 models, 0 WMOs, 1 textures
  AZEROTH_36_18.ADT -> The North Sea -> 0 models, 0 WMOs, 1 textures
  AZEROTH_36_19.ADT -> The North Sea -> 0 models, 0 WMOs, 1 textures
  AZEROTH_36_20.ADT -> The North Sea -> 0 models, 0 WMOs, 1 textures
  AZEROTH_36_21.ADT -> The North Sea -> 0 models, 0 WMOs, 1 textures
  AZEROTH_36_22.ADT -> The North Sea -> 0 models, 0 WMOs, 1 textures, 1 ground effects
  AZEROTH_36_23.ADT -> The North Sea -> 1 models, 0 WMOs, 2 textures, 4 ground effects
  AZEROTH_36_24.ADT -> Western Plaguelands -> 1 models, 0 WMOs, 9 textures, 11 ground effects
  AZEROTH_36_25.ADT -> Western Plaguelands -> 0 models, 0 WMOs, 10 textures, 14 ground effects
  AZEROTH_36_26.ADT -> Western Plaguelands -> 16 models, 2 WMOs, 10 textures, 17 ground effects
  AZEROTH_36_27.ADT -> Western Plaguelands -> 44 models, 2 WMOs, 10 textures, 14 ground effects
  AZEROTH_36_28.ADT -> Western Plaguelands -> 124 models, 3 WMOs, 16 textures, 21 ground effects
  AZEROTH_36_29.ADT -> Western Plaguelands -> 82 models, 11 WMOs, 10 textures, 10 ground effects
  AZEROTH_36_30.ADT -> Western Plaguelands -> 54 models, 4 WMOs, 13 textures, 21 ground effects
  AZEROTH_36_31.ADT -> The Hinterlands -> 64 models, 3 WMOs, 6 textures, 6 ground effects
  AZEROTH_36_32.ADT -> Arathi Highlands -> 68 models, 1 WMOs, 8 textures, 13 ground effects
  AZEROTH_36_33.ADT -> Arathi Highlands -> 17 models, 1 WMOs, 8 textures, 12 ground effects
  AZEROTH_36_34.ADT -> Arathi Highlands -> 70 models, 2 WMOs, 7 textures, 7 ground effects
  AZEROTH_36_35.ADT -> Arathi Highlands -> 31 models, 2 WMOs, 6 textures, 6 ground effects
  AZEROTH_36_36.ADT -> Arathi Highlands -> 121 models, 7 WMOs, 11 textures, 19 ground effects
  AZEROTH_36_37.ADT -> Wetlands -> 92 models, 4 WMOs, 6 textures, 8 ground effects
  AZEROTH_36_38.ADT -> Wetlands -> 101 models, 1 WMOs, 6 textures, 6 ground effects
  AZEROTH_36_39.ADT -> Wetlands -> 53 models, 3 WMOs, 7 textures, 7 ground effects
  AZEROTH_36_40.ADT -> Loch Modan -> 13 models, 2 WMOs, 13 textures, 25 ground effects
  AZEROTH_36_41.ADT -> Loch Modan -> 75 models, 5 WMOs, 12 textures, 17 ground effects
  AZEROTH_36_42.ADT -> Loch Modan -> 65 models, 8 WMOs, 14 textures, 24 ground effects
  AZEROTH_36_43.ADT -> Searing Gorge -> 46 models, 2 WMOs, 15 textures, 26 ground effects
  AZEROTH_36_44.ADT -> Badlands -> 96 models, 3 WMOs, 10 textures, 10 ground effects
  AZEROTH_36_45.ADT -> Burning Steppes -> 46 models, 2 WMOs, 9 textures, 13 ground effects
  AZEROTH_36_46.ADT -> Burning Steppes -> 81 models, 5 WMOs, 7 textures, 7 ground effects
  AZEROTH_36_47.ADT -> Burning Steppes -> 53 models, 2 WMOs, 7 textures, 7 ground effects
  AZEROTH_36_48.ADT -> Redridge Mountains -> 51 models, 4 WMOs, 13 textures, 24 ground effects
  AZEROTH_36_49.ADT -> Redridge Mountains -> 87 models, 6 WMOs, 6 textures, 18 ground effects
  AZEROTH_36_50.ADT -> Redridge Mountains -> 60 models, 1 WMOs, 9 textures, 20 ground effects
  AZEROTH_36_51.ADT -> Swamp of Sorrows -> 79 models, 3 WMOs, 9 textures, 13 ground effects
  AZEROTH_36_52.ADT -> Swamp of Sorrows -> 113 models, 5 WMOs, 13 textures, 28 ground effects
  AZEROTH_36_53.ADT -> Blasted Lands -> 47 models, 3 WMOs, 10 textures, 20 ground effects
  AZEROTH_36_54.ADT -> Blasted Lands -> 32 models, 1 WMOs, 13 textures, 15 ground effects
  AZEROTH_36_55.ADT -> Stranglethorn Vale -> 31 models, 1 WMOs, 18 textures, 19 ground effects
  AZEROTH_36_56.ADT -> Stranglethorn Vale -> 2 models, 0 WMOs, 13 textures, 18 ground effects
  AZEROTH_36_57.ADT -> Stranglethorn Vale -> 0 models, 0 WMOs, 1 textures
  AZEROTH_37_14.ADT -> The North Sea -> 0 models, 0 WMOs, 1 textures
  AZEROTH_37_15.ADT -> The North Sea -> 0 models, 0 WMOs, 1 textures
  AZEROTH_37_16.ADT -> The North Sea -> 0 models, 0 WMOs, 2 textures, 2 ground effects
  AZEROTH_37_17.ADT -> The North Sea -> 0 models, 0 WMOs, 2 textures, 2 ground effects
  AZEROTH_37_18.ADT -> The North Sea -> 0 models, 0 WMOs, 2 textures, 2 ground effects
  AZEROTH_37_19.ADT -> The North Sea -> 0 models, 0 WMOs, 2 textures, 2 ground effects
  AZEROTH_37_20.ADT -> The North Sea -> 4 models, 0 WMOs, 4 textures, 4 ground effects
  AZEROTH_37_21.ADT -> The North Sea -> 4 models, 1 WMOs, 4 textures, 4 ground effects
  AZEROTH_37_22.ADT -> The North Sea -> 4 models, 1 WMOs, 4 textures, 4 ground effects
  AZEROTH_37_23.ADT -> Quel'thalas -> 11 models, 2 WMOs, 10 textures, 9 ground effects
  AZEROTH_37_24.ADT -> Eastern Plaguelands -> 5 models, 2 WMOs, 11 textures, 10 ground effects
  AZEROTH_37_25.ADT -> Eastern Plaguelands -> 37 models, 2 WMOs, 8 textures, 12 ground effects
  AZEROTH_37_26.ADT -> Eastern Plaguelands -> 71 models, 6 WMOs, 8 textures, 8 ground effects
  AZEROTH_37_27.ADT -> Eastern Plaguelands -> 12 models, 0 WMOs, 5 textures, 5 ground effects
  AZEROTH_37_28.ADT -> Western Plaguelands -> 75 models, 1 WMOs, 10 textures, 14 ground effects
  AZEROTH_37_29.ADT -> Western Plaguelands -> 27 models, 1 WMOs, 9 textures, 13 ground effects
  AZEROTH_37_30.ADT -> Western Plaguelands -> 17 models, 0 WMOs, 13 textures, 24 ground effects
  AZEROTH_37_31.ADT -> The Hinterlands -> 55 models, 3 WMOs, 5 textures, 5 ground effects
  AZEROTH_37_32.ADT -> The Hinterlands -> 82 models, 2 WMOs, 9 textures, 9 ground effects
  AZEROTH_37_33.ADT -> Arathi Highlands -> 82 models, 3 WMOs, 9 textures, 15 ground effects
  AZEROTH_37_34.ADT -> Arathi Highlands -> 72 models, 3 WMOs, 6 textures, 6 ground effects
  AZEROTH_37_35.ADT -> Arathi Highlands -> 94 models, 4 WMOs, 6 textures, 6 ground effects
  AZEROTH_37_36.ADT -> Arathi Highlands -> 6 models, 1 WMOs, 10 textures, 22 ground effects
  AZEROTH_37_37.ADT -> Highlands -> 57 models, 1 WMOs, 6 textures, 9 ground effects
  AZEROTH_37_38.ADT -> Wetlands -> 54 models, 1 WMOs, 6 textures, 6 ground effects
  AZEROTH_37_39.ADT -> Wetlands -> 68 models, 2 WMOs, 8 textures, 8 ground effects
  AZEROTH_37_40.ADT -> Loch Modan -> 83 models, 5 WMOs, 15 textures, 22 ground effects
  AZEROTH_37_41.ADT -> Loch Modan -> 134 models, 7 WMOs, 8 textures, 10 ground effects
  AZEROTH_37_42.ADT -> Loch Modan -> 107 models, 8 WMOs, 8 textures, 9 ground effects
  AZEROTH_37_43.ADT -> Loch Modan -> 77 models, 5 WMOs, 13 textures, 14 ground effects
  AZEROTH_37_44.ADT -> Badlands -> 73 models, 1 WMOs, 9 textures, 9 ground effects
  AZEROTH_37_45.ADT -> Burning Steppes -> 22 models, 0 WMOs, 10 textures, 15 ground effects
  AZEROTH_37_46.ADT -> Burning Steppes -> 39 models, 3 WMOs, 8 textures, 8 ground effects
  AZEROTH_37_47.ADT -> Burning Steppes -> 95 models, 4 WMOs, 8 textures, 8 ground effects
  AZEROTH_37_48.ADT -> Redridge Mountains -> 5 models, 1 WMOs, 13 textures, 25 ground effects
  AZEROTH_37_49.ADT -> Redridge Mountains -> 49 models, 9 WMOs, 5 textures, 16 ground effects
  AZEROTH_37_50.ADT -> Redridge Mountains -> 66 models, 3 WMOs, 9 textures, 12 ground effects
  AZEROTH_37_51.ADT -> Swamp of Sorrows -> 43 models, 4 WMOs, 9 textures, 15 ground effects
  AZEROTH_37_52.ADT -> Swamp of Sorrows -> 150 models, 5 WMOs, 11 textures, 19 ground effects
  AZEROTH_37_53.ADT -> Blasted Lands -> 122 models, 3 WMOs, 8 textures, 12 ground effects
  AZEROTH_37_54.ADT -> Blasted Lands -> 56 models, 2 WMOs, 14 textures, 17 ground effects
  AZEROTH_37_55.ADT -> Blasted Lands -> 186 models, 4 WMOs, 19 textures, 12 ground effects
  AZEROTH_37_56.ADT -> Blasted Lands -> 1 models, 0 WMOs, 8 textures, 6 ground effects
  AZEROTH_38_10.ADT -> The North Sea -> 0 models, 0 WMOs, 2 textures, 2 ground effects
  AZEROTH_38_11.ADT -> The North Sea -> 0 models, 0 WMOs, 2 textures, 2 ground effects
  AZEROTH_38_12.ADT -> The North Sea -> 0 models, 0 WMOs, 2 textures, 2 ground effects
  AZEROTH_38_13.ADT -> The North Sea -> 0 models, 0 WMOs, 2 textures, 2 ground effects
  AZEROTH_38_14.ADT -> The North Sea -> 0 models, 0 WMOs, 2 textures, 2 ground effects
  AZEROTH_38_15.ADT -> The North Sea -> 4 models, 0 WMOs, 5 textures, 5 ground effects
  AZEROTH_38_16.ADT -> Eversong Woods -> 18 models, 1 WMOs, 8 textures, 11 ground effects
  AZEROTH_38_17.ADT -> Eversong Woods -> 10 models, 1 WMOs, 8 textures, 9 ground effects
  AZEROTH_38_18.ADT -> Eversong Woods -> 41 models, 0 WMOs, 8 textures, 10 ground effects
  AZEROTH_38_19.ADT -> Eversong Woods -> 51 models, 0 WMOs, 9 textures, 12 ground effects
  AZEROTH_38_20.ADT -> Eversong Woods -> 13 models, 0 WMOs, 12 textures, 15 ground effects
  AZEROTH_38_21.ADT -> Ghostlands -> 64 models, 7 WMOs, 11 textures, 16 ground effects
  AZEROTH_38_22.ADT -> Ghostlands -> 35 models, 5 WMOs, 13 textures, 17 ground effects
  AZEROTH_38_23.ADT -> Ghostlands -> 21 models, 1 WMOs, 15 textures, 24 ground effects
  AZEROTH_38_24.ADT -> Eastern Plaguelands -> 2 models, 0 WMOs, 14 textures, 10 ground effects
  AZEROTH_38_25.ADT -> Eastern Plaguelands -> 57 models, 3 WMOs, 12 textures, 10 ground effects
  AZEROTH_38_26.ADT -> Eastern Plaguelands -> 89 models, 4 WMOs, 9 textures, 9 ground effects
  AZEROTH_38_27.ADT -> Eastern Plaguelands -> 60 models, 1 WMOs, 9 textures, 9 ground effects
  AZEROTH_38_28.ADT -> Eastern Plaguelands -> 115 models, 4 WMOs, 8 textures, 8 ground effects
  AZEROTH_38_29.ADT -> Eastern Plaguelands -> 83 models, 6 WMOs, 9 textures, 12 ground effects
  AZEROTH_38_30.ADT -> Eastern Plaguelands -> 17 models, 2 WMOs, 8 textures, 13 ground effects
  AZEROTH_38_31.ADT -> The Hinterlands -> 92 models, 5 WMOs, 6 textures, 6 ground effects
  AZEROTH_38_32.ADT -> The Hinterlands -> 49 models, 6 WMOs, 7 textures, 7 ground effects
  AZEROTH_38_33.ADT -> Arathi Highlands -> 110 models, 7 WMOs, 8 textures, 14 ground effects
  AZEROTH_38_34.ADT -> Arathi Highlands -> 23 models, 0 WMOs, 5 textures, 5 ground effects
  AZEROTH_38_35.ADT -> Arathi Highlands -> 60 models, 2 WMOs, 9 textures, 11 ground effects
  AZEROTH_38_36.ADT -> Arathi Highlands -> 10 models, 2 WMOs, 11 textures, 18 ground effects
  AZEROTH_38_37.ADT -> Highlands -> 61 models, 3 WMOs, 9 textures, 11 ground effects
  AZEROTH_38_38.ADT -> Wetlands -> 51 models, 1 WMOs, 7 textures, 12 ground effects
  AZEROTH_38_39.ADT -> Wetlands -> 61 models, 1 WMOs, 12 textures, 17 ground effects
  AZEROTH_38_40.ADT -> Loch Modan -> 45 models, 2 WMOs, 16 textures, 26 ground effects
  AZEROTH_38_41.ADT -> Loch Modan -> 108 models, 1 WMOs, 9 textures, 12 ground effects
  AZEROTH_38_42.ADT -> Loch Modan -> 65 models, 1 WMOs, 6 textures, 8 ground effects
  AZEROTH_38_43.ADT -> Loch Modan -> 57 models, 1 WMOs, 11 textures, 15 ground effects
  AZEROTH_38_44.ADT -> Badlands -> 78 models, 2 WMOs, 6 textures, 6 ground effects
  AZEROTH_38_45.ADT -> Burning Steppes -> 63 models, 0 WMOs, 12 textures, 14 ground effects
  AZEROTH_38_46.ADT -> Burning Steppes -> 0 models, 0 WMOs, 9 textures, 9 ground effects
  AZEROTH_38_47.ADT -> Burning Steppes -> 0 models, 0 WMOs, 8 textures, 8 ground effects
  AZEROTH_38_48.ADT -> Redridge Mountains -> 8 models, 1 WMOs, 14 textures, 21 ground effects
  AZEROTH_38_49.ADT -> Redridge Mountains -> 49 models, 1 WMOs, 10 textures, 13 ground effects
  AZEROTH_38_50.ADT -> Redridge Mountains -> 96 models, 2 WMOs, 10 textures, 18 ground effects
  AZEROTH_38_51.ADT -> Swamp of Sorrows -> 126 models, 8 WMOs, 8 textures, 17 ground effects
  AZEROTH_38_52.ADT -> Swamp of Sorrows -> 131 models, 13 WMOs, 12 textures, 22 ground effects
  AZEROTH_38_53.ADT -> Blasted Lands -> 113 models, 6 WMOs, 12 textures, 16 ground effects
  AZEROTH_38_54.ADT -> Blasted Lands -> 49 models, 3 WMOs, 10 textures, 11 ground effects
  AZEROTH_38_55.ADT -> Blasted Lands -> 39 models, 1 WMOs, 14 textures, 8 ground effects
  AZEROTH_38_56.ADT -> Blasted Lands -> 0 models, 0 WMOs, 7 textures, 1 ground effects
  AZEROTH_39_10.ADT -> The North Sea -> 0 models, 0 WMOs, 4 textures, 4 ground effects
  AZEROTH_39_11.ADT -> Isle of Quel'Danas -> 4 models, 0 WMOs, 8 textures, 13 ground effects
  AZEROTH_39_12.ADT -> Isle of Quel'Danas -> 8 models, 0 WMOs, 8 textures, 12 ground effects
  AZEROTH_39_13.ADT -> Isle of Quel'Danas -> 0 models, 0 WMOs, 5 textures, 10 ground effects
  AZEROTH_39_14.ADT -> The North Sea -> 0 models, 0 WMOs, 2 textures, 2 ground effects
  AZEROTH_39_15.ADT -> Eversong Woods -> 14 models, 0 WMOs, 8 textures, 11 ground effects
  AZEROTH_39_16.ADT -> Eversong Woods -> 60 models, 8 WMOs, 6 textures, 7 ground effects
  AZEROTH_39_17.ADT -> Eversong Woods -> 31 models, 3 WMOs, 9 textures, 14 ground effects
  AZEROTH_39_18.ADT -> Eversong Woods -> 44 models, 3 WMOs, 10 textures, 13 ground effects
  AZEROTH_39_19.ADT -> Eversong Woods -> 107 models, 5 WMOs, 6 textures, 6 ground effects
  AZEROTH_39_20.ADT -> Eversong Woods -> 62 models, 2 WMOs, 18 textures, 29 ground effects
  AZEROTH_39_21.ADT -> Ghostlands -> 104 models, 8 WMOs, 8 textures, 8 ground effects
  AZEROTH_39_22.ADT -> Ghostlands -> 78 models, 7 WMOs, 7 textures, 7 ground effects
  AZEROTH_39_23.ADT -> Ghostlands -> 49 models, 4 WMOs, 11 textures, 11 ground effects
  AZEROTH_39_24.ADT -> Eastern Plaguelands -> 29 models, 5 WMOs, 12 textures, 9 ground effects
  AZEROTH_39_25.ADT -> Eastern Plaguelands -> 40 models, 5 WMOs, 11 textures, 7 ground effects
  AZEROTH_39_26.ADT -> Eastern Plaguelands -> 137 models, 7 WMOs, 9 textures, 9 ground effects
  AZEROTH_39_27.ADT -> Eastern Plaguelands -> 97 models, 2 WMOs, 9 textures, 9 ground effects
  AZEROTH_39_28.ADT -> Eastern Plaguelands -> 71 models, 1 WMOs, 7 textures, 7 ground effects
  AZEROTH_39_29.ADT -> Eastern Plaguelands -> 29 models, 4 WMOs, 9 textures, 14 ground effects
  AZEROTH_39_30.ADT -> The Hinterlands -> 21 models, 9 WMOs, 5 textures, 5 ground effects
  AZEROTH_39_31.ADT -> The Hinterlands -> 68 models, 4 WMOs, 6 textures, 6 ground effects
  AZEROTH_39_32.ADT -> The Hinterlands -> 120 models, 14 WMOs, 12 textures, 12 ground effects
  AZEROTH_39_33.ADT -> Arathi Highlands -> 89 models, 5 WMOs, 13 textures, 18 ground effects
  AZEROTH_39_34.ADT -> Arathi Highlands -> 10 models, 0 WMOs, 11 textures, 13 ground effects
  AZEROTH_39_35.ADT -> Arathi Highlands -> 39 models, 3 WMOs, 10 textures, 10 ground effects
  AZEROTH_39_36.ADT -> Arathi Highlands -> 0 models, 0 WMOs, 10 textures, 13 ground effects
  AZEROTH_39_37.ADT -> Highlands -> 44 models, 1 WMOs, 11 textures, 9 ground effects
  AZEROTH_39_38.ADT -> Highlands -> 50 models, 1 WMOs, 15 textures, 15 ground effects
  AZEROTH_39_39.ADT -> Highlands -> 40 models, 0 WMOs, 13 textures, 12 ground effects
  AZEROTH_39_40.ADT -> Loch Modan -> 47 models, 3 WMOs, 11 textures, 18 ground effects
  AZEROTH_39_41.ADT -> Loch Modan -> 115 models, 5 WMOs, 14 textures, 19 ground effects
  AZEROTH_39_42.ADT -> Loch Modan -> 112 models, 7 WMOs, 10 textures, 12 ground effects
  AZEROTH_39_43.ADT -> Loch Modan -> 44 models, 1 WMOs, 14 textures, 17 ground effects
  AZEROTH_39_44.ADT -> Badlands -> 19 models, 1 WMOs, 6 textures, 6 ground effects
  AZEROTH_39_45.ADT -> Badlands -> 32 models, 0 WMOs, 10 textures, 10 ground effects
  AZEROTH_39_46.ADT -> Badlands -> 0 models, 0 WMOs, 6 textures, 5 ground effects
  AZEROTH_39_47.ADT -> Burning Steppes -> 0 models, 0 WMOs, 5 textures, 5 ground effects
  AZEROTH_39_48.ADT -> Redridge Mountains -> 0 models, 0 WMOs, 10 textures, 10 ground effects
  AZEROTH_39_49.ADT -> Redridge Mountains -> 0 models, 0 WMOs, 10 textures, 15 ground effects
  AZEROTH_39_50.ADT -> Swamp of Sorrows -> 30 models, 2 WMOs, 8 textures, 9 ground effects
  AZEROTH_39_51.ADT -> Swamp of Sorrows -> 42 models, 2 WMOs, 5 textures, 8 ground effects
  AZEROTH_39_52.ADT -> Swamp of Sorrows -> 61 models, 3 WMOs, 10 textures, 16 ground effects
  AZEROTH_39_53.ADT -> Swamp of Sorrows -> 38 models, 2 WMOs, 13 textures, 12 ground effects
  AZEROTH_39_54.ADT -> Blasted Lands -> 39 models, 2 WMOs, 16 textures, 9 ground effects
  AZEROTH_39_55.ADT -> Blasted Lands -> 6 models, 1 WMOs, 14 textures, 7 ground effects
  AZEROTH_39_56.ADT -> Blasted Lands -> 0 models, 0 WMOs, 2 textures, 2 ground effects
  AZEROTH_40_10.ADT -> Isle of Quel'Danas -> 0 models, 0 WMOs, 5 textures, 9 ground effects
  AZEROTH_40_11.ADT -> Isle of Quel'Danas -> 50 models, 4 WMOs, 9 textures, 12 ground effects
  AZEROTH_40_12.ADT -> Isle of Quel'Danas -> 92 models, 9 WMOs, 8 textures, 8 ground effects
  AZEROTH_40_13.ADT -> Isle of Quel'Danas -> 16 models, 1 WMOs, 10 textures, 14 ground effects
  AZEROTH_40_14.ADT -> Isle of Quel'Danas -> 3 models, 1 WMOs, 8 textures, 12 ground effects
  AZEROTH_40_15.ADT -> The North Sea -> 0 models, 0 WMOs, 5 textures, 5 ground effects
  AZEROTH_40_16.ADT -> Eversong Woods -> 20 models, 3 WMOs, 8 textures, 11 ground effects
  AZEROTH_40_17.ADT -> Eversong Woods -> 117 models, 13 WMOs, 8 textures, 9 ground effects
  AZEROTH_40_18.ADT -> Eversong Woods -> 117 models, 9 WMOs, 8 textures, 9 ground effects
  AZEROTH_40_19.ADT -> Eversong Woods -> 78 models, 3 WMOs, 10 textures, 11 ground effects
  AZEROTH_40_20.ADT -> Eversong Woods -> 83 models, 4 WMOs, 15 textures, 29 ground effects
  AZEROTH_40_21.ADT -> Ghostlands -> 152 models, 7 WMOs, 9 textures, 11 ground effects
  AZEROTH_40_22.ADT -> Ghostlands -> 75 models, 2 WMOs, 9 textures, 11 ground effects
  AZEROTH_40_23.ADT -> Ghostlands -> 66 models, 6 WMOs, 12 textures, 18 ground effects
  AZEROTH_40_24.ADT -> Eastern Plaguelands -> 63 models, 5 WMOs, 13 textures, 13 ground effects
  AZEROTH_40_25.ADT -> Eastern Plaguelands -> 36 models, 5 WMOs, 9 textures, 11 ground effects
  AZEROTH_40_26.ADT -> Eastern Plaguelands -> 58 models, 3 WMOs, 6 textures, 6 ground effects
  AZEROTH_40_27.ADT -> Eastern Plaguelands -> 48 models, 3 WMOs, 7 textures, 7 ground effects
  AZEROTH_40_28.ADT -> Eastern Plaguelands -> 131 models, 6 WMOs, 7 textures, 7 ground effects
  AZEROTH_40_29.ADT -> Eastern Plaguelands -> 17 models, 2 WMOs, 8 textures, 15 ground effects
  AZEROTH_40_30.ADT -> The Hinterlands -> 5 models, 3 WMOs, 15 textures, 10 ground effects
  AZEROTH_40_31.ADT -> The Hinterlands -> 103 models, 2 WMOs, 11 textures, 11 ground effects
  AZEROTH_40_32.ADT -> The Hinterlands -> 57 models, 4 WMOs, 8 textures, 10 ground effects
  AZEROTH_40_33.ADT -> The Hinterlands -> 136 models, 5 WMOs, 11 textures, 6 ground effects
  AZEROTH_40_34.ADT -> Arathi Highlands -> 0 models, 0 WMOs, 4 textures, 4 ground effects
  AZEROTH_40_35.ADT -> Arathi Highlands -> 14 models, 1 WMOs, 5 textures, 5 ground effects
  AZEROTH_40_36.ADT -> Arathi Highlands -> 47 models, 5 WMOs, 8 textures, 10 ground effects
  AZEROTH_40_37.ADT -> Highlands -> 114 models, 12 WMOs, 7 textures, 7 ground effects
  AZEROTH_40_38.ADT -> Highlands -> 61 models, 10 WMOs, 8 textures, 8 ground effects
  AZEROTH_40_39.ADT -> Highlands -> 127 models, 5 WMOs, 10 textures, 10 ground effects
  AZEROTH_40_40.ADT -> Highlands -> 153 models, 9 WMOs, 10 textures, 11 ground effects
  AZEROTH_40_41.ADT -> Loch Modan -> 60 models, 13 WMOs, 12 textures, 15 ground effects
  AZEROTH_40_42.ADT -> Loch Modan -> 13 models, 4 WMOs, 14 textures, 19 ground effects
  AZEROTH_40_43.ADT -> Loch Modan -> 12 models, 0 WMOs, 13 textures, 10 ground effects
  AZEROTH_40_44.ADT -> Badlands -> 73 models, 3 WMOs, 11 textures, 10 ground effects
  AZEROTH_40_45.ADT -> Badlands -> 0 models, 0 WMOs, 10 textures, 10 ground effects
  AZEROTH_40_46.ADT -> Badlands -> 0 models, 0 WMOs, 7 textures, 5 ground effects
  AZEROTH_40_47.ADT -> Swamp of Sorrows -> 0 models, 0 WMOs, 2 textures, 4 ground effects
  AZEROTH_40_48.ADT -> Redridge Mountains -> 0 models, 0 WMOs, 5 textures, 8 ground effects
  AZEROTH_40_49.ADT -> Redridge Mountains -> 0 models, 0 WMOs, 5 textures, 9 ground effects
  AZEROTH_40_50.ADT -> Swamp of Sorrows -> 33 models, 1 WMOs, 8 textures, 9 ground effects
  AZEROTH_40_51.ADT -> Swamp of Sorrows -> 41 models, 1 WMOs, 7 textures, 9 ground effects
  AZEROTH_40_52.ADT -> Swamp of Sorrows -> 8 models, 1 WMOs, 7 textures, 9 ground effects
  AZEROTH_40_53.ADT -> Swamp of Sorrows -> 0 models, 0 WMOs, 4 textures, 4 ground effects
  AZEROTH_40_54.ADT -> Blasted Lands -> 0 models, 0 WMOs, 3 textures, 3 ground effects
  AZEROTH_40_55.ADT -> Blasted Lands -> 0 models, 0 WMOs, 2 textures, 2 ground effects
  AZEROTH_40_56.ADT -> Blasted Lands -> 0 models, 0 WMOs, 2 textures, 2 ground effects
  AZEROTH_41_10.ADT -> Isle of Quel'Danas -> 1 models, 1 WMOs, 4 textures, 7 ground effects
  AZEROTH_41_11.ADT -> Isle of Quel'Danas -> 40 models, 4 WMOs, 10 textures, 14 ground effects
  AZEROTH_41_12.ADT -> Isle of Quel'Danas -> 95 models, 5 WMOs, 11 textures, 11 ground effects
  AZEROTH_41_13.ADT -> Isle of Quel'Danas -> 84 models, 2 WMOs, 10 textures, 10 ground effects
  AZEROTH_41_14.ADT -> Isle of Quel'Danas -> 24 models, 1 WMOs, 11 textures, 15 ground effects
  AZEROTH_41_15.ADT -> The North Sea -> 0 models, 0 WMOs, 2 textures, 2 ground effects
  AZEROTH_41_16.ADT -> Eversong Woods -> 14 models, 1 WMOs, 8 textures, 12 ground effects
  AZEROTH_41_17.ADT -> Silvermoon City -> 8 models, 2 WMOs, 9 textures, 17 ground effects
  AZEROTH_41_18.ADT -> Silvermoon City -> 117 models, 3 WMOs, 10 textures, 14 ground effects
  AZEROTH_41_19.ADT -> Eversong Woods -> 63 models, 3 WMOs, 8 textures, 13 ground effects
  AZEROTH_41_20.ADT -> Eversong Woods -> 94 models, 3 WMOs, 14 textures, 22 ground effects
  AZEROTH_41_21.ADT -> Ghostlands -> 91 models, 6 WMOs, 7 textures, 7 ground effects
  AZEROTH_41_22.ADT -> Ghostlands -> 58 models, 9 WMOs, 7 textures, 7 ground effects
  AZEROTH_41_23.ADT -> Ghostlands -> 91 models, 9 WMOs, 8 textures, 8 ground effects
  AZEROTH_41_24.ADT -> Eastern Plaguelands -> 18 models, 1 WMOs, 13 textures, 9 ground effects
  AZEROTH_41_25.ADT -> Eastern Plaguelands -> 30 models, 3 WMOs, 8 textures, 8 ground effects
  AZEROTH_41_26.ADT -> Eastern Plaguelands -> 75 models, 3 WMOs, 13 textures, 9 ground effects
  AZEROTH_41_27.ADT -> Eastern Plaguelands -> 139 models, 4 WMOs, 9 textures, 9 ground effects
  AZEROTH_41_28.ADT -> Eastern Plaguelands -> 100 models, 5 WMOs, 12 textures, 12 ground effects
  AZEROTH_41_29.ADT -> Eastern Plaguelands -> 8 models, 3 WMOs, 10 textures, 15 ground effects
  AZEROTH_41_30.ADT -> The Hinterlands -> 0 models, 0 WMOs, 10 textures, 5 ground effects
  AZEROTH_41_31.ADT -> The Hinterlands -> 4 models, 0 WMOs, 6 textures, 3 ground effects
  AZEROTH_41_32.ADT -> The Hinterlands -> 17 models, 0 WMOs, 6 textures, 7 ground effects
  AZEROTH_41_33.ADT -> The Hinterlands -> 0 models, 0 WMOs, 5 textures, 8 ground effects
  AZEROTH_41_34.ADT -> Arathi Highlands -> 0 models, 0 WMOs, 2 textures, 2 ground effects
  AZEROTH_41_35.ADT -> Arathi Highlands -> 0 models, 0 WMOs, 1 textures, 1 ground effects
  AZEROTH_41_36.ADT -> Arathi Highlands -> 26 models, 1 WMOs, 8 textures, 8 ground effects
  AZEROTH_41_37.ADT -> Highlands -> 81 models, 8 WMOs, 6 textures, 5 ground effects
  AZEROTH_41_38.ADT -> Highlands -> 121 models, 9 WMOs, 8 textures, 7 ground effects
  AZEROTH_41_39.ADT -> Highlands -> 129 models, 7 WMOs, 10 textures, 7 ground effects
  AZEROTH_41_40.ADT -> Highlands -> 98 models, 6 WMOs, 7 textures, 6 ground effects
  AZEROTH_41_41.ADT -> Highlands -> 125 models, 7 WMOs, 12 textures, 13 ground effects
  AZEROTH_41_42.ADT -> Highlands -> 0 models, 0 WMOs, 11 textures, 9 ground effects
  AZEROTH_41_43.ADT -> The Forbidding Sea -> 30 models, 3 WMOs, 5 textures, 4 ground effects
  AZEROTH_41_44.ADT -> Badlands -> 16 models, 2 WMOs, 7 textures, 4 ground effects
  AZEROTH_41_45.ADT -> Badlands -> 0 models, 0 WMOs, 4 textures, 4 ground effects
  AZEROTH_41_46.ADT -> Badlands -> 0 models, 0 WMOs, 1 textures, 1 ground effects
  AZEROTH_41_47.ADT -> Swamp of Sorrows -> 0 models, 0 WMOs, 2 textures, 2 ground effects
  AZEROTH_41_48.ADT -> Swamp of Sorrows -> 0 models, 0 WMOs, 4 textures, 4 ground effects
  AZEROTH_41_49.ADT -> Swamp of Sorrows -> 0 models, 0 WMOs, 5 textures, 4 ground effects
  AZEROTH_41_50.ADT -> Swamp of Sorrows -> 0 models, 0 WMOs, 4 textures, 4 ground effects
  AZEROTH_41_51.ADT -> Swamp of Sorrows -> 0 models, 0 WMOs, 2 textures, 2 ground effects
  AZEROTH_41_52.ADT -> Swamp of Sorrows -> 0 models, 0 WMOs, 2 textures, 2 ground effects
  AZEROTH_41_53.ADT -> Swamp of Sorrows -> 0 models, 0 WMOs, 2 textures, 2 ground effects
  AZEROTH_42_10.ADT -> The North Sea -> 0 models, 0 WMOs, 4 textures, 4 ground effects
  AZEROTH_42_11.ADT -> Isle of Quel'Danas -> 3 models, 1 WMOs, 8 textures, 12 ground effects
  AZEROTH_42_12.ADT -> Isle of Quel'Danas -> 23 models, 1 WMOs, 9 textures, 13 ground effects
  AZEROTH_42_13.ADT -> Isle of Quel'Danas -> 8 models, 0 WMOs, 5 textures, 10 ground effects
  AZEROTH_42_14.ADT -> Isle of Quel'Danas -> 0 models, 0 WMOs, 5 textures, 9 ground effects
  AZEROTH_42_15.ADT -> The North Sea -> 0 models, 0 WMOs, 2 textures, 2 ground effects
  AZEROTH_42_16.ADT -> Eversong Woods -> 4 models, 1 WMOs, 9 textures, 15 ground effects
  AZEROTH_42_17.ADT -> Silvermoon City -> 28 models, 4 WMOs, 11 textures, 21 ground effects
  AZEROTH_42_18.ADT -> Silvermoon City -> 38 models, 7 WMOs, 8 textures, 12 ground effects
  AZEROTH_42_19.ADT -> Eversong Woods -> 45 models, 4 WMOs, 7 textures, 7 ground effects
  AZEROTH_42_20.ADT -> Eversong Woods -> 77 models, 4 WMOs, 11 textures, 18 ground effects
  AZEROTH_42_21.ADT -> Ghostlands -> 65 models, 5 WMOs, 7 textures, 7 ground effects
  AZEROTH_42_22.ADT -> Ghostlands -> 56 models, 8 WMOs, 6 textures, 6 ground effects
  AZEROTH_42_23.ADT -> Ghostlands -> 66 models, 8 WMOs, 10 textures, 7 ground effects
  AZEROTH_42_24.ADT -> Eastern Plaguelands -> 24 models, 6 WMOs, 12 textures, 5 ground effects
  AZEROTH_42_25.ADT -> Eastern Plaguelands -> 14 models, 0 WMOs, 13 textures, 8 ground effects
  AZEROTH_42_26.ADT -> Eastern Plaguelands -> 71 models, 2 WMOs, 16 textures, 13 ground effects
  AZEROTH_42_27.ADT -> Eastern Plaguelands -> 173 models, 8 WMOs, 17 textures, 17 ground effects
  AZEROTH_42_28.ADT -> Eastern Plaguelands -> 117 models, 19 WMOs, 17 textures, 17 ground effects
  AZEROTH_42_29.ADT -> Eastern Plaguelands -> 67 models, 11 WMOs, 17 textures, 19 ground effects
  AZEROTH_42_30.ADT -> The Hinterlands -> 0 models, 0 WMOs, 4 textures, 2 ground effects
  AZEROTH_42_31.ADT -> The Hinterlands -> 0 models, 0 WMOs, 2 textures, 2 ground effects
  AZEROTH_42_32.ADT -> The Hinterlands -> 0 models, 0 WMOs, 2 textures, 2 ground effects
  AZEROTH_42_33.ADT -> The Hinterlands -> 0 models, 0 WMOs, 2 textures, 2 ground effects
  AZEROTH_42_34.ADT -> Arathi Highlands -> 0 models, 0 WMOs, 2 textures, 2 ground effects
  AZEROTH_42_35.ADT -> Arathi Highlands -> 0 models, 0 WMOs, 2 textures, 1 ground effects
  AZEROTH_42_36.ADT -> Arathi Highlands -> 34 models, 2 WMOs, 5 textures, 5 ground effects
  AZEROTH_42_37.ADT -> Highlands -> 120 models, 5 WMOs, 13 textures, 7 ground effects
  AZEROTH_42_38.ADT -> Highlands -> 115 models, 2 WMOs, 13 textures, 8 ground effects
  AZEROTH_42_39.ADT -> Highlands -> 89 models, 10 WMOs, 7 textures, 7 ground effects
  AZEROTH_42_40.ADT -> Highlands -> 60 models, 0 WMOs, 11 textures, 9 ground effects
  AZEROTH_42_41.ADT -> Highlands -> 51 models, 2 WMOs, 13 textures, 10 ground effects
  AZEROTH_42_42.ADT -> Highlands -> 0 models, 0 WMOs, 5 textures, 3 ground effects
  AZEROTH_42_43.ADT -> The Forbidding Sea -> 0 models, 0 WMOs, 4 textures, 2 ground effects
  AZEROTH_42_44.ADT -> The Forbidding Sea -> 0 models, 0 WMOs, 3 textures, 2 ground effects
  AZEROTH_42_45.ADT -> The Forbidding Sea -> 0 models, 0 WMOs, 3 textures, 2 ground effects
  AZEROTH_42_46.ADT -> The Forbidding Sea -> 0 models, 0 WMOs, 1 textures, 1 ground effects
  AZEROTH_42_47.ADT -> Swamp of Sorrows -> 0 models, 0 WMOs, 1 textures, 1 ground effects
  AZEROTH_42_48.ADT -> Swamp of Sorrows -> 0 models, 0 WMOs, 3 textures, 3 ground effects
  AZEROTH_42_49.ADT -> Swamp of Sorrows -> 0 models, 0 WMOs, 3 textures, 3 ground effects
  AZEROTH_42_50.ADT -> Swamp of Sorrows -> 0 models, 0 WMOs, 2 textures, 2 ground effects
  AZEROTH_42_51.ADT -> Swamp of Sorrows -> 0 models, 0 WMOs, 2 textures, 2 ground effects
  AZEROTH_42_52.ADT -> Swamp of Sorrows -> 0 models, 0 WMOs, 2 textures, 2 ground effects
  AZEROTH_43_10.ADT -> The North Sea -> 0 models, 0 WMOs, 1 textures
  AZEROTH_43_11.ADT -> The North Sea -> 0 models, 0 WMOs, 3 textures
  AZEROTH_43_12.ADT -> The North Sea -> 0 models, 0 WMOs, 2 textures
  AZEROTH_43_13.ADT -> The North Sea -> 0 models, 0 WMOs, 2 textures
  AZEROTH_43_14.ADT -> The North Sea -> 0 models, 0 WMOs, 2 textures, 2 ground effects
  AZEROTH_43_15.ADT -> The North Sea -> 0 models, 0 WMOs, 2 textures, 2 ground effects
  AZEROTH_43_16.ADT -> The North Sea -> 0 models, 0 WMOs, 2 textures, 2 ground effects
  AZEROTH_43_17.ADT -> Eversong Woods -> 12 models, 0 WMOs, 8 textures, 13 ground effects
  AZEROTH_43_18.ADT -> Eversong Woods -> 25 models, 1 WMOs, 10 textures, 17 ground effects
  AZEROTH_43_19.ADT -> Eversong Woods -> 11 models, 2 WMOs, 9 textures, 12 ground effects
  AZEROTH_43_20.ADT -> Eversong Woods -> 30 models, 4 WMOs, 12 textures, 22 ground effects
  AZEROTH_43_21.ADT -> Ghostlands -> 11 models, 3 WMOs, 11 textures, 6 ground effects
  AZEROTH_43_22.ADT -> Ghostlands -> 10 models, 4 WMOs, 8 textures, 4 ground effects
  AZEROTH_43_23.ADT -> Ghostlands -> 4 models, 2 WMOs, 8 textures, 2 ground effects
  AZEROTH_43_24.ADT -> Ghostlands -> 45 models, 2 WMOs, 11 textures
  AZEROTH_43_25.ADT -> Eastern Plaguelands -> 25 models, 0 WMOs, 14 textures, 8 ground effects
  AZEROTH_43_26.ADT -> Eastern Plaguelands -> 4 models, 0 WMOs, 11 textures, 12 ground effects
  AZEROTH_43_27.ADT -> Eastern Plaguelands -> 58 models, 4 WMOs, 12 textures, 14 ground effects
  AZEROTH_43_28.ADT -> Eastern Plaguelands -> 51 models, 10 WMOs, 13 textures, 15 ground effects
  AZEROTH_43_29.ADT -> Eastern Plaguelands -> 16 models, 4 WMOs, 9 textures, 17 ground effects
  AZEROTH_43_30.ADT -> The Hinterlands -> 0 models, 0 WMOs, 1 textures, 1 ground effects
  AZEROTH_43_31.ADT -> The Hinterlands -> 0 models, 0 WMOs, 1 textures, 1 ground effects
  AZEROTH_43_32.ADT -> The Hinterlands -> 0 models, 0 WMOs, 1 textures
  AZEROTH_43_33.ADT -> The Hinterlands -> 0 models, 0 WMOs, 1 textures, 1 ground effects
  AZEROTH_43_34.ADT -> The Hinterlands -> 0 models, 0 WMOs, 1 textures
  AZEROTH_43_35.ADT -> The Forbidding Sea -> 0 models, 0 WMOs, 4 textures, 4 ground effects
  AZEROTH_43_36.ADT -> Highlands -> 5 models, 1 WMOs, 7 textures, 7 ground effects
  AZEROTH_43_37.ADT -> Highlands -> 60 models, 4 WMOs, 10 textures, 9 ground effects
  AZEROTH_43_38.ADT -> Highlands -> 28 models, 0 WMOs, 13 textures, 10 ground effects
  AZEROTH_43_39.ADT -> Highlands -> 121 models, 4 WMOs, 10 textures
  AZEROTH_43_40.ADT -> Highlands -> 62 models, 0 WMOs, 10 textures, 9 ground effects
  AZEROTH_43_41.ADT -> Highlands -> 24 models, 1 WMOs, 8 textures, 7 ground effects
  AZEROTH_43_42.ADT -> Highlands -> 0 models, 0 WMOs, 3 textures, 2 ground effects
  AZEROTH_43_43.ADT -> The Forbidding Sea -> 0 models, 0 WMOs, 3 textures, 2 ground effects
  AZEROTH_43_44.ADT -> The Forbidding Sea -> 0 models, 0 WMOs, 3 textures, 2 ground effects
  AZEROTH_43_45.ADT -> The Forbidding Sea -> 0 models, 0 WMOs, 3 textures, 2 ground effects
  AZEROTH_44_14.ADT -> The North Sea -> 0 models, 0 WMOs, 1 textures
  AZEROTH_44_15.ADT -> The North Sea -> 0 models, 0 WMOs, 1 textures
  AZEROTH_44_16.ADT -> The North Sea -> 0 models, 0 WMOs, 1 textures
  AZEROTH_44_17.ADT -> The North Sea -> 0 models, 0 WMOs, 3 textures
  AZEROTH_44_18.ADT -> The North Sea -> 38 models, 5 WMOs, 9 textures
  AZEROTH_44_19.ADT -> The North Sea -> 26 models, 3 WMOs, 12 textures
  AZEROTH_44_20.ADT -> The North Sea -> 54 models, 6 WMOs, 10 textures
  AZEROTH_44_21.ADT -> Ghostlands -> 31 models, 2 WMOs, 8 textures
  AZEROTH_44_22.ADT -> Ghostlands -> 55 models, 5 WMOs, 7 textures
  AZEROTH_44_23.ADT -> AZEROTH [44,23] -> 73 models, 11 WMOs, 9 textures
  AZEROTH_44_24.ADT -> The Forbidding Sea -> 20 models, 1 WMOs, 6 textures
  AZEROTH_44_25.ADT -> The Forbidding Sea -> 54 models, 3 WMOs, 9 textures, 2 ground effects
  AZEROTH_44_26.ADT -> The Forbidding Sea -> 69 models, 3 WMOs, 7 textures, 9 ground effects
  AZEROTH_44_27.ADT -> The Forbidding Sea -> 1 models, 0 WMOs, 2 textures, 1 ground effects
  AZEROTH_44_28.ADT -> The Forbidding Sea -> 0 models, 0 WMOs, 1 textures, 1 ground effects
  AZEROTH_44_29.ADT -> The Forbidding Sea -> 0 models, 0 WMOs, 1 textures, 1 ground effects
  AZEROTH_44_30.ADT -> The Hinterlands -> 0 models, 0 WMOs, 1 textures
  AZEROTH_44_35.ADT -> The Forbidding Sea -> 0 models, 0 WMOs, 4 textures, 4 ground effects
  AZEROTH_44_36.ADT -> Highlands -> 3 models, 1 WMOs, 6 textures, 6 ground effects
  AZEROTH_44_37.ADT -> Highlands -> 85 models, 3 WMOs, 8 textures, 8 ground effects
  AZEROTH_44_38.ADT -> Highlands -> 1 models, 0 WMOs, 7 textures, 5 ground effects
  AZEROTH_44_39.ADT -> Highlands -> 87 models, 5 WMOs, 10 textures
  AZEROTH_44_40.ADT -> Highlands -> 97 models, 3 WMOs, 12 textures, 10 ground effects
  AZEROTH_44_41.ADT -> Highlands -> 156 models, 15 WMOs, 7 textures, 7 ground effects
  AZEROTH_44_42.ADT -> Highlands -> 0 models, 0 WMOs, 1 textures, 1 ground effects
  AZEROTH_45_15.ADT -> The North Sea -> 0 models, 0 WMOs, 1 textures
  AZEROTH_45_16.ADT -> The North Sea -> 0 models, 0 WMOs, 3 textures
  AZEROTH_45_17.ADT -> The North Sea -> 0 models, 0 WMOs, 3 textures
  AZEROTH_45_18.ADT -> The North Sea -> 0 models, 0 WMOs, 8 textures
  AZEROTH_45_19.ADT -> The North Sea -> 38 models, 3 WMOs, 10 textures
  AZEROTH_45_20.ADT -> The North Sea -> 55 models, 5 WMOs, 8 textures
  AZEROTH_45_21.ADT -> The North Sea -> 23 models, 2 WMOs, 8 textures
  AZEROTH_45_22.ADT -> AZEROTH [45,22] -> 43 models, 8 WMOs, 7 textures
  AZEROTH_45_23.ADT -> AZEROTH [45,23] -> 51 models, 10 WMOs, 8 textures
  AZEROTH_45_24.ADT -> The Forbidding Sea -> 11 models, 1 WMOs, 5 textures
  AZEROTH_45_25.ADT -> The Forbidding Sea -> 25 models, 0 WMOs, 10 textures
  AZEROTH_45_26.ADT -> The Forbidding Sea -> 50 models, 0 WMOs, 5 textures
  AZEROTH_45_27.ADT -> The Forbidding Sea -> 0 models, 0 WMOs, 2 textures
  AZEROTH_45_28.ADT -> The North Sea -> 0 models, 0 WMOs, 1 textures
  AZEROTH_45_29.ADT -> The North Sea -> 0 models, 0 WMOs, 3 textures
  AZEROTH_45_35.ADT -> The Forbidding Sea -> 0 models, 0 WMOs, 2 textures, 2 ground effects
  AZEROTH_45_36.ADT -> The Forbidding Sea -> 1 models, 0 WMOs, 2 textures, 2 ground effects
  AZEROTH_45_37.ADT -> Highlands -> 1 models, 0 WMOs, 2 textures, 2 ground effects
  AZEROTH_45_38.ADT -> Highlands -> 1 models, 0 WMOs, 3 textures, 3 ground effects
  AZEROTH_45_39.ADT -> Highlands -> 0 models, 0 WMOs, 4 textures, 2 ground effects
  AZEROTH_45_40.ADT -> Highlands -> 0 models, 0 WMOs, 2 textures, 2 ground effects
  AZEROTH_45_41.ADT -> Highlands -> 0 models, 0 WMOs, 2 textures, 2 ground effects
  AZEROTH_45_42.ADT -> The Forbidding Sea -> 0 models, 0 WMOs, 1 textures, 1 ground effects
  AZEROTH_46_16.ADT -> The North Sea -> 0 models, 0 WMOs, 1 textures
  AZEROTH_46_17.ADT -> The North Sea -> 0 models, 0 WMOs, 4 textures
  AZEROTH_46_18.ADT -> The North Sea -> 0 models, 0 WMOs, 7 textures
  AZEROTH_46_19.ADT -> The North Sea -> 25 models, 1 WMOs, 11 textures
  AZEROTH_46_20.ADT -> The North Sea -> 47 models, 4 WMOs, 10 textures
  AZEROTH_46_21.ADT -> The North Sea -> 54 models, 5 WMOs, 10 textures
  AZEROTH_46_22.ADT -> The North Sea -> 8 models, 0 WMOs, 9 textures
  AZEROTH_46_23.ADT -> The Forbidding Sea -> 4 models, 2 WMOs, 6 textures
  AZEROTH_46_24.ADT -> The Forbidding Sea -> 22 models, 1 WMOs, 9 textures
  AZEROTH_46_25.ADT -> The Forbidding Sea -> 44 models, 4 WMOs, 10 textures
  AZEROTH_46_26.ADT -> The Forbidding Sea -> 12 models, 0 WMOs, 3 textures
  AZEROTH_46_27.ADT -> The Forbidding Sea -> 0 models, 0 WMOs, 1 textures
  AZEROTH_46_28.ADT -> The North Sea -> 0 models, 0 WMOs, 3 textures
  AZEROTH_47_16.ADT -> The North Sea -> 0 models, 0 WMOs, 1 textures
  AZEROTH_47_17.ADT -> The North Sea -> 0 models, 0 WMOs, 1 textures
  AZEROTH_47_18.ADT -> The North Sea -> 0 models, 0 WMOs, 1 textures
  AZEROTH_47_19.ADT -> The North Sea -> 0 models, 0 WMOs, 2 textures
  AZEROTH_47_20.ADT -> The North Sea -> 2 models, 0 WMOs, 8 textures
  AZEROTH_47_21.ADT -> The North Sea -> 6 models, 0 WMOs, 8 textures
  AZEROTH_47_22.ADT -> The North Sea -> 1 models, 0 WMOs, 5 textures
  AZEROTH_47_23.ADT -> The Forbidding Sea -> 2 models, 0 WMOs, 7 textures
  AZEROTH_47_24.ADT -> The Forbidding Sea -> 1 models, 0 WMOs, 8 textures
  AZEROTH_47_25.ADT -> The Forbidding Sea -> 1 models, 0 WMOs, 3 textures
  AZEROTH_47_26.ADT -> The Forbidding Sea -> 0 models, 0 WMOs, 1 textures
  AZEROTH_47_27.ADT -> The Forbidding Sea -> 0 models, 0 WMOs, 1 textures
  AZEROTH_47_28.ADT -> The Forbidding Sea -> 0 models, 0 WMOs, 1 textures
  AZEROTH_48_17.ADT -> The North Sea -> 0 models, 0 WMOs, 1 textures
  AZEROTH_48_18.ADT -> The North Sea -> 0 models, 0 WMOs, 3 textures
  AZEROTH_48_19.ADT -> The North Sea -> 0 models, 0 WMOs, 1 textures
  AZEROTH_48_20.ADT -> The North Sea -> 0 models, 0 WMOs, 3 textures
  AZEROTH_48_21.ADT -> The North Sea -> 0 models, 0 WMOs, 4 textures
  AZEROTH_48_22.ADT -> The North Sea -> 0 models, 0 WMOs, 4 textures
  AZEROTH_48_23.ADT -> The Forbidding Sea -> 0 models, 0 WMOs, 4 textures
  AZEROTH_48_24.ADT -> The Forbidding Sea -> 0 models, 0 WMOs, 4 textures
  AZEROTH_48_25.ADT -> The Forbidding Sea -> 0 models, 0 WMOs, 1 textures
  AZEROTH_48_26.ADT -> The Forbidding Sea -> 0 models, 0 WMOs, 1 textures
  AZEROTH_48_27.ADT -> The Forbidding Sea -> 0 models, 0 WMOs, 3 textures
  AZEROTH_49_17.ADT -> The North Sea -> 0 models, 0 WMOs, 1 textures
  AZEROTH_49_18.ADT -> The North Sea -> 0 models, 0 WMOs, 1 textures
  AZEROTH_49_19.ADT -> The North Sea -> 0 models, 0 WMOs, 1 textures
  AZEROTH_49_20.ADT -> The North Sea -> 0 models, 0 WMOs, 1 textures
  AZEROTH_49_21.ADT -> The North Sea -> 0 models, 0 WMOs, 1 textures
  AZEROTH_49_22.ADT -> The North Sea -> 0 models, 0 WMOs, 1 textures
  AZEROTH_49_23.ADT -> The Forbidding Sea -> 0 models, 0 WMOs, 1 textures
  AZEROTH_49_24.ADT -> The Forbidding Sea -> 0 models, 0 WMOs, 1 textures
  AZEROTH_49_25.ADT -> The Forbidding Sea -> 0 models, 0 WMOs, 1 textures
  AZEROTH_49_26.ADT -> The Forbidding Sea -> 0 models, 0 WMOs, 1 textures
  AZEROTH_49_27.ADT -> The Forbidding Sea -> 0 models, 0 WMOs, 1 textures
  AZEROTH_50_17.ADT -> The North Sea -> 0 models, 0 WMOs, 1 textures
  AZEROTH_50_18.ADT -> The North Sea -> 0 models, 0 WMOs, 1 textures
  AZEROTH_50_19.ADT -> The North Sea -> 0 models, 0 WMOs, 1 textures
  AZEROTH_50_20.ADT -> The North Sea -> 0 models, 0 WMOs, 1 textures
  AZEROTH_50_21.ADT -> The North Sea -> 0 models, 0 WMOs, 1 textures
  AZEROTH_50_22.ADT -> The North Sea -> 0 models, 0 WMOs, 1 textures
  AZEROTH_50_23.ADT -> The Forbidding Sea -> 0 models, 0 WMOs, 1 textures
  AZEROTH_50_24.ADT -> The Forbidding Sea -> 0 models, 0 WMOs, 1 textures
  AZEROTH_50_25.ADT -> The Forbidding Sea -> 0 models, 0 WMOs, 1 textures
  AZEROTH_50_26.ADT -> The Forbidding Sea -> 0 models, 0 WMOs, 1 textures
  AZEROTH_50_27.ADT -> The Forbidding Sea -> 0 models, 0 WMOs, 1 textures
  AZEROTH_51_17.ADT -> The North Sea -> 0 models, 0 WMOs, 1 textures
  AZEROTH_51_18.ADT -> The North Sea -> 0 models, 0 WMOs, 1 textures
  AZEROTH_51_19.ADT -> The North Sea -> 0 models, 0 WMOs, 1 textures
  AZEROTH_51_20.ADT -> The North Sea -> 0 models, 0 WMOs, 1 textures
  AZEROTH_51_21.ADT -> The North Sea -> 0 models, 0 WMOs, 1 textures
  AZEROTH_51_22.ADT -> The North Sea -> 0 models, 0 WMOs, 1 textures
  AZEROTH_51_23.ADT -> The Forbidding Sea -> 0 models, 0 WMOs, 1 textures
  AZEROTH_51_24.ADT -> The Forbidding Sea -> 0 models, 0 WMOs, 1 textures
  AZEROTH_51_25.ADT -> The Forbidding Sea -> 0 models, 0 WMOs, 1 textures
  AZEROTH_51_26.ADT -> The Forbidding Sea -> 0 models, 0 WMOs, 1 textures
  AZEROTH_51_27.ADT -> The Forbidding Sea -> 0 models, 0 WMOs, 1 textures
  AZEROTH_52_17.ADT -> The North Sea -> 0 models, 0 WMOs, 1 textures
  AZEROTH_52_18.ADT -> The North Sea -> 0 models, 0 WMOs, 1 textures
  AZEROTH_52_19.ADT -> The North Sea -> 0 models, 0 WMOs, 1 textures
  AZEROTH_52_20.ADT -> The North Sea -> 0 models, 0 WMOs, 1 textures
  AZEROTH_52_21.ADT -> The North Sea -> 0 models, 0 WMOs, 1 textures
  AZEROTH_52_22.ADT -> The North Sea -> 0 models, 0 WMOs, 1 textures
  AZEROTH_52_23.ADT -> The Forbidding Sea -> 0 models, 0 WMOs, 1 textures
  AZEROTH_52_24.ADT -> The Forbidding Sea -> 0 models, 0 WMOs, 1 textures
  AZEROTH_52_25.ADT -> The Forbidding Sea -> 0 models, 0 WMOs, 1 textures
  AZEROTH_52_26.ADT -> The Forbidding Sea -> 0 models, 0 WMOs, 1 textures
  AZEROTH_52_27.ADT -> The Forbidding Sea -> 0 models, 0 WMOs, 1 textures
  AZEROTH_53_17.ADT -> The North Sea -> 0 models, 0 WMOs, 1 textures
  AZEROTH_53_18.ADT -> The North Sea -> 0 models, 0 WMOs, 1 textures
  AZEROTH_53_19.ADT -> The North Sea -> 0 models, 0 WMOs, 1 textures
  AZEROTH_53_20.ADT -> The North Sea -> 0 models, 0 WMOs, 1 textures
  AZEROTH_53_21.ADT -> The North Sea -> 0 models, 0 WMOs, 1 textures
  AZEROTH_53_22.ADT -> The North Sea -> 0 models, 0 WMOs, 1 textures
  AZEROTH_53_23.ADT -> The Forbidding Sea -> 0 models, 0 WMOs, 1 textures
  AZEROTH_53_24.ADT -> The Forbidding Sea -> 0 models, 0 WMOs, 1 textures
  AZEROTH_53_25.ADT -> The Forbidding Sea -> 0 models, 0 WMOs, 1 textures
  AZEROTH_53_26.ADT -> The Forbidding Sea -> 0 models, 0 WMOs, 1 textures
  AZEROTH_53_27.ADT -> The Forbidding Sea -> 0 models, 0 WMOs, 1 textures
  AZEROTH_54_17.ADT -> The North Sea -> 0 models, 0 WMOs, 1 textures
  AZEROTH_54_18.ADT -> The North Sea -> 0 models, 0 WMOs, 1 textures
  AZEROTH_54_19.ADT -> The North Sea -> 0 models, 0 WMOs, 1 textures
  AZEROTH_54_20.ADT -> The North Sea -> 0 models, 0 WMOs, 1 textures
  AZEROTH_54_21.ADT -> The North Sea -> 0 models, 0 WMOs, 1 textures
  AZEROTH_54_22.ADT -> The North Sea -> 0 models, 0 WMOs, 1 textures
  AZEROTH_54_23.ADT -> The Forbidding Sea -> 0 models, 0 WMOs, 1 textures
  AZEROTH_54_24.ADT -> The Forbidding Sea -> 0 models, 0 WMOs, 1 textures
  AZEROTH_54_25.ADT -> The Forbidding Sea -> 0 models, 0 WMOs, 1 textures
  AZEROTH_54_26.ADT -> The Forbidding Sea -> 0 models, 0 WMOs, 1 textures
  AZEROTH_54_27.ADT -> The Forbidding Sea -> 0 models, 0 WMOs, 1 textures
  AZEROTH_55_17.ADT -> The North Sea -> 0 models, 0 WMOs, 1 textures
  AZEROTH_55_18.ADT -> The North Sea -> 0 models, 0 WMOs, 1 textures
  AZEROTH_55_19.ADT -> The North Sea -> 0 models, 0 WMOs, 1 textures
  AZEROTH_55_20.ADT -> The North Sea -> 0 models, 0 WMOs, 1 textures
  AZEROTH_55_21.ADT -> The North Sea -> 0 models, 0 WMOs, 1 textures
  AZEROTH_55_22.ADT -> The North Sea -> 0 models, 0 WMOs, 1 textures
  AZEROTH_55_23.ADT -> The Forbidding Sea -> 0 models, 0 WMOs, 1 textures
  AZEROTH_55_24.ADT -> The Forbidding Sea -> 0 models, 0 WMOs, 1 textures
  AZEROTH_55_25.ADT -> The Forbidding Sea -> 0 models, 0 WMOs, 1 textures
  AZEROTH_55_26.ADT -> The Forbidding Sea -> 0 models, 0 WMOs, 1 textures
  AZEROTH_55_27.ADT -> The Forbidding Sea -> 0 models, 0 WMOs, 1 textures
  AZEROTH_9_39.ADT -> The Great Sea -> 0 models, 0 WMOs, 1 textures
  AZEROTH_9_40.ADT -> The Great Sea -> 0 models, 0 WMOs, 1 textures
  AZEROTH_9_41.ADT -> The Great Sea -> 0 models, 0 WMOs, 1 textures
  AZEROTH_9_42.ADT -> The Great Sea -> 0 models, 0 WMOs, 1 textures
  AZEROTH_9_43.ADT -> The Great Sea -> 0 models, 0 WMOs, 2 textures
  AZEROTH_9_44.ADT -> The Great Sea -> 0 models, 0 WMOs, 9 textures
  AZEROTH_9_45.ADT -> The Great Sea -> 0 models, 0 WMOs, 6 textures
  DEEPHOME_26_25.ADT -> DEEPHOME [26,25] -> 2 models, 0 WMOs, 4 textures
  DEEPHOME_26_26.ADT -> DEEPHOME [26,26] -> 0 models, 0 WMOs, 2 textures
  DEEPHOME_26_27.ADT -> DEEPHOME [26,27] -> 0 models, 0 WMOs, 8 textures
  DEEPHOME_26_28.ADT -> DEEPHOME [26,28] -> 4 models, 0 WMOs, 4 textures
  DEEPHOME_26_29.ADT -> DEEPHOME [26,29] -> 2 models, 1 WMOs, 4 textures
  DEEPHOME_26_30.ADT -> DEEPHOME [26,30] -> 0 models, 0 WMOs, 4 textures
  DEEPHOME_26_31.ADT -> DEEPHOME [26,31] -> 0 models, 0 WMOs, 5 textures
  DEEPHOME_26_32.ADT -> DEEPHOME [26,32] -> 0 models, 0 WMOs, 5 textures
  DEEPHOME_26_34.ADT -> DEEPHOME [26,34] -> 9 models, 0 WMOs, 5 textures
  DEEPHOME_27_25.ADT -> DEEPHOME [27,25] -> 1 models, 0 WMOs, 3 textures
  DEEPHOME_27_26.ADT -> Deepholm -> 0 models, 0 WMOs, 6 textures, 6 ground effects
  DEEPHOME_27_27.ADT -> Deepholm -> 0 models, 0 WMOs, 6 textures, 6 ground effects
  DEEPHOME_27_28.ADT -> Deepholm -> 0 models, 0 WMOs, 5 textures, 5 ground effects
  DEEPHOME_27_29.ADT -> Deepholm -> 0 models, 0 WMOs, 4 textures, 4 ground effects
  DEEPHOME_27_30.ADT -> Deepholm -> 9 models, 5 WMOs, 4 textures, 4 ground effects
  DEEPHOME_27_31.ADT -> Deepholm -> 0 models, 0 WMOs, 4 textures, 4 ground effects
  DEEPHOME_27_32.ADT -> Deepholm -> 0 models, 0 WMOs, 4 textures, 4 ground effects
  DEEPHOME_27_33.ADT -> Deepholm -> 0 models, 0 WMOs, 1 textures, 1 ground effects
  DEEPHOME_28_25.ADT -> DEEPHOME [28,25] -> 0 models, 0 WMOs, 3 textures
  DEEPHOME_28_26.ADT -> Deepholm -> 0 models, 0 WMOs, 5 textures, 5 ground effects
  DEEPHOME_28_27.ADT -> Deepholm -> 1 models, 2 WMOs, 7 textures, 7 ground effects
  DEEPHOME_28_28.ADT -> Deepholm -> 57 models, 5 WMOs, 9 textures, 9 ground effects
  DEEPHOME_28_29.ADT -> Deepholm -> 63 models, 6 WMOs, 13 textures, 13 ground effects
  DEEPHOME_28_30.ADT -> Deepholm -> 52 models, 7 WMOs, 6 textures, 6 ground effects
  DEEPHOME_28_31.ADT -> Deepholm -> 29 models, 3 WMOs, 4 textures, 4 ground effects
  DEEPHOME_28_32.ADT -> Deepholm -> 0 models, 0 WMOs, 5 textures, 5 ground effects
  DEEPHOME_28_33.ADT -> Deepholm -> 0 models, 0 WMOs, 1 textures, 1 ground effects
  DEEPHOME_29_25.ADT -> DEEPHOME [29,25] -> 0 models, 0 WMOs, 2 textures
  DEEPHOME_29_26.ADT -> Deepholm -> 0 models, 0 WMOs, 1 textures, 1 ground effects
  DEEPHOME_29_27.ADT -> Deepholm -> 15 models, 4 WMOs, 9 textures, 9 ground effects
  DEEPHOME_29_28.ADT -> Deepholm -> 55 models, 8 WMOs, 11 textures, 11 ground effects
  DEEPHOME_29_29.ADT -> Deepholm -> 33 models, 7 WMOs, 8 textures, 8 ground effects
  DEEPHOME_29_30.ADT -> Deepholm -> 27 models, 8 WMOs, 4 textures, 5 ground effects
  DEEPHOME_29_31.ADT -> Deepholm -> 80 models, 7 WMOs, 5 textures, 6 ground effects
  DEEPHOME_29_32.ADT -> Deepholm -> 21 models, 4 WMOs, 5 textures, 5 ground effects
  DEEPHOME_29_33.ADT -> Deepholm -> 0 models, 0 WMOs, 1 textures, 1 ground effects
  DEEPHOME_30_25.ADT -> DEEPHOME [30,25] -> 0 models, 0 WMOs, 1 textures
  DEEPHOME_30_26.ADT -> Deepholm -> 0 models, 0 WMOs, 2 textures, 2 ground effects
  DEEPHOME_30_27.ADT -> Deepholm -> 27 models, 6 WMOs, 7 textures, 7 ground effects
  DEEPHOME_30_28.ADT -> Deepholm -> 34 models, 8 WMOs, 8 textures, 8 ground effects
  DEEPHOME_30_29.ADT -> Deepholm -> 26 models, 7 WMOs, 5 textures, 5 ground effects
  DEEPHOME_30_30.ADT -> Deepholm -> 61 models, 10 WMOs, 5 textures, 6 ground effects
  DEEPHOME_30_31.ADT -> Deepholm -> 85 models, 9 WMOs, 5 textures, 6 ground effects
  DEEPHOME_30_32.ADT -> Deepholm -> 26 models, 8 WMOs, 8 textures, 8 ground effects
  DEEPHOME_30_33.ADT -> Deepholm -> 0 models, 0 WMOs, 1 textures, 1 ground effects
  DEEPHOME_31_25.ADT -> DEEPHOME [31,25] -> 0 models, 0 WMOs, 7 textures
  DEEPHOME_31_26.ADT -> Deepholm -> 0 models, 0 WMOs, 5 textures, 5 ground effects
  DEEPHOME_31_27.ADT -> Deepholm -> 42 models, 5 WMOs, 12 textures, 12 ground effects
  DEEPHOME_31_28.ADT -> Deepholm -> 65 models, 8 WMOs, 6 textures, 6 ground effects
  DEEPHOME_31_29.ADT -> Deepholm -> 65 models, 9 WMOs, 6 textures, 6 ground effects
  DEEPHOME_31_30.ADT -> Deepholm -> 28 models, 7 WMOs, 9 textures, 9 ground effects
  DEEPHOME_31_31.ADT -> Deepholm -> 50 models, 14 WMOs, 8 textures, 8 ground effects
  DEEPHOME_31_32.ADT -> Deepholm -> 44 models, 9 WMOs, 7 textures, 7 ground effects
  DEEPHOME_31_33.ADT -> Deepholm -> 0 models, 0 WMOs, 1 textures, 1 ground effects
  DEEPHOME_32_25.ADT -> DEEPHOME [32,25] -> 0 models, 0 WMOs, 4 textures
  DEEPHOME_32_26.ADT -> Deepholm -> 0 models, 0 WMOs, 5 textures, 5 ground effects
  DEEPHOME_32_27.ADT -> Deepholm -> 24 models, 4 WMOs, 6 textures, 6 ground effects
  DEEPHOME_32_28.ADT -> Deepholm -> 88 models, 13 WMOs, 12 textures, 12 ground effects
  DEEPHOME_32_29.ADT -> Deepholm -> 89 models, 13 WMOs, 9 textures, 9 ground effects
  DEEPHOME_32_30.ADT -> Deepholm -> 85 models, 9 WMOs, 14 textures, 14 ground effects
  DEEPHOME_32_31.ADT -> Deepholm -> 113 models, 14 WMOs, 11 textures, 11 ground effects
  DEEPHOME_32_32.ADT -> Deepholm -> 26 models, 6 WMOs, 7 textures, 7 ground effects
  DEEPHOME_32_33.ADT -> Deepholm -> 0 models, 0 WMOs, 7 textures, 7 ground effects
  DEEPHOME_32_34.ADT -> DEEPHOME [32,34] -> 0 models, 0 WMOs, 6 textures
  DEEPHOME_33_25.ADT -> DEEPHOME [33,25] -> 0 models, 0 WMOs, 5 textures
  DEEPHOME_33_26.ADT -> Deepholm -> 0 models, 0 WMOs, 6 textures, 6 ground effects
  DEEPHOME_33_27.ADT -> Deepholm -> 1 models, 3 WMOs, 5 textures, 5 ground effects
  DEEPHOME_33_28.ADT -> Deepholm -> 38 models, 7 WMOs, 11 textures, 11 ground effects
  DEEPHOME_33_29.ADT -> Deepholm -> 28 models, 9 WMOs, 12 textures, 12 ground effects
  DEEPHOME_33_30.ADT -> Deepholm -> 74 models, 7 WMOs, 14 textures, 14 ground effects
  DEEPHOME_33_31.ADT -> Deepholm -> 55 models, 5 WMOs, 10 textures, 10 ground effects
  DEEPHOME_33_32.ADT -> Deepholm -> 0 models, 0 WMOs, 3 textures, 3 ground effects
  DEEPHOME_33_33.ADT -> Deepholm -> 0 models, 0 WMOs, 4 textures, 4 ground effects
  DEEPHOME_33_34.ADT -> DEEPHOME [33,34] -> 0 models, 0 WMOs, 3 textures
  DEEPHOME_34_25.ADT -> DEEPHOME [34,25] -> 0 models, 0 WMOs, 5 textures
  DEEPHOME_34_26.ADT -> Deepholm -> 0 models, 0 WMOs, 2 textures, 2 ground effects
  DEEPHOME_34_27.ADT -> Deepholm -> 0 models, 0 WMOs, 2 textures, 2 ground effects
  DEEPHOME_34_28.ADT -> Deepholm -> 1 models, 4 WMOs, 3 textures, 3 ground effects
  DEEPHOME_34_29.ADT -> Deepholm -> 1 models, 5 WMOs, 4 textures, 4 ground effects
  DEEPHOME_34_30.ADT -> Deepholm -> 0 models, 0 WMOs, 4 textures, 4 ground effects
  DEEPHOME_34_31.ADT -> Deepholm -> 0 models, 0 WMOs, 6 textures, 6 ground effects
  DEEPHOME_34_32.ADT -> Deepholm -> 0 models, 0 WMOs, 5 textures, 5 ground effects
  DEEPHOME_34_33.ADT -> Deepholm -> 0 models, 0 WMOs, 3 textures, 3 ground effects
  DEEPHOME_35_26.ADT -> DEEPHOME [35,26] -> 0 models, 0 WMOs, 2 textures
  DEEPHOME_35_27.ADT -> DEEPHOME [35,27] -> 0 models, 0 WMOs, 2 textures
  DEEPHOME_35_30.ADT -> DEEPHOME [35,30] -> 0 models, 0 WMOs, 7 textures
  DEEPHOME_35_33.ADT -> DEEPHOME [35,33] -> 0 models, 0 WMOs, 1 textures
  DEEPHOME_35_34.ADT -> DEEPHOME [35,34] -> 0 models, 0 WMOs, 27 textures
  KALIMDOR_0_0.ADT -> GM Island -> 0 models, 0 WMOs, 1 textures, 1 ground effects
  KALIMDOR_0_1.ADT -> GM Island -> 0 models, 0 WMOs, 2 textures, 2 ground effects
  KALIMDOR_0_2.ADT -> GM Island -> 0 models, 0 WMOs, 1 textures, 1 ground effects
  KALIMDOR_16_14.ADT -> The Veiled Sea -> 0 models, 0 WMOs, 1 textures, 1 ground effects
  KALIMDOR_16_15.ADT -> The Veiled Sea -> 0 models, 0 WMOs, 2 textures, 2 ground effects
  KALIMDOR_16_16.ADT -> The Veiled Sea -> 4 models, 0 WMOs, 3 textures, 3 ground effects
  KALIMDOR_16_17.ADT -> The Veiled Sea -> 2 models, 0 WMOs, 4 textures, 4 ground effects
  KALIMDOR_16_18.ADT -> The Veiled Sea -> 0 models, 0 WMOs, 2 textures, 2 ground effects
  KALIMDOR_16_19.ADT -> The Veiled Sea -> 0 models, 0 WMOs, 2 textures, 2 ground effects
  KALIMDOR_16_20.ADT -> The Veiled Sea -> 0 models, 0 WMOs, 1 textures, 1 ground effects
  KALIMDOR_16_21.ADT -> The Veiled Sea -> 0 models, 0 WMOs, 1 textures
  KALIMDOR_16_22.ADT -> The Veiled Sea -> 0 models, 0 WMOs, 1 textures
  KALIMDOR_16_23.ADT -> The Veiled Sea -> 0 models, 0 WMOs, 1 textures
  KALIMDOR_16_24.ADT -> The Veiled Sea -> 0 models, 0 WMOs, 1 textures
  KALIMDOR_16_25.ADT -> The Veiled Sea -> 0 models, 0 WMOs, 1 textures
  KALIMDOR_17_14.ADT -> The Veiled Sea -> 0 models, 0 WMOs, 2 textures, 2 ground effects
  KALIMDOR_17_15.ADT -> Bloodmyst Isle -> 7 models, 0 WMOs, 4 textures, 8 ground effects
  KALIMDOR_17_16.ADT -> Bloodmyst Isle -> 29 models, 0 WMOs, 8 textures, 11 ground effects
  KALIMDOR_17_17.ADT -> Bloodmyst Isle -> 30 models, 0 WMOs, 10 textures, 14 ground effects
  KALIMDOR_17_18.ADT -> Bloodmyst Isle -> 12 models, 0 WMOs, 8 textures, 11 ground effects
  KALIMDOR_17_19.ADT -> The Veiled Sea -> 0 models, 0 WMOs, 3 textures, 3 ground effects
  KALIMDOR_17_20.ADT -> The Veiled Sea -> 0 models, 0 WMOs, 3 textures, 3 ground effects
  KALIMDOR_17_21.ADT -> The Veiled Sea -> 0 models, 0 WMOs, 2 textures, 2 ground effects
  KALIMDOR_17_22.ADT -> The Veiled Sea -> 0 models, 0 WMOs, 2 textures, 2 ground effects
  KALIMDOR_17_23.ADT -> The Veiled Sea -> 4 models, 0 WMOs, 4 textures, 4 ground effects
  KALIMDOR_17_24.ADT -> The Veiled Sea -> 0 models, 0 WMOs, 4 textures, 4 ground effects
  KALIMDOR_17_25.ADT -> The Veiled Sea -> 0 models, 0 WMOs, 1 textures, 1 ground effects
  KALIMDOR_18_14.ADT -> The Veiled Sea -> 0 models, 0 WMOs, 4 textures, 4 ground effects
  KALIMDOR_18_15.ADT -> Bloodmyst Isle -> 10 models, 2 WMOs, 4 textures, 8 ground effects
  KALIMDOR_18_16.ADT -> Bloodmyst Isle -> 62 models, 3 WMOs, 11 textures, 11 ground effects
  KALIMDOR_18_17.ADT -> Bloodmyst Isle -> 86 models, 0 WMOs, 8 textures, 8 ground effects
  KALIMDOR_18_18.ADT -> Bloodmyst Isle -> 46 models, 0 WMOs, 8 textures, 12 ground effects
  KALIMDOR_18_19.ADT -> Bloodmyst Isle -> 5 models, 0 WMOs, 8 textures, 11 ground effects
  KALIMDOR_18_20.ADT -> Azuremyst Isle -> 0 models, 0 WMOs, 8 textures, 15 ground effects
  KALIMDOR_18_21.ADT -> Azuremyst Isle -> 7 models, 1 WMOs, 6 textures, 9 ground effects
  KALIMDOR_18_22.ADT -> Azuremyst Isle -> 14 models, 3 WMOs, 6 textures, 10 ground effects
  KALIMDOR_18_23.ADT -> Azuremyst Isle -> 88 models, 4 WMOs, 11 textures, 15 ground effects
  KALIMDOR_18_24.ADT -> Azuremyst Isle -> 13 models, 1 WMOs, 9 textures, 14 ground effects
  KALIMDOR_18_25.ADT -> The Veiled Sea -> 0 models, 0 WMOs, 1 textures, 1 ground effects
  KALIMDOR_19_12.ADT -> Teldrassil -> 0 models, 0 WMOs, 1 textures, 1 ground effects
  KALIMDOR_19_13.ADT -> Teldrassil -> 0 models, 0 WMOs, 1 textures, 1 ground effects
  KALIMDOR_19_14.ADT -> The Veiled Sea -> 0 models, 0 WMOs, 2 textures, 2 ground effects
  KALIMDOR_19_15.ADT -> Bloodmyst Isle -> 4 models, 1 WMOs, 6 textures, 10 ground effects
  KALIMDOR_19_16.ADT -> Bloodmyst Isle -> 98 models, 2 WMOs, 10 textures, 10 ground effects
  KALIMDOR_19_17.ADT -> Bloodmyst Isle -> 69 models, 1 WMOs, 8 textures, 8 ground effects
  KALIMDOR_19_18.ADT -> Bloodmyst Isle -> 78 models, 2 WMOs, 8 textures, 8 ground effects
  KALIMDOR_19_19.ADT -> Bloodmyst Isle -> 34 models, 0 WMOs, 9 textures, 11 ground effects
  KALIMDOR_19_20.ADT -> Azuremyst Isle -> 9 models, 1 WMOs, 9 textures, 13 ground effects
  KALIMDOR_19_21.ADT -> Azuremyst Isle -> 28 models, 3 WMOs, 12 textures, 20 ground effects
  KALIMDOR_19_22.ADT -> Azuremyst Isle -> 49 models, 3 WMOs, 12 textures, 18 ground effects
  KALIMDOR_19_23.ADT -> Azuremyst Isle -> 43 models, 4 WMOs, 11 textures, 16 ground effects
  KALIMDOR_19_24.ADT -> The Veiled Sea -> 4 models, 0 WMOs, 4 textures, 4 ground effects
  KALIMDOR_19_25.ADT -> The Veiled Sea -> 0 models, 0 WMOs, 1 textures, 1 ground effects
  KALIMDOR_1_0.ADT -> GM Island -> 0 models, 0 WMOs, 1 textures, 1 ground effects
  KALIMDOR_1_1.ADT -> GM Island -> 30 models, 2 WMOs, 6 textures, 6 ground effects
  KALIMDOR_1_2.ADT -> GM Island -> 0 models, 0 WMOs, 1 textures, 1 ground effects
  KALIMDOR_20_12.ADT -> Teldrassil -> 0 models, 0 WMOs, 1 textures, 1 ground effects
  KALIMDOR_20_13.ADT -> Teldrassil -> 0 models, 0 WMOs, 1 textures, 1 ground effects
  KALIMDOR_20_14.ADT -> The Veiled Sea -> 0 models, 0 WMOs, 4 textures, 4 ground effects
  KALIMDOR_20_15.ADT -> Bloodmyst Isle -> 5 models, 1 WMOs, 5 textures, 9 ground effects
  KALIMDOR_20_16.ADT -> Bloodmyst Isle -> 40 models, 4 WMOs, 8 textures, 8 ground effects
  KALIMDOR_20_17.ADT -> Bloodmyst Isle -> 104 models, 7 WMOs, 15 textures, 15 ground effects
  KALIMDOR_20_18.ADT -> Bloodmyst Isle -> 71 models, 3 WMOs, 19 textures, 19 ground effects
  KALIMDOR_20_19.ADT -> Bloodmyst Isle -> 53 models, 2 WMOs, 15 textures, 27 ground effects
  KALIMDOR_20_20.ADT -> Azuremyst Isle -> 52 models, 2 WMOs, 8 textures, 9 ground effects
  KALIMDOR_20_21.ADT -> Azuremyst Isle -> 38 models, 3 WMOs, 7 textures, 14 ground effects
  KALIMDOR_20_22.ADT -> Azuremyst Isle -> 39 models, 2 WMOs, 6 textures, 6 ground effects
  KALIMDOR_20_23.ADT -> Azuremyst Isle -> 42 models, 2 WMOs, 11 textures, 15 ground effects
  KALIMDOR_20_24.ADT -> The Veiled Sea -> 0 models, 0 WMOs, 2 textures, 2 ground effects
  KALIMDOR_20_25.ADT -> The Veiled Sea -> 0 models, 0 WMOs, 1 textures, 1 ground effects
  KALIMDOR_21_12.ADT -> Teldrassil -> 0 models, 0 WMOs, 1 textures, 1 ground effects
  KALIMDOR_21_13.ADT -> Teldrassil -> 0 models, 0 WMOs, 1 textures, 1 ground effects
  KALIMDOR_21_14.ADT -> The Veiled Sea -> 0 models, 0 WMOs, 2 textures, 2 ground effects
  KALIMDOR_21_15.ADT -> Bloodmyst Isle -> 21 models, 1 WMOs, 8 textures, 14 ground effects
  KALIMDOR_21_16.ADT -> Bloodmyst Isle -> 42 models, 5 WMOs, 7 textures, 7 ground effects
  KALIMDOR_21_17.ADT -> Bloodmyst Isle -> 14 models, 1 WMOs, 17 textures, 17 ground effects
  KALIMDOR_21_18.ADT -> Bloodmyst Isle -> 48 models, 2 WMOs, 11 textures, 12 ground effects
  KALIMDOR_21_19.ADT -> Bloodmyst Isle -> 39 models, 2 WMOs, 12 textures, 22 ground effects
  KALIMDOR_21_20.ADT -> Azuremyst Isle -> 76 models, 1 WMOs, 9 textures, 9 ground effects
  KALIMDOR_21_21.ADT -> Azuremyst Isle -> 102 models, 4 WMOs, 8 textures, 8 ground effects
  KALIMDOR_21_22.ADT -> Azuremyst Isle -> 103 models, 3 WMOs, 11 textures, 14 ground effects
  KALIMDOR_21_23.ADT -> Azuremyst Isle -> 5 models, 1 WMOs, 8 textures, 11 ground effects
  KALIMDOR_21_24.ADT -> The Veiled Sea -> 0 models, 0 WMOs, 1 textures, 1 ground effects
  KALIMDOR_21_25.ADT -> The Veiled Sea -> 0 models, 0 WMOs, 1 textures, 1 ground effects
  KALIMDOR_22_12.ADT -> Teldrassil -> 0 models, 0 WMOs, 1 textures, 1 ground effects
  KALIMDOR_22_13.ADT -> Teldrassil -> 0 models, 0 WMOs, 1 textures, 1 ground effects
  KALIMDOR_22_14.ADT -> The Veiled Sea -> 0 models, 0 WMOs, 2 textures, 2 ground effects
  KALIMDOR_22_15.ADT -> Bloodmyst Isle -> 6 models, 2 WMOs, 4 textures, 8 ground effects
  KALIMDOR_22_16.ADT -> Bloodmyst Isle -> 23 models, 3 WMOs, 6 textures, 10 ground effects
  KALIMDOR_22_17.ADT -> Bloodmyst Isle -> 10 models, 0 WMOs, 9 textures, 15 ground effects
  KALIMDOR_22_18.ADT -> The Veiled Sea -> 0 models, 0 WMOs, 5 textures, 5 ground effects
  KALIMDOR_22_19.ADT -> Azuremyst Isle -> 7 models, 0 WMOs, 10 textures, 13 ground effects
  KALIMDOR_22_20.ADT -> Azuremyst Isle -> 28 models, 0 WMOs, 10 textures, 14 ground effects
  KALIMDOR_22_21.ADT -> Azuremyst Isle -> 38 models, 1 WMOs, 8 textures, 12 ground effects
  KALIMDOR_22_22.ADT -> Azuremyst Isle -> 107 models, 1 WMOs, 8 textures, 11 ground effects
  KALIMDOR_22_23.ADT -> Azuremyst Isle -> 4 models, 0 WMOs, 6 textures, 8 ground effects
  KALIMDOR_22_24.ADT -> The Veiled Sea -> 0 models, 0 WMOs, 2 textures, 2 ground effects
  KALIMDOR_22_25.ADT -> The Veiled Sea -> 0 models, 0 WMOs, 1 textures, 1 ground effects
  KALIMDOR_23_12.ADT -> Teldrassil -> 0 models, 0 WMOs, 1 textures, 1 ground effects
  KALIMDOR_23_13.ADT -> Teldrassil -> 0 models, 0 WMOs, 1 textures, 1 ground effects
  KALIMDOR_23_14.ADT -> The Veiled Sea -> 0 models, 0 WMOs, 1 textures, 1 ground effects
  KALIMDOR_23_15.ADT -> The Veiled Sea -> 0 models, 0 WMOs, 2 textures, 2 ground effects
  KALIMDOR_23_16.ADT -> The Veiled Sea -> 0 models, 0 WMOs, 2 textures, 2 ground effects
  KALIMDOR_23_17.ADT -> The Veiled Sea -> 0 models, 0 WMOs, 2 textures, 2 ground effects
  KALIMDOR_23_18.ADT -> The Veiled Sea -> 0 models, 0 WMOs, 3 textures, 3 ground effects
  KALIMDOR_23_19.ADT -> The Veiled Sea -> 4 models, 0 WMOs, 5 textures, 5 ground effects
  KALIMDOR_23_20.ADT -> Azuremyst Isle -> 21 models, 0 WMOs, 8 textures, 12 ground effects
  KALIMDOR_23_21.ADT -> Azuremyst Isle -> 68 models, 3 WMOs, 6 textures, 6 ground effects
  KALIMDOR_23_22.ADT -> Azuremyst Isle -> 122 models, 4 WMOs, 9 textures, 12 ground effects
  KALIMDOR_23_23.ADT -> Azuremyst Isle -> 4 models, 0 WMOs, 8 textures, 11 ground effects
  KALIMDOR_23_24.ADT -> The Veiled Sea -> 0 models, 0 WMOs, 2 textures, 2 ground effects
  KALIMDOR_23_25.ADT -> The Veiled Sea -> 0 models, 0 WMOs, 1 textures
  KALIMDOR_23_37.ADT -> Feralas -> 0 models, 0 WMOs, 1 textures, 1 ground effects
  KALIMDOR_23_38.ADT -> Feralas -> 0 models, 0 WMOs, 1 textures, 1 ground effects
  KALIMDOR_23_39.ADT -> Feralas -> 0 models, 0 WMOs, 4 textures, 4 ground effects
  KALIMDOR_23_40.ADT -> Feralas -> 0 models, 0 WMOs, 2 textures, 2 ground effects
  KALIMDOR_23_41.ADT -> Feralas -> 0 models, 0 WMOs, 2 textures, 2 ground effects
  KALIMDOR_23_42.ADT -> Feralas -> 0 models, 0 WMOs, 2 textures, 2 ground effects
  KALIMDOR_23_43.ADT -> Feralas -> 0 models, 0 WMOs, 2 textures, 2 ground effects
  KALIMDOR_23_44.ADT -> Feralas -> 0 models, 0 WMOs, 2 textures, 2 ground effects
  KALIMDOR_23_45.ADT -> Feralas -> 0 models, 0 WMOs, 1 textures, 1 ground effects
  KALIMDOR_24_12.ADT -> Teldrassil -> 0 models, 0 WMOs, 1 textures, 1 ground effects
  KALIMDOR_24_13.ADT -> Teldrassil -> 0 models, 0 WMOs, 1 textures, 1 ground effects
  KALIMDOR_24_14.ADT -> Teldrassil -> 0 models, 0 WMOs, 1 textures, 1 ground effects
  KALIMDOR_24_15.ADT -> Teldrassil -> 0 models, 0 WMOs, 1 textures, 1 ground effects
  KALIMDOR_24_16.ADT -> Teldrassil -> 0 models, 0 WMOs, 1 textures, 1 ground effects
  KALIMDOR_24_17.ADT -> Teldrassil -> 0 models, 0 WMOs, 1 textures, 1 ground effects
  KALIMDOR_24_18.ADT -> Teldrassil -> 0 models, 0 WMOs, 1 textures, 1 ground effects
  KALIMDOR_24_19.ADT -> The Veiled Sea -> 0 models, 0 WMOs, 4 textures, 4 ground effects
  KALIMDOR_24_20.ADT -> Azuremyst Isle -> 4 models, 0 WMOs, 8 textures, 13 ground effects
  KALIMDOR_24_21.ADT -> Azuremyst Isle -> 29 models, 1 WMOs, 9 textures, 12 ground effects
  KALIMDOR_24_22.ADT -> Azuremyst Isle -> 80 models, 4 WMOs, 9 textures, 13 ground effects
  KALIMDOR_24_23.ADT -> Azuremyst Isle -> 4 models, 0 WMOs, 7 textures, 11 ground effects
  KALIMDOR_24_24.ADT -> The Veiled Sea -> 0 models, 0 WMOs, 2 textures, 2 ground effects
  KALIMDOR_24_25.ADT -> The Veiled Sea -> 0 models, 0 WMOs, 1 textures
  KALIMDOR_24_33.ADT -> Desolace -> 0 models, 0 WMOs, 1 textures, 1 ground effects
  KALIMDOR_24_34.ADT -> Desolace -> 0 models, 0 WMOs, 1 textures, 1 ground effects
  KALIMDOR_24_35.ADT -> Desolace -> 0 models, 0 WMOs, 2 textures, 2 ground effects
  KALIMDOR_24_36.ADT -> Desolace -> 0 models, 0 WMOs, 3 textures, 5 ground effects
  KALIMDOR_24_37.ADT -> Feralas -> 0 models, 0 WMOs, 2 textures, 2 ground effects
  KALIMDOR_24_38.ADT -> Feralas -> 0 models, 0 WMOs, 2 textures, 2 ground effects
  KALIMDOR_24_39.ADT -> Feralas -> 0 models, 0 WMOs, 5 textures, 6 ground effects
  KALIMDOR_24_40.ADT -> Feralas -> 9 models, 1 WMOs, 8 textures, 10 ground effects
  KALIMDOR_24_41.ADT -> Feralas -> 10 models, 2 WMOs, 10 textures, 13 ground effects
  KALIMDOR_24_42.ADT -> Feralas -> 24 models, 3 WMOs, 8 textures, 8 ground effects
  KALIMDOR_24_43.ADT -> Feralas -> 5 models, 0 WMOs, 8 textures, 8 ground effects
  KALIMDOR_24_44.ADT -> Feralas -> 2 models, 0 WMOs, 6 textures, 6 ground effects
  KALIMDOR_24_45.ADT -> Feralas -> 0 models, 0 WMOs, 4 textures, 4 ground effects
  KALIMDOR_25_10.ADT -> Teldrassil -> 0 models, 0 WMOs, 1 textures, 1 ground effects
  KALIMDOR_25_11.ADT -> Teldrassil -> 0 models, 0 WMOs, 1 textures, 1 ground effects
  KALIMDOR_25_12.ADT -> Teldrassil -> 0 models, 0 WMOs, 5 textures, 5 ground effects
  KALIMDOR_25_13.ADT -> Teldrassil -> 0 models, 0 WMOs, 4 textures, 4 ground effects
  KALIMDOR_25_14.ADT -> Teldrassil -> 0 models, 0 WMOs, 5 textures, 5 ground effects
  KALIMDOR_25_15.ADT -> Teldrassil -> 0 models, 0 WMOs, 4 textures, 4 ground effects
  KALIMDOR_25_16.ADT -> Teldrassil -> 0 models, 0 WMOs, 1 textures, 1 ground effects
  KALIMDOR_25_17.ADT -> Teldrassil -> 0 models, 0 WMOs, 1 textures, 1 ground effects
  KALIMDOR_25_18.ADT -> Darkshore -> 0 models, 0 WMOs, 1 textures, 1 ground effects
  KALIMDOR_25_19.ADT -> The Veiled Sea -> 0 models, 0 WMOs, 2 textures
  KALIMDOR_25_20.ADT -> The Veiled Sea -> 0 models, 0 WMOs, 4 textures
  KALIMDOR_25_21.ADT -> The Veiled Sea -> 2 models, 0 WMOs, 5 textures
  KALIMDOR_25_22.ADT -> The Veiled Sea -> 4 models, 0 WMOs, 4 textures
  KALIMDOR_25_23.ADT -> The Veiled Sea -> 4 models, 0 WMOs, 4 textures
  KALIMDOR_25_24.ADT -> The Veiled Sea -> 0 models, 0 WMOs, 2 textures
  KALIMDOR_25_25.ADT -> The Veiled Sea -> 0 models, 0 WMOs, 1 textures
  KALIMDOR_25_26.ADT -> Ashenvale -> 0 models, 0 WMOs, 1 textures, 1 ground effects
  KALIMDOR_25_27.ADT -> Ashenvale -> 0 models, 0 WMOs, 1 textures, 1 ground effects
  KALIMDOR_25_28.ADT -> Desolace -> 0 models, 0 WMOs, 1 textures, 1 ground effects
  KALIMDOR_25_29.ADT -> Desolace -> 0 models, 0 WMOs, 1 textures, 1 ground effects
  KALIMDOR_25_30.ADT -> Desolace -> 0 models, 0 WMOs, 2 textures, 2 ground effects
  KALIMDOR_25_31.ADT -> Desolace -> 0 models, 0 WMOs, 3 textures, 3 ground effects
  KALIMDOR_25_32.ADT -> Desolace -> 0 models, 0 WMOs, 3 textures, 3 ground effects
  KALIMDOR_25_33.ADT -> Desolace -> 0 models, 0 WMOs, 3 textures, 4 ground effects
  KALIMDOR_25_34.ADT -> Desolace -> 0 models, 0 WMOs, 3 textures, 4 ground effects
  KALIMDOR_25_35.ADT -> Desolace -> 62 models, 3 WMOs, 6 textures, 7 ground effects
  KALIMDOR_25_36.ADT -> Desolace -> 4 models, 0 WMOs, 8 textures, 13 ground effects
  KALIMDOR_25_37.ADT -> Feralas -> 3 models, 0 WMOs, 6 textures, 6 ground effects
  KALIMDOR_25_38.ADT -> Feralas -> 3 models, 0 WMOs, 6 textures, 7 ground effects
  KALIMDOR_25_39.ADT -> Feralas -> 1 models, 1 WMOs, 6 textures, 10 ground effects
  KALIMDOR_25_40.ADT -> Feralas -> 75 models, 8 WMOs, 8 textures, 12 ground effects
  KALIMDOR_25_41.ADT -> Feralas -> 70 models, 9 WMOs, 12 textures, 14 ground effects
  KALIMDOR_25_42.ADT -> Feralas -> 44 models, 2 WMOs, 6 textures, 6 ground effects
  KALIMDOR_25_43.ADT -> Feralas -> 20 models, 0 WMOs, 6 textures, 6 ground effects
  KALIMDOR_25_44.ADT -> Feralas -> 19 models, 0 WMOs, 9 textures, 9 ground effects
  KALIMDOR_25_45.ADT -> Feralas -> 0 models, 0 WMOs, 4 textures, 4 ground effects
  KALIMDOR_25_46.ADT -> Feralas -> 0 models, 0 WMOs, 2 textures, 1 ground effects
  KALIMDOR_25_47.ADT -> Feralas -> 0 models, 0 WMOs, 2 textures, 1 ground effects
  KALIMDOR_25_48.ADT -> Feralas -> 0 models, 0 WMOs, 2 textures, 2 ground effects
  KALIMDOR_25_49.ADT -> Silithus -> 0 models, 0 WMOs, 2 textures, 2 ground effects
  KALIMDOR_25_50.ADT -> Silithus -> 0 models, 0 WMOs, 2 textures, 2 ground effects
  KALIMDOR_25_51.ADT -> Silithus -> 0 models, 0 WMOs, 3 textures, 3 ground effects
  KALIMDOR_25_52.ADT -> Silithus -> 0 models, 0 WMOs, 2 textures, 2 ground effects
  KALIMDOR_25_53.ADT -> Silithus -> 0 models, 0 WMOs, 1 textures, 1 ground effects
  KALIMDOR_25_54.ADT -> Silithus -> 0 models, 0 WMOs, 1 textures, 1 ground effects
  KALIMDOR_25_55.ADT -> Silithus -> 0 models, 0 WMOs, 1 textures, 1 ground effects
  KALIMDOR_25_9.ADT -> Teldrassil -> 0 models, 0 WMOs, 1 textures, 1 ground effects
  KALIMDOR_26_10.ADT -> Teldrassil -> 0 models, 0 WMOs, 1 textures, 1 ground effects
  KALIMDOR_26_11.ADT -> Teldrassil -> 0 models, 0 WMOs, 6 textures, 6 ground effects
  KALIMDOR_26_12.ADT -> Teldrassil -> 8 models, 1 WMOs, 10 textures, 14 ground effects
  KALIMDOR_26_13.ADT -> Teldrassil -> 18 models, 1 WMOs, 11 textures, 14 ground effects
  KALIMDOR_26_14.ADT -> Teldrassil -> 10 models, 1 WMOs, 9 textures, 14 ground effects
  KALIMDOR_26_15.ADT -> Teldrassil -> 0 models, 0 WMOs, 7 textures, 7 ground effects
  KALIMDOR_26_16.ADT -> Teldrassil -> 0 models, 0 WMOs, 3 textures, 3 ground effects
  KALIMDOR_26_17.ADT -> Teldrassil -> 0 models, 0 WMOs, 1 textures, 1 ground effects
  KALIMDOR_26_18.ADT -> Darkshore -> 0 models, 0 WMOs, 2 textures, 2 ground effects
  KALIMDOR_26_19.ADT -> Darkshore -> 0 models, 0 WMOs, 1 textures, 1 ground effects
  KALIMDOR_26_20.ADT -> Darkshore -> 0 models, 0 WMOs, 2 textures, 2 ground effects
  KALIMDOR_26_21.ADT -> Darkshore -> 0 models, 0 WMOs, 1 textures, 1 ground effects
  KALIMDOR_26_22.ADT -> Darkshore -> 0 models, 0 WMOs, 1 textures
  KALIMDOR_26_23.ADT -> Darkshore -> 0 models, 0 WMOs, 1 textures
  KALIMDOR_26_24.ADT -> Ashenvale -> 0 models, 0 WMOs, 1 textures
  KALIMDOR_26_25.ADT -> Ashenvale -> 0 models, 0 WMOs, 1 textures, 1 ground effects
  KALIMDOR_26_26.ADT -> Ashenvale -> 10 models, 0 WMOs, 6 textures, 14 ground effects
  KALIMDOR_26_27.ADT -> Ashenvale -> 8 models, 0 WMOs, 6 textures, 7 ground effects
  KALIMDOR_26_28.ADT -> Desolace -> 0 models, 0 WMOs, 5 textures, 5 ground effects
  KALIMDOR_26_29.ADT -> Desolace -> 0 models, 0 WMOs, 1 textures, 1 ground effects
  KALIMDOR_26_30.ADT -> Desolace -> 0 models, 0 WMOs, 2 textures
  KALIMDOR_26_31.ADT -> Desolace -> 30 models, 4 WMOs, 5 textures, 7 ground effects
  KALIMDOR_26_32.ADT -> Desolace -> 24 models, 5 WMOs, 7 textures, 8 ground effects
  KALIMDOR_26_33.ADT -> Desolace -> 5 models, 2 WMOs, 6 textures, 8 ground effects
  KALIMDOR_26_34.ADT -> Desolace -> 90 models, 8 WMOs, 7 textures, 8 ground effects
  KALIMDOR_26_35.ADT -> Desolace -> 146 models, 5 WMOs, 7 textures, 9 ground effects
  KALIMDOR_26_36.ADT -> Desolace -> 30 models, 4 WMOs, 14 textures, 22 ground effects
  KALIMDOR_26_37.ADT -> Feralas -> 62 models, 6 WMOs, 11 textures, 9 ground effects
  KALIMDOR_26_38.ADT -> Feralas -> 25 models, 0 WMOs, 6 textures, 4 ground effects
  KALIMDOR_26_39.ADT -> Feralas -> 14 models, 0 WMOs, 8 textures, 6 ground effects
  KALIMDOR_26_40.ADT -> Feralas -> 22 models, 2 WMOs, 9 textures, 11 ground effects
  KALIMDOR_26_41.ADT -> Feralas -> 9 models, 0 WMOs, 9 textures, 13 ground effects
  KALIMDOR_26_42.ADT -> Feralas -> 16 models, 0 WMOs, 8 textures, 8 ground effects
  KALIMDOR_26_43.ADT -> Feralas -> 19 models, 0 WMOs, 8 textures, 8 ground effects
  KALIMDOR_26_44.ADT -> Feralas -> 17 models, 0 WMOs, 9 textures, 9 ground effects
  KALIMDOR_26_45.ADT -> Feralas -> 0 models, 0 WMOs, 6 textures, 6 ground effects
  KALIMDOR_26_46.ADT -> Silithus -> 0 models, 0 WMOs, 4 textures, 5 ground effects
  KALIMDOR_26_47.ADT -> Silithus -> 0 models, 0 WMOs, 5 textures, 7 ground effects
  KALIMDOR_26_48.ADT -> Silithus -> 0 models, 0 WMOs, 6 textures, 2 ground effects
  KALIMDOR_26_49.ADT -> Silithus -> 0 models, 0 WMOs, 8 textures
  KALIMDOR_26_50.ADT -> Silithus -> 0 models, 0 WMOs, 7 textures
  KALIMDOR_26_51.ADT -> Silithus -> 0 models, 0 WMOs, 3 textures
  KALIMDOR_26_52.ADT -> Silithus -> 0 models, 0 WMOs, 2 textures
  KALIMDOR_26_53.ADT -> Silithus -> 0 models, 0 WMOs, 1 textures, 1 ground effects
  KALIMDOR_26_54.ADT -> Silithus -> 0 models, 0 WMOs, 1 textures, 1 ground effects
  KALIMDOR_26_55.ADT -> Silithus -> 0 models, 0 WMOs, 1 textures, 1 ground effects
  KALIMDOR_26_9.ADT -> Teldrassil -> 0 models, 0 WMOs, 1 textures, 1 ground effects
  KALIMDOR_27_10.ADT -> Teldrassil -> 0 models, 0 WMOs, 7 textures, 7 ground effects
  KALIMDOR_27_11.ADT -> Teldrassil -> 18 models, 0 WMOs, 10 textures, 10 ground effects
  KALIMDOR_27_12.ADT -> Teldrassil -> 25 models, 1 WMOs, 11 textures, 18 ground effects
  KALIMDOR_27_13.ADT -> Darnassus -> 49 models, 1 WMOs, 6 textures, 6 ground effects
  KALIMDOR_27_14.ADT -> Teldrassil -> 16 models, 1 WMOs, 8 textures, 15 ground effects
  KALIMDOR_27_15.ADT -> Teldrassil -> 7 models, 0 WMOs, 9 textures, 9 ground effects
  KALIMDOR_27_16.ADT -> Teldrassil -> 0 models, 0 WMOs, 4 textures, 4 ground effects
  KALIMDOR_27_17.ADT -> Teldrassil -> 0 models, 0 WMOs, 1 textures, 1 ground effects
  KALIMDOR_27_18.ADT -> Darkshore -> 0 models, 0 WMOs, 2 textures, 2 ground effects
  KALIMDOR_27_19.ADT -> Darkshore -> 0 models, 0 WMOs, 2 textures, 2 ground effects
  KALIMDOR_27_20.ADT -> Darkshore -> 0 models, 0 WMOs, 1 textures, 1 ground effects
  KALIMDOR_27_21.ADT -> Darkshore -> 0 models, 0 WMOs, 2 textures, 2 ground effects
  KALIMDOR_27_22.ADT -> Darkshore -> 0 models, 0 WMOs, 2 textures, 2 ground effects
  KALIMDOR_27_23.ADT -> Darkshore -> 0 models, 0 WMOs, 2 textures, 2 ground effects
  KALIMDOR_27_24.ADT -> Ashenvale -> 0 models, 0 WMOs, 2 textures, 2 ground effects
  KALIMDOR_27_25.ADT -> Ashenvale -> 1 models, 0 WMOs, 11 textures, 14 ground effects
  KALIMDOR_27_26.ADT -> Stonetalon Mountains -> 27 models, 1 WMOs, 12 textures, 22 ground effects
  KALIMDOR_27_27.ADT -> Stonetalon Mountains -> 15 models, 0 WMOs, 11 textures, 12 ground effects
  KALIMDOR_27_28.ADT -> Desolace -> 10 models, 0 WMOs, 7 textures, 7 ground effects
  KALIMDOR_27_29.ADT -> Desolace -> 4 models, 0 WMOs, 6 textures, 11 ground effects
  KALIMDOR_27_30.ADT -> Desolace -> 6 models, 0 WMOs, 9 textures, 1 ground effects
  KALIMDOR_27_31.ADT -> Desolace -> 22 models, 1 WMOs, 10 textures, 13 ground effects
  KALIMDOR_27_32.ADT -> Desolace -> 45 models, 7 WMOs, 8 textures, 12 ground effects
  KALIMDOR_27_33.ADT -> Desolace -> 17 models, 0 WMOs, 7 textures, 11 ground effects
  KALIMDOR_27_34.ADT -> Desolace -> 41 models, 4 WMOs, 5 textures, 5 ground effects
  KALIMDOR_27_35.ADT -> Desolace -> 47 models, 2 WMOs, 10 textures, 10 ground effects
  KALIMDOR_27_36.ADT -> Desolace -> 74 models, 5 WMOs, 12 textures, 17 ground effects
  KALIMDOR_27_37.ADT -> Feralas -> 80 models, 3 WMOs, 6 textures, 6 ground effects
  KALIMDOR_27_38.ADT -> Feralas -> 70 models, 0 WMOs, 5 textures, 6 ground effects
  KALIMDOR_27_39.ADT -> Feralas -> 24 models, 1 WMOs, 10 textures, 10 ground effects
  KALIMDOR_27_40.ADT -> Feralas -> 25 models, 3 WMOs, 9 textures, 10 ground effects
  KALIMDOR_27_41.ADT -> Feralas -> 16 models, 2 WMOs, 8 textures, 8 ground effects
  KALIMDOR_27_42.ADT -> Feralas -> 10 models, 0 WMOs, 9 textures, 7 ground effects
  KALIMDOR_27_43.ADT -> Silithus -> 5 models, 0 WMOs, 10 textures, 16 ground effects
  KALIMDOR_27_44.ADT -> Silithus -> 0 models, 0 WMOs, 10 textures, 15 ground effects
  KALIMDOR_27_45.ADT -> Silithus -> 4 models, 0 WMOs, 12 textures, 16 ground effects
  KALIMDOR_27_46.ADT -> Silithus -> 0 models, 0 WMOs, 10 textures, 10 ground effects
  KALIMDOR_27_47.ADT -> Ahn'Qiraj: The Fallen Kingdom -> 1 models, 4 WMOs, 9 textures, 7 ground effects
  KALIMDOR_27_48.ADT -> Ahn'Qiraj: The Fallen Kingdom -> 5 models, 6 WMOs, 12 textures
  KALIMDOR_27_49.ADT -> Ahn'Qiraj: The Fallen Kingdom -> 3 models, 8 WMOs, 10 textures
  KALIMDOR_27_50.ADT -> Ahn'Qiraj: The Fallen Kingdom -> 1 models, 4 WMOs, 11 textures
  KALIMDOR_27_51.ADT -> Ahn'Qiraj: The Fallen Kingdom -> 6 models, 2 WMOs, 10 textures, 6 ground effects
  KALIMDOR_27_52.ADT -> Silithus -> 37 models, 2 WMOs, 8 textures, 6 ground effects
  KALIMDOR_27_53.ADT -> Silithus -> 0 models, 0 WMOs, 3 textures
  KALIMDOR_27_54.ADT -> Silithus -> 0 models, 0 WMOs, 3 textures
  KALIMDOR_27_55.ADT -> Silithus -> 0 models, 0 WMOs, 1 textures
  KALIMDOR_27_9.ADT -> Teldrassil -> 0 models, 0 WMOs, 4 textures, 4 ground effects
  KALIMDOR_28_10.ADT -> Teldrassil -> 2 models, 0 WMOs, 7 textures, 7 ground effects
  KALIMDOR_28_11.ADT -> Teldrassil -> 32 models, 1 WMOs, 7 textures, 7 ground effects
  KALIMDOR_28_12.ADT -> Teldrassil -> 42 models, 2 WMOs, 5 textures, 9 ground effects
  KALIMDOR_28_13.ADT -> Teldrassil -> 38 models, 2 WMOs, 7 textures, 12 ground effects
  KALIMDOR_28_14.ADT -> Teldrassil -> 44 models, 2 WMOs, 7 textures, 7 ground effects
  KALIMDOR_28_15.ADT -> Teldrassil -> 15 models, 1 WMOs, 11 textures, 11 ground effects
  KALIMDOR_28_16.ADT -> Teldrassil -> 0 models, 0 WMOs, 5 textures, 5 ground effects
  KALIMDOR_28_17.ADT -> Teldrassil -> 0 models, 0 WMOs, 1 textures, 1 ground effects
  KALIMDOR_28_18.ADT -> Darkshore -> 0 models, 0 WMOs, 2 textures, 2 ground effects
  KALIMDOR_28_19.ADT -> Darkshore -> 1 models, 0 WMOs, 2 textures, 2 ground effects
  KALIMDOR_28_20.ADT -> Darkshore -> 0 models, 0 WMOs, 2 textures, 2 ground effects
  KALIMDOR_28_21.ADT -> Darkshore -> 0 models, 0 WMOs, 2 textures, 2 ground effects
  KALIMDOR_28_22.ADT -> Darkshore -> 0 models, 0 WMOs, 1 textures, 1 ground effects
  KALIMDOR_28_23.ADT -> Darkshore -> 0 models, 0 WMOs, 4 textures, 4 ground effects
  KALIMDOR_28_24.ADT -> Ashenvale -> 0 models, 0 WMOs, 4 textures, 7 ground effects
  KALIMDOR_28_25.ADT -> Ashenvale -> 1 models, 0 WMOs, 9 textures, 12 ground effects
  KALIMDOR_28_26.ADT -> Stonetalon Mountains -> 9 models, 0 WMOs, 12 textures, 16 ground effects
  KALIMDOR_28_27.ADT -> Stonetalon Mountains -> 13 models, 1 WMOs, 7 textures, 7 ground effects
  KALIMDOR_28_28.ADT -> Stonetalon Mountains -> 18 models, 0 WMOs, 11 textures, 11 ground effects
  KALIMDOR_28_29.ADT -> Stonetalon Mountains -> 21 models, 0 WMOs, 10 textures, 10 ground effects
  KALIMDOR_28_30.ADT -> Stonetalon Mountains -> 17 models, 0 WMOs, 8 textures, 7 ground effects
  KALIMDOR_28_31.ADT -> Stonetalon Mountains -> 25 models, 3 WMOs, 17 textures, 26 ground effects
  KALIMDOR_28_32.ADT -> Desolace -> 97 models, 8 WMOs, 8 textures, 10 ground effects
  KALIMDOR_28_33.ADT -> Desolace -> 18 models, 0 WMOs, 6 textures, 6 ground effects
  KALIMDOR_28_34.ADT -> Desolace -> 122 models, 5 WMOs, 9 textures, 9 ground effects
  KALIMDOR_28_35.ADT -> Desolace -> 32 models, 9 WMOs, 9 textures, 9 ground effects
  KALIMDOR_28_36.ADT -> Desolace -> 33 models, 1 WMOs, 10 textures, 13 ground effects
  KALIMDOR_28_37.ADT -> Feralas -> 68 models, 5 WMOs, 4 textures, 4 ground effects
  KALIMDOR_28_38.ADT -> Feralas -> 51 models, 2 WMOs, 5 textures, 5 ground effects
  KALIMDOR_28_39.ADT -> Feralas -> 54 models, 4 WMOs, 5 textures, 5 ground effects
  KALIMDOR_28_40.ADT -> Feralas -> 44 models, 3 WMOs, 7 textures, 7 ground effects
  KALIMDOR_28_41.ADT -> Feralas -> 37 models, 2 WMOs, 6 textures, 4 ground effects
  KALIMDOR_28_42.ADT -> Feralas -> 41 models, 0 WMOs, 7 textures, 7 ground effects
  KALIMDOR_28_43.ADT -> Silithus -> 82 models, 1 WMOs, 13 textures, 18 ground effects
  KALIMDOR_28_44.ADT -> Silithus -> 70 models, 0 WMOs, 11 textures, 11 ground effects
  KALIMDOR_28_45.ADT -> Silithus -> 15 models, 7 WMOs, 9 textures, 9 ground effects
  KALIMDOR_28_46.ADT -> Silithus -> 69 models, 8 WMOs, 8 textures, 8 ground effects
  KALIMDOR_28_47.ADT -> Gates of Ahn'Qiraj -> 17 models, 8 WMOs, 7 textures, 7 ground effects
  KALIMDOR_28_48.ADT -> Ahn'Qiraj: The Fallen Kingdom -> 15 models, 9 WMOs, 8 textures
  KALIMDOR_28_49.ADT -> Ahn'Qiraj: The Fallen Kingdom -> 6 models, 14 WMOs, 10 textures
  KALIMDOR_28_50.ADT -> Ahn'Qiraj: The Fallen Kingdom -> 9 models, 9 WMOs, 11 textures
  KALIMDOR_28_51.ADT -> Ahn'Qiraj: The Fallen Kingdom -> 4 models, 2 WMOs, 16 textures
  KALIMDOR_28_52.ADT -> Silithus -> 16 models, 0 WMOs, 9 textures
  KALIMDOR_28_53.ADT -> Silithus -> 16 models, 0 WMOs, 7 textures
  KALIMDOR_28_54.ADT -> Silithus -> 0 models, 0 WMOs, 2 textures
  KALIMDOR_28_55.ADT -> Silithus -> 0 models, 0 WMOs, 1 textures
  KALIMDOR_28_9.ADT -> Teldrassil -> 0 models, 0 WMOs, 4 textures, 4 ground effects
  KALIMDOR_29_10.ADT -> Teldrassil -> 2 models, 0 WMOs, 7 textures, 7 ground effects
  KALIMDOR_29_11.ADT -> Teldrassil -> 20 models, 0 WMOs, 7 textures, 7 ground effects
  KALIMDOR_29_12.ADT -> Teldrassil -> 17 models, 2 WMOs, 5 textures, 5 ground effects
  KALIMDOR_29_13.ADT -> Teldrassil -> 30 models, 6 WMOs, 5 textures, 5 ground effects
  KALIMDOR_29_14.ADT -> Teldrassil -> 35 models, 1 WMOs, 7 textures, 7 ground effects
  KALIMDOR_29_15.ADT -> Teldrassil -> 13 models, 0 WMOs, 9 textures, 9 ground effects
  KALIMDOR_29_16.ADT -> Teldrassil -> 0 models, 0 WMOs, 5 textures, 5 ground effects
  KALIMDOR_29_17.ADT -> Teldrassil -> 0 models, 0 WMOs, 2 textures, 4 ground effects
  KALIMDOR_29_18.ADT -> Darkshore -> 0 models, 0 WMOs, 4 textures, 6 ground effects
  KALIMDOR_29_19.ADT -> Darkshore -> 0 models, 0 WMOs, 4 textures, 7 ground effects
  KALIMDOR_29_20.ADT -> Darkshore -> 0 models, 0 WMOs, 5 textures, 9 ground effects
  KALIMDOR_29_21.ADT -> Darkshore -> 0 models, 0 WMOs, 5 textures, 6 ground effects
  KALIMDOR_29_22.ADT -> Darkshore -> 0 models, 0 WMOs, 5 textures, 6 ground effects
  KALIMDOR_29_23.ADT -> Darkshore -> 0 models, 0 WMOs, 12 textures, 15 ground effects
  KALIMDOR_29_24.ADT -> Ashenvale -> 38 models, 0 WMOs, 11 textures, 11 ground effects
  KALIMDOR_29_25.ADT -> Ashenvale -> 26 models, 0 WMOs, 10 textures, 10 ground effects
  KALIMDOR_29_26.ADT -> Stonetalon Mountains -> 56 models, 4 WMOs, 12 textures, 12 ground effects
  KALIMDOR_29_27.ADT -> Stonetalon Mountains -> 32 models, 1 WMOs, 7 textures, 6 ground effects
  KALIMDOR_29_28.ADT -> Stonetalon Mountains -> 18 models, 4 WMOs, 7 textures, 9 ground effects
  KALIMDOR_29_29.ADT -> Stonetalon Mountains -> 26 models, 2 WMOs, 7 textures, 11 ground effects
  KALIMDOR_29_30.ADT -> Stonetalon Mountains -> 22 models, 1 WMOs, 6 textures, 6 ground effects
  KALIMDOR_29_31.ADT -> Stonetalon Mountains -> 59 models, 11 WMOs, 14 textures, 24 ground effects
  KALIMDOR_29_32.ADT -> Desolace -> 50 models, 2 WMOs, 8 textures, 12 ground effects
  KALIMDOR_29_33.ADT -> Desolace -> 63 models, 3 WMOs, 6 textures, 6 ground effects
  KALIMDOR_29_34.ADT -> Desolace -> 49 models, 1 WMOs, 6 textures, 6 ground effects
  KALIMDOR_29_35.ADT -> Desolace -> 64 models, 2 WMOs, 7 textures, 7 ground effects
  KALIMDOR_29_36.ADT -> Desolace -> 40 models, 1 WMOs, 11 textures, 12 ground effects
  KALIMDOR_29_37.ADT -> Feralas -> 50 models, 2 WMOs, 11 textures, 8 ground effects
  KALIMDOR_29_38.ADT -> Dire Maul -> 28 models, 1 WMOs, 7 textures, 7 ground effects
  KALIMDOR_29_39.ADT -> Dire Maul -> 33 models, 2 WMOs, 5 textures, 5 ground effects
  KALIMDOR_29_40.ADT -> Feralas -> 125 models, 6 WMOs, 7 textures, 7 ground effects
  KALIMDOR_29_41.ADT -> Feralas -> 94 models, 2 WMOs, 6 textures, 6 ground effects
  KALIMDOR_29_42.ADT -> Feralas -> 80 models, 4 WMOs, 6 textures, 6 ground effects
  KALIMDOR_29_43.ADT -> Silithus -> 52 models, 2 WMOs, 15 textures, 21 ground effects
  KALIMDOR_29_44.ADT -> Silithus -> 53 models, 3 WMOs, 9 textures, 9 ground effects
  KALIMDOR_29_45.ADT -> Silithus -> 185 models, 6 WMOs, 7 textures, 7 ground effects
  KALIMDOR_29_46.ADT -> Silithus -> 24 models, 6 WMOs, 9 textures, 9 ground effects
  KALIMDOR_29_47.ADT -> Ahn'Qiraj: The Fallen Kingdom -> 46 models, 4 WMOs, 8 textures, 7 ground effects
  KALIMDOR_29_48.ADT -> Ahn'Qiraj: The Fallen Kingdom -> 11 models, 6 WMOs, 8 textures
  KALIMDOR_29_49.ADT -> Ahn'Qiraj: The Fallen Kingdom -> 21 models, 11 WMOs, 11 textures
  KALIMDOR_29_50.ADT -> Ahn'Qiraj: The Fallen Kingdom -> 6 models, 8 WMOs, 15 textures
  KALIMDOR_29_51.ADT -> Ahn'Qiraj: The Fallen Kingdom -> 32 models, 2 WMOs, 9 textures
  KALIMDOR_29_52.ADT -> Uldum -> 50 models, 2 WMOs, 5 textures
  KALIMDOR_29_53.ADT -> Uldum -> 25 models, 0 WMOs, 4 textures
  KALIMDOR_29_54.ADT -> Uldum -> 0 models, 0 WMOs, 2 textures
  KALIMDOR_29_55.ADT -> Uldum -> 0 models, 0 WMOs, 1 textures
  KALIMDOR_29_9.ADT -> Teldrassil -> 0 models, 0 WMOs, 5 textures, 5 ground effects
  KALIMDOR_2_0.ADT -> GM Island -> 0 models, 0 WMOs, 1 textures, 1 ground effects
  KALIMDOR_2_1.ADT -> GM Island -> 0 models, 0 WMOs, 1 textures, 1 ground effects
  KALIMDOR_2_2.ADT -> GM Island -> 0 models, 0 WMOs, 1 textures, 1 ground effects
  KALIMDOR_30_10.ADT -> Teldrassil -> 2 models, 0 WMOs, 8 textures, 8 ground effects
  KALIMDOR_30_11.ADT -> Teldrassil -> 21 models, 3 WMOs, 7 textures, 7 ground effects
  KALIMDOR_30_12.ADT -> Teldrassil -> 56 models, 2 WMOs, 5 textures, 5 ground effects
  KALIMDOR_30_13.ADT -> Teldrassil -> 37 models, 5 WMOs, 5 textures, 5 ground effects
  KALIMDOR_30_14.ADT -> Teldrassil -> 44 models, 2 WMOs, 7 textures, 7 ground effects
  KALIMDOR_30_15.ADT -> Teldrassil -> 66 models, 3 WMOs, 10 textures, 10 ground effects
  KALIMDOR_30_16.ADT -> Teldrassil -> 0 models, 0 WMOs, 4 textures, 4 ground effects
  KALIMDOR_30_17.ADT -> Teldrassil -> 0 models, 0 WMOs, 4 textures, 6 ground effects
  KALIMDOR_30_18.ADT -> Darkshore -> 0 models, 0 WMOs, 6 textures, 7 ground effects
  KALIMDOR_30_19.ADT -> Darkshore -> 25 models, 4 WMOs, 9 textures, 12 ground effects
  KALIMDOR_30_20.ADT -> Darkshore -> 62 models, 7 WMOs, 10 textures, 13 ground effects
  KALIMDOR_30_21.ADT -> Darkshore -> 17 models, 1 WMOs, 9 textures, 9 ground effects
  KALIMDOR_30_22.ADT -> Darkshore -> 60 models, 0 WMOs, 10 textures, 10 ground effects
  KALIMDOR_30_23.ADT -> Darkshore -> 73 models, 5 WMOs, 16 textures, 16 ground effects
  KALIMDOR_30_24.ADT -> Ashenvale -> 68 models, 8 WMOs, 11 textures, 15 ground effects
  KALIMDOR_30_25.ADT -> Ashenvale -> 116 models, 6 WMOs, 7 textures, 7 ground effects
  KALIMDOR_30_26.ADT -> Stonetalon Mountains -> 53 models, 1 WMOs, 6 textures, 5 ground effects
  KALIMDOR_30_27.ADT -> Stonetalon Mountains -> 62 models, 0 WMOs, 9 textures, 13 ground effects
  KALIMDOR_30_28.ADT -> Stonetalon Mountains -> 21 models, 0 WMOs, 10 textures, 13 ground effects
  KALIMDOR_30_29.ADT -> Stonetalon Mountains -> 21 models, 1 WMOs, 6 textures, 9 ground effects
  KALIMDOR_30_30.ADT -> Stonetalon Mountains -> 95 models, 5 WMOs, 7 textures, 5 ground effects
  KALIMDOR_30_31.ADT -> Stonetalon Mountains -> 30 models, 5 WMOs, 11 textures, 17 ground effects
  KALIMDOR_30_32.ADT -> Desolace -> 44 models, 5 WMOs, 10 textures, 12 ground effects
  KALIMDOR_30_33.ADT -> Desolace -> 69 models, 4 WMOs, 9 textures, 13 ground effects
  KALIMDOR_30_34.ADT -> Desolace -> 28 models, 1 WMOs, 9 textures, 13 ground effects
  KALIMDOR_30_35.ADT -> Desolace -> 65 models, 9 WMOs, 14 textures, 14 ground effects
  KALIMDOR_30_36.ADT -> Feralas -> 14 models, 4 WMOs, 9 textures, 4 ground effects
  KALIMDOR_30_37.ADT -> Feralas -> 47 models, 3 WMOs, 11 textures, 8 ground effects
  KALIMDOR_30_38.ADT -> Dire Maul -> 25 models, 1 WMOs, 7 textures, 7 ground effects
  KALIMDOR_30_39.ADT -> Dire Maul -> 61 models, 4 WMOs, 7 textures, 6 ground effects
  KALIMDOR_30_40.ADT -> Feralas -> 81 models, 6 WMOs, 5 textures, 5 ground effects
  KALIMDOR_30_41.ADT -> Feralas -> 61 models, 7 WMOs, 8 textures, 5 ground effects
  KALIMDOR_30_42.ADT -> Feralas -> 91 models, 4 WMOs, 9 textures, 8 ground effects
  KALIMDOR_30_43.ADT -> Silithus -> 44 models, 4 WMOs, 15 textures, 20 ground effects
  KALIMDOR_30_44.ADT -> Silithus -> 158 models, 11 WMOs, 7 textures, 7 ground effects
  KALIMDOR_30_45.ADT -> Silithus -> 24 models, 1 WMOs, 7 textures, 7 ground effects
  KALIMDOR_30_46.ADT -> Silithus -> 92 models, 5 WMOs, 7 textures, 7 ground effects
  KALIMDOR_30_47.ADT -> Ahn'Qiraj: The Fallen Kingdom -> 109 models, 6 WMOs, 15 textures, 26 ground effects
  KALIMDOR_30_48.ADT -> Ahn'Qiraj: The Fallen Kingdom -> 18 models, 3 WMOs, 11 textures, 16 ground effects
  KALIMDOR_30_49.ADT -> Ahn'Qiraj: The Fallen Kingdom -> 9 models, 4 WMOs, 11 textures, 15 ground effects
  KALIMDOR_30_50.ADT -> Ahn'Qiraj: The Fallen Kingdom -> 3 models, 1 WMOs, 7 textures, 11 ground effects
  KALIMDOR_30_51.ADT -> Uldum -> 47 models, 5 WMOs, 6 textures, 6 ground effects
  KALIMDOR_30_52.ADT -> Uldum -> 78 models, 10 WMOs, 7 textures, 7 ground effects
  KALIMDOR_30_53.ADT -> Uldum -> 17 models, 1 WMOs, 4 textures, 4 ground effects
  KALIMDOR_30_54.ADT -> Uldum -> 0 models, 0 WMOs, 2 textures, 2 ground effects
  KALIMDOR_30_55.ADT -> Uldum -> 0 models, 0 WMOs, 1 textures
  KALIMDOR_30_9.ADT -> Teldrassil -> 0 models, 0 WMOs, 5 textures, 5 ground effects
  KALIMDOR_31_10.ADT -> Teldrassil -> 2 models, 0 WMOs, 7 textures, 7 ground effects
  KALIMDOR_31_11.ADT -> Teldrassil -> 6 models, 0 WMOs, 8 textures, 8 ground effects
  KALIMDOR_31_12.ADT -> Teldrassil -> 11 models, 0 WMOs, 7 textures, 7 ground effects
  KALIMDOR_31_13.ADT -> Teldrassil -> 44 models, 2 WMOs, 8 textures, 8 ground effects
  KALIMDOR_31_14.ADT -> Teldrassil -> 13 models, 0 WMOs, 8 textures, 8 ground effects
  KALIMDOR_31_15.ADT -> Teldrassil -> 4 models, 0 WMOs, 7 textures, 7 ground effects
  KALIMDOR_31_16.ADT -> Teldrassil -> 0 models, 0 WMOs, 5 textures, 7 ground effects
  KALIMDOR_31_17.ADT -> Darkshore -> 0 models, 0 WMOs, 5 textures, 7 ground effects
  KALIMDOR_31_18.ADT -> Darkshore -> 43 models, 3 WMOs, 9 textures, 9 ground effects
  KALIMDOR_31_19.ADT -> Darkshore -> 64 models, 6 WMOs, 9 textures, 9 ground effects
  KALIMDOR_31_20.ADT -> Darkshore -> 112 models, 6 WMOs, 9 textures, 9 ground effects
  KALIMDOR_31_21.ADT -> Darkshore -> 86 models, 1 WMOs, 8 textures, 8 ground effects
  KALIMDOR_31_22.ADT -> Darkshore -> 61 models, 2 WMOs, 8 textures, 8 ground effects
  KALIMDOR_31_23.ADT -> Darkshore -> 95 models, 2 WMOs, 8 textures, 8 ground effects
  KALIMDOR_31_24.ADT -> Ashenvale -> 61 models, 4 WMOs, 10 textures, 16 ground effects
  KALIMDOR_31_25.ADT -> Ashenvale -> 52 models, 2 WMOs, 6 textures, 6 ground effects
  KALIMDOR_31_26.ADT -> Ashenvale -> 71 models, 1 WMOs, 6 textures, 6 ground effects
  KALIMDOR_31_27.ADT -> Ashenvale -> 112 models, 0 WMOs, 9 textures, 12 ground effects
  KALIMDOR_31_28.ADT -> Stonetalon Mountains -> 57 models, 1 WMOs, 16 textures, 32 ground effects
  KALIMDOR_31_29.ADT -> Stonetalon Mountains -> 24 models, 4 WMOs, 5 textures, 10 ground effects
  KALIMDOR_31_30.ADT -> Stonetalon Mountains -> 25 models, 1 WMOs, 6 textures, 6 ground effects
  KALIMDOR_31_31.ADT -> Stonetalon Mountains -> 11 models, 1 WMOs, 7 textures, 11 ground effects
  KALIMDOR_31_32.ADT -> Stonetalon Mountains -> 10 models, 2 WMOs, 18 textures, 11 ground effects
  KALIMDOR_31_34.ADT -> Thunder Bluff -> 43 models, 16 WMOs, 9 textures, 15 ground effects
  KALIMDOR_31_35.ADT -> Desolace -> 88 models, 0 WMOs, 13 textures, 21 ground effects
  KALIMDOR_31_36.ADT -> Mulgore -> 13 models, 4 WMOs, 9 textures, 11 ground effects
  KALIMDOR_31_37.ADT -> Mulgore -> 10 models, 0 WMOs, 10 textures, 14 ground effects
  KALIMDOR_31_38.ADT -> Mulgore -> 48 models, 1 WMOs, 11 textures, 21 ground effects
  KALIMDOR_31_39.ADT -> Feralas -> 83 models, 2 WMOs, 8 textures, 8 ground effects
  KALIMDOR_31_40.ADT -> Feralas -> 148 models, 6 WMOs, 5 textures, 5 ground effects
  KALIMDOR_31_41.ADT -> Feralas -> 65 models, 2 WMOs, 6 textures, 6 ground effects
  KALIMDOR_31_42.ADT -> Feralas -> 79 models, 4 WMOs, 12 textures, 9 ground effects
  KALIMDOR_31_43.ADT -> Silithus -> 62 models, 3 WMOs, 9 textures, 13 ground effects
  KALIMDOR_31_44.ADT -> Silithus -> 67 models, 1 WMOs, 7 textures, 7 ground effects
  KALIMDOR_31_45.ADT -> Silithus -> 36 models, 3 WMOs, 8 textures, 8 ground effects
  KALIMDOR_31_46.ADT -> Silithus -> 12 models, 4 WMOs, 9 textures, 9 ground effects
  KALIMDOR_31_47.ADT -> Silithus -> 24 models, 6 WMOs, 17 textures, 23 ground effects
  KALIMDOR_31_48.ADT -> Uldum -> 121 models, 11 WMOs, 9 textures, 9 ground effects
  KALIMDOR_31_49.ADT -> Uldum -> 94 models, 7 WMOs, 10 textures, 10 ground effects
  KALIMDOR_31_50.ADT -> Uldum -> 17 models, 4 WMOs, 4 textures, 4 ground effects
  KALIMDOR_31_51.ADT -> Uldum -> 15 models, 9 WMOs, 7 textures, 7 ground effects
  KALIMDOR_31_52.ADT -> Uldum -> 28 models, 8 WMOs, 6 textures, 6 ground effects
  KALIMDOR_31_53.ADT -> Uldum -> 26 models, 3 WMOs, 6 textures, 6 ground effects
  KALIMDOR_31_54.ADT -> Uldum -> 12 models, 0 WMOs, 5 textures, 5 ground effects
  KALIMDOR_31_55.ADT -> Uldum -> 0 models, 0 WMOs, 2 textures
  KALIMDOR_31_9.ADT -> Teldrassil -> 0 models, 0 WMOs, 4 textures, 4 ground effects
  KALIMDOR_32_10.ADT -> Teldrassil -> 0 models, 0 WMOs, 5 textures, 5 ground effects
  KALIMDOR_32_11.ADT -> Teldrassil -> 2 models, 0 WMOs, 7 textures, 7 ground effects
  KALIMDOR_32_12.ADT -> Teldrassil -> 11 models, 0 WMOs, 10 textures, 10 ground effects
  KALIMDOR_32_13.ADT -> Teldrassil -> 21 models, 0 WMOs, 9 textures, 9 ground effects
  KALIMDOR_32_14.ADT -> Teldrassil -> 5 models, 0 WMOs, 8 textures, 8 ground effects
  KALIMDOR_32_15.ADT -> Teldrassil -> 1 models, 0 WMOs, 7 textures, 7 ground effects
  KALIMDOR_32_16.ADT -> Teldrassil -> 0 models, 0 WMOs, 4 textures, 9 ground effects
  KALIMDOR_32_17.ADT -> Darkshore -> 5 models, 0 WMOs, 7 textures, 9 ground effects
  KALIMDOR_32_18.ADT -> Darkshore -> 43 models, 1 WMOs, 11 textures, 13 ground effects
  KALIMDOR_32_19.ADT -> Darkshore -> 81 models, 1 WMOs, 8 textures, 9 ground effects
  KALIMDOR_32_20.ADT -> Darkshore -> 38 models, 1 WMOs, 8 textures, 8 ground effects
  KALIMDOR_32_21.ADT -> Darkshore -> 23 models, 1 WMOs, 9 textures, 12 ground effects
  KALIMDOR_32_22.ADT -> Darkshore -> 83 models, 10 WMOs, 8 textures, 15 ground effects
  KALIMDOR_32_23.ADT -> Darkshore -> 90 models, 7 WMOs, 11 textures, 16 ground effects
  KALIMDOR_32_24.ADT -> Ashenvale -> 84 models, 0 WMOs, 11 textures, 22 ground effects
  KALIMDOR_32_25.ADT -> Ashenvale -> 88 models, 1 WMOs, 5 textures, 5 ground effects
  KALIMDOR_32_26.ADT -> Ashenvale -> 124 models, 6 WMOs, 5 textures, 5 ground effects
  KALIMDOR_32_27.ADT -> Ashenvale -> 82 models, 4 WMOs, 6 textures, 6 ground effects
  KALIMDOR_32_28.ADT -> Stonetalon Mountains -> 63 models, 0 WMOs, 9 textures, 12 ground effects
  KALIMDOR_32_29.ADT -> Stonetalon Mountains -> 40 models, 2 WMOs, 5 textures, 8 ground effects
  KALIMDOR_32_30.ADT -> Stonetalon Mountains -> 38 models, 1 WMOs, 8 textures, 8 ground effects
  KALIMDOR_32_31.ADT -> Stonetalon Mountains -> 37 models, 5 WMOs, 9 textures, 9 ground effects
  KALIMDOR_32_32.ADT -> Stonetalon Mountains -> 107 models, 8 WMOs, 12 textures, 16 ground effects
  KALIMDOR_32_33.ADT -> Thunder Bluff -> 67 models, 7 WMOs, 6 textures, 11 ground effects
  KALIMDOR_32_34.ADT -> Thunder Bluff -> 48 models, 15 WMOs, 7 textures, 12 ground effects
  KALIMDOR_32_35.ADT -> Mulgore -> 22 models, 1 WMOs, 7 textures, 9 ground effects
  KALIMDOR_32_36.ADT -> Mulgore -> 168 models, 8 WMOs, 7 textures, 9 ground effects
  KALIMDOR_32_37.ADT -> Mulgore -> 96 models, 5 WMOs, 6 textures, 6 ground effects
  KALIMDOR_32_38.ADT -> Mulgore -> 20 models, 1 WMOs, 9 textures, 10 ground effects
  KALIMDOR_32_39.ADT -> Feralas -> 100 models, 1 WMOs, 7 textures, 7 ground effects
  KALIMDOR_32_40.ADT -> Feralas -> 112 models, 0 WMOs, 11 textures, 11 ground effects
  KALIMDOR_32_41.ADT -> Feralas -> 6 models, 1 WMOs, 10 textures, 10 ground effects
  KALIMDOR_32_42.ADT -> Feralas -> 1 models, 1 WMOs, 6 textures, 6 ground effects
  KALIMDOR_32_43.ADT -> Un'Goro Crater -> 61 models, 2 WMOs, 11 textures, 14 ground effects
  KALIMDOR_32_44.ADT -> Un'Goro Crater -> 55 models, 0 WMOs, 12 textures, 14 ground effects
  KALIMDOR_32_45.ADT -> Un'Goro Crater -> 21 models, 0 WMOs, 10 textures, 17 ground effects
  KALIMDOR_32_46.ADT -> Un'Goro Crater -> 8 models, 0 WMOs, 12 textures, 20 ground effects
  KALIMDOR_32_47.ADT -> Un'Goro Crater -> 21 models, 3 WMOs, 14 textures, 24 ground effects
  KALIMDOR_32_48.ADT -> Uldum -> 66 models, 11 WMOs, 6 textures, 6 ground effects
  KALIMDOR_32_49.ADT -> Uldum -> 77 models, 8 WMOs, 9 textures, 9 ground effects
  KALIMDOR_32_50.ADT -> Uldum -> 79 models, 7 WMOs, 9 textures, 9 ground effects
  KALIMDOR_32_51.ADT -> Uldum -> 53 models, 6 WMOs, 7 textures, 7 ground effects
  KALIMDOR_32_52.ADT -> Uldum -> 54 models, 3 WMOs, 10 textures, 10 ground effects
  KALIMDOR_32_53.ADT -> Uldum -> 47 models, 6 WMOs, 5 textures, 5 ground effects
  KALIMDOR_32_54.ADT -> Uldum -> 20 models, 0 WMOs, 5 textures, 5 ground effects
  KALIMDOR_32_55.ADT -> Uldum -> 0 models, 0 WMOs, 2 textures
  KALIMDOR_32_9.ADT -> Teldrassil -> 0 models, 0 WMOs, 2 textures, 2 ground effects
  KALIMDOR_33_10.ADT -> Teldrassil -> 0 models, 0 WMOs, 2 textures, 2 ground effects
  KALIMDOR_33_11.ADT -> Teldrassil -> 0 models, 0 WMOs, 4 textures, 4 ground effects
  KALIMDOR_33_12.ADT -> Teldrassil -> 0 models, 0 WMOs, 4 textures, 4 ground effects
  KALIMDOR_33_13.ADT -> Teldrassil -> 0 models, 0 WMOs, 4 textures, 4 ground effects
  KALIMDOR_33_14.ADT -> Teldrassil -> 0 models, 0 WMOs, 3 textures, 3 ground effects
  KALIMDOR_33_15.ADT -> Teldrassil -> 0 models, 0 WMOs, 2 textures, 4 ground effects
  KALIMDOR_33_16.ADT -> Teldrassil -> 6 models, 0 WMOs, 7 textures, 10 ground effects
  KALIMDOR_33_17.ADT -> Darkshore -> 49 models, 3 WMOs, 11 textures, 11 ground effects
  KALIMDOR_33_18.ADT -> Darkshore -> 60 models, 2 WMOs, 7 textures, 7 ground effects
  KALIMDOR_33_19.ADT -> Darkshore -> 63 models, 1 WMOs, 9 textures, 14 ground effects
  KALIMDOR_33_20.ADT -> Felwood -> 43 models, 0 WMOs, 5 textures, 5 ground effects
  KALIMDOR_33_21.ADT -> Felwood -> 36 models, 2 WMOs, 6 textures, 6 ground effects
  KALIMDOR_33_22.ADT -> Felwood -> 63 models, 7 WMOs, 7 textures, 8 ground effects
  KALIMDOR_33_23.ADT -> Felwood -> 42 models, 4 WMOs, 8 textures, 8 ground effects
  KALIMDOR_33_24.ADT -> Felwood -> 62 models, 1 WMOs, 9 textures, 9 ground effects
  KALIMDOR_33_25.ADT -> Ashenvale -> 50 models, 1 WMOs, 8 textures, 14 ground effects
  KALIMDOR_33_26.ADT -> Ashenvale -> 69 models, 0 WMOs, 6 textures, 6 ground effects
  KALIMDOR_33_27.ADT -> Ashenvale -> 48 models, 0 WMOs, 5 textures, 5 ground effects
  KALIMDOR_33_28.ADT -> Stonetalon Mountains -> 70 models, 1 WMOs, 8 textures, 13 ground effects
  KALIMDOR_33_29.ADT -> Stonetalon Mountains -> 39 models, 3 WMOs, 13 textures, 13 ground effects
  KALIMDOR_33_30.ADT -> Stonetalon Mountains -> 11 models, 0 WMOs, 11 textures, 18 ground effects
  KALIMDOR_33_31.ADT -> Stonetalon Mountains -> 60 models, 3 WMOs, 9 textures, 19 ground effects
  KALIMDOR_33_32.ADT -> Stonetalon Mountains -> 57 models, 0 WMOs, 17 textures, 38 ground effects
  KALIMDOR_33_33.ADT -> The Barrens -> 16 models, 2 WMOs, 10 textures, 14 ground effects
  KALIMDOR_33_34.ADT -> Mulgore -> 71 models, 1 WMOs, 6 textures, 6 ground effects
  KALIMDOR_33_35.ADT -> Mulgore -> 56 models, 1 WMOs, 8 textures, 10 ground effects
  KALIMDOR_33_36.ADT -> Mulgore -> 18 models, 0 WMOs, 7 textures, 9 ground effects
  KALIMDOR_33_37.ADT -> Mulgore -> 36 models, 2 WMOs, 7 textures, 7 ground effects
  KALIMDOR_33_38.ADT -> The Barrens -> 6 models, 1 WMOs, 14 textures, 5 ground effects
  KALIMDOR_33_39.ADT -> Thousand Needles -> 86 models, 3 WMOs, 15 textures, 23 ground effects
  KALIMDOR_33_40.ADT -> Thousand Needles -> 70 models, 2 WMOs, 16 textures, 23 ground effects
  KALIMDOR_33_41.ADT -> Thousand Needles -> 49 models, 0 WMOs, 13 textures, 9 ground effects
  KALIMDOR_33_42.ADT -> Thousand Needles -> 0 models, 0 WMOs, 8 textures, 5 ground effects
  KALIMDOR_33_43.ADT -> Thousand Needles -> 11 models, 1 WMOs, 13 textures, 19 ground effects
  KALIMDOR_33_44.ADT -> Un'Goro Crater -> 23 models, 0 WMOs, 6 textures, 9 ground effects
  KALIMDOR_33_45.ADT -> Un'Goro Crater -> 23 models, 0 WMOs, 8 textures, 11 ground effects
  KALIMDOR_33_46.ADT -> Un'Goro Crater -> 48 models, 1 WMOs, 6 textures, 8 ground effects
  KALIMDOR_33_47.ADT -> Un'Goro Crater -> 13 models, 1 WMOs, 11 textures, 16 ground effects
  KALIMDOR_33_48.ADT -> Uldum -> 31 models, 2 WMOs, 8 textures, 8 ground effects
  KALIMDOR_33_49.ADT -> Uldum -> 108 models, 6 WMOs, 9 textures, 9 ground effects
  KALIMDOR_33_50.ADT -> Uldum -> 170 models, 8 WMOs, 11 textures, 11 ground effects
  KALIMDOR_33_51.ADT -> Uldum -> 39 models, 9 WMOs, 10 textures, 10 ground effects
  KALIMDOR_33_52.ADT -> Uldum -> 82 models, 5 WMOs, 8 textures, 8 ground effects
  KALIMDOR_33_53.ADT -> Uldum -> 63 models, 14 WMOs, 7 textures, 7 ground effects
  KALIMDOR_33_54.ADT -> Uldum -> 26 models, 0 WMOs, 6 textures, 6 ground effects
  KALIMDOR_33_55.ADT -> Uldum -> 0 models, 0 WMOs, 2 textures
  KALIMDOR_33_9.ADT -> Teldrassil -> 0 models, 0 WMOs, 1 textures, 1 ground effects
  KALIMDOR_34_12.ADT -> Darkshore -> 0 models, 0 WMOs, 2 textures, 2 ground effects
  KALIMDOR_34_13.ADT -> Darkshore -> 0 models, 0 WMOs, 1 textures, 1 ground effects
  KALIMDOR_34_14.ADT -> Darkshore -> 0 models, 0 WMOs, 2 textures, 2 ground effects
  KALIMDOR_34_15.ADT -> Darkshore -> 0 models, 0 WMOs, 3 textures, 3 ground effects
  KALIMDOR_34_16.ADT -> Darkshore -> 15 models, 0 WMOs, 11 textures, 13 ground effects
  KALIMDOR_34_17.ADT -> Darkshore -> 59 models, 5 WMOs, 7 textures, 7 ground effects
  KALIMDOR_34_18.ADT -> Darkshore -> 86 models, 3 WMOs, 11 textures, 15 ground effects
  KALIMDOR_34_19.ADT -> Felwood -> 22 models, 1 WMOs, 9 textures, 6 ground effects
  KALIMDOR_34_20.ADT -> Felwood -> 50 models, 1 WMOs, 5 textures, 5 ground effects
  KALIMDOR_34_21.ADT -> Felwood -> 18 models, 0 WMOs, 9 textures, 11 ground effects
  KALIMDOR_34_22.ADT -> Felwood -> 24 models, 1 WMOs, 8 textures, 17 ground effects
  KALIMDOR_34_23.ADT -> Felwood -> 23 models, 0 WMOs, 11 textures, 15 ground effects
  KALIMDOR_34_24.ADT -> Felwood -> 81 models, 3 WMOs, 9 textures, 9 ground effects
  KALIMDOR_34_25.ADT -> Ashenvale -> 66 models, 1 WMOs, 10 textures, 17 ground effects
  KALIMDOR_34_26.ADT -> Ashenvale -> 44 models, 2 WMOs, 4 textures, 4 ground effects
  KALIMDOR_34_27.ADT -> Ashenvale -> 88 models, 0 WMOs, 5 textures, 5 ground effects
  KALIMDOR_34_28.ADT -> Ashenvale -> 105 models, 3 WMOs, 6 textures, 5 ground effects
  KALIMDOR_34_29.ADT -> The Barrens -> 29 models, 1 WMOs, 9 textures, 10 ground effects
  KALIMDOR_34_30.ADT -> The Barrens -> 46 models, 0 WMOs, 5 textures, 8 ground effects
  KALIMDOR_34_31.ADT -> The Barrens -> 28 models, 0 WMOs, 7 textures, 10 ground effects
  KALIMDOR_34_32.ADT -> The Barrens -> 58 models, 2 WMOs, 8 textures, 7 ground effects
  KALIMDOR_34_33.ADT -> The Barrens -> 83 models, 3 WMOs, 12 textures, 21 ground effects
  KALIMDOR_34_34.ADT -> The Barrens -> 69 models, 1 WMOs, 11 textures, 18 ground effects
  KALIMDOR_34_35.ADT -> The Barrens -> 5 models, 1 WMOs, 9 textures, 17 ground effects
  KALIMDOR_34_36.ADT -> The Barrens -> 13 models, 0 WMOs, 12 textures, 19 ground effects
  KALIMDOR_34_37.ADT -> The Barrens -> 51 models, 4 WMOs, 12 textures, 26 ground effects
  KALIMDOR_34_38.ADT -> The Barrens -> 5 models, 0 WMOs, 10 textures, 25 ground effects
  KALIMDOR_34_39.ADT -> Thousand Needles -> 42 models, 2 WMOs, 10 textures, 16 ground effects
  KALIMDOR_34_40.ADT -> Thousand Needles -> 75 models, 3 WMOs, 10 textures, 12 ground effects
  KALIMDOR_34_41.ADT -> Thousand Needles -> 49 models, 1 WMOs, 8 textures, 6 ground effects
  KALIMDOR_34_42.ADT -> Thousand Needles -> 27 models, 1 WMOs, 7 textures, 7 ground effects
  KALIMDOR_34_43.ADT -> Thousand Needles -> 67 models, 2 WMOs, 8 textures, 11 ground effects
  KALIMDOR_34_44.ADT -> Un'Goro Crater -> 20 models, 0 WMOs, 7 textures, 10 ground effects
  KALIMDOR_34_45.ADT -> Un'Goro Crater -> 31 models, 1 WMOs, 8 textures, 13 ground effects
  KALIMDOR_34_46.ADT -> Un'Goro Crater -> 15 models, 1 WMOs, 6 textures, 6 ground effects
  KALIMDOR_34_47.ADT -> Un'Goro Crater -> 11 models, 1 WMOs, 9 textures, 12 ground effects
  KALIMDOR_34_48.ADT -> Uldum -> 48 models, 11 WMOs, 8 textures, 8 ground effects
  KALIMDOR_34_49.ADT -> Uldum -> 73 models, 9 WMOs, 9 textures, 9 ground effects
  KALIMDOR_34_50.ADT -> Uldum -> 90 models, 13 WMOs, 9 textures, 9 ground effects
  KALIMDOR_34_51.ADT -> Uldum -> 57 models, 11 WMOs, 8 textures, 8 ground effects
  KALIMDOR_34_52.ADT -> Uldum -> 198 models, 14 WMOs, 11 textures, 11 ground effects
  KALIMDOR_34_53.ADT -> Uldum -> 59 models, 4 WMOs, 8 textures, 8 ground effects
  KALIMDOR_34_54.ADT -> Uldum -> 12 models, 0 WMOs, 5 textures, 5 ground effects
  KALIMDOR_34_55.ADT -> Uldum -> 0 models, 0 WMOs, 2 textures
  KALIMDOR_35_12.ADT -> Darkshore -> 0 models, 0 WMOs, 2 textures, 2 ground effects
  KALIMDOR_35_13.ADT -> Darkshore -> 0 models, 0 WMOs, 1 textures, 1 ground effects
  KALIMDOR_35_14.ADT -> Darkshore -> 0 models, 0 WMOs, 2 textures, 2 ground effects
  KALIMDOR_35_15.ADT -> Moonglade -> 0 models, 0 WMOs, 4 textures, 6 ground effects
  KALIMDOR_35_16.ADT -> Moonglade -> 10 models, 0 WMOs, 16 textures, 24 ground effects
  KALIMDOR_35_17.ADT -> Moonglade -> 33 models, 4 WMOs, 10 textures, 13 ground effects
  KALIMDOR_35_18.ADT -> Moonglade -> 43 models, 5 WMOs, 15 textures, 25 ground effects
  KALIMDOR_35_19.ADT -> Felwood -> 41 models, 2 WMOs, 6 textures, 6 ground effects
  KALIMDOR_35_20.ADT -> Felwood -> 50 models, 2 WMOs, 8 textures, 7 ground effects
  KALIMDOR_35_21.ADT -> Felwood -> 25 models, 0 WMOs, 8 textures, 12 ground effects
  KALIMDOR_35_22.ADT -> Hyjal -> 68 models, 7 WMOs, 9 textures, 16 ground effects
  KALIMDOR_35_23.ADT -> Felwood -> 54 models, 1 WMOs, 8 textures, 16 ground effects
  KALIMDOR_35_24.ADT -> Felwood -> 25 models, 2 WMOs, 11 textures, 20 ground effects
  KALIMDOR_35_25.ADT -> Ashenvale -> 29 models, 2 WMOs, 11 textures, 28 ground effects
  KALIMDOR_35_26.ADT -> Ashenvale -> 40 models, 1 WMOs, 6 textures, 6 ground effects
  KALIMDOR_35_27.ADT -> Ashenvale -> 75 models, 4 WMOs, 5 textures, 5 ground effects
  KALIMDOR_35_28.ADT -> Ashenvale -> 80 models, 5 WMOs, 5 textures, 5 ground effects
  KALIMDOR_35_29.ADT -> The Barrens -> 100 models, 3 WMOs, 10 textures, 16 ground effects
  KALIMDOR_35_30.ADT -> The Barrens -> 79 models, 2 WMOs, 5 textures, 8 ground effects
  KALIMDOR_35_31.ADT -> The Barrens -> 91 models, 2 WMOs, 9 textures, 16 ground effects
  KALIMDOR_35_32.ADT -> The Barrens -> 85 models, 6 WMOs, 11 textures, 13 ground effects
  KALIMDOR_35_33.ADT -> The Barrens -> 114 models, 4 WMOs, 10 textures, 13 ground effects
  KALIMDOR_35_34.ADT -> The Barrens -> 56 models, 1 WMOs, 9 textures, 13 ground effects
  KALIMDOR_35_35.ADT -> The Barrens -> 64 models, 0 WMOs, 5 textures, 7 ground effects
  KALIMDOR_35_36.ADT -> The Barrens -> 127 models, 4 WMOs, 8 textures, 14 ground effects
  KALIMDOR_35_37.ADT -> The Barrens -> 15 models, 0 WMOs, 8 textures, 15 ground effects
  KALIMDOR_35_38.ADT -> The Barrens -> 80 models, 2 WMOs, 8 textures, 15 ground effects
  KALIMDOR_35_39.ADT -> The Barrens -> 113 models, 5 WMOs, 8 textures, 19 ground effects
  KALIMDOR_35_40.ADT -> Thousand Needles -> 97 models, 8 WMOs, 13 textures, 22 ground effects
  KALIMDOR_35_41.ADT -> Thousand Needles -> 99 models, 8 WMOs, 6 textures, 6 ground effects
  KALIMDOR_35_42.ADT -> Thousand Needles -> 38 models, 1 WMOs, 9 textures, 8 ground effects
  KALIMDOR_35_43.ADT -> Thousand Needles -> 8 models, 1 WMOs, 10 textures, 13 ground effects
  KALIMDOR_35_44.ADT -> Un'Goro Crater -> 39 models, 1 WMOs, 6 textures, 9 ground effects
  KALIMDOR_35_45.ADT -> Un'Goro Crater -> 30 models, 0 WMOs, 5 textures, 5 ground effects
  KALIMDOR_35_46.ADT -> Un'Goro Crater -> 41 models, 0 WMOs, 5 textures, 5 ground effects
  KALIMDOR_35_47.ADT -> Un'Goro Crater -> 33 models, 0 WMOs, 15 textures, 30 ground effects
  KALIMDOR_35_48.ADT -> Tanaris -> 36 models, 17 WMOs, 13 textures, 19 ground effects
  KALIMDOR_35_49.ADT -> Tanaris -> 13 models, 8 WMOs, 9 textures, 14 ground effects
  KALIMDOR_35_50.ADT -> Uldum -> 54 models, 10 WMOs, 9 textures, 9 ground effects
  KALIMDOR_35_51.ADT -> Uldum -> 33 models, 8 WMOs, 8 textures, 8 ground effects
  KALIMDOR_35_52.ADT -> Uldum -> 90 models, 13 WMOs, 11 textures, 11 ground effects
  KALIMDOR_35_53.ADT -> Uldum -> 37 models, 1 WMOs, 9 textures, 9 ground effects
  KALIMDOR_35_54.ADT -> Uldum -> 13 models, 0 WMOs, 4 textures, 4 ground effects
  KALIMDOR_35_55.ADT -> Uldum -> 0 models, 0 WMOs, 2 textures
  KALIMDOR_36_12.ADT -> Darkshore -> 0 models, 0 WMOs, 2 textures, 2 ground effects
  KALIMDOR_36_13.ADT -> Darkshore -> 0 models, 0 WMOs, 1 textures, 1 ground effects
  KALIMDOR_36_14.ADT -> Darkshore -> 0 models, 0 WMOs, 2 textures, 2 ground effects
  KALIMDOR_36_15.ADT -> Moonglade -> 0 models, 0 WMOs, 5 textures, 8 ground effects
  KALIMDOR_36_16.ADT -> Moonglade -> 29 models, 1 WMOs, 7 textures, 7 ground effects
  KALIMDOR_36_17.ADT -> Moonglade -> 60 models, 11 WMOs, 7 textures, 7 ground effects
  KALIMDOR_36_18.ADT -> Winterspring -> 39 models, 1 WMOs, 15 textures, 24 ground effects
  KALIMDOR_36_19.ADT -> Winterspring -> 67 models, 1 WMOs, 10 textures, 14 ground effects
  KALIMDOR_36_20.ADT -> Winterspring -> 41 models, 1 WMOs, 12 textures, 22 ground effects
  KALIMDOR_36_21.ADT -> Hyjal -> 55 models, 1 WMOs, 11 textures, 10 ground effects
  KALIMDOR_36_22.ADT -> Hyjal -> 56 models, 4 WMOs, 13 textures, 15 ground effects
  KALIMDOR_36_23.ADT -> Hyjal -> 24 models, 3 WMOs, 8 textures, 17 ground effects
  KALIMDOR_36_24.ADT -> Hyjal -> 48 models, 6 WMOs, 12 textures, 21 ground effects
  KALIMDOR_36_25.ADT -> Ashenvale -> 26 models, 2 WMOs, 13 textures, 18 ground effects
  KALIMDOR_36_26.ADT -> Ashenvale -> 67 models, 0 WMOs, 6 textures, 6 ground effects
  KALIMDOR_36_27.ADT -> Ashenvale -> 112 models, 5 WMOs, 6 textures, 6 ground effects
  KALIMDOR_36_28.ADT -> Ashenvale -> 102 models, 2 WMOs, 6 textures, 6 ground effects
  KALIMDOR_36_29.ADT -> The Barrens -> 121 models, 1 WMOs, 13 textures, 22 ground effects
  KALIMDOR_36_30.ADT -> The Barrens -> 104 models, 1 WMOs, 6 textures, 9 ground effects
  KALIMDOR_36_31.ADT -> The Barrens -> 70 models, 1 WMOs, 6 textures, 11 ground effects
  KALIMDOR_36_32.ADT -> The Barrens -> 101 models, 8 WMOs, 6 textures, 9 ground effects
  KALIMDOR_36_33.ADT -> The Barrens -> 101 models, 6 WMOs, 10 textures, 20 ground effects
  KALIMDOR_36_34.ADT -> The Barrens -> 87 models, 2 WMOs, 10 textures, 16 ground effects
  KALIMDOR_36_35.ADT -> The Barrens -> 80 models, 3 WMOs, 6 textures, 12 ground effects
  KALIMDOR_36_36.ADT -> The Barrens -> 86 models, 2 WMOs, 6 textures, 9 ground effects
  KALIMDOR_36_37.ADT -> Dustwallow Marsh -> 27 models, 1 WMOs, 11 textures, 21 ground effects
  KALIMDOR_36_38.ADT -> Dustwallow Marsh -> 70 models, 2 WMOs, 13 textures, 23 ground effects
  KALIMDOR_36_39.ADT -> Dustwallow Marsh -> 89 models, 6 WMOs, 12 textures, 19 ground effects
  KALIMDOR_36_40.ADT -> Thousand Needles -> 86 models, 8 WMOs, 16 textures, 23 ground effects
  KALIMDOR_36_41.ADT -> Thousand Needles -> 100 models, 9 WMOs, 9 textures, 14 ground effects
  KALIMDOR_36_42.ADT -> Thousand Needles -> 80 models, 4 WMOs, 7 textures, 7 ground effects
  KALIMDOR_36_43.ADT -> Thousand Needles -> 18 models, 7 WMOs, 11 textures, 16 ground effects
  KALIMDOR_36_44.ADT -> Un'Goro Crater -> 11 models, 4 WMOs, 11 textures, 15 ground effects
  KALIMDOR_36_45.ADT -> Un'Goro Crater -> 29 models, 1 WMOs, 9 textures, 14 ground effects
  KALIMDOR_36_46.ADT -> Un'Goro Crater -> 25 models, 2 WMOs, 12 textures, 16 ground effects
  KALIMDOR_36_47.ADT -> Un'Goro Crater -> 17 models, 1 WMOs, 10 textures, 14 ground effects
  KALIMDOR_36_48.ADT -> Tanaris -> 45 models, 0 WMOs, 5 textures
  KALIMDOR_36_49.ADT -> Tanaris -> 72 models, 2 WMOs, 7 textures
  KALIMDOR_36_50.ADT -> Tanaris -> 44 models, 11 WMOs, 9 textures, 15 ground effects
  KALIMDOR_36_51.ADT -> Uldum -> 62 models, 11 WMOs, 6 textures, 6 ground effects
  KALIMDOR_36_52.ADT -> Uldum -> 35 models, 6 WMOs, 7 textures, 7 ground effects
  KALIMDOR_36_53.ADT -> Uldum -> 22 models, 3 WMOs, 6 textures, 6 ground effects
  KALIMDOR_36_54.ADT -> Uldum -> 8 models, 0 WMOs, 6 textures, 6 ground effects
  KALIMDOR_36_55.ADT -> Uldum -> 0 models, 0 WMOs, 2 textures
  KALIMDOR_37_12.ADT -> Darkshore -> 0 models, 0 WMOs, 1 textures, 1 ground effects
  KALIMDOR_37_13.ADT -> Darkshore -> 0 models, 0 WMOs, 1 textures, 1 ground effects
  KALIMDOR_37_14.ADT -> Darkshore -> 0 models, 0 WMOs, 1 textures, 1 ground effects
  KALIMDOR_37_15.ADT -> Moonglade -> 0 models, 0 WMOs, 6 textures, 11 ground effects
  KALIMDOR_37_16.ADT -> Moonglade -> 22 models, 1 WMOs, 9 textures, 9 ground effects
  KALIMDOR_37_17.ADT -> Moonglade -> 52 models, 6 WMOs, 7 textures, 7 ground effects
  KALIMDOR_37_18.ADT -> Winterspring -> 45 models, 2 WMOs, 11 textures, 17 ground effects
  KALIMDOR_37_19.ADT -> Winterspring -> 60 models, 0 WMOs, 6 textures, 6 ground effects
  KALIMDOR_37_20.ADT -> Winterspring -> 23 models, 1 WMOs, 7 textures, 11 ground effects
  KALIMDOR_37_21.ADT -> Hyjal -> 45 models, 5 WMOs, 11 textures, 16 ground effects
  KALIMDOR_37_22.ADT -> Hyjal -> 51 models, 6 WMOs, 15 textures, 15 ground effects
  KALIMDOR_37_23.ADT -> Hyjal -> 15 models, 4 WMOs, 6 textures, 6 ground effects
  KALIMDOR_37_24.ADT -> Hyjal -> 127 models, 5 WMOs, 10 textures, 14 ground effects
  KALIMDOR_37_25.ADT -> Ashenvale -> 20 models, 1 WMOs, 13 textures, 20 ground effects
  KALIMDOR_37_26.ADT -> Ashenvale -> 139 models, 3 WMOs, 9 textures, 12 ground effects
  KALIMDOR_37_27.ADT -> Ashenvale -> 110 models, 3 WMOs, 8 textures, 11 ground effects
  KALIMDOR_37_28.ADT -> Ashenvale -> 172 models, 2 WMOs, 12 textures, 12 ground effects
  KALIMDOR_37_29.ADT -> The Barrens -> 123 models, 3 WMOs, 13 textures, 22 ground effects
  KALIMDOR_37_30.ADT -> The Barrens -> 67 models, 2 WMOs, 5 textures, 8 ground effects
  KALIMDOR_37_31.ADT -> The Barrens -> 57 models, 3 WMOs, 7 textures, 10 ground effects
  KALIMDOR_37_32.ADT -> The Barrens -> 117 models, 4 WMOs, 6 textures, 12 ground effects
  KALIMDOR_37_33.ADT -> The Barrens -> 94 models, 5 WMOs, 9 textures, 14 ground effects
  KALIMDOR_37_34.ADT -> The Barrens -> 84 models, 3 WMOs, 9 textures, 14 ground effects
  KALIMDOR_37_35.ADT -> The Barrens -> 72 models, 0 WMOs, 5 textures, 8 ground effects
  KALIMDOR_37_36.ADT -> Dustwallow Marsh -> 69 models, 5 WMOs, 11 textures, 18 ground effects
  KALIMDOR_37_37.ADT -> Dustwallow Marsh -> 146 models, 3 WMOs, 10 textures, 10 ground effects
  KALIMDOR_37_38.ADT -> Dustwallow Marsh -> 54 models, 3 WMOs, 6 textures, 6 ground effects
  KALIMDOR_37_39.ADT -> Dustwallow Marsh -> 53 models, 1 WMOs, 7 textures, 7 ground effects
  KALIMDOR_37_40.ADT -> Dustwallow Marsh -> 148 models, 6 WMOs, 11 textures, 17 ground effects
  KALIMDOR_37_41.ADT -> Thousand Needles -> 24 models, 3 WMOs, 11 textures, 25 ground effects
  KALIMDOR_37_42.ADT -> Thousand Needles -> 40 models, 0 WMOs, 6 textures, 6 ground effects
  KALIMDOR_37_43.ADT -> Thousand Needles -> 29 models, 9 WMOs, 9 textures, 13 ground effects
  KALIMDOR_37_44.ADT -> Tanaris -> 31 models, 10 WMOs, 10 textures, 8 ground effects
  KALIMDOR_37_45.ADT -> Tanaris -> 31 models, 4 WMOs, 6 textures, 6 ground effects
  KALIMDOR_37_46.ADT -> Tanaris -> 16 models, 2 WMOs, 8 textures, 8 ground effects
  KALIMDOR_37_47.ADT -> Tanaris -> 124 models, 2 WMOs, 9 textures, 9 ground effects
  KALIMDOR_37_48.ADT -> Tanaris -> 25 models, 1 WMOs, 5 textures, 5 ground effects
  KALIMDOR_37_49.ADT -> Tanaris -> 51 models, 2 WMOs, 7 textures, 7 ground effects
  KALIMDOR_37_50.ADT -> Tanaris -> 16 models, 2 WMOs, 18 textures, 28 ground effects
  KALIMDOR_37_51.ADT -> Tanaris -> 28 models, 1 WMOs, 12 textures, 15 ground effects
  KALIMDOR_37_52.ADT -> Tanaris -> 14 models, 0 WMOs, 7 textures, 11 ground effects
  KALIMDOR_37_53.ADT -> Tanaris -> 1 models, 0 WMOs, 4 textures, 6 ground effects
  KALIMDOR_37_54.ADT -> Tanaris -> 1 models, 0 WMOs, 2 textures, 4 ground effects
  KALIMDOR_37_55.ADT -> Tanaris -> 0 models, 0 WMOs, 1 textures, 1 ground effects
  KALIMDOR_38_12.ADT -> Darkshore -> 0 models, 0 WMOs, 1 textures, 1 ground effects
  KALIMDOR_38_13.ADT -> The Great Sea -> 0 models, 0 WMOs, 1 textures, 1 ground effects
  KALIMDOR_38_14.ADT -> Winterspring -> 0 models, 0 WMOs, 5 textures, 5 ground effects
  KALIMDOR_38_15.ADT -> Winterspring -> 2 models, 0 WMOs, 7 textures, 10 ground effects
  KALIMDOR_38_16.ADT -> Winterspring -> 12 models, 1 WMOs, 12 textures, 14 ground effects
  KALIMDOR_38_17.ADT -> Winterspring -> 15 models, 1 WMOs, 8 textures, 11 ground effects
  KALIMDOR_38_18.ADT -> Winterspring -> 13 models, 1 WMOs, 8 textures, 12 ground effects
  KALIMDOR_38_19.ADT -> Winterspring -> 53 models, 1 WMOs, 6 textures, 6 ground effects
  KALIMDOR_38_20.ADT -> Winterspring -> 18 models, 2 WMOs, 7 textures, 12 ground effects
  KALIMDOR_38_21.ADT -> Hyjal -> 94 models, 3 WMOs, 10 textures, 10 ground effects
  KALIMDOR_38_22.ADT -> Hyjal -> 31 models, 2 WMOs, 13 textures, 16 ground effects
  KALIMDOR_38_23.ADT -> Hyjal -> 32 models, 2 WMOs, 9 textures, 7 ground effects
  KALIMDOR_38_24.ADT -> Ashenvale -> 83 models, 6 WMOs, 13 textures, 19 ground effects
  KALIMDOR_38_25.ADT -> Ashenvale -> 22 models, 2 WMOs, 10 textures, 15 ground effects
  KALIMDOR_38_26.ADT -> Ashenvale -> 163 models, 8 WMOs, 8 textures, 9 ground effects
  KALIMDOR_38_27.ADT -> Ashenvale -> 136 models, 7 WMOs, 10 textures, 18 ground effects
  KALIMDOR_38_28.ADT -> The Barrens -> 170 models, 1 WMOs, 19 textures, 36 ground effects
  KALIMDOR_38_29.ADT -> The Barrens -> 87 models, 3 WMOs, 10 textures, 20 ground effects
  KALIMDOR_38_30.ADT -> The Barrens -> 44 models, 1 WMOs, 6 textures, 9 ground effects
  KALIMDOR_38_31.ADT -> The Barrens -> 76 models, 5 WMOs, 6 textures, 9 ground effects
  KALIMDOR_38_32.ADT -> The Barrens -> 79 models, 2 WMOs, 5 textures, 5 ground effects
  KALIMDOR_38_33.ADT -> The Barrens -> 106 models, 9 WMOs, 6 textures, 9 ground effects
  KALIMDOR_38_34.ADT -> The Barrens -> 76 models, 3 WMOs, 5 textures, 9 ground effects
  KALIMDOR_38_35.ADT -> The Barrens -> 123 models, 7 WMOs, 7 textures, 9 ground effects
  KALIMDOR_38_36.ADT -> Dustwallow Marsh -> 133 models, 6 WMOs, 10 textures, 21 ground effects
  KALIMDOR_38_37.ADT -> Dustwallow Marsh -> 65 models, 2 WMOs, 9 textures, 9 ground effects
  KALIMDOR_38_38.ADT -> Dustwallow Marsh -> 81 models, 3 WMOs, 10 textures, 10 ground effects
  KALIMDOR_38_39.ADT -> Dustwallow Marsh -> 78 models, 1 WMOs, 8 textures, 8 ground effects
  KALIMDOR_38_40.ADT -> Dustwallow Marsh -> 120 models, 2 WMOs, 10 textures, 14 ground effects
  KALIMDOR_38_41.ADT -> Thousand Needles -> 68 models, 1 WMOs, 12 textures, 17 ground effects
  KALIMDOR_38_42.ADT -> Thousand Needles -> 63 models, 1 WMOs, 9 textures, 14 ground effects
  KALIMDOR_38_43.ADT -> Thousand Needles -> 32 models, 0 WMOs, 12 textures, 16 ground effects
  KALIMDOR_38_44.ADT -> Thousand Needles -> 69 models, 1 WMOs, 13 textures, 17 ground effects
  KALIMDOR_38_45.ADT -> Tanaris -> 47 models, 3 WMOs, 7 textures, 7 ground effects
  KALIMDOR_38_46.ADT -> Tanaris -> 15 models, 0 WMOs, 3 textures, 3 ground effects
  KALIMDOR_38_47.ADT -> Tanaris -> 13 models, 0 WMOs, 6 textures, 6 ground effects
  KALIMDOR_38_48.ADT -> Tanaris -> 39 models, 1 WMOs, 9 textures, 9 ground effects
  KALIMDOR_38_49.ADT -> Tanaris -> 12 models, 0 WMOs, 8 textures, 8 ground effects
  KALIMDOR_38_50.ADT -> Tanaris -> 0 models, 0 WMOs, 11 textures, 12 ground effects
  KALIMDOR_38_51.ADT -> Tanaris -> 0 models, 0 WMOs, 8 textures, 9 ground effects
  KALIMDOR_38_52.ADT -> Tanaris -> 0 models, 0 WMOs, 3 textures, 3 ground effects
  KALIMDOR_38_53.ADT -> Tanaris -> 0 models, 0 WMOs, 1 textures, 1 ground effects
  KALIMDOR_38_54.ADT -> Tanaris -> 0 models, 0 WMOs, 1 textures, 1 ground effects
  KALIMDOR_38_55.ADT -> Tanaris -> 0 models, 0 WMOs, 1 textures, 1 ground effects
  KALIMDOR_39_12.ADT -> The Great Sea -> 0 models, 0 WMOs, 1 textures
  KALIMDOR_39_13.ADT -> The Great Sea -> 0 models, 0 WMOs, 1 textures
  KALIMDOR_39_14.ADT -> Winterspring -> 0 models, 0 WMOs, 6 textures
  KALIMDOR_39_15.ADT -> Winterspring -> 16 models, 1 WMOs, 8 textures, 7 ground effects
  KALIMDOR_39_16.ADT -> Winterspring -> 24 models, 2 WMOs, 8 textures, 8 ground effects
  KALIMDOR_39_17.ADT -> Winterspring -> 27 models, 2 WMOs, 7 textures, 7 ground effects
  KALIMDOR_39_18.ADT -> Winterspring -> 30 models, 3 WMOs, 5 textures, 5 ground effects
  KALIMDOR_39_19.ADT -> Winterspring -> 43 models, 3 WMOs, 8 textures, 8 ground effects
  KALIMDOR_39_20.ADT -> Winterspring -> 37 models, 4 WMOs, 11 textures, 16 ground effects
  KALIMDOR_39_21.ADT -> Winterspring -> 17 models, 2 WMOs, 11 textures, 17 ground effects
  KALIMDOR_39_22.ADT -> Winterspring -> 29 models, 1 WMOs, 13 textures, 23 ground effects
  KALIMDOR_39_23.ADT -> Winterspring -> 59 models, 2 WMOs, 10 textures, 13 ground effects
  KALIMDOR_39_24.ADT -> Winterspring -> 72 models, 2 WMOs, 19 textures, 30 ground effects
  KALIMDOR_39_25.ADT -> Ashenvale -> 70 models, 2 WMOs, 8 textures, 13 ground effects
  KALIMDOR_39_26.ADT -> Ashenvale -> 118 models, 5 WMOs, 12 textures, 18 ground effects
  KALIMDOR_39_27.ADT -> Durotar -> 31 models, 2 WMOs, 9 textures, 14 ground effects
  KALIMDOR_39_28.ADT -> The Barrens -> 38 models, 1 WMOs, 15 textures, 37 ground effects
  KALIMDOR_39_29.ADT -> The Barrens -> 54 models, 3 WMOs, 13 textures, 18 ground effects
  KALIMDOR_39_30.ADT -> The Barrens -> 100 models, 2 WMOs, 12 textures, 15 ground effects
  KALIMDOR_39_31.ADT -> The Barrens -> 79 models, 3 WMOs, 10 textures, 13 ground effects
  KALIMDOR_39_32.ADT -> The Barrens -> 63 models, 1 WMOs, 9 textures, 14 ground effects
  KALIMDOR_39_33.ADT -> The Barrens -> 124 models, 8 WMOs, 12 textures, 25 ground effects
  KALIMDOR_39_34.ADT -> The Barrens -> 83 models, 4 WMOs, 6 textures, 12 ground effects
  KALIMDOR_39_35.ADT -> Dustwallow Marsh -> 43 models, 3 WMOs, 9 textures, 13 ground effects
  KALIMDOR_39_36.ADT -> Dustwallow Marsh -> 83 models, 4 WMOs, 13 textures, 21 ground effects
  KALIMDOR_39_37.ADT -> Dustwallow Marsh -> 79 models, 3 WMOs, 8 textures, 8 ground effects
  KALIMDOR_39_38.ADT -> Dustwallow Marsh -> 40 models, 3 WMOs, 11 textures, 11 ground effects
  KALIMDOR_39_39.ADT -> Dustwallow Marsh -> 71 models, 3 WMOs, 11 textures, 22 ground effects
  KALIMDOR_39_40.ADT -> Dustwallow Marsh -> 67 models, 4 WMOs, 14 textures, 14 ground effects
  KALIMDOR_39_41.ADT -> Dustwallow Marsh -> 54 models, 3 WMOs, 14 textures, 21 ground effects
  KALIMDOR_39_42.ADT -> Thousand Needles -> 16 models, 4 WMOs, 9 textures, 12 ground effects
  KALIMDOR_39_43.ADT -> Thousand Needles -> 71 models, 4 WMOs, 7 textures, 7 ground effects
  KALIMDOR_39_44.ADT -> Thousand Needles -> 43 models, 2 WMOs, 12 textures, 19 ground effects
  KALIMDOR_39_45.ADT -> Tanaris -> 178 models, 7 WMOs, 7 textures, 7 ground effects
  KALIMDOR_39_46.ADT -> Tanaris -> 25 models, 2 WMOs, 6 textures, 6 ground effects
  KALIMDOR_39_47.ADT -> Tanaris -> 16 models, 2 WMOs, 5 textures, 5 ground effects
  KALIMDOR_39_48.ADT -> Tanaris -> 12 models, 4 WMOs, 8 textures, 8 ground effects
  KALIMDOR_39_49.ADT -> Tanaris -> 12 models, 6 WMOs, 7 textures, 7 ground effects
  KALIMDOR_39_50.ADT -> Tanaris -> 8 models, 0 WMOs, 7 textures, 6 ground effects
  KALIMDOR_39_51.ADT -> Tanaris -> 0 models, 0 WMOs, 10 textures, 10 ground effects
  KALIMDOR_39_52.ADT -> Tanaris -> 0 models, 0 WMOs, 2 textures, 2 ground effects
  KALIMDOR_39_53.ADT -> Tanaris -> 0 models, 0 WMOs, 2 textures, 2 ground effects
  KALIMDOR_39_54.ADT -> Tanaris -> 0 models, 0 WMOs, 2 textures, 2 ground effects
  KALIMDOR_39_55.ADT -> Tanaris -> 0 models, 0 WMOs, 1 textures, 1 ground effects
  KALIMDOR_40_12.ADT -> The Great Sea -> 0 models, 0 WMOs, 1 textures
  KALIMDOR_40_13.ADT -> The Great Sea -> 0 models, 0 WMOs, 1 textures
  KALIMDOR_40_14.ADT -> Winterspring -> 0 models, 0 WMOs, 4 textures
  KALIMDOR_40_15.ADT -> Winterspring -> 0 models, 0 WMOs, 10 textures, 9 ground effects
  KALIMDOR_40_16.ADT -> Winterspring -> 13 models, 0 WMOs, 10 textures, 10 ground effects
  KALIMDOR_40_17.ADT -> Winterspring -> 36 models, 1 WMOs, 5 textures, 5 ground effects
  KALIMDOR_40_18.ADT -> Winterspring -> 28 models, 1 WMOs, 4 textures, 4 ground effects
  KALIMDOR_40_19.ADT -> Winterspring -> 148 models, 7 WMOs, 8 textures, 8 ground effects
  KALIMDOR_40_20.ADT -> Winterspring -> 31 models, 2 WMOs, 6 textures, 6 ground effects
  KALIMDOR_40_21.ADT -> Winterspring -> 87 models, 4 WMOs, 9 textures, 9 ground effects
  KALIMDOR_40_22.ADT -> Winterspring -> 67 models, 8 WMOs, 14 textures, 14 ground effects
  KALIMDOR_40_23.ADT -> Winterspring -> 50 models, 2 WMOs, 7 textures, 7 ground effects
  KALIMDOR_40_24.ADT -> Winterspring -> 26 models, 1 WMOs, 10 textures, 13 ground effects
  KALIMDOR_40_25.ADT -> Azshara -> 125 models, 7 WMOs, 6 textures, 6 ground effects
  KALIMDOR_40_26.ADT -> Azshara -> 68 models, 4 WMOs, 5 textures, 5 ground effects
  KALIMDOR_40_27.ADT -> Orgrimmar -> 19 models, 2 WMOs, 8 textures, 14 ground effects
  KALIMDOR_40_28.ADT -> Orgrimmar -> 1 models, 1 WMOs, 6 textures, 8 ground effects
  KALIMDOR_40_29.ADT -> Orgrimmar -> 89 models, 4 WMOs, 8 textures, 10 ground effects
  KALIMDOR_40_30.ADT -> Durotar -> 89 models, 2 WMOs, 7 textures, 7 ground effects
  KALIMDOR_40_31.ADT -> Durotar -> 113 models, 6 WMOs, 5 textures, 5 ground effects
  KALIMDOR_40_32.ADT -> Durotar -> 29 models, 2 WMOs, 4 textures, 7 ground effects
  KALIMDOR_40_33.ADT -> The Barrens -> 114 models, 4 WMOs, 6 textures, 11 ground effects
  KALIMDOR_40_34.ADT -> The Barrens -> 44 models, 2 WMOs, 12 textures, 21 ground effects
  KALIMDOR_40_35.ADT -> Dustwallow Marsh -> 13 models, 4 WMOs, 10 textures, 14 ground effects
  KALIMDOR_40_36.ADT -> Dustwallow Marsh -> 12 models, 1 WMOs, 12 textures, 20 ground effects
  KALIMDOR_40_37.ADT -> Dustwallow Marsh -> 72 models, 1 WMOs, 12 textures, 20 ground effects
  KALIMDOR_40_38.ADT -> Dustwallow Marsh -> 110 models, 13 WMOs, 17 textures, 23 ground effects
  KALIMDOR_40_39.ADT -> Dustwallow Marsh -> 82 models, 17 WMOs, 13 textures, 17 ground effects
  KALIMDOR_40_40.ADT -> Dustwallow Marsh -> 0 models, 0 WMOs, 8 textures, 5 ground effects
  KALIMDOR_40_41.ADT -> Dustwallow Marsh -> 17 models, 1 WMOs, 10 textures, 9 ground effects
  KALIMDOR_40_42.ADT -> Thousand Needles -> 3 models, 3 WMOs, 14 textures, 15 ground effects
  KALIMDOR_40_43.ADT -> Thousand Needles -> 24 models, 1 WMOs, 13 textures, 19 ground effects
  KALIMDOR_40_44.ADT -> Thousand Needles -> 32 models, 3 WMOs, 11 textures, 16 ground effects
  KALIMDOR_40_45.ADT -> Tanaris -> 85 models, 1 WMOs, 5 textures, 5 ground effects
  KALIMDOR_40_46.ADT -> Tanaris -> 94 models, 1 WMOs, 6 textures, 6 ground effects
  KALIMDOR_40_47.ADT -> Tanaris -> 8 models, 3 WMOs, 6 textures, 6 ground effects
  KALIMDOR_40_48.ADT -> Tanaris -> 20 models, 2 WMOs, 12 textures, 12 ground effects
  KALIMDOR_40_49.ADT -> Tanaris -> 0 models, 0 WMOs, 10 textures, 10 ground effects
  KALIMDOR_40_50.ADT -> Tanaris -> 0 models, 0 WMOs, 11 textures, 11 ground effects
  KALIMDOR_40_51.ADT -> Tanaris -> 0 models, 0 WMOs, 6 textures, 5 ground effects
  KALIMDOR_40_52.ADT -> Tanaris -> 0 models, 0 WMOs, 3 textures, 3 ground effects
  KALIMDOR_40_53.ADT -> Tanaris -> 31 models, 3 WMOs, 8 textures, 8 ground effects
  KALIMDOR_40_54.ADT -> Tanaris -> 19 models, 2 WMOs, 8 textures, 8 ground effects
  KALIMDOR_40_55.ADT -> Tanaris -> 0 models, 0 WMOs, 2 textures, 2 ground effects
  KALIMDOR_41_12.ADT -> The Great Sea -> 0 models, 0 WMOs, 1 textures
  KALIMDOR_41_13.ADT -> The Great Sea -> 0 models, 0 WMOs, 1 textures
  KALIMDOR_41_14.ADT -> Winterspring -> 0 models, 0 WMOs, 3 textures
  KALIMDOR_41_15.ADT -> Winterspring -> 0 models, 0 WMOs, 6 textures, 4 ground effects
  KALIMDOR_41_16.ADT -> Winterspring -> 1 models, 0 WMOs, 10 textures, 9 ground effects
  KALIMDOR_41_17.ADT -> Winterspring -> 29 models, 1 WMOs, 6 textures, 6 ground effects
  KALIMDOR_41_18.ADT -> Winterspring -> 34 models, 0 WMOs, 6 textures, 6 ground effects
  KALIMDOR_41_19.ADT -> Winterspring -> 76 models, 2 WMOs, 6 textures, 6 ground effects
  KALIMDOR_41_20.ADT -> Winterspring -> 27 models, 1 WMOs, 7 textures, 7 ground effects
  KALIMDOR_41_21.ADT -> Winterspring -> 38 models, 7 WMOs, 12 textures, 20 ground effects
  KALIMDOR_41_22.ADT -> Winterspring -> 68 models, 4 WMOs, 20 textures, 27 ground effects
  KALIMDOR_41_23.ADT -> Winterspring -> 36 models, 1 WMOs, 14 textures, 19 ground effects
  KALIMDOR_41_24.ADT -> Winterspring -> 65 models, 6 WMOs, 8 textures, 12 ground effects
  KALIMDOR_41_25.ADT -> Azshara -> 54 models, 8 WMOs, 8 textures, 8 ground effects
  KALIMDOR_41_26.ADT -> Azshara -> 61 models, 3 WMOs, 4 textures, 4 ground effects
  KALIMDOR_41_27.ADT -> Orgrimmar -> 34 models, 5 WMOs, 9 textures, 15 ground effects
  KALIMDOR_41_28.ADT -> Orgrimmar -> 1 models, 1 WMOs, 14 textures, 15 ground effects
  KALIMDOR_41_29.ADT -> Durotar -> 50 models, 2 WMOs, 11 textures, 11 ground effects
  KALIMDOR_41_30.ADT -> Durotar -> 52 models, 3 WMOs, 8 textures, 8 ground effects
  KALIMDOR_41_31.ADT -> Durotar -> 74 models, 4 WMOs, 8 textures, 8 ground effects
  KALIMDOR_41_32.ADT -> Durotar -> 71 models, 11 WMOs, 9 textures, 9 ground effects
  KALIMDOR_41_33.ADT -> Durotar -> 98 models, 3 WMOs, 11 textures, 11 ground effects
  KALIMDOR_41_34.ADT -> The Barrens -> 32 models, 0 WMOs, 12 textures, 18 ground effects
  KALIMDOR_41_35.ADT -> The Barrens -> 11 models, 0 WMOs, 8 textures, 11 ground effects
  KALIMDOR_41_36.ADT -> Dustwallow Marsh -> 30 models, 5 WMOs, 6 textures, 7 ground effects
  KALIMDOR_41_37.ADT -> Dustwallow Marsh -> 31 models, 6 WMOs, 9 textures, 11 ground effects
  KALIMDOR_41_38.ADT -> Dustwallow Marsh -> 1 models, 0 WMOs, 8 textures, 8 ground effects
  KALIMDOR_41_39.ADT -> Dustwallow Marsh -> 18 models, 1 WMOs, 8 textures, 8 ground effects
  KALIMDOR_41_40.ADT -> Dustwallow Marsh -> 0 models, 0 WMOs, 7 textures, 7 ground effects
  KALIMDOR_41_41.ADT -> Dustwallow Marsh -> 0 models, 0 WMOs, 7 textures, 7 ground effects
  KALIMDOR_41_42.ADT -> Dustwallow Marsh -> 0 models, 0 WMOs, 6 textures, 10 ground effects
  KALIMDOR_41_43.ADT -> Tanaris -> 0 models, 0 WMOs, 7 textures, 7 ground effects
  KALIMDOR_41_44.ADT -> Tanaris -> 24 models, 3 WMOs, 11 textures, 11 ground effects
  KALIMDOR_41_45.ADT -> Tanaris -> 20 models, 3 WMOs, 10 textures, 10 ground effects
  KALIMDOR_41_46.ADT -> Tanaris -> 49 models, 4 WMOs, 10 textures, 10 ground effects
  KALIMDOR_41_47.ADT -> Tanaris -> 44 models, 8 WMOs, 10 textures, 10 ground effects
  KALIMDOR_41_48.ADT -> Tanaris -> 0 models, 0 WMOs, 8 textures, 8 ground effects
  KALIMDOR_41_49.ADT -> Tanaris -> 0 models, 0 WMOs, 4 textures, 4 ground effects
  KALIMDOR_41_50.ADT -> Tanaris -> 0 models, 0 WMOs, 4 textures, 4 ground effects
  KALIMDOR_41_51.ADT -> Tanaris -> 0 models, 0 WMOs, 2 textures, 2 ground effects
  KALIMDOR_41_52.ADT -> Tanaris -> 0 models, 0 WMOs, 3 textures, 3 ground effects
  KALIMDOR_41_53.ADT -> Tanaris -> 0 models, 0 WMOs, 7 textures, 7 ground effects
  KALIMDOR_41_54.ADT -> Tanaris -> 9 models, 0 WMOs, 8 textures, 8 ground effects
  KALIMDOR_41_55.ADT -> Tanaris -> 0 models, 0 WMOs, 2 textures, 2 ground effects
  KALIMDOR_42_12.ADT -> The Great Sea -> 0 models, 0 WMOs, 1 textures
  KALIMDOR_42_13.ADT -> The Great Sea -> 0 models, 0 WMOs, 1 textures
  KALIMDOR_42_14.ADT -> Winterspring -> 0 models, 0 WMOs, 1 textures
  KALIMDOR_42_15.ADT -> Winterspring -> 0 models, 0 WMOs, 1 textures, 1 ground effects
  KALIMDOR_42_16.ADT -> Winterspring -> 0 models, 0 WMOs, 8 textures, 7 ground effects
  KALIMDOR_42_17.ADT -> Winterspring -> 0 models, 0 WMOs, 10 textures, 9 ground effects
  KALIMDOR_42_18.ADT -> Winterspring -> 0 models, 0 WMOs, 8 textures, 6 ground effects
  KALIMDOR_42_19.ADT -> Winterspring -> 0 models, 0 WMOs, 9 textures, 7 ground effects
  KALIMDOR_42_20.ADT -> Winterspring -> 8 models, 0 WMOs, 7 textures, 6 ground effects
  KALIMDOR_42_21.ADT -> Winterspring -> 20 models, 1 WMOs, 10 textures, 16 ground effects
  KALIMDOR_42_22.ADT -> Azshara -> 19 models, 0 WMOs, 11 textures, 11 ground effects
  KALIMDOR_42_23.ADT -> Azshara -> 74 models, 1 WMOs, 8 textures, 8 ground effects
  KALIMDOR_42_24.ADT -> Azshara -> 123 models, 6 WMOs, 7 textures, 7 ground effects
  KALIMDOR_42_25.ADT -> Azshara -> 89 models, 8 WMOs, 8 textures, 8 ground effects
  KALIMDOR_42_26.ADT -> Azshara -> 73 models, 8 WMOs, 7 textures, 7 ground effects
  KALIMDOR_42_27.ADT -> Durotar -> 83 models, 3 WMOs, 8 textures, 11 ground effects
  KALIMDOR_42_28.ADT -> Durotar -> 30 models, 1 WMOs, 11 textures, 16 ground effects
  KALIMDOR_42_29.ADT -> Durotar -> 0 models, 0 WMOs, 5 textures, 8 ground effects
  KALIMDOR_42_30.ADT -> Durotar -> 0 models, 0 WMOs, 4 textures, 4 ground effects
  KALIMDOR_42_31.ADT -> Durotar -> 1 models, 1 WMOs, 4 textures, 4 ground effects
  KALIMDOR_42_32.ADT -> Durotar -> 1 models, 2 WMOs, 4 textures, 4 ground effects
  KALIMDOR_42_33.ADT -> Durotar -> 34 models, 0 WMOs, 8 textures, 8 ground effects
  KALIMDOR_42_34.ADT -> Durotar -> 71 models, 3 WMOs, 9 textures, 9 ground effects
  KALIMDOR_42_35.ADT -> The Barrens -> 7 models, 0 WMOs, 7 textures, 11 ground effects
  KALIMDOR_42_36.ADT -> Dustwallow Marsh -> 0 models, 0 WMOs, 2 textures, 3 ground effects
  KALIMDOR_42_37.ADT -> Dustwallow Marsh -> 0 models, 0 WMOs, 3 textures, 4 ground effects
  KALIMDOR_42_38.ADT -> Dustwallow Marsh -> 0 models, 0 WMOs, 2 textures, 2 ground effects
  KALIMDOR_42_39.ADT -> Dustwallow Marsh -> 0 models, 0 WMOs, 2 textures, 2 ground effects
  KALIMDOR_42_40.ADT -> Dustwallow Marsh -> 0 models, 0 WMOs, 2 textures, 2 ground effects
  KALIMDOR_42_41.ADT -> Dustwallow Marsh -> 0 models, 0 WMOs, 1 textures, 1 ground effects
  KALIMDOR_42_42.ADT -> Dustwallow Marsh -> 0 models, 0 WMOs, 1 textures, 2 ground effects
  KALIMDOR_42_43.ADT -> Tanaris -> 0 models, 0 WMOs, 1 textures, 1 ground effects
  KALIMDOR_42_44.ADT -> Tanaris -> 0 models, 0 WMOs, 2 textures, 2 ground effects
  KALIMDOR_42_45.ADT -> Tanaris -> 2 models, 2 WMOs, 2 textures, 2 ground effects
  KALIMDOR_42_46.ADT -> Tanaris -> 4 models, 2 WMOs, 8 textures, 8 ground effects
  KALIMDOR_42_47.ADT -> Tanaris -> 22 models, 6 WMOs, 8 textures, 8 ground effects
  KALIMDOR_42_48.ADT -> Tanaris -> 0 models, 0 WMOs, 4 textures, 4 ground effects
  KALIMDOR_42_49.ADT -> Tanaris -> 1 models, 0 WMOs, 2 textures, 2 ground effects
  KALIMDOR_42_50.ADT -> Tanaris -> 38 models, 4 WMOs, 1 textures, 1 ground effects
  KALIMDOR_42_51.ADT -> Tanaris -> 0 models, 0 WMOs, 1 textures, 1 ground effects
  KALIMDOR_42_52.ADT -> Tanaris -> 0 models, 0 WMOs, 2 textures, 2 ground effects
  KALIMDOR_42_53.ADT -> Tanaris -> 0 models, 0 WMOs, 2 textures, 2 ground effects
  KALIMDOR_42_54.ADT -> Tanaris -> 0 models, 0 WMOs, 1 textures, 1 ground effects
  KALIMDOR_42_55.ADT -> Tanaris -> 0 models, 0 WMOs, 1 textures, 1 ground effects
  KALIMDOR_43_12.ADT -> The Great Sea -> 0 models, 0 WMOs, 1 textures
  KALIMDOR_43_13.ADT -> The Great Sea -> 0 models, 0 WMOs, 1 textures
  KALIMDOR_43_14.ADT -> Winterspring -> 0 models, 0 WMOs, 1 textures
  KALIMDOR_43_15.ADT -> Winterspring -> 0 models, 0 WMOs, 1 textures
  KALIMDOR_43_16.ADT -> Winterspring -> 0 models, 0 WMOs, 5 textures, 4 ground effects
  KALIMDOR_43_17.ADT -> Winterspring -> 0 models, 0 WMOs, 8 textures, 6 ground effects
  KALIMDOR_43_18.ADT -> Winterspring -> 0 models, 0 WMOs, 2 textures, 2 ground effects
  KALIMDOR_43_19.ADT -> Winterspring -> 0 models, 0 WMOs, 3 textures, 2 ground effects
  KALIMDOR_43_20.ADT -> Azshara -> 0 models, 0 WMOs, 7 textures, 4 ground effects
  KALIMDOR_43_21.ADT -> Azshara -> 0 models, 0 WMOs, 6 textures, 7 ground effects
  KALIMDOR_43_22.ADT -> Azshara -> 15 models, 0 WMOs, 9 textures, 9 ground effects
  KALIMDOR_43_23.ADT -> Azshara -> 105 models, 3 WMOs, 6 textures, 6 ground effects
  KALIMDOR_43_24.ADT -> Azshara -> 35 models, 4 WMOs, 11 textures, 15 ground effects
  KALIMDOR_43_25.ADT -> Azshara -> 23 models, 7 WMOs, 9 textures, 12 ground effects
  KALIMDOR_43_26.ADT -> Azshara -> 90 models, 2 WMOs, 11 textures, 13 ground effects
  KALIMDOR_43_27.ADT -> Azshara -> 89 models, 0 WMOs, 8 textures, 8 ground effects
  KALIMDOR_43_28.ADT -> Azshara -> 18 models, 2 WMOs, 7 textures, 7 ground effects
  KALIMDOR_43_29.ADT -> Durotar -> 0 models, 0 WMOs, 4 textures, 6 ground effects
  KALIMDOR_43_30.ADT -> Durotar -> 0 models, 0 WMOs, 2 textures, 2 ground effects
  KALIMDOR_43_31.ADT -> Durotar -> 0 models, 0 WMOs, 3 textures, 3 ground effects
  KALIMDOR_43_32.ADT -> Durotar -> 0 models, 0 WMOs, 3 textures, 3 ground effects
  KALIMDOR_43_33.ADT -> Durotar -> 0 models, 0 WMOs, 5 textures, 5 ground effects
  KALIMDOR_43_34.ADT -> Durotar -> 0 models, 0 WMOs, 5 textures, 5 ground effects
  KALIMDOR_43_35.ADT -> The Barrens -> 0 models, 0 WMOs, 5 textures, 7 ground effects
  KALIMDOR_43_36.ADT -> Dustwallow Marsh -> 0 models, 0 WMOs, 2 textures, 2 ground effects
  KALIMDOR_43_37.ADT -> Dustwallow Marsh -> 0 models, 0 WMOs, 1 textures, 1 ground effects
  KALIMDOR_43_38.ADT -> Dustwallow Marsh -> 0 models, 0 WMOs, 1 textures, 1 ground effects
  KALIMDOR_43_39.ADT -> Dustwallow Marsh -> 0 models, 0 WMOs, 1 textures, 1 ground effects
  KALIMDOR_43_40.ADT -> Dustwallow Marsh -> 0 models, 0 WMOs, 1 textures, 1 ground effects
  KALIMDOR_43_44.ADT -> Tanaris -> 0 models, 0 WMOs, 1 textures, 1 ground effects
  KALIMDOR_43_45.ADT -> Tanaris -> 0 models, 0 WMOs, 1 textures, 1 ground effects
  KALIMDOR_43_46.ADT -> Tanaris -> 0 models, 0 WMOs, 2 textures, 2 ground effects
  KALIMDOR_43_47.ADT -> Tanaris -> 0 models, 0 WMOs, 2 textures, 2 ground effects
  KALIMDOR_43_48.ADT -> Tanaris -> 0 models, 0 WMOs, 1 textures, 1 ground effects
  KALIMDOR_43_49.ADT -> Tanaris -> 0 models, 0 WMOs, 1 textures, 1 ground effects
  KALIMDOR_44_12.ADT -> The Great Sea -> 0 models, 0 WMOs, 1 textures
  KALIMDOR_44_13.ADT -> The Great Sea -> 0 models, 0 WMOs, 1 textures
  KALIMDOR_44_14.ADT -> The Great Sea -> 0 models, 0 WMOs, 1 textures
  KALIMDOR_44_15.ADT -> The Great Sea -> 0 models, 0 WMOs, 1 textures
  KALIMDOR_44_16.ADT -> The Great Sea -> 0 models, 0 WMOs, 1 textures
  KALIMDOR_44_17.ADT -> The Great Sea -> 0 models, 0 WMOs, 1 textures
  KALIMDOR_44_18.ADT -> The Great Sea -> 0 models, 0 WMOs, 1 textures
  KALIMDOR_44_19.ADT -> The Great Sea -> 0 models, 0 WMOs, 1 textures
  KALIMDOR_44_20.ADT -> Azshara -> 0 models, 0 WMOs, 2 textures, 2 ground effects
  KALIMDOR_44_21.ADT -> Azshara -> 0 models, 0 WMOs, 4 textures, 4 ground effects
  KALIMDOR_44_22.ADT -> Azshara -> 25 models, 0 WMOs, 11 textures, 11 ground effects
  KALIMDOR_44_23.ADT -> Azshara -> 75 models, 4 WMOs, 6 textures, 6 ground effects
  KALIMDOR_44_24.ADT -> Azshara -> 26 models, 4 WMOs, 11 textures, 17 ground effects
  KALIMDOR_44_25.ADT -> Azshara -> 3 models, 6 WMOs, 9 textures, 11 ground effects
  KALIMDOR_44_26.ADT -> Azshara -> 38 models, 3 WMOs, 13 textures, 15 ground effects
  KALIMDOR_44_27.ADT -> Azshara -> 93 models, 4 WMOs, 12 textures, 12 ground effects
  KALIMDOR_44_28.ADT -> Azshara -> 8 models, 1 WMOs, 9 textures, 11 ground effects
  KALIMDOR_44_29.ADT -> Azshara -> 0 models, 0 WMOs, 6 textures, 6 ground effects
  KALIMDOR_44_30.ADT -> Durotar -> 0 models, 0 WMOs, 3 textures, 3 ground effects
  KALIMDOR_44_31.ADT -> Durotar -> 0 models, 0 WMOs, 1 textures, 1 ground effects
  KALIMDOR_44_32.ADT -> Durotar -> 0 models, 0 WMOs, 1 textures, 1 ground effects
  KALIMDOR_44_33.ADT -> Durotar -> 0 models, 0 WMOs, 1 textures, 1 ground effects
  KALIMDOR_44_34.ADT -> Durotar -> 0 models, 0 WMOs, 1 textures, 1 ground effects
  KALIMDOR_44_35.ADT -> The Barrens -> 0 models, 0 WMOs, 1 textures, 2 ground effects
  KALIMDOR_44_36.ADT -> Dustwallow Marsh -> 0 models, 0 WMOs, 1 textures, 1 ground effects
  KALIMDOR_44_37.ADT -> Dustwallow Marsh -> 0 models, 0 WMOs, 1 textures, 1 ground effects
  KALIMDOR_44_38.ADT -> Dustwallow Marsh -> 0 models, 0 WMOs, 1 textures, 1 ground effects
  KALIMDOR_44_39.ADT -> Dustwallow Marsh -> 0 models, 0 WMOs, 1 textures, 1 ground effects
  KALIMDOR_44_40.ADT -> Dustwallow Marsh -> 0 models, 0 WMOs, 1 textures, 1 ground effects
  KALIMDOR_44_44.ADT -> Kezan -> 0 models, 0 WMOs, 6 textures, 4 ground effects
  KALIMDOR_44_45.ADT -> Kezan -> 0 models, 0 WMOs, 6 textures, 4 ground effects
  KALIMDOR_44_46.ADT -> Kezan -> 0 models, 0 WMOs, 6 textures, 4 ground effects
  KALIMDOR_44_47.ADT -> Kezan -> 0 models, 0 WMOs, 6 textures, 4 ground effects
  KALIMDOR_44_48.ADT -> Kezan -> 0 models, 0 WMOs, 6 textures, 4 ground effects
  KALIMDOR_44_49.ADT -> Kezan -> 0 models, 0 WMOs, 6 textures, 4 ground effects
  KALIMDOR_44_50.ADT -> Kezan -> 0 models, 0 WMOs, 6 textures, 4 ground effects
  KALIMDOR_44_51.ADT -> Kezan -> 0 models, 0 WMOs, 6 textures, 4 ground effects
  KALIMDOR_44_52.ADT -> Kezan -> 0 models, 0 WMOs, 6 textures, 4 ground effects
  KALIMDOR_44_53.ADT -> Kezan -> 0 models, 0 WMOs, 6 textures, 4 ground effects
  KALIMDOR_44_54.ADT -> Kezan -> 0 models, 0 WMOs, 6 textures, 4 ground effects
  KALIMDOR_44_55.ADT -> Kezan -> 0 models, 0 WMOs, 6 textures, 4 ground effects
  KALIMDOR_45_20.ADT -> Azshara -> 0 models, 0 WMOs, 1 textures, 1 ground effects
  KALIMDOR_45_21.ADT -> Azshara -> 0 models, 0 WMOs, 4 textures, 4 ground effects
  KALIMDOR_45_22.ADT -> Azshara -> 12 models, 0 WMOs, 12 textures, 12 ground effects
  KALIMDOR_45_23.ADT -> Azshara -> 44 models, 1 WMOs, 8 textures, 8 ground effects
  KALIMDOR_45_24.ADT -> Azshara -> 35 models, 5 WMOs, 11 textures, 12 ground effects
  KALIMDOR_45_25.ADT -> Azshara -> 1 models, 4 WMOs, 5 textures, 7 ground effects
  KALIMDOR_45_26.ADT -> Azshara -> 2 models, 1 WMOs, 8 textures, 10 ground effects
  KALIMDOR_45_27.ADT -> Azshara -> 6 models, 1 WMOs, 11 textures, 15 ground effects
  KALIMDOR_45_28.ADT -> Azshara -> 0 models, 0 WMOs, 6 textures, 8 ground effects
  KALIMDOR_45_29.ADT -> Azshara -> 0 models, 0 WMOs, 3 textures, 3 ground effects
  KALIMDOR_45_30.ADT -> Durotar -> 0 models, 0 WMOs, 1 textures, 1 ground effects
  KALIMDOR_45_44.ADT -> Kezan -> 0 models, 0 WMOs, 6 textures, 4 ground effects
  KALIMDOR_45_45.ADT -> Kezan -> 0 models, 0 WMOs, 6 textures, 4 ground effects
  KALIMDOR_45_46.ADT -> Kezan -> 0 models, 0 WMOs, 6 textures, 4 ground effects
  KALIMDOR_45_47.ADT -> Kezan -> 0 models, 0 WMOs, 6 textures, 4 ground effects
  KALIMDOR_45_48.ADT -> Kezan -> 0 models, 0 WMOs, 6 textures, 4 ground effects
  KALIMDOR_45_49.ADT -> Kezan -> 0 models, 0 WMOs, 6 textures, 4 ground effects
  KALIMDOR_45_50.ADT -> Kezan -> 0 models, 0 WMOs, 6 textures, 4 ground effects
  KALIMDOR_45_51.ADT -> Kezan -> 0 models, 0 WMOs, 6 textures, 4 ground effects
  KALIMDOR_45_52.ADT -> Kezan -> 0 models, 0 WMOs, 6 textures, 4 ground effects
  KALIMDOR_45_53.ADT -> Kezan -> 0 models, 0 WMOs, 6 textures, 4 ground effects
  KALIMDOR_45_54.ADT -> Kezan -> 0 models, 0 WMOs, 6 textures, 4 ground effects
  KALIMDOR_45_55.ADT -> Kezan -> 0 models, 0 WMOs, 6 textures, 4 ground effects
  KALIMDOR_46_20.ADT -> Azshara -> 0 models, 0 WMOs, 1 textures, 1 ground effects
  KALIMDOR_46_21.ADT -> Azshara -> 0 models, 0 WMOs, 2 textures, 2 ground effects
  KALIMDOR_46_22.ADT -> Azshara -> 1 models, 0 WMOs, 11 textures, 11 ground effects
  KALIMDOR_46_23.ADT -> Azshara -> 27 models, 0 WMOs, 12 textures, 14 ground effects
  KALIMDOR_46_24.ADT -> Azshara -> 10 models, 2 WMOs, 11 textures, 19 ground effects
  KALIMDOR_46_25.ADT -> Azshara -> 0 models, 0 WMOs, 4 textures, 4 ground effects
  KALIMDOR_46_26.ADT -> Azshara -> 0 models, 0 WMOs, 4 textures, 4 ground effects
  KALIMDOR_46_27.ADT -> Azshara -> 0 models, 0 WMOs, 4 textures, 7 ground effects
  KALIMDOR_46_28.ADT -> Azshara -> 0 models, 0 WMOs, 5 textures, 7 ground effects
  KALIMDOR_46_29.ADT -> Azshara -> 0 models, 0 WMOs, 3 textures, 3 ground effects
  KALIMDOR_46_30.ADT -> Durotar -> 0 models, 0 WMOs, 2 textures, 1 ground effects
  KALIMDOR_46_44.ADT -> Kezan -> 0 models, 0 WMOs, 6 textures, 4 ground effects
  KALIMDOR_46_45.ADT -> Kezan -> 0 models, 0 WMOs, 6 textures, 4 ground effects
  KALIMDOR_46_46.ADT -> Kezan -> 0 models, 0 WMOs, 6 textures, 4 ground effects
  KALIMDOR_46_47.ADT -> Kezan -> 0 models, 0 WMOs, 6 textures, 4 ground effects
  KALIMDOR_46_48.ADT -> Kezan -> 0 models, 0 WMOs, 6 textures, 4 ground effects
  KALIMDOR_46_49.ADT -> Kezan -> 0 models, 0 WMOs, 6 textures, 4 ground effects
  KALIMDOR_46_50.ADT -> Kezan -> 0 models, 0 WMOs, 6 textures, 4 ground effects
  KALIMDOR_46_51.ADT -> Kezan -> 0 models, 0 WMOs, 6 textures, 4 ground effects
  KALIMDOR_46_52.ADT -> Kezan -> 1 models, 0 WMOs, 7 textures, 4 ground effects
  KALIMDOR_46_53.ADT -> Kezan -> 0 models, 0 WMOs, 6 textures, 4 ground effects
  KALIMDOR_46_54.ADT -> Kezan -> 0 models, 0 WMOs, 6 textures, 4 ground effects
  KALIMDOR_46_55.ADT -> Kezan -> 0 models, 0 WMOs, 6 textures, 4 ground effects
  KALIMDOR_47_20.ADT -> Azshara -> 0 models, 0 WMOs, 1 textures, 1 ground effects
  KALIMDOR_47_21.ADT -> Azshara -> 0 models, 0 WMOs, 1 textures, 1 ground effects
  KALIMDOR_47_22.ADT -> Azshara -> 0 models, 0 WMOs, 5 textures, 5 ground effects
  KALIMDOR_47_23.ADT -> Azshara -> 0 models, 0 WMOs, 4 textures, 4 ground effects
  KALIMDOR_47_24.ADT -> Azshara -> 0 models, 0 WMOs, 5 textures, 5 ground effects
  KALIMDOR_47_25.ADT -> Azshara -> 0 models, 0 WMOs, 2 textures, 2 ground effects
  KALIMDOR_47_26.ADT -> Azshara -> 0 models, 0 WMOs, 2 textures, 1 ground effects
  KALIMDOR_47_27.ADT -> Azshara -> 0 models, 0 WMOs, 2 textures, 1 ground effects
  KALIMDOR_47_28.ADT -> Azshara -> 0 models, 0 WMOs, 2 textures, 2 ground effects
  KALIMDOR_47_29.ADT -> Azshara -> 0 models, 0 WMOs, 2 textures, 1 ground effects
  KALIMDOR_47_30.ADT -> Durotar -> 0 models, 0 WMOs, 2 textures, 1 ground effects
  KALIMDOR_47_31.ADT -> The Lost Isles -> 0 models, 0 WMOs, 4 textures, 4 ground effects
  KALIMDOR_47_32.ADT -> The Lost Isles -> 0 models, 0 WMOs, 4 textures, 4 ground effects
  KALIMDOR_47_33.ADT -> The Lost Isles -> 0 models, 0 WMOs, 4 textures, 4 ground effects
  KALIMDOR_47_34.ADT -> The Lost Isles -> 0 models, 0 WMOs, 2 textures, 2 ground effects
  KALIMDOR_47_44.ADT -> Kezan -> 0 models, 0 WMOs, 6 textures, 4 ground effects
  KALIMDOR_47_45.ADT -> Kezan -> 0 models, 0 WMOs, 6 textures, 4 ground effects
  KALIMDOR_47_46.ADT -> Kezan -> 0 models, 0 WMOs, 6 textures, 4 ground effects
  KALIMDOR_47_47.ADT -> Kezan -> 0 models, 0 WMOs, 6 textures, 4 ground effects
  KALIMDOR_47_48.ADT -> Kezan -> 0 models, 0 WMOs, 6 textures, 4 ground effects
  KALIMDOR_47_49.ADT -> Kezan -> 0 models, 0 WMOs, 6 textures, 4 ground effects
  KALIMDOR_47_50.ADT -> Kezan -> 0 models, 0 WMOs, 6 textures, 4 ground effects
  KALIMDOR_47_51.ADT -> Kezan -> 0 models, 0 WMOs, 6 textures, 4 ground effects
  KALIMDOR_47_52.ADT -> Kezan -> 47 models, 7 WMOs, 9 textures, 9 ground effects
  KALIMDOR_47_53.ADT -> Kezan -> 6 models, 3 WMOs, 7 textures, 4 ground effects
  KALIMDOR_47_54.ADT -> Kezan -> 0 models, 0 WMOs, 6 textures, 4 ground effects
  KALIMDOR_47_55.ADT -> Kezan -> 0 models, 0 WMOs, 6 textures, 4 ground effects
  KALIMDOR_48_21.ADT -> Azshara -> 0 models, 0 WMOs, 1 textures
  KALIMDOR_48_22.ADT -> Azshara -> 0 models, 0 WMOs, 1 textures
  KALIMDOR_48_23.ADT -> Azshara -> 0 models, 0 WMOs, 1 textures
  KALIMDOR_48_24.ADT -> Azshara -> 0 models, 0 WMOs, 2 textures
  KALIMDOR_48_25.ADT -> Azshara -> 0 models, 0 WMOs, 2 textures
  KALIMDOR_48_26.ADT -> The Lost Isles -> 0 models, 0 WMOs, 7 textures, 3 ground effects
  KALIMDOR_48_27.ADT -> The Lost Isles -> 0 models, 0 WMOs, 2 textures, 2 ground effects
  KALIMDOR_48_28.ADT -> The Lost Isles -> 0 models, 0 WMOs, 3 textures, 3 ground effects
  KALIMDOR_48_29.ADT -> The Lost Isles -> 1 models, 0 WMOs, 6 textures, 3 ground effects
  KALIMDOR_48_30.ADT -> The Lost Isles -> 1 models, 1 WMOs, 6 textures, 4 ground effects
  KALIMDOR_48_31.ADT -> The Lost Isles -> 1 models, 1 WMOs, 5 textures, 3 ground effects
  KALIMDOR_48_32.ADT -> The Lost Isles -> 0 models, 0 WMOs, 5 textures, 3 ground effects
  KALIMDOR_48_33.ADT -> The Lost Isles -> 0 models, 0 WMOs, 5 textures, 3 ground effects
  KALIMDOR_48_34.ADT -> The Lost Isles -> 0 models, 0 WMOs, 2 textures, 2 ground effects
  KALIMDOR_48_44.ADT -> Kezan -> 0 models, 0 WMOs, 6 textures, 4 ground effects
  KALIMDOR_48_45.ADT -> Kezan -> 0 models, 0 WMOs, 6 textures, 4 ground effects
  KALIMDOR_48_46.ADT -> Kezan -> 0 models, 0 WMOs, 6 textures, 4 ground effects
  KALIMDOR_48_47.ADT -> Kezan -> 0 models, 0 WMOs, 6 textures, 4 ground effects
  KALIMDOR_48_48.ADT -> Kezan -> 0 models, 0 WMOs, 6 textures, 4 ground effects
  KALIMDOR_48_49.ADT -> Kezan -> 0 models, 0 WMOs, 6 textures, 4 ground effects
  KALIMDOR_48_50.ADT -> Kezan -> 0 models, 0 WMOs, 6 textures, 4 ground effects
  KALIMDOR_48_51.ADT -> Kezan -> 0 models, 0 WMOs, 6 textures, 4 ground effects
  KALIMDOR_48_52.ADT -> Kezan -> 0 models, 0 WMOs, 6 textures, 4 ground effects
  KALIMDOR_48_53.ADT -> Kezan -> 0 models, 0 WMOs, 6 textures, 4 ground effects
  KALIMDOR_48_54.ADT -> Kezan -> 0 models, 0 WMOs, 6 textures, 4 ground effects
  KALIMDOR_48_55.ADT -> Kezan -> 0 models, 0 WMOs, 6 textures, 4 ground effects
  KALIMDOR_49_25.ADT -> The Lost Isles -> 0 models, 0 WMOs, 5 textures, 3 ground effects
  KALIMDOR_49_26.ADT -> The Lost Isles -> 0 models, 0 WMOs, 4 textures, 3 ground effects
  KALIMDOR_49_27.ADT -> The Lost Isles -> 0 models, 0 WMOs, 5 textures, 3 ground effects
  KALIMDOR_49_28.ADT -> The Lost Isles -> 0 models, 0 WMOs, 6 textures, 4 ground effects
  KALIMDOR_49_29.ADT -> The Lost Isles -> 1 models, 0 WMOs, 6 textures, 4 ground effects
  KALIMDOR_49_30.ADT -> The Lost Isles -> 11 models, 0 WMOs, 10 textures, 8 ground effects
  KALIMDOR_49_31.ADT -> The Lost Isles -> 81 models, 2 WMOs, 10 textures, 8 ground effects
  KALIMDOR_49_32.ADT -> The Lost Isles -> 5 models, 2 WMOs, 6 textures, 4 ground effects
  KALIMDOR_49_33.ADT -> The Lost Isles -> 0 models, 0 WMOs, 5 textures, 3 ground effects
  KALIMDOR_49_34.ADT -> The Lost Isles -> 0 models, 0 WMOs, 2 textures, 2 ground effects
  KALIMDOR_49_44.ADT -> Kezan -> 0 models, 0 WMOs, 6 textures, 4 ground effects
  KALIMDOR_49_45.ADT -> Kezan -> 0 models, 0 WMOs, 6 textures, 4 ground effects
  KALIMDOR_49_46.ADT -> Kezan -> 0 models, 0 WMOs, 6 textures, 4 ground effects
  KALIMDOR_49_47.ADT -> Kezan -> 0 models, 0 WMOs, 6 textures, 4 ground effects
  KALIMDOR_49_48.ADT -> Kezan -> 0 models, 0 WMOs, 6 textures, 4 ground effects
  KALIMDOR_49_49.ADT -> Kezan -> 0 models, 0 WMOs, 6 textures, 4 ground effects
  KALIMDOR_49_50.ADT -> Kezan -> 0 models, 0 WMOs, 6 textures, 4 ground effects
  KALIMDOR_49_51.ADT -> Kezan -> 0 models, 0 WMOs, 6 textures, 4 ground effects
  KALIMDOR_49_52.ADT -> Kezan -> 0 models, 0 WMOs, 6 textures, 4 ground effects
  KALIMDOR_49_53.ADT -> Kezan -> 0 models, 0 WMOs, 6 textures, 4 ground effects
  KALIMDOR_49_54.ADT -> Kezan -> 0 models, 0 WMOs, 6 textures, 4 ground effects
  KALIMDOR_49_55.ADT -> Kezan -> 0 models, 0 WMOs, 6 textures, 4 ground effects
  KALIMDOR_50_25.ADT -> The Lost Isles -> 0 models, 0 WMOs, 1 textures, 1 ground effects
  KALIMDOR_50_26.ADT -> The Lost Isles -> 0 models, 0 WMOs, 3 textures, 2 ground effects
  KALIMDOR_50_27.ADT -> The Lost Isles -> 0 models, 0 WMOs, 5 textures, 3 ground effects
  KALIMDOR_50_28.ADT -> The Lost Isles -> 19 models, 0 WMOs, 9 textures, 7 ground effects
  KALIMDOR_50_29.ADT -> The Lost Isles -> 72 models, 0 WMOs, 12 textures, 10 ground effects
  KALIMDOR_50_30.ADT -> The Lost Isles -> 86 models, 0 WMOs, 10 textures, 10 ground effects
  KALIMDOR_50_31.ADT -> The Lost Isles -> 150 models, 3 WMOs, 8 textures, 8 ground effects
  KALIMDOR_50_32.ADT -> The Lost Isles -> 87 models, 3 WMOs, 10 textures, 8 ground effects
  KALIMDOR_50_33.ADT -> The Lost Isles -> 0 models, 0 WMOs, 5 textures, 3 ground effects
  KALIMDOR_50_34.ADT -> The Lost Isles -> 0 models, 0 WMOs, 2 textures, 2 ground effects
  KALIMDOR_50_46.ADT -> Kezan -> 0 models, 0 WMOs, 3 textures, 3 ground effects
  KALIMDOR_50_47.ADT -> Kezan -> 0 models, 0 WMOs, 2 textures, 2 ground effects
  KALIMDOR_50_48.ADT -> Kezan -> 0 models, 0 WMOs, 2 textures, 2 ground effects
  KALIMDOR_50_49.ADT -> Kezan -> 1 models, 0 WMOs, 10 textures, 9 ground effects
  KALIMDOR_50_50.ADT -> Kezan -> 4 models, 0 WMOs, 11 textures, 11 ground effects
  KALIMDOR_50_51.ADT -> Kezan -> 1 models, 0 WMOs, 7 textures, 6 ground effects
  KALIMDOR_50_52.ADT -> Kezan -> 0 models, 0 WMOs, 5 textures, 4 ground effects
  KALIMDOR_50_53.ADT -> Kezan -> 0 models, 0 WMOs, 6 textures, 4 ground effects
  KALIMDOR_50_54.ADT -> Kezan -> 0 models, 0 WMOs, 6 textures, 4 ground effects
  KALIMDOR_50_55.ADT -> Kezan -> 0 models, 0 WMOs, 6 textures, 4 ground effects
  KALIMDOR_51_25.ADT -> The Lost Isles -> 0 models, 0 WMOs, 5 textures, 2 ground effects
  KALIMDOR_51_26.ADT -> The Lost Isles -> 0 models, 0 WMOs, 4 textures, 2 ground effects
  KALIMDOR_51_27.ADT -> The Lost Isles -> 2 models, 0 WMOs, 6 textures, 4 ground effects
  KALIMDOR_51_28.ADT -> The Lost Isles -> 88 models, 3 WMOs, 13 textures, 11 ground effects
  KALIMDOR_51_29.ADT -> The Lost Isles -> 134 models, 2 WMOs, 9 textures, 9 ground effects
  KALIMDOR_51_30.ADT -> The Lost Isles -> 74 models, 1 WMOs, 11 textures, 11 ground effects
  KALIMDOR_51_31.ADT -> The Lost Isles -> 50 models, 0 WMOs, 9 textures, 9 ground effects
  KALIMDOR_51_32.ADT -> The Lost Isles -> 28 models, 2 WMOs, 11 textures, 9 ground effects
  KALIMDOR_51_33.ADT -> The Lost Isles -> 0 models, 0 WMOs, 5 textures, 3 ground effects
  KALIMDOR_51_34.ADT -> The Lost Isles -> 0 models, 0 WMOs, 2 textures, 2 ground effects
  KALIMDOR_51_46.ADT -> Kezan -> 0 models, 0 WMOs, 2 textures, 2 ground effects
  KALIMDOR_51_47.ADT -> Kezan -> 0 models, 0 WMOs, 5 textures, 4 ground effects
  KALIMDOR_51_48.ADT -> Kezan -> 22 models, 9 WMOs, 9 textures, 7 ground effects
  KALIMDOR_51_49.ADT -> Kezan -> 27 models, 9 WMOs, 12 textures, 11 ground effects
  KALIMDOR_51_50.ADT -> Kezan -> 44 models, 4 WMOs, 10 textures, 13 ground effects
  KALIMDOR_51_51.ADT -> Kezan -> 42 models, 0 WMOs, 19 textures, 23 ground effects
  KALIMDOR_51_52.ADT -> Kezan -> 40 models, 1 WMOs, 16 textures, 17 ground effects
  KALIMDOR_51_53.ADT -> Kezan -> 1 models, 0 WMOs, 8 textures, 5 ground effects
  KALIMDOR_51_54.ADT -> Kezan -> 1 models, 0 WMOs, 7 textures, 4 ground effects
  KALIMDOR_51_55.ADT -> Kezan -> 0 models, 0 WMOs, 6 textures, 4 ground effects
  KALIMDOR_52_25.ADT -> The Lost Isles -> 0 models, 0 WMOs, 2 textures, 2 ground effects
  KALIMDOR_52_26.ADT -> The Lost Isles -> 0 models, 0 WMOs, 2 textures, 2 ground effects
  KALIMDOR_52_27.ADT -> The Lost Isles -> 1 models, 0 WMOs, 5 textures, 3 ground effects
  KALIMDOR_52_28.ADT -> The Lost Isles -> 120 models, 1 WMOs, 11 textures, 11 ground effects
  KALIMDOR_52_29.ADT -> The Lost Isles -> 95 models, 1 WMOs, 7 textures, 7 ground effects
  KALIMDOR_52_30.ADT -> The Lost Isles -> 74 models, 3 WMOs, 6 textures, 6 ground effects
  KALIMDOR_52_31.ADT -> The Lost Isles -> 83 models, 4 WMOs, 8 textures, 8 ground effects
  KALIMDOR_52_32.ADT -> The Lost Isles -> 76 models, 7 WMOs, 9 textures, 9 ground effects
  KALIMDOR_52_33.ADT -> The Lost Isles -> 1 models, 0 WMOs, 7 textures, 5 ground effects
  KALIMDOR_52_34.ADT -> The Lost Isles -> 0 models, 0 WMOs, 2 textures, 2 ground effects
  KALIMDOR_52_46.ADT -> Kezan -> 8 models, 0 WMOs, 2 textures, 2 ground effects
  KALIMDOR_52_47.ADT -> Kezan -> 47 models, 5 WMOs, 12 textures, 10 ground effects
  KALIMDOR_52_48.ADT -> Kezan -> 132 models, 31 WMOs, 12 textures, 11 ground effects
  KALIMDOR_52_49.ADT -> Kezan -> 244 models, 29 WMOs, 11 textures, 15 ground effects
  KALIMDOR_52_50.ADT -> Kezan -> 43 models, 4 WMOs, 15 textures, 23 ground effects
  KALIMDOR_52_51.ADT -> Kezan -> 82 models, 9 WMOs, 18 textures, 25 ground effects
  KALIMDOR_52_52.ADT -> KALIMDOR [52,52] -> 32 models, 0 WMOs, 14 textures, 17 ground effects
  KALIMDOR_52_53.ADT -> Kezan -> 11 models, 1 WMOs, 19 textures, 19 ground effects
  KALIMDOR_52_54.ADT -> KALIMDOR [52,54] -> 11 models, 1 WMOs, 10 textures, 9 ground effects
  KALIMDOR_52_55.ADT -> KALIMDOR [52,55] -> 1 models, 0 WMOs, 4 textures, 4 ground effects
  KALIMDOR_53_25.ADT -> The Lost Isles -> 0 models, 0 WMOs, 5 textures, 2 ground effects
  KALIMDOR_53_26.ADT -> The Lost Isles -> 0 models, 0 WMOs, 6 textures, 2 ground effects
  KALIMDOR_53_27.ADT -> The Lost Isles -> 0 models, 0 WMOs, 4 textures, 2 ground effects
  KALIMDOR_53_28.ADT -> The Lost Isles -> 5 models, 0 WMOs, 9 textures, 6 ground effects
  KALIMDOR_53_29.ADT -> The Lost Isles -> 17 models, 0 WMOs, 6 textures, 6 ground effects
  KALIMDOR_53_30.ADT -> The Lost Isles -> 61 models, 2 WMOs, 7 textures, 7 ground effects
  KALIMDOR_53_31.ADT -> The Lost Isles -> 55 models, 2 WMOs, 8 textures, 8 ground effects
  KALIMDOR_53_32.ADT -> The Lost Isles -> 14 models, 0 WMOs, 8 textures, 5 ground effects
  KALIMDOR_53_33.ADT -> The Lost Isles -> 0 models, 0 WMOs, 5 textures, 3 ground effects
  KALIMDOR_53_34.ADT -> The Lost Isles -> 0 models, 0 WMOs, 2 textures, 2 ground effects
  KALIMDOR_53_46.ADT -> Kezan -> 17 models, 0 WMOs, 2 textures, 2 ground effects
  KALIMDOR_53_47.ADT -> Kezan -> 23 models, 1 WMOs, 6 textures, 5 ground effects
  KALIMDOR_53_48.ADT -> Kezan -> 172 models, 25 WMOs, 12 textures, 12 ground effects
  KALIMDOR_53_49.ADT -> Kezan -> 13 models, 9 WMOs, 5 textures, 5 ground effects
  KALIMDOR_53_50.ADT -> Kezan -> 2 models, 1 WMOs, 3 textures, 3 ground effects
  KALIMDOR_53_51.ADT -> Kezan -> 0 models, 0 WMOs, 9 textures, 8 ground effects
  KALIMDOR_53_52.ADT -> KALIMDOR [53,52] -> 4 models, 0 WMOs, 8 textures, 8 ground effects
  KALIMDOR_53_53.ADT -> KALIMDOR [53,53] -> 274 models, 15 WMOs, 16 textures, 18 ground effects
  KALIMDOR_53_54.ADT -> KALIMDOR [53,54] -> 310 models, 25 WMOs, 12 textures, 14 ground effects
  KALIMDOR_53_55.ADT -> KALIMDOR [53,55] -> 8 models, 4 WMOs, 6 textures, 6 ground effects
  KALIMDOR_54_25.ADT -> The Lost Isles -> 0 models, 0 WMOs, 4 textures, 1 ground effects
  KALIMDOR_54_26.ADT -> The Lost Isles -> 0 models, 0 WMOs, 4 textures, 2 ground effects
  KALIMDOR_54_27.ADT -> The Lost Isles -> 0 models, 0 WMOs, 4 textures, 2 ground effects
  KALIMDOR_54_28.ADT -> The Lost Isles -> 5 models, 0 WMOs, 7 textures, 7 ground effects
  KALIMDOR_54_29.ADT -> The Lost Isles -> 6 models, 0 WMOs, 5 textures, 5 ground effects
  KALIMDOR_54_30.ADT -> The Lost Isles -> 9 models, 1 WMOs, 5 textures, 5 ground effects
  KALIMDOR_54_31.ADT -> The Lost Isles -> 31 models, 1 WMOs, 8 textures, 8 ground effects
  KALIMDOR_54_32.ADT -> The Lost Isles -> 0 models, 0 WMOs, 7 textures, 4 ground effects
  KALIMDOR_54_33.ADT -> The Lost Isles -> 0 models, 0 WMOs, 2 textures, 2 ground effects
  KALIMDOR_54_34.ADT -> The Lost Isles -> 0 models, 0 WMOs, 2 textures, 2 ground effects
  KALIMDOR_54_46.ADT -> Kezan -> 17 models, 0 WMOs, 2 textures, 2 ground effects
  KALIMDOR_54_47.ADT -> Kezan -> 17 models, 1 WMOs, 5 textures, 4 ground effects
  KALIMDOR_54_48.ADT -> Kezan -> 4 models, 4 WMOs, 9 textures, 8 ground effects
  KALIMDOR_54_49.ADT -> Kezan -> 3 models, 6 WMOs, 8 textures, 7 ground effects
  KALIMDOR_54_50.ADT -> Kezan -> 13 models, 4 WMOs, 4 textures, 4 ground effects
  KALIMDOR_54_51.ADT -> Kezan -> 13 models, 1 WMOs, 15 textures, 20 ground effects
  KALIMDOR_54_52.ADT -> KALIMDOR [54,52] -> 18 models, 1 WMOs, 9 textures, 9 ground effects
  KALIMDOR_54_53.ADT -> KALIMDOR [54,53] -> 126 models, 12 WMOs, 12 textures, 12 ground effects
  KALIMDOR_54_54.ADT -> KALIMDOR [54,54] -> 142 models, 12 WMOs, 11 textures, 12 ground effects
  KALIMDOR_54_55.ADT -> KALIMDOR [54,55] -> 1 models, 1 WMOs, 5 textures, 5 ground effects
  KALIMDOR_55_25.ADT -> The Lost Isles -> 0 models, 0 WMOs, 4 textures, 1 ground effects
  KALIMDOR_55_26.ADT -> The Lost Isles -> 0 models, 0 WMOs, 4 textures, 2 ground effects
  KALIMDOR_55_27.ADT -> The Lost Isles -> 0 models, 0 WMOs, 5 textures, 3 ground effects
  KALIMDOR_55_28.ADT -> The Lost Isles -> 1 models, 0 WMOs, 9 textures, 6 ground effects
  KALIMDOR_55_29.ADT -> The Lost Isles -> 2 models, 0 WMOs, 10 textures, 7 ground effects
  KALIMDOR_55_30.ADT -> The Lost Isles -> 2 models, 0 WMOs, 12 textures, 9 ground effects
  KALIMDOR_55_31.ADT -> The Lost Isles -> 2 models, 0 WMOs, 11 textures, 8 ground effects
  KALIMDOR_55_32.ADT -> The Lost Isles -> 0 models, 0 WMOs, 8 textures, 6 ground effects
  KALIMDOR_55_33.ADT -> The Lost Isles -> 0 models, 0 WMOs, 2 textures, 2 ground effects
  KALIMDOR_55_34.ADT -> The Lost Isles -> 0 models, 0 WMOs, 2 textures, 2 ground effects
  KALIMDOR_55_46.ADT -> Kezan -> 0 models, 0 WMOs, 6 textures, 4 ground effects
  KALIMDOR_55_47.ADT -> Kezan -> 0 models, 0 WMOs, 4 textures, 3 ground effects
  KALIMDOR_55_48.ADT -> Kezan -> 0 models, 0 WMOs, 6 textures, 4 ground effects
  KALIMDOR_55_49.ADT -> Kezan -> 2 models, 2 WMOs, 7 textures, 6 ground effects
  KALIMDOR_55_50.ADT -> Kezan -> 134 models, 27 WMOs, 7 textures, 6 ground effects
  KALIMDOR_55_51.ADT -> Kezan -> 92 models, 23 WMOs, 11 textures, 10 ground effects
  KALIMDOR_55_52.ADT -> KALIMDOR [55,52] -> 5 models, 2 WMOs, 8 textures, 7 ground effects
  KALIMDOR_55_53.ADT -> KALIMDOR [55,53] -> 2 models, 0 WMOs, 10 textures, 9 ground effects
  KALIMDOR_55_54.ADT -> KALIMDOR [55,54] -> 2 models, 0 WMOs, 9 textures, 8 ground effects
  KALIMDOR_55_55.ADT -> KALIMDOR [55,55] -> 0 models, 0 WMOs, 4 textures, 4 ground effects
  KALIMDOR_56_25.ADT -> The Lost Isles -> 0 models, 0 WMOs, 4 textures, 1 ground effects
  KALIMDOR_56_26.ADT -> The Lost Isles -> 0 models, 0 WMOs, 6 textures, 2 ground effects
  KALIMDOR_56_27.ADT -> The Lost Isles -> 0 models, 0 WMOs, 2 textures, 2 ground effects
  KALIMDOR_56_28.ADT -> The Lost Isles -> 0 models, 0 WMOs, 2 textures, 2 ground effects
  KALIMDOR_56_29.ADT -> The Lost Isles -> 0 models, 0 WMOs, 5 textures, 2 ground effects
  KALIMDOR_56_30.ADT -> The Lost Isles -> 0 models, 0 WMOs, 3 textures, 3 ground effects
  KALIMDOR_56_31.ADT -> The Lost Isles -> 0 models, 0 WMOs, 3 textures, 3 ground effects
  KALIMDOR_56_32.ADT -> The Lost Isles -> 0 models, 0 WMOs, 4 textures, 4 ground effects
  KALIMDOR_56_33.ADT -> The Lost Isles -> 0 models, 0 WMOs, 3 textures, 3 ground effects
  KALIMDOR_56_34.ADT -> The Lost Isles -> 0 models, 0 WMOs, 2 textures, 2 ground effects
  KALIMDOR_56_46.ADT -> Kezan -> 0 models, 0 WMOs, 4 textures, 3 ground effects
  KALIMDOR_56_47.ADT -> Kezan -> 0 models, 0 WMOs, 4 textures, 3 ground effects
  KALIMDOR_56_48.ADT -> Kezan -> 0 models, 0 WMOs, 3 textures, 3 ground effects
  KALIMDOR_56_49.ADT -> Kezan -> 0 models, 0 WMOs, 5 textures, 4 ground effects
  KALIMDOR_56_50.ADT -> Kezan -> 0 models, 0 WMOs, 5 textures, 4 ground effects
  KALIMDOR_56_51.ADT -> Kezan -> 1 models, 2 WMOs, 5 textures, 4 ground effects
  KALIMDOR_56_52.ADT -> Kezan -> 1 models, 2 WMOs, 5 textures, 4 ground effects
  KALIMDOR_31_33.ADT -> Thunder Bluff -> 16 models, 8 WMOs, 9 textures, 14 ground effects
  MAELSTROMSHAMAN_28_28.ADT -> The Maelstrom -> 1 models, 0 WMOs, 1 textures
  MAELSTROMSHAMAN_28_29.ADT -> The Maelstrom -> 2 models, 0 WMOs, 1 textures
  MAELSTROMSHAMAN_28_30.ADT -> The Maelstrom -> 2 models, 0 WMOs, 1 textures
  MAELSTROMSHAMAN_28_31.ADT -> The Maelstrom -> 2 models, 0 WMOs, 1 textures
  MAELSTROMSHAMAN_28_32.ADT -> The Maelstrom -> 1 models, 0 WMOs, 1 textures
  MAELSTROMSHAMAN_29_28.ADT -> The Maelstrom -> 2 models, 0 WMOs, 1 textures
  MAELSTROMSHAMAN_29_29.ADT -> The Maelstrom -> 54 models, 1 WMOs, 4 textures
  MAELSTROMSHAMAN_29_30.ADT -> The Maelstrom -> 121 models, 2 WMOs, 4 textures
  MAELSTROMSHAMAN_29_31.ADT -> The Maelstrom -> 4 models, 0 WMOs, 2 textures
  MAELSTROMSHAMAN_29_32.ADT -> The Maelstrom -> 2 models, 0 WMOs, 1 textures
  MAELSTROMSHAMAN_30_28.ADT -> The Maelstrom -> 2 models, 0 WMOs, 1 textures
  MAELSTROMSHAMAN_30_29.ADT -> The Maelstrom -> 45 models, 1 WMOs, 4 textures
  MAELSTROMSHAMAN_30_30.ADT -> The Maelstrom -> 62 models, 2 WMOs, 4 textures
  MAELSTROMSHAMAN_30_31.ADT -> The Maelstrom -> 5 models, 0 WMOs, 2 textures
  MAELSTROMSHAMAN_30_32.ADT -> The Maelstrom -> 2 models, 0 WMOs, 1 textures
  MAELSTROMSHAMAN_31_28.ADT -> The Maelstrom -> 2 models, 0 WMOs, 1 textures
  MAELSTROMSHAMAN_31_29.ADT -> The Maelstrom -> 5 models, 0 WMOs, 2 textures
  MAELSTROMSHAMAN_31_30.ADT -> The Maelstrom -> 5 models, 0 WMOs, 2 textures
  MAELSTROMSHAMAN_31_31.ADT -> The Maelstrom -> 5 models, 0 WMOs, 2 textures
  MAELSTROMSHAMAN_31_32.ADT -> The Maelstrom -> 2 models, 0 WMOs, 1 textures
  MAELSTROMSHAMAN_32_28.ADT -> The Maelstrom -> 2 models, 0 WMOs, 1 textures
  MAELSTROMSHAMAN_32_29.ADT -> The Maelstrom -> 2 models, 0 WMOs, 1 textures
  MAELSTROMSHAMAN_32_30.ADT -> The Maelstrom -> 1 models, 0 WMOs, 1 textures
  MAELSTROMSHAMAN_32_31.ADT -> The Maelstrom -> 1 models, 0 WMOs, 1 textures
  MAELSTROMSHAMAN_32_32.ADT -> The Maelstrom -> 1 models, 0 WMOs, 1 textures

  ADT files parsed: 2660
  Unique M2 models from ADTs: 7,067
  Unique WMO files from ADTs: 1,227
  Unique terrain textures from ADTs: 665
  Ground effect IDs from ADTs: 2395

================================================================================
DUPLICATE WMO DETECTION
================================================================================

Detecting duplicate WMO placements (threshold: 1.0 game units)...
  [1 duplicates] AZEROTH_11_44.ADT
  [1 duplicates] AZEROTH_12_44.ADT
  [1 duplicates] AZEROTH_14_41.ADT
  [1 duplicates] AZEROTH_15_41.ADT
  [1 duplicates] AZEROTH_24_40.ADT
  [1 duplicates] AZEROTH_27_34.ADT
  [1 duplicates] AZEROTH_28_34.ADT
  [1 duplicates] AZEROTH_34_53.ADT
  [1 duplicates] AZEROTH_34_54.ADT
  [1 duplicates] AZEROTH_34_55.ADT
  [1 duplicates] AZEROTH_35_53.ADT
  [1 duplicates] AZEROTH_35_54.ADT
  [1 duplicates] AZEROTH_35_55.ADT
  [2 duplicates] AZEROTH_36_29.ADT
  [2 duplicates] AZEROTH_36_30.ADT
  [1 duplicates] AZEROTH_36_42.ADT
  [1 duplicates] AZEROTH_36_43.ADT
  [1 duplicates] AZEROTH_37_32.ADT
  [1 duplicates] AZEROTH_37_33.ADT
  [1 duplicates] AZEROTH_37_42.ADT
  [2 duplicates] AZEROTH_37_43.ADT
  [1 duplicates] AZEROTH_37_44.ADT
  [1 duplicates] AZEROTH_42_21.ADT
  [1 duplicates] AZEROTH_42_22.ADT
  [1 duplicates] AZEROTH_43_21.ADT
  [1 duplicates] AZEROTH_43_22.ADT
  [7 duplicates] KALIMDOR_18_15.ADT
  [7 duplicates] KALIMDOR_18_16.ADT
  [1 duplicates] KALIMDOR_18_21.ADT
  [1 duplicates] KALIMDOR_18_22.ADT
  [1 duplicates] KALIMDOR_18_23.ADT
  [6 duplicates] KALIMDOR_19_15.ADT
  [6 duplicates] KALIMDOR_19_16.ADT
  [1 duplicates] KALIMDOR_19_18.ADT
  [1 duplicates] KALIMDOR_19_20.ADT
  [1 duplicates] KALIMDOR_19_21.ADT
  [1 duplicates] KALIMDOR_19_22.ADT
  [1 duplicates] KALIMDOR_19_23.ADT
  [1 duplicates] KALIMDOR_20_15.ADT
  [1 duplicates] KALIMDOR_20_16.ADT
  [1 duplicates] KALIMDOR_20_18.ADT
  [1 duplicates] KALIMDOR_20_20.ADT
  [1 duplicates] KALIMDOR_20_21.ADT
  [1 duplicates] KALIMDOR_20_22.ADT
  [6 duplicates] KALIMDOR_21_15.ADT
  [7 duplicates] KALIMDOR_21_16.ADT
  [7 duplicates] KALIMDOR_22_15.ADT
  [8 duplicates] KALIMDOR_22_16.ADT
  [2 duplicates] KALIMDOR_30_33.ADT
  [2 duplicates] KALIMDOR_30_34.ADT
  [2 duplicates] KALIMDOR_31_34.ADT
  [1 duplicates] KALIMDOR_31_43.ADT
  [1 duplicates] KALIMDOR_32_34.ADT
  [1 duplicates] KALIMDOR_32_43.ADT
  [1 duplicates] KALIMDOR_33_33.ADT
  [1 duplicates] KALIMDOR_34_33.ADT
  [2 duplicates] KALIMDOR_34_48.ADT
  [1 duplicates] KALIMDOR_34_49.ADT
  [2 duplicates] KALIMDOR_35_48.ADT
  [1 duplicates] KALIMDOR_35_49.ADT
  [1 duplicates] KALIMDOR_37_43.ADT
  [1 duplicates] KALIMDOR_37_44.ADT
  [1 duplicates] KALIMDOR_38_18.ADT
  [1 duplicates] KALIMDOR_38_35.ADT
  [1 duplicates] KALIMDOR_38_36.ADT
  [1 duplicates] KALIMDOR_39_18.ADT
  [4 duplicates] KALIMDOR_31_33.ADT

  ⚠️  FOUND 124 duplicate WMO placement pairs across 67 ADT files
  These duplicates may cause glitching, collision issues, or rendering problems.

  🔧 Fixing enabled - will export deduplicated ADTs to export directory

================================================================================
FIXING DUPLICATE WMO PLACEMENTS
================================================================================

  Fixing: AZEROTH_11_44.ADT
    Duplicates: 1 pairs
    Original WMO placements: 4
    Duplicates removed: 1
    Final WMO placements: 3
    ✓ Exported to: WORLD\maps\AZEROTH\AZEROTH_11_44.ADT

  Fixing: AZEROTH_12_44.ADT
    Duplicates: 1 pairs
    Original WMO placements: 5
    Duplicates removed: 1
    Final WMO placements: 4
    ✓ Exported to: WORLD\maps\AZEROTH\AZEROTH_12_44.ADT

  Fixing: AZEROTH_14_41.ADT
    Duplicates: 1 pairs
    Original WMO placements: 2
    Duplicates removed: 1
    Final WMO placements: 1
    ✓ Exported to: WORLD\maps\AZEROTH\AZEROTH_14_41.ADT

  Fixing: AZEROTH_15_41.ADT
    Duplicates: 1 pairs
    Original WMO placements: 4
    Duplicates removed: 1
    Final WMO placements: 3
    ✓ Exported to: WORLD\maps\AZEROTH\AZEROTH_15_41.ADT

  Fixing: AZEROTH_24_40.ADT
    Duplicates: 1 pairs
    Original WMO placements: 11
    Duplicates removed: 1
    Final WMO placements: 10
    ✓ Exported to: WORLD\maps\AZEROTH\AZEROTH_24_40.ADT

  Fixing: AZEROTH_27_34.ADT
    Duplicates: 1 pairs
    Original WMO placements: 7
    Duplicates removed: 1
    Final WMO placements: 6
    ✓ Exported to: WORLD\maps\AZEROTH\AZEROTH_27_34.ADT

  Fixing: AZEROTH_28_34.ADT
    Duplicates: 1 pairs
    Original WMO placements: 19
    Duplicates removed: 1
    Final WMO placements: 18
    ✓ Exported to: WORLD\maps\AZEROTH\AZEROTH_28_34.ADT

  Fixing: AZEROTH_34_53.ADT
    Duplicates: 1 pairs
    Original WMO placements: 18
    Duplicates removed: 1
    Final WMO placements: 17
    ✓ Exported to: WORLD\maps\AZEROTH\AZEROTH_34_53.ADT

  Fixing: AZEROTH_34_54.ADT
    Duplicates: 1 pairs
    Original WMO placements: 27
    Duplicates removed: 1
    Final WMO placements: 26
    ✓ Exported to: WORLD\maps\AZEROTH\AZEROTH_34_54.ADT

  Fixing: AZEROTH_34_55.ADT
    Duplicates: 1 pairs
    Original WMO placements: 6
    Duplicates removed: 1
    Final WMO placements: 5
    ✓ Exported to: WORLD\maps\AZEROTH\AZEROTH_34_55.ADT

  Fixing: AZEROTH_35_53.ADT
    Duplicates: 1 pairs
    Original WMO placements: 16
    Duplicates removed: 1
    Final WMO placements: 15
    ✓ Exported to: WORLD\maps\AZEROTH\AZEROTH_35_53.ADT

  Fixing: AZEROTH_35_54.ADT
    Duplicates: 1 pairs
    Original WMO placements: 29
    Duplicates removed: 1
    Final WMO placements: 28
    ✓ Exported to: WORLD\maps\AZEROTH\AZEROTH_35_54.ADT

  Fixing: AZEROTH_35_55.ADT
    Duplicates: 1 pairs
    Original WMO placements: 18
    Duplicates removed: 1
    Final WMO placements: 17
    ✓ Exported to: WORLD\maps\AZEROTH\AZEROTH_35_55.ADT

  Fixing: AZEROTH_36_29.ADT
    Duplicates: 2 pairs
    Original WMO placements: 37
    Duplicates removed: 2
    Final WMO placements: 35
    ✓ Exported to: WORLD\maps\AZEROTH\AZEROTH_36_29.ADT

  Fixing: AZEROTH_36_30.ADT
    Duplicates: 2 pairs
    Original WMO placements: 7
    Duplicates removed: 2
    Final WMO placements: 5
    ✓ Exported to: WORLD\maps\AZEROTH\AZEROTH_36_30.ADT

  Fixing: AZEROTH_36_42.ADT
    Duplicates: 1 pairs
    Original WMO placements: 9
    Duplicates removed: 1
    Final WMO placements: 8
    ✓ Exported to: WORLD\maps\AZEROTH\AZEROTH_36_42.ADT

  Fixing: AZEROTH_36_43.ADT
    Duplicates: 1 pairs
    Original WMO placements: 3
    Duplicates removed: 1
    Final WMO placements: 2
    ✓ Exported to: WORLD\maps\AZEROTH\AZEROTH_36_43.ADT

  Fixing: AZEROTH_37_32.ADT
    Duplicates: 1 pairs
    Original WMO placements: 6
    Duplicates removed: 1
    Final WMO placements: 5
    ✓ Exported to: WORLD\maps\AZEROTH\AZEROTH_37_32.ADT

  Fixing: AZEROTH_37_33.ADT
    Duplicates: 1 pairs
    Original WMO placements: 4
    Duplicates removed: 1
    Final WMO placements: 3
    ✓ Exported to: WORLD\maps\AZEROTH\AZEROTH_37_33.ADT

  Fixing: AZEROTH_37_42.ADT
    Duplicates: 1 pairs
    Original WMO placements: 20
    Duplicates removed: 1
    Final WMO placements: 19
    ✓ Exported to: WORLD\maps\AZEROTH\AZEROTH_37_42.ADT

  Fixing: AZEROTH_37_43.ADT
    Duplicates: 2 pairs
    Original WMO placements: 20
    Duplicates removed: 2
    Final WMO placements: 18
    ✓ Exported to: WORLD\maps\AZEROTH\AZEROTH_37_43.ADT

  Fixing: AZEROTH_37_44.ADT
    Duplicates: 1 pairs
    Original WMO placements: 2
    Duplicates removed: 1
    Final WMO placements: 1
    ✓ Exported to: WORLD\maps\AZEROTH\AZEROTH_37_44.ADT

  Fixing: AZEROTH_42_21.ADT
    Duplicates: 1 pairs
    Original WMO placements: 9
    Duplicates removed: 1
    Final WMO placements: 8
    ✓ Exported to: WORLD\maps\AZEROTH\AZEROTH_42_21.ADT

  Fixing: AZEROTH_42_22.ADT
    Duplicates: 1 pairs
    Original WMO placements: 31
    Duplicates removed: 1
    Final WMO placements: 30
    ✓ Exported to: WORLD\maps\AZEROTH\AZEROTH_42_22.ADT

  Fixing: AZEROTH_43_21.ADT
    Duplicates: 1 pairs
    Original WMO placements: 4
    Duplicates removed: 1
    Final WMO placements: 3
    ✓ Exported to: WORLD\maps\AZEROTH\AZEROTH_43_21.ADT

  Fixing: AZEROTH_43_22.ADT
    Duplicates: 1 pairs
    Original WMO placements: 5
    Duplicates removed: 1
    Final WMO placements: 4
    ✓ Exported to: WORLD\maps\AZEROTH\AZEROTH_43_22.ADT

  Fixing: KALIMDOR_18_15.ADT
    Duplicates: 7 pairs
    Original WMO placements: 6
    Duplicates removed: 4
    Final WMO placements: 2
    ✓ Exported to: WORLD\maps\KALIMDOR\KALIMDOR_18_15.ADT

  Fixing: KALIMDOR_18_16.ADT
    Duplicates: 7 pairs
    Original WMO placements: 7
    Duplicates removed: 4
    Final WMO placements: 3
    ✓ Exported to: WORLD\maps\KALIMDOR\KALIMDOR_18_16.ADT

  Fixing: KALIMDOR_18_21.ADT
    Duplicates: 1 pairs
    Original WMO placements: 2
    Duplicates removed: 1
    Final WMO placements: 1
    ✓ Exported to: WORLD\maps\KALIMDOR\KALIMDOR_18_21.ADT

  Fixing: KALIMDOR_18_22.ADT
    Duplicates: 1 pairs
    Original WMO placements: 4
    Duplicates removed: 1
    Final WMO placements: 3
    ✓ Exported to: WORLD\maps\KALIMDOR\KALIMDOR_18_22.ADT

  Fixing: KALIMDOR_18_23.ADT
    Duplicates: 1 pairs
    Original WMO placements: 12
    Duplicates removed: 1
    Final WMO placements: 11
    ✓ Exported to: WORLD\maps\KALIMDOR\KALIMDOR_18_23.ADT

  Fixing: KALIMDOR_19_15.ADT
    Duplicates: 6 pairs
    Original WMO placements: 4
    Duplicates removed: 3
    Final WMO placements: 1
    ✓ Exported to: WORLD\maps\KALIMDOR\KALIMDOR_19_15.ADT

  Fixing: KALIMDOR_19_16.ADT
    Duplicates: 6 pairs
    Original WMO placements: 6
    Duplicates removed: 3
    Final WMO placements: 3
    ✓ Exported to: WORLD\maps\KALIMDOR\KALIMDOR_19_16.ADT

  Fixing: KALIMDOR_19_18.ADT
    Duplicates: 1 pairs
    Original WMO placements: 3
    Duplicates removed: 1
    Final WMO placements: 2
    ✓ Exported to: WORLD\maps\KALIMDOR\KALIMDOR_19_18.ADT

  Fixing: KALIMDOR_19_20.ADT
    Duplicates: 1 pairs
    Original WMO placements: 2
    Duplicates removed: 1
    Final WMO placements: 1
    ✓ Exported to: WORLD\maps\KALIMDOR\KALIMDOR_19_20.ADT

  Fixing: KALIMDOR_19_21.ADT
    Duplicates: 1 pairs
    Original WMO placements: 4
    Duplicates removed: 1
    Final WMO placements: 3
    ✓ Exported to: WORLD\maps\KALIMDOR\KALIMDOR_19_21.ADT

  Fixing: KALIMDOR_19_22.ADT
    Duplicates: 1 pairs
    Original WMO placements: 4
    Duplicates removed: 1
    Final WMO placements: 3
    ✓ Exported to: WORLD\maps\KALIMDOR\KALIMDOR_19_22.ADT

  Fixing: KALIMDOR_19_23.ADT
    Duplicates: 1 pairs
    Original WMO placements: 5
    Duplicates removed: 1
    Final WMO placements: 4
    ✓ Exported to: WORLD\maps\KALIMDOR\KALIMDOR_19_23.ADT

  Fixing: KALIMDOR_20_15.ADT
    Duplicates: 1 pairs
    Original WMO placements: 2
    Duplicates removed: 1
    Final WMO placements: 1
    ✓ Exported to: WORLD\maps\KALIMDOR\KALIMDOR_20_15.ADT

  Fixing: KALIMDOR_20_16.ADT
    Duplicates: 1 pairs
    Original WMO placements: 18
    Duplicates removed: 1
    Final WMO placements: 17
    ✓ Exported to: WORLD\maps\KALIMDOR\KALIMDOR_20_16.ADT

  Fixing: KALIMDOR_20_18.ADT
    Duplicates: 1 pairs
    Original WMO placements: 7
    Duplicates removed: 1
    Final WMO placements: 6
    ✓ Exported to: WORLD\maps\KALIMDOR\KALIMDOR_20_18.ADT

  Fixing: KALIMDOR_20_20.ADT
    Duplicates: 1 pairs
    Original WMO placements: 3
    Duplicates removed: 1
    Final WMO placements: 2
    ✓ Exported to: WORLD\maps\KALIMDOR\KALIMDOR_20_20.ADT

  Fixing: KALIMDOR_20_21.ADT
    Duplicates: 1 pairs
    Original WMO placements: 4
    Duplicates removed: 1
    Final WMO placements: 3
    ✓ Exported to: WORLD\maps\KALIMDOR\KALIMDOR_20_21.ADT

  Fixing: KALIMDOR_20_22.ADT
    Duplicates: 1 pairs
    Original WMO placements: 3
    Duplicates removed: 1
    Final WMO placements: 2
    ✓ Exported to: WORLD\maps\KALIMDOR\KALIMDOR_20_22.ADT

  Fixing: KALIMDOR_21_15.ADT
    Duplicates: 6 pairs
    Original WMO placements: 4
    Duplicates removed: 3
    Final WMO placements: 1
    ✓ Exported to: WORLD\maps\KALIMDOR\KALIMDOR_21_15.ADT

  Fixing: KALIMDOR_21_16.ADT
    Duplicates: 7 pairs
    Original WMO placements: 10
    Duplicates removed: 4
    Final WMO placements: 6
    ✓ Exported to: WORLD\maps\KALIMDOR\KALIMDOR_21_16.ADT

  Fixing: KALIMDOR_22_15.ADT
    Duplicates: 7 pairs
    Original WMO placements: 6
    Duplicates removed: 4
    Final WMO placements: 2
    ✓ Exported to: WORLD\maps\KALIMDOR\KALIMDOR_22_15.ADT

  Fixing: KALIMDOR_22_16.ADT
    Duplicates: 8 pairs
    Original WMO placements: 9
    Duplicates removed: 5
    Final WMO placements: 4
    ✓ Exported to: WORLD\maps\KALIMDOR\KALIMDOR_22_16.ADT

  Fixing: KALIMDOR_30_33.ADT
    Duplicates: 2 pairs
    Original WMO placements: 14
    Duplicates removed: 2
    Final WMO placements: 12
    ✓ Exported to: WORLD\maps\KALIMDOR\KALIMDOR_30_33.ADT

  Fixing: KALIMDOR_30_34.ADT
    Duplicates: 2 pairs
    Original WMO placements: 4
    Duplicates removed: 2
    Final WMO placements: 2
    ✓ Exported to: WORLD\maps\KALIMDOR\KALIMDOR_30_34.ADT

  Fixing: KALIMDOR_31_34.ADT
    Duplicates: 2 pairs
    Original WMO placements: 18
    Duplicates removed: 2
    Final WMO placements: 16
    ✓ Exported to: WORLD\maps\KALIMDOR\KALIMDOR_31_34.ADT

  Fixing: KALIMDOR_31_43.ADT
    Duplicates: 1 pairs
    Original WMO placements: 4
    Duplicates removed: 1
    Final WMO placements: 3
    ✓ Exported to: WORLD\maps\KALIMDOR\KALIMDOR_31_43.ADT

  Fixing: KALIMDOR_32_34.ADT
    Duplicates: 1 pairs
    Original WMO placements: 16
    Duplicates removed: 1
    Final WMO placements: 15
    ✓ Exported to: WORLD\maps\KALIMDOR\KALIMDOR_32_34.ADT

  Fixing: KALIMDOR_32_43.ADT
    Duplicates: 1 pairs
    Original WMO placements: 3
    Duplicates removed: 1
    Final WMO placements: 2
    ✓ Exported to: WORLD\maps\KALIMDOR\KALIMDOR_32_43.ADT

  Fixing: KALIMDOR_33_33.ADT
    Duplicates: 1 pairs
    Original WMO placements: 3
    Duplicates removed: 1
    Final WMO placements: 2
    ✓ Exported to: WORLD\maps\KALIMDOR\KALIMDOR_33_33.ADT

  Fixing: KALIMDOR_34_33.ADT
    Duplicates: 1 pairs
    Original WMO placements: 5
    Duplicates removed: 1
    Final WMO placements: 4
    ✓ Exported to: WORLD\maps\KALIMDOR\KALIMDOR_34_33.ADT

  Fixing: KALIMDOR_34_48.ADT
    Duplicates: 2 pairs
    Original WMO placements: 24
    Duplicates removed: 2
    Final WMO placements: 22
    ✓ Exported to: WORLD\maps\KALIMDOR\KALIMDOR_34_48.ADT

  Fixing: KALIMDOR_34_49.ADT
    Duplicates: 1 pairs
    Original WMO placements: 21
    Duplicates removed: 1
    Final WMO placements: 20
    ✓ Exported to: WORLD\maps\KALIMDOR\KALIMDOR_34_49.ADT

  Fixing: KALIMDOR_35_48.ADT
    Duplicates: 2 pairs
    Original WMO placements: 66
    Duplicates removed: 2
    Final WMO placements: 64
    ✓ Exported to: WORLD\maps\KALIMDOR\KALIMDOR_35_48.ADT

  Fixing: KALIMDOR_35_49.ADT
    Duplicates: 1 pairs
    Original WMO placements: 28
    Duplicates removed: 1
    Final WMO placements: 27
    ✓ Exported to: WORLD\maps\KALIMDOR\KALIMDOR_35_49.ADT

  Fixing: KALIMDOR_37_43.ADT
    Duplicates: 1 pairs
    Original WMO placements: 18
    Duplicates removed: 1
    Final WMO placements: 17
    ✓ Exported to: WORLD\maps\KALIMDOR\KALIMDOR_37_43.ADT

  Fixing: KALIMDOR_37_44.ADT
    Duplicates: 1 pairs
    Original WMO placements: 31
    Duplicates removed: 1
    Final WMO placements: 30
    ✓ Exported to: WORLD\maps\KALIMDOR\KALIMDOR_37_44.ADT

  Fixing: KALIMDOR_38_18.ADT
    Duplicates: 1 pairs
    Original WMO placements: 2
    Duplicates removed: 1
    Final WMO placements: 1
    ✓ Exported to: WORLD\maps\KALIMDOR\KALIMDOR_38_18.ADT

  Fixing: KALIMDOR_38_35.ADT
    Duplicates: 1 pairs
    Original WMO placements: 22
    Duplicates removed: 1
    Final WMO placements: 21
    ✓ Exported to: WORLD\maps\KALIMDOR\KALIMDOR_38_35.ADT

  Fixing: KALIMDOR_38_36.ADT
    Duplicates: 1 pairs
    Original WMO placements: 19
    Duplicates removed: 1
    Final WMO placements: 18
    ✓ Exported to: WORLD\maps\KALIMDOR\KALIMDOR_38_36.ADT

  Fixing: KALIMDOR_39_18.ADT
    Duplicates: 1 pairs
    Original WMO placements: 4
    Duplicates removed: 1
    Final WMO placements: 3
    ✓ Exported to: WORLD\maps\KALIMDOR\KALIMDOR_39_18.ADT

  Fixing: KALIMDOR_31_33.ADT
    Duplicates: 4 pairs
    Original WMO placements: 12
    Duplicates removed: 4
    Final WMO placements: 8
    ✓ Exported to: WORLD\maps\KALIMDOR\KALIMDOR_31_33.ADT

  ================================================================================
  FIXING COMPLETE
  ================================================================================
  ADTs fixed: 67
  Total WMO duplicates removed: 100
  Export location: Y:\wow-server\Zeppelin-Tools\Open Azeroth\Resource Parser Export\WORLD\maps

  ✓ Fixed ADTs ready to package into custom patch MPQ

================================================================================
STEP 3: Loading stock WotLK asset list
================================================================================

Listfile: Y:\wow-server\Zeppelin-Craft\Scripts\Resource Parser\data\wotlk_335a_merged.txt
  Loaded: 168,241 stock assets

================================================================================
STEP 4: Filtering stock WMO files
================================================================================

Total unique WMO files found from parsing: 1,227
  Checking against stock WotLK asset registry...

Filtering results:
  ✅ Stock WotLK WMO files (already in base client): 695
  ⚠️  Custom/modern WMO files (need to extract): 530

================================================================================
STEP 5: Searching Asset Library for required WMO files
================================================================================

Assets Source: Y:\wow-server\Zeppelin-Tools\Asset Library\GAME ASSETS
  Using cached index: 369,575 available assets

Required WMO files: 530
  ⚠️  Found 519 of 530 requested WMO files
  ⚠️  Missing: 11 WMO files
  + Found 153 additional WMO files variants via folder scanning
  = 672 total root WMO files found

Automatically detected dependencies:
  + 1,615 WMO group files (sub-components of the WMO files)

Total files found: 2,287
  (672 root WMO files + 1,615 group files)

  Root WMO files (672):
    - 6AS_ORCMINE.WMO
    - 6HU_GARRISON_BLACKSMITHING_HUB.WMO
    - 6HU_GARRISON_FARM_V2.WMO
    - 6HU_GARRISON_INFIRMARY_V3.WMO
    - 6HU_GARRISON_TOWNHALL_V0.WMO
    - 6HU_TRANSPORT_CARGOSHIP_WRECKED01.WMO
    - 6NG_ROCKARCHWMO_03M.WMO
    - 6NG_ROCKBEACHWMO_01M.WMO
    - 6NG_ROCKBRIDGEWMO_01S.WMO
    - 6NG_ROCKPILLARWMO_01S.WMO
    - 6NG_ROCKSHELFWMO_01L.WMO
    - 6NG_ROCKSHELFWMO_01L_ARID.WMO
    - 6NG_ROCKSHELFWMO_01M.WMO
    - 6NG_ROCKSHELFWMO_01M_ROCK.WMO
    - 6NG_ROCKSHELFWMO_01S.WMO
    - 6NG_ROCKSHELFWMO_02L.WMO
    - 6NG_ROCKSHELFWMO_02L_ARID.WMO
    - 6NG_ROCKSHELFWMO_02M_ROCK.WMO
    - 6NG_ROCKSHELFWMO_02S.WMO
    - 6NG_SMALL_CAVE.WMO
    - 6OR_GARRISON_BLACKSMITHINGEMPTY.WMO
    - 6OR_GARRISON_TENT.WMO
    - 6OR_GARRISON_TENTSNOW.WMO
    - 6OR_GARRISON_TOWERPOST_V0.WMO
    - 6OR_GARRISON_TOWERPOST_V0_NOCOL.WMO
    - 6OR_GARRISON_TOWERPOST_V0_SNOW.WMO
    - 6OR_GARRISON_TOWER_V0.WMO
    - 6OR_GARRISON_TOWER_V0_NOCOL.WMO
    - 6OR_GARRISON_TOWER_V0_SNOW.WMO
    - 6OR_GARRISON_WALLHALF_V0.WMO
    - 6OR_GARRISON_WALLHALF_V0_NOCOL.WMO
    - 6OR_GARRISON_WALLHALF_V0_SNOW.WMO
    - 6OR_GARRISON_WALLSINGLE_V0.WMO
    - 6OR_GARRISON_WALLSINGLE_V0_SNOW.WMO
    - 6OR_GARRISON_WORKSHOP_V3.WMO
    - 6OR_GARRISON_WORKSHOP_V3_SNOW.WMO
    - 6OR_HORDE_SHIP01.WMO
    - 6SM_SMALLORCCAVE.WMO
    - 7AF_ARTIFACT_SEWER.WMO
    - 7AF_ARTIFACT_SEWER_010_LOD1.WMO
    - 7AF_ARTIFACT_SEWER_010_LOD2.WMO
    - 7AF_ARTIFACT_SEWER_011_LOD1.WMO
    - 7AF_ARTIFACT_SEWER_011_LOD2.WMO
    - 7AF_SHAMAN_CAVEGEOWMO_C01.WMO
    - 7AF_SHAMAN_CAVEGEOWMO_C01_000_LOD1.WMO
    - 7AF_SHAMAN_CAVEGEOWMO_C01_000_LOD2.WMO
    - 7AF_SHAMAN_CAVEGEOWMO_C01_001_LOD1.WMO
    - 7AF_SHAMAN_CAVEGEOWMO_C01_001_LOD2.WMO
    - 7HU_GARRISON_BARRACKS_V2_EMBASSY.WMO
    - 7MU_MURLOC_HUTCLUSTER02.WMO
    - 7MU_MURLOC_HUTCLUSTER02_000_LOD1.WMO
    - 7MU_MURLOC_HUTCLUSTER02_000_LOD2.WMO
    - 7SG_SEAGIANT_SHIPWRECK01.WMO
    - 7SG_SEAGIANT_SHIPWRECK01_000_LOD1.WMO
    - 7SG_SEAGIANT_SHIPWRECK01_000_LOD2.WMO
    - 7SG_SEAGIANT_SHIPWRECK01_MASTCOLLISION.WMO
    - 7SG_SEAGIANT_SHIPWRECK02.WMO
    - 7SG_SEAGIANT_SHIPWRECK02_000_LOD1.WMO
    - 7SG_SEAGIANT_SHIPWRECK02_000_LOD2.WMO
    - 7SG_SEAGIANT_SHIPWRECK02_PVP.WMO
    - 7SG_SEAGIANT_SHIPWRECK03.WMO
    - 7SG_SEAGIANT_SHIPWRECK03_000_LOD1.WMO
    - 7SG_SEAGIANT_SHIPWRECK03_000_LOD2.WMO
    - 7SG_SEAGIANT_SHIPWRECK04.WMO
    - 7SG_SEAGIANT_SHIP_HULL_PIECE01.WMO
    - 7SG_SEAGIANT_SHIP_HULL_PIECE01_000_LOD1.WMO
    - 7SG_SEAGIANT_SHIP_HULL_PIECE01_000_LOD2.WMO
    - 7SG_SEAGIANT_SHIP_HULL_PIECE02.WMO
    - 7SG_SEAGIANT_SHIP_HULL_PIECE02_000_LOD1.WMO
    - 7SG_SEAGIANT_SHIP_HULL_PIECE02_000_LOD2.WMO
    - 7SG_SEAGIANT_SHIP_HULL_PIECE03.WMO
    - 7SG_SEAGIANT_SHIP_HULL_PIECE03_000_LOD1.WMO
    - 7SG_SEAGIANT_SHIP_HULL_PIECE03_000_LOD2.WMO
    - 7SG_SEAGIANT_SHIP_HULL_PIECE04.WMO
    - 7SG_SEAGIANT_SHIP_HULL_PIECE04_000_LOD1.WMO
    - 7SG_SEAGIANT_SHIP_HULL_PIECE04_000_LOD2.WMO
    - 7SG_SEAGIANT_SHIP_HULL_PIECE04_PVP.WMO
    - 7VS_GILNEAS_BUILDING02.WMO
    - 7VS_GILNEAS_BUILDING04.WMO
    - 7VS_GILNEAS_BUILDING05.WMO
    - 7VS_GILNEAS_BUILDING09.WMO
    - 7XP_AZERITE_FISSURE_TERRAINBLEND01.WMO
    - 8CRE_AMPTUNNEL01_2459264.WMO
    - 8DU_KEZAN_COLLISION01.WMO
    - 8DU_KEZAN_HORDE_GOBLIN_GATE01.WMO
    - 8DU_KEZAN_HORDE_GOBLIN_LAUNCHPAD01.WMO
    - 8DU_KEZAN_HORDE_GOBLIN_TOWER01.WMO
    - 8DU_KEZAN_HORDE_GOBLIN_TOWER02.WMO
    - 8DU_KEZAN_HORDE_GOBLIN_WALL01.WMO
    - 8FK_FORSAKEN_BRILLRUBBLE09.WMO
    - 8GN_GNOME_METALSCRAP01.WMO
    - 8GN_GNOME_METALSCRAP01_000_LOD1.WMO
    - 8GN_GNOME_METALSCRAP01_000_LOD2.WMO
    - 8GN_GNOME_METALSCRAP02.WMO
    - 8GN_GNOME_METALSCRAP02_000_LOD1.WMO
    - 8GN_GNOME_METALSCRAP02_000_LOD2.WMO
    - 8HU_KULTIRAS_DOCKS_NARROW01.WMO
    - 8HU_KULTIRAS_DOCKS_NARROW01_000_LOD1.WMO
    - 8HU_KULTIRAS_DOCKS_NARROW01_000_LOD2.WMO
    - 8HU_KULTIRAS_DOCKS_NARROW02.WMO
    - 8HU_KULTIRAS_DOCKS_NARROW03.WMO
    - 8HU_KULTIRAS_DOCKS_NARROW_45.WMO
    - 8HU_KULTIRAS_DOCKS_NARROW_CAP01.WMO
    - 8HU_KULTIRAS_DOCKS_NARROW_CAP01_NOCOLLISION.WMO
    - 8HU_KULTIRAS_DOCKS_PILLAR01.WMO
    - 8HU_KULTIRAS_DOCKS_PILLAR01_000_LOD1.WMO
    - 8HU_KULTIRAS_DOCKS_PILLAR01_000_LOD2.WMO
    - 8HU_KULTIRAS_DOCKS_PILLAR02.WMO
    - 8HU_KULTIRAS_DOCKS_STAIRSNARROW01.WMO
    - 8HU_KULTIRAS_DOCKS_STAIRSNARROW01_000_LOD1.WMO
    - 8HU_KULTIRAS_DOCKS_STAIRSNARROW01_000_LOD2.WMO
    - 8HU_KULTIRAS_DOCKS_STAIRSNARROW02.WMO
    - 8HU_KULTIRAS_DOCKS_STAIRSNARROW02_000_LOD1.WMO
    - 8HU_KULTIRAS_DOCKS_STAIRSNARROW02_000_LOD2.WMO
    - 8HU_KULTIRAS_DOCKS_STAIRSWIDE01.WMO
    - 8HU_KULTIRAS_DOCKS_STAIRSWIDE01_000_LOD1.WMO
    - 8HU_KULTIRAS_DOCKS_STAIRSWIDE01_000_LOD2.WMO
    - 8HU_KULTIRAS_DOCKS_STAIRSWIDE03.WMO
    - 8HU_KULTIRAS_DOCKS_WIDE01.WMO
    - 8HU_KULTIRAS_DOCKS_WIDE01_000_LOD1.WMO
    - 8HU_KULTIRAS_DOCKS_WIDE01_000_LOD2.WMO
    - 8HU_KULTIRAS_DOCKS_WIDE02.WMO
    - 8HU_KULTIRAS_DOCKS_WIDE02_000_LOD1.WMO
    - 8HU_KULTIRAS_DOCKS_WIDE02_000_LOD2.WMO
    - 8HU_KULTIRAS_DOCKS_WIDE03.WMO
    - 8HU_KULTIRAS_SMALLHOUSE_BASE_01.WMO
    - 8HU_KULTIRAS_SMALLHOUSE_BASE_01_000_LOD1.WMO
    - 8HU_KULTIRAS_SMALLHOUSE_BASE_01_000_LOD2.WMO
    - 8HU_KULTIRAS_STAIRJUNCTION_TALL_NARROW_01.WMO
    - 8HU_KULTIRAS_STAIRJUNCTION_TALL_NARROW_01_000_LOD1.WMO
    - 8HU_KULTIRAS_STAIRJUNCTION_TALL_NARROW_01_000_LOD2.WMO
    - 8HU_KULTIRAS_STAIRJUNCTION_TALL_NARROW_02.WMO
    - 8HU_KULTIRAS_STAIRJUNCTION_TALL_NARROW_02_000_LOD1.WMO
    - 8HU_KULTIRAS_STAIRJUNCTION_TALL_NARROW_02_000_LOD2.WMO
    - 8KUL_ROCKWMO_A01.WMO
    - 8KUL_ROCKWMO_A01_000_LOD1.WMO
    - 8KUL_ROCKWMO_A01_000_LOD2.WMO
    - 8KUL_ROCKWMO_A02.WMO
    - 8KUL_ROCKWMO_A02_000_LOD1.WMO
    - 8KUL_ROCKWMO_A02_000_LOD2.WMO
    - 8NZJ_NAZJATAR_EX01_2398163.WMO
    - 8OR_HORDE_SIEGETOWER_DESTROYED01.WMO
    - 8OR_HORDE_SIEGETOWER_DESTROYED01_000_LOD1.WMO
    - 8OR_HORDE_SIEGETOWER_DESTROYED01_000_LOD2.WMO
    - 8OR_WARFRONTS_DESTRUCTIONLOT_LARGE03.WMO
    - 8OR_WARFRONTS_DESTRUCTIONLOT_LARGE03_000_LOD1.WMO
    - 8OR_WARFRONTS_DESTRUCTIONLOT_LARGE03_000_LOD2.WMO
    - 8OR_WARFRONTS_DESTRUCTIONLOT_MEDIUM03.WMO
    - 8OR_WARFRONTS_DESTRUCTIONLOT_MEDIUM03_000_LOD1.WMO
    - 8OR_WARFRONTS_DESTRUCTIONLOT_MEDIUM03_000_LOD2.WMO
    - 8OR_WARFRONTS_DESTRUCTIONLOT_SMALL01.WMO
    - 8OR_WARFRONTS_DESTRUCTIONLOT_SMALL01_000_LOD1.WMO
    - 8OR_WARFRONTS_DESTRUCTIONLOT_SMALL01_000_LOD2.WMO
    - 8OR_WARFRONTS_WORKSHOP_V2.WMO
    - 8OR_WARFRONTS_WORKSHOP_V2_000_LOD1.WMO
    - 8OR_WARFRONTS_WORKSHOP_V2_000_LOD2.WMO
    - 8OR_WARFRONTS_WORKSHOP_V2_001_LOD1.WMO
    - 8OR_WARFRONTS_WORKSHOP_V2_001_LOD2.WMO
    - 8PI_KULTIRAS_CROWSNEST01.WMO
    - 8PI_KULTIRAS_CROWSNEST01_000_LOD1.WMO
    - 8PI_KULTIRAS_CROWSNEST01_000_LOD2.WMO
    - 8SWA_SMALLTURTLE.WMO
    - 8SWA_SMALLTURTLE_000_LOD1.WMO
    - 8SWA_SMALLTURTLE_000_LOD2.WMO
    - ALLIANCE_SUBMARINE_LAND_VERSION.WMO
    - ALLIANCE_SUBMARINE_LAND_VERSION2.WMO
    - ALLIANCE_SUBMARINE_SEALED.WMO
    - AO_FOOTBRIDGE01.WMO
    - AZRCLASSICALELFRUIN_BURNED01.WMO
    - AZRCLASSICALELFRUIN_BURNED02.WMO
    - AZRCLASSICALELFRUIN_BURNED03.WMO
    - AZRCLASSICALELFRUIN_BURNED04.WMO
    - AZRCLASSICALELFRUIN_BURNED05.WMO
    - AZRCLASSICALELFRUIN_BURNED06.WMO
    - AZRCLASSICALELFRUIN_BURNED07.WMO
    - AZRCLASSICALELFRUIN_BURNED08.WMO
    - AZRCLASSICALELFRUIN_BURNED10.WMO
    - AZRCLASSICALELFRUIN_GREEN01.WMO
    - AZRCLASSICALELFRUIN_GREEN02.WMO
    - AZRCLASSICALELFRUIN_GREEN03.WMO
    - AZRCLASSICALELFRUIN_GREEN04.WMO
    - AZRCLASSICALELFRUIN_GREEN05.WMO
    - AZRCLASSICALELFRUIN_GREEN06.WMO
    - AZRCLASSICALELFRUIN_GREEN07.WMO
    - AZRCLASSICALELFRUIN_GREEN08.WMO
    - AZRCLASSICALELFRUIN_GREEN10.WMO
    - AZRCLASSICALELFRUIN_UW02.WMO
    - AZRCLASSICALELFRUIN_UW03.WMO
    - AZRCLASSICALELFRUIN_UW04.WMO
    - AZRCLASSICALELFRUIN_UW05.WMO
    - AZRCLASSICALELFRUIN_UW06.WMO
    - AZRCLASSICALELFRUIN_UW07.WMO
    - AZRCLASSICALELFRUIN_UW08.WMO
    - AZRCLASSICALELFRUIN_UW10.WMO
    - AZSHARA_FREEWAY1.WMO
    - AZSHARA_FREEWAY2.WMO
    - AZ_WORGENMINE.WMO
    - BARGE_DOCK.WMO
    - BEARGOD_HIGHPRIEST.WMO
    - BE_ARCHBRIDGE01.WMO
    - BE_FOUNTAINSILVERMOON.WMO
    - BE_GARDENWALL01.WMO
    - BE_PLATFORM_04.WMO
    - BE_PLATFORM_GHOSTLANDS_01.WMO
    - BE_SUNSTRIDERBRIDGE.WMO
    - BLACKWING_ENTRANCE.WMO
    - BLADESEDGEOGREROCK.WMO
    - BLADESEDGEOGREROCK_GRAY.WMO
    - BLASTEDLANDS_WORGENDWELLING.WMO
    - BLASTEDLAND_BARRACKS.WMO
    - BLOODELF_ARCANE_SANCTUM_ABAN.WMO
    - BLOODELF_GATE.WMO
    - BLOODELF_GATE01.WMO
    - BLOODELF_GUARDTOWER01.WMO
    - BLOODELF_GUARDTOWER01_ABAN.WMO
    - BLOODELF_HUNTER_LODGE.WMO
    - BLOODELF_HUNTER_LODGE_ABAN.WMO
    - BLOODELF_INN.WMO
    - BLOODELF_MICRO.WMO
    - BLOODELF_PLATFORM.WMO
    - BLOODELF_POND01.WMO
    - BLOODELF_SMALLGAZEBO01.WMO
    - BLOODELF_SMALLGAZEBO01_ABAN.WMO
    - BLOODELF_SMALLHOUSE02.WMO
    - BLOODELF_SMALLHOUSE02_ABAN.WMO
    - BLOODELF_SMALLHOUSE_ABAN01.WMO
    - BLOODELF_STAIRS02.WMO
    - BLOODELF_STAIRS03.WMO
    - BLOODELF_STAIRS04.WMO
    - BLOODELF_TWOSTORY01.WMO
    - BLOODELF_TWOSTORY01_ABAN.WMO
    - BLOODELF_WALL.WMO
    - DEEPHOLMEEXT_LIT.WMO
    - DEEPHOLME_PILLARTOP02.WMO
    - DEEPHOLM_FLOATINGROCK01.WMO
    - DEEPHOLM_FLOATINGROCK01_ANGLE.WMO
    - DEEPHOLM_FLOATINGROCK02.WMO
    - DEEPHOLM_FLOATINGROCK02_ANGLE.WMO
    - DEEPHOLM_FLOATINGROCK03.WMO
    - DEEPHOLM_FLOATINGROCK03_ANGLE.WMO
    - DEEPHOLM_MERCURY_POOL.WMO
    - DEEPHOLM_MERCURY_POOL01.WMO
    - DEEPHOLM_MINERALVEIN01.WMO
    - DEEPHOLM_MOSSYMINERALCOLUMN01.WMO
    - DEEPHOLM_MOSSYMINERALCOLUMN02.WMO
    - DEEPHOLM_SHELL_01.WMO
    - DEEPHOLM_SHELL_01_LOW.WMO
    - DEEPHOLM_SHELL_01_SMALL.WMO
    - DEEPHOLM_SHELL_01_SMALL_LOW.WMO
    - DEEPHOLM_SHELL_02.WMO
    - DEEPHOLM_SHELL_02_LOW.WMO
    - DEEPHOLM_SHELL_02_SMALL.WMO
    - DEEPHOLM_SHELL_02_SMALL_LOW.WMO
    - DEEPHOLM_SHELL_03.WMO
    - DEEPHOLM_SHELL_03_LOW.WMO
    - DEEPHOLM_SHELL_03_SMALL.WMO
    - DEEPHOLM_SHELL_03_SMALL_LOW.WMO
    - DEEPHOLM_TROGGTOWN.WMO
    - DEEPHOLM_TROGGVILLAGE.WMO
    - DEEPHOLM_WINDTUNNEL_01.WMO
    - DEEPHOLM_WINDTUNNEL_01_010_LOD1.WMO
    - DEEPHOLM_WINDTUNNEL_01_010_LOD2.WMO
    - DEEPHOLM_WINDTUNNEL_01_012_LOD1.WMO
    - DEEPHOLM_WINDTUNNEL_01_012_LOD2.WMO
    - DEEPHOLM_WINDTUNNEL_01_013_LOD1.WMO
    - DEEPHOLM_WINDTUNNEL_01_013_LOD2.WMO
    - DEMIGOD_DOME_DEAD.WMO
    - DEMIGOD_DOME_LIVING.WMO
    - DRAENEI_ABBEY.WMO
    - DRAENEI_ABBEY_PIECE01.WMO
    - DRAENEI_ABBEY_PIECE02.WMO
    - DRAENEI_ABBEY_PIECE03.WMO
    - DRAENEI_ABBEY_PIECE04.WMO
    - DRAENEI_BLOODWATCHTOWER.WMO
    - DRAENEI_ENTRYCRYPT.WMO
    - DRAENEI_ENTRYCRYPTBROKE.WMO
    - DRAENEI_ENTRYCRYPTBROKE02.WMO
    - DRAENEI_MEDICAL.WMO
    - DRAGONHAWKGOD_TEMPLE.WMO
    - DUROTAR_TROLL_TEMPLE02.WMO
    - DUSKWOOD_MAGETOWER_BROKENA.WMO
    - DUSKWOOD_MAGETOWER_BROKENB.WMO
    - DUSKWOOD_MAGETOWER_BROKENC.WMO
    - EAGLEGOD_HIGHPRIEST.WMO
    - EVERSONG_FOOTBRIDGE.WMO
    - FORREST_TROLL_HUT2STORY.WMO
    - FORREST_TROLL_HUTSMALL01.WMO
    - FTROLL_RUINS_CORNERSMALL01.WMO
    - FTROLL_RUINS_CORNERTALL01.WMO
    - FTROLL_RUINS_WALL01.WMO
    - FTROLL_RUINS_WALL02.WMO
    - GHOSTLANDS_FOOTBRIDGE.WMO
    - GHOSTLANDS_SCOURGEWALL_FRONT.WMO
    - GILNEAS_CATHEDRAL.WMO
    - GILNEAS_CATHEDRALQUARTER.WMO
    - GILNEAS_CATHEDRALQUARTER_BG.WMO
    - GILNEAS_CATHEDRALQUARTER_BROKENBRIDGE.WMO
    - GILNEAS_CATHEDRAL_ALL_BG.WMO
    - GILNEAS_CATHEDRAL_BG.WMO
    - GILNEAS_CITY_WALL_01_REPAIRED.WMO
    - GILNEAS_GREYMANE_WALLS_SMALL_OPENED.WMO
    - GILNEAS_GREYMANE_WALL_OPENED.WMO
    - GILNEAS_HOUSE_A.WMO
    - GILNEAS_HOUSE_A_BG.WMO
    - GILNEAS_HOUSE_A_CLOSED.WMO
    - GILNEAS_HOUSE_B.WMO
    - GILNEAS_HOUSE_B_CLOSED.WMO
    - GILNEAS_HOUSE_C.WMO
    - GILNEAS_HOUSE_C_CLOSED.WMO
    - GILNEAS_HOUSE_C_DESTROYED.WMO
    - GILNEAS_HOUSE_D.WMO
    - GILNEAS_HOUSE_E.WMO
    - GILNEAS_HOUSE_E_CLOSED.WMO
    - GILNEAS_HOUSE_F.WMO
    - GILNEAS_HOUSE_F02.WMO
    - GILNEAS_HOUSE_F_DESTROYED.WMO
    - GILNEAS_INDUSTRIALQUARTER_BRIDGE02.WMO
    - GILNEAS_LIGHTHOUSE.WMO
    - GILNEAS_LIGHTHOUSE_BROKEN.WMO
    - GILNEAS_MANOR.WMO
    - GILNEAS_MANOR_TOWER.WMO
    - GILNEAS_MARKETQUARTER.WMO
    - GILNEAS_MARKETQUARTER_BG.WMO
    - GILNEAS_PRISONQUARTER_BRIDGE.WMO
    - GILNEAS_PRISONQUARTER_BRIDGE_BG.WMO
    - GILNEAS_PRISONQUARTER_ENTRANCE.WMO
    - GILNEAS_PRISONQUARTER_ENTRANCE_BG.WMO
    - GILNEAS_TOWNSQUARE.WMO
    - GILNEAS_TOWNSQUARE_BG.WMO
    - GILNEAS_WORGENDWELLINGWMO.WMO
    - GNOMEHUT_WATER.WMO
    - GOBLINENGINE.WMO
    - GOBLINHIGHWAY01.WMO
    - GOBLINHIGHWAY02.WMO
    - GOBLINHIGHWAY_CITY.WMO
    - GOBLINHIGHWAY_COMMERCIAL.WMO
    - GOBLINHIGHWAY_RESIDENTIAL.WMO
    - GOBLINHIGHWAY_SLUMS.WMO
    - GOBLINHUT_WATER.WMO
    - GOBLINOILREFINERY.WMO
    - GOBLINSHIPFINAL.WMO
    - GOBLINSHIPFINAL_WRECKAGE.WMO
    - GOBLIN_BRIDGE01.WMO
    - GOBLIN_BRIDGE02.WMO
    - GOBLIN_BRIDGESMALL01.WMO
    - GOBLIN_DRYDOCK.WMO
    - GOBLIN_FOOTBALLTURF.WMO
    - GOBLIN_FREEWAYTOWER.WMO
    - GOBLIN_KEZAN_MINE.WMO
    - GOBLIN_KEZAN_MINE_1ROOM.WMO
    - GOBLIN_KEZAN_MINE_BLOCKED.WMO
    - GOBLIN_NETHERBRIDGE01.WMO
    - GOBLIN_OILTOWER_01.WMO
    - GOBLIN_OILTOWER_02.WMO
    - GOBLIN_PIPEROAD.WMO
    - GOBLIN_POOLWALLS.WMO
    - GOBLIN_RIVERBOAT.WMO
    - GOD_ALTAR.WMO
    - HIGHELF_GUARDTOWER01.WMO
    - HIGHELF_SMALLHOUSE01.WMO
    - HORDE_GOBLIN_BANK.WMO
    - HORDE_GOBLIN_CANNONWALL_01.WMO
    - HORDE_GOBLIN_CANNONWALL_05.WMO
    - HORDE_GOBLIN_CANNONWALL_06.WMO
    - HORDE_GOBLIN_CANNONWALL_07.WMO
    - HORDE_GOBLIN_CANNONWALL_09.WMO
    - HORDE_GOBLIN_CANNON_02.WMO
    - HORDE_GOBLIN_COLUMN_01.WMO
    - HORDE_GOBLIN_DOCKS.WMO
    - HORDE_GOBLIN_DOCKS2.WMO
    - HORDE_GOBLIN_GARAGE.WMO
    - HORDE_GOBLIN_GUARDHOUSE_01.WMO
    - HORDE_GOBLIN_LAB_01.WMO
    - HORDE_GOBLIN_LAB_02.WMO
    - HORDE_GOBLIN_LAB_02_CLOSED.WMO
    - HORDE_GOBLIN_MANSION.WMO
    - HORDE_GOBLIN_ONEROOM_01.WMO
    - HORDE_GOBLIN_ONEROOM_01_CLOSED.WMO
    - HORDE_GOBLIN_ONEROOM_02.WMO
    - HORDE_GOBLIN_ONEROOM_02_CLOSED.WMO
    - HORDE_GOBLIN_ONEROOM_03.WMO
    - HORDE_GOBLIN_ONEROOM_03_CLOSED.WMO
    - HORDE_GOBLIN_POOL.WMO
    - HORDE_GOBLIN_POOL_SMALL.WMO
    - HORDE_SUBMARINE_CLOSED.WMO
    - HYJAL_BARROW_DEN.WMO
    - HYJAL_BARROW_DEN02.WMO
    - HYJAL_MALORNE_SHRINE_INTACT.WMO
    - HYJAL_TUNNEL.WMO
    - KEZANSHORTWALLS_01.WMO
    - KEZANSHORTWALLS_02.WMO
    - KEZANSHORTWALLS_03.WMO
    - KEZANSHORTWALLS_04.WMO
    - KEZANSHORTWALLS_05.WMO
    - KEZANSHORTWALLS_06.WMO
    - KEZANSHORTWALLS_07.WMO
    - KEZANSHORTWALLS_GARAGE.WMO
    - KEZAN_SHED.WMO
    - KL_SKYWALL_ENTRANCE.WMO
    - KL_SKYWALL_ENTRANCE_BUILDING_01.WMO
    - KL_SKYWALL_ENTRANCE_BUILDING_01_LOW.WMO
    - KL_SKYWALL_ENTRANCE_BUILDING_02.WMO
    - KL_SKYWALL_ENTRANCE_BUILDING_02_LOW.WMO
    - KL_SKYWALL_ENTRANCE_BUILDING_03.WMO
    - KL_SKYWALL_ENTRANCE_BUILDING_03_LOW.WMO
    - KL_SKYWALL_ENTRANCE_LOW.WMO
    - KL_SKYWALL_RAID_ENTRANCE.WMO
    - KL_SKYWALL_RAID_ENTRANCE_LOW.WMO
    - LOSTISLES_GOBLINMINE.WMO
    - LYNXGOD_HIGHPRIEST.WMO
    - MAELSTROM_COLLISION.WMO
    - MAELSTROM_COLLISION02.WMO
    - MD_KONGCAVE.WMO
    - MD_NAGACAVE.WMO
    - MD_PYGMYCAVE1.WMO
    - MD_SHA_CAVE01.WMO
    - NAGAPAGODAHUT02.WMO
    - ND_HGUNSHIP_BACK.WMO
    - ND_HGUNSHIP_BALLOONL.WMO
    - ND_HGUNSHIP_BALLOONR.WMO
    - ND_HGUNSHIP_FIN.WMO
    - ND_HGUNSHIP_FRONT.WMO
    - ND_HUMAN_DOCK01.WMO
    - ND_HUMAN_GATE_SMALL.WMO
    - ND_HUMAN_SHIPDOCK01.WMO
    - ND_HUMAN_STAIRS01.WMO
    - ND_HUMAN_WALL_WOODEN_LONG.WMO
    - ND_HUMAN_WALL_WOODEN_POST.WMO
    - ND_HUMAN_WALL_WOODEN_SMALL.WMO
    - ND_NAGA_PAGODA_UNDERWATER_01.WMO
    - NETHERSTORM_GOBLINBRIDGE_01.WMO
    - NIGHTELF_TREEHOUSE.WMO
    - OGRE_GUARDTOWER.WMO
    - OGRE_HUT.WMO
    - OGRE_HUT2STORY.WMO
    - OGRE_HUT2STORY_ALTERNATE.WMO
    - OGRE_HUTBIG.WMO
    - OGRE_HUT_ALTERNATE.WMO
    - OGRE_HUT_HUGE.WMO
    - OGRE_HUT_HUGE_ALTERNATE.WMO
    - OGRE_HUT_MUSHROOM.WMO
    - OLDGOD.WMO
    - ORCBARRACKS_DRAGONMAW.WMO
    - ORCBARRACKS_DRAGONMAW_NONHORDE.WMO
    - ORCBLACKSMITH_DRAGONMAW.WMO
    - ORCHUT_DRAGONMAW.WMO
    - ORCMEDIUM_DRAGONMAW.WMO
    - ORCTOWER_DRAGONMAW.WMO
    - ORC_SHIP_01.WMO
    - ORC_SHIP_BROKEN_01_SUNKENSHIP.WMO
    - OWLBEARDEN01.WMO
    - OWLBEARDEN02.WMO
    - OWLBEARDEN03.WMO
    - PA_GAZEBO.WMO
    - PA_GAZEBO_LOD1.WMO
    - PYGMY_DRUMS_STAGE_02.WMO
    - PYGMY_TOTEM.WMO
    - SCRYING_TOWER.WMO
    - SILVERMOONZEPPLINTOWER.WMO
    - SILVERMOON_CITY_01.WMO
    - SILVERMYST_BRIDGE.WMO
    - SILVERMYST_ELFINN_RUINED.WMO
    - SLVRMN_2STORY01.WMO
    - SLVRMN_2STORYLONG.WMO
    - SLVRMN_3STORY01.WMO
    - SUNSTRIDERANCHORAGE.WMO
    - SUNSTRIDER_SHIP.WMO
    - SUNSTRIDER_SHIPDOCK.WMO
    - SUNWELL_DOCK.WMO
    - SUNWELL_RAID_FACADE.WMO
    - SW_GRAVEYARDWALLS.WMO
    - SW_STAIRCASE.WMO
    - TANARIS_ULDUM_ENTRANCE_OPEN.WMO
    - TB_ASYLUMWALLS.WMO
    - TB_BARRACKS.WMO
    - TB_BARRACKSWALLS.WMO
    - TB_BRIDGE.WMO
    - TB_FORGE.WMO
    - TB_FOUNDRYWALLS.WMO
    - TB_HUMAN_BARRACKS.WMO
    - TB_HUMAN_HOUSE02.WMO
    - TB_HUMAN_HOUSE03.WMO
    - TB_HUMAN_INN.WMO
    - TB_HUMAN_TOWER02.WMO
    - TB_HUMAN_TOWNHALL.WMO
    - TB_KEEP.WMO
    - TB_LIGHTHOUSE.WMO
    - TB_LONGBRIDGE.WMO
    - TB_MICRO01.WMO
    - TB_MICRO02.WMO
    - TB_MICRO03.WMO
    - TB_TOWER.WMO
    - TB_WALLS.WMO
    - TB_WALLSTRAIGHT.WMO
    - THEWORLDTREEHYJAL.WMO
    - THEWORLDTREEHYJAL_LORES.WMO
    - THEWORLDTREEHYJAL_LOW.WMO
    - THOUSANDNEEDLES_RACERBARGE.WMO
    - TH_ALLIANCEHUB.WMO
    - TH_GOBLIN_TOWN.WMO
    - TH_OBSIDIANBLACKDRAGONSHRINE.WMO
    - TH_OBSIDIAN_LAIR.WMO
    - TH_REDDRAGONSHRINE.WMO
    - TIMBERMAWHOLD2.WMO
    - TIRISFALLOPENGRAVE01.WMO
    - TOLVIR_4STAIRS.WMO
    - TOLVIR_ARCH_01.WMO
    - TOLVIR_BUILDING_01.WMO
    - TOLVIR_BUILDING_02.WMO
    - TOLVIR_BUILDING_05.WMO
    - TOLVIR_BUILDING_07.WMO
    - TOLVIR_BUILDING_08.WMO
    - TOLVIR_BUILDING_09.WMO
    - TOLVIR_BUILDING_10.WMO
    - TOLVIR_CENTRAL_BUILDING_01.WMO
    - TOLVIR_CENTRAL_BUILDING_01_C.WMO
    - TOLVIR_CENTRAL_BUILDING_01_D.WMO
    - TOLVIR_CITY_01.WMO
    - TOLVIR_COLUMN_01.WMO
    - TOLVIR_COLUMN_02.WMO
    - TOLVIR_COLUMN_04.WMO
    - TOLVIR_COLUMN_05.WMO
    - TOLVIR_COLUMN_06.WMO
    - TOLVIR_DWELLING_01.WMO
    - TOLVIR_DWELLING_02.WMO
    - TOLVIR_DWELLING_03.WMO
    - TOLVIR_DWELLING_04.WMO
    - TOLVIR_DWELLING_08.WMO
    - TOLVIR_GATORPITWALLS_01.WMO
    - TOLVIR_GODSTATUE_01.WMO
    - TOLVIR_GODSTATUE_02.WMO
    - TOLVIR_GODSTATUE_03.WMO
    - TOLVIR_GODSTATUE_04.WMO
    - TOLVIR_GRAVE_TOMB.WMO
    - TOLVIR_GRAVE_TOMB_JUNGLE.WMO
    - TOLVIR_OUTPOSTSTAIRS.WMO
    - TOLVIR_OVAL_TOMB.WMO
    - TOLVIR_PLANTER.WMO
    - TOLVIR_RAILING_03.WMO
    - TOLVIR_RAMP_03.WMO
    - TOLVIR_RAMP_04.WMO
    - TOLVIR_SPHINX_01.WMO
    - TOLVIR_SPHINX_02.WMO
    - TOLVIR_STAIRS_01.WMO
    - TOLVIR_STAIRS_03.WMO
    - TOLVIR_STAIRS_04.WMO
    - TOLVIR_STAIRS_05.WMO
    - TOLVIR_TOWER_01.WMO
    - TOLVIR_TOWER_02.WMO
    - TOLVIR_TOWER_03.WMO
    - TOLVIR_TOWER_04.WMO
    - TOLVIR_TOWER_05.WMO
    - TOLVIR_TRENCH_STAIRS.WMO
    - TOLVIR_WALL_02.WMO
    - TOLVIR_WALL_03.WMO
    - TOLVIR_WALL_04.WMO
    - TOLVIR_WALL_06.WMO
    - TOLVIR_WALL_07.WMO
    - TOLVIR_WALL_09.WMO
    - TOLVIR_WALL_14.WMO
    - TOLVIR_WALL_17.WMO
    - TOLVIR_WALL_18.WMO
    - TOLVIR_WALL_19.WMO
    - TRANSPORTSHIP_NE_MASTA.WMO
    - TRANSPORTSHIP_NE_MASTB.WMO
    - TRANSPORTSHIP_NE_SUNK.WMO
    - TRANSPORT_PIRATE_SHIP02.WMO
    - TRANSPORT_PIRATE_SHIP02_ALLIANCE.WMO
    - TRANSPORT_PIRATE_SHIP02_HORDE.WMO
    - TRANSPORT_SHIPWRECK_SUNKENSHIP.WMO
    - TRANSPORT_SHIP_UD_SUNKENSHIP.WMO
    - TWILIGHTSHAMMER_BARRACKS.WMO
    - TWILIGHTSHAMMER_ELEMENTAL_RING.WMO
    - TWILIGHTSHAMMER_GREATTEMPLE.WMO
    - TWILIGHTSHAMMER_HIDINGPILLAR.WMO
    - TWILIGHTSHAMMER_MINE.WMO
    - TWILIGHTSHAMMER_MINE_003_LOD1.WMO
    - TWILIGHTSHAMMER_MINE_003_LOD2.WMO
    - TWILIGHTSHAMMER_MINE_004_LOD1.WMO
    - TWILIGHTSHAMMER_MINE_004_LOD2.WMO
    - TWILIGHTSHAMMER_MINE_005_LOD1.WMO
    - TWILIGHTSHAMMER_MINE_005_LOD2.WMO
    - TWILIGHTSHAMMER_TENTBUILDING.WMO
    - TWILIGHTSHAMMER_WATCHTOWER.WMO
    - TWINPEAKS_BRIDGE_NARROW.WMO
    - ULDUM_90ANGLE_WALL.WMO
    - ULDUM_AQUEDUCT_MICRO.WMO
    - ULDUM_CRADLEOFANCIENTS_FACADE.WMO
    - ULDUM_CULVERTS.WMO
    - ULDUM_CULVERTS_DRAIN.WMO
    - ULDUM_C_TOMB.WMO
    - ULDUM_DAM_01.WMO
    - ULDUM_DUNE_TEMPLE.WMO
    - ULDUM_ENEMY_VILLAGE.WMO
    - ULDUM_FARM_IRRIGATION_1.WMO
    - ULDUM_FARM_IRRIGATION_2.WMO
    - ULDUM_FISHING_VILLAGE.WMO
    - ULDUM_LARGE_PYRAMID_01.WMO
    - ULDUM_MEDIUM_PYRAMID_01.WMO
    - ULDUM_MOUNTAIN_WALLS01.WMO
    - ULDUM_MOUNTAIN_WALLS02.WMO
    - ULDUM_MOUNTAIN_WALLS03.WMO
    - ULDUM_NATURAL_DESERT_CAVE.WMO
    - ULDUM_OBELISK_WALLS.WMO
    - ULDUM_OBELISK_WALLS01.WMO
    - ULDUM_PLANTERS_LOSTCITY.WMO
    - ULDUM_PYRAMIDCITY3WALLS.WMO
    - ULDUM_PYRAMIDCITYTWO_01.WMO
    - ULDUM_PYRAMIDCITYTWO_02.WMO
    - ULDUM_PYRAMIDCITYTWO_03.WMO
    - ULDUM_PYRAMIDCITYTWO_04.WMO
    - ULDUM_PYRAMIDCITYTWO_05.WMO
    - ULDUM_RIVERCITY_CENTRAL.WMO
    - ULDUM_SMALL_PYRAMID_01.WMO
    - ULDUM_SPHINX_TOMB.WMO
    - ULDUM_TEMPLE_01.WMO
    - ULDUM_TEMPLE_02.WMO
    - ULDUM_TEMPLE_03A.WMO
    - ULDUM_TITAN_MICRO.WMO
    - UNDEAD_ROGUETEMPLE01.WMO
    - UNDEAD_SKULLTOWER01.WMO
    - VASHJIR_ANTICHAMBER.WMO
    - VASHJIR_EARTHEN_CAVE.WMO
    - VASHJIR_LARGE_CAVE.WMO
    - VASHJIR_LARGE_CAVE_A.WMO
    - VASHJIR_LARGE_CAVE_B.WMO
    - VASHJIR_NIGHTELF_BROKEN_BRIDGE.WMO
    - VASHJIR_NIGHTELF_PALACE.WMO
    - VASHJIR_PALACE_BUILDINGS.WMO
    - VASHJIR_PALACE_ROADS.WMO
    - VASHJIR_SMALL_CAVE.WMO
    - VASHJIR_SMALL_CAVE_A.WMO
    - VASHJIR_TOWER_CAVE.WMO
    - WALLPOST01_1-25.WMO
    - WILDHAMMERDWARF_COTTAGEA.WMO
    - WILDHAMMERDWARF_COTTAGEA_BURNED.WMO
    - WILDHAMMERDWARF_COTTAGEA_DESTROYED.WMO
    - WILDHAMMERDWARF_COTTAGEA_TP.WMO
    - WILDHAMMERDWARF_COTTAGEA_TP_000_LOD1.WMO
    - WILDHAMMERDWARF_COTTAGEA_TP_000_LOD2.WMO
    - WILDHAMMERDWARF_COTTAGEA_TP_001_LOD1.WMO
    - WILDHAMMERDWARF_COTTAGEA_TP_001_LOD2.WMO
    - WILDHAMMERDWARF_COTTAGEB.WMO
    - WILDHAMMERDWARF_COTTAGEBPVP.WMO
    - WILDHAMMERDWARF_COTTAGEB_BURNED.WMO
    - WILDHAMMERDWARF_COTTAGEB_DESTROYED.WMO
    - WILDHAMMERDWARF_LONGHOUSE.WMO
    - WILDHAMMERDWARF_LONGHOUSE_DESTROYED.WMO
    - WILDHAMMERDWARF_SMITHY.WMO
    - WILDHAMMERDWARF_SMITHY_DESTROYED.WMO
    - WILDHAMMERDWARF_TWOSTORYA.WMO
    - WILDHAMMERDWARF_TWOSTORYA_DESTROYED.WMO
    - WILDHAMMERDWARF_TWOSTORYB.WMO
    - WILDHAMMERDWARF_TWOSTORYB_DESTROYED.WMO
    - WINDRUNNER_SPIRE.WMO
    - WOODTROLL_TEMPLE.WMO
    - WOODTROLL_TEMPLE02.WMO
    - WORGEN_DOCKS_01.WMO
    - WORGEN_FOOTBRIDGEBRIDGE_02.WMO
    - WORGEN_FOOTBRIDGEBRIDGE_03.WMO
    - WORGEN_FOOTBRIDGEBRIDGE_04.WMO
    - WORGEN_PEN.WMO
    - WORGEN_STOCKS_02_WMO.WMO
    - ZANDALARI_BOAT_TRANSPORT.WMO
    - ZULAMAN_EAGLEWALL.WMO
    - ZULAMAN_ENTRANCE.WMO
    - ZULAMAN_ENTRANCEBACK.WMO
    - ZULAMAN_FALLENLOG.WMO
    - ZULAMAN_FOUNTAIN.WMO
    - ZULAMAN_SPEARWALL.WMO
    - ZULAMAN_WALL_C.WMO
    - ZULAMAN_WARLORD_ZULJIN_TEMPLE.WMO

  Group WMO files (1615):
    - 6AS_ORCMINE_000.WMO
    - 6AS_ORCMINE_001.WMO
    - 6HU_GARRISON_BLACKSMITHING_HUB_000.WMO
    - 6HU_GARRISON_FARM_V2_000.WMO
    - 6HU_GARRISON_FARM_V2_001.WMO
    - 6HU_GARRISON_INFIRMARY_V3_000.WMO
    - 6HU_GARRISON_INFIRMARY_V3_001.WMO
    - 6HU_GARRISON_TOWNHALL_V0_000.WMO
    - 6HU_GARRISON_TOWNHALL_V0_001.WMO
    - 6HU_TRANSPORT_CARGOSHIP_WRECKED01_000.WMO
    ... and 1605 more group files

  ⚠️  MISSING WMO FILES - 11 FILES
  ==============================================================================
    WORLD/WMO/AZEROTH/BUILDINGS/HORDE_GOBLIN/GOBLIN_LARGE_WALL_OA.WMO
      ↳ Chain: Area: Kezan → ADT: KALIMDOR_54_49.ADT → WMO: GOBLIN_LARGE_WALL_OA.WMO
    WORLD/WMO/AZEROTH/BUILDINGS/KEEPWALL/WALLPOST_BALCONY.WMO
      ↳ Chain: Area: Dustwallow Marsh → ADT: KALIMDOR_40_39.ADT → WMO: WALLPOST_BALCONY.WMO
    WORLD/WMO/AZEROTH/BUILDINGS/KEEPWALL/WALLPOST_TUNNEL03_225DEG.WMO
      ↳ Chain: Area: Dustwallow Marsh → ADT: KALIMDOR_40_39.ADT → WMO: WALLPOST_TUNNEL03_225DEG.WMO
    WORLD/WMO/AZEROTH/BUILDINGS/KEEPWALL/WALLPOST_TUNNEL03_90DEG.WMO
      ↳ Chain: Area: Dustwallow Marsh → ADT: KALIMDOR_40_39.ADT → WMO: WALLPOST_TUNNEL03_90DEG.WMO
    WORLD/WMO/AZEROTH/BUILDINGS/KEEPWALL/WALLPOST_TUNNEL03_STRAIGHT.WMO
      ↳ Chain: Area: Dustwallow Marsh → ADT: KALIMDOR_40_39.ADT → WMO: WALLPOST_TUNNEL03_STRAIGHT.WMO
    WORLD/WMO/KALIMDOR/BUILDINGS/LOSTISLES/GOBLIN/BRIDGE/GOBLIN_SWINGBRIDGE_OPEN.WMO
      ↳ Chain: Area: Kezan → ADT: KALIMDOR_54_48.ADT → WMO: GOBLIN_SWINGBRIDGE_OPEN.WMO
    WORLD/WMO/KALIMDOR/BUILDINGS/LOSTISLES/GOBLIN/ZEPPELIN/WALL_PLATFORM_01.WMO
      ↳ Chain: Area: Kezan → ADT: KALIMDOR_55_51.ADT → WMO: WALL_PLATFORM_01.WMO
    WORLD/WMO/KALIMDOR/BUILDINGS/LOSTISLES/GOBLIN/ZEPPELIN/WALL_PLATFORM_02.WMO
      ↳ Chain: Area: Kezan → ADT: KALIMDOR_55_51.ADT → WMO: WALL_PLATFORM_02.WMO
    WORLD/WMO/KALIMDOR/BUILDINGS/LOSTISLES/GOBLIN/ZEPPELIN/WALL_PLATFORM_03.WMO
      ↳ Chain: Area: Kezan → ADT: KALIMDOR_55_51.ADT → WMO: WALL_PLATFORM_03.WMO
    WORLD/WMO/KALIMDOR/BUILDINGS/LOSTISLES/GOBLIN/ZEPPELIN/ZEPPELIN_TOWER_WALL.WMO
      ↳ Chain: Area: Kezan → ADT: KALIMDOR_55_50.ADT → WMO: ZEPPELIN_TOWER_WALL.WMO
    WORLD/WMO/OPENAZEROTH/GOBLIN/GOBLIN_OIL_TANKER.WMO
      ↳ Chain: Area: Kezan → ADT: KALIMDOR_51_49.ADT → WMO: GOBLIN_OIL_TANKER.WMO

================================================================================
STEP 6: Extracting WMO files to export directory
================================================================================

Extracting to: Y:\wow-server\Zeppelin-Tools\Open Azeroth\Resource Parser Export

  Extracted: 672 root WMO files
  Extracted: 1,615 WMO group files
  Total: 2,495 WMO files

  ⚠️  MISSING WMO FILES - 11 FILES
  ==============================================================================
    WORLD/WMO/AZEROTH/BUILDINGS/HORDE_GOBLIN/GOBLIN_LARGE_WALL_OA.WMO
      ↳ Chain: Area: Kezan → ADT: KALIMDOR_54_49.ADT → WMO: GOBLIN_LARGE_WALL_OA.WMO
    WORLD/WMO/AZEROTH/BUILDINGS/KEEPWALL/WALLPOST_BALCONY.WMO
      ↳ Chain: Area: Dustwallow Marsh → ADT: KALIMDOR_40_39.ADT → WMO: WALLPOST_BALCONY.WMO
    WORLD/WMO/AZEROTH/BUILDINGS/KEEPWALL/WALLPOST_TUNNEL03_225DEG.WMO
      ↳ Chain: Area: Dustwallow Marsh → ADT: KALIMDOR_40_39.ADT → WMO: WALLPOST_TUNNEL03_225DEG.WMO
    WORLD/WMO/AZEROTH/BUILDINGS/KEEPWALL/WALLPOST_TUNNEL03_90DEG.WMO
      ↳ Chain: Area: Dustwallow Marsh → ADT: KALIMDOR_40_39.ADT → WMO: WALLPOST_TUNNEL03_90DEG.WMO
    WORLD/WMO/AZEROTH/BUILDINGS/KEEPWALL/WALLPOST_TUNNEL03_STRAIGHT.WMO
      ↳ Chain: Area: Dustwallow Marsh → ADT: KALIMDOR_40_39.ADT → WMO: WALLPOST_TUNNEL03_STRAIGHT.WMO
    WORLD/WMO/KALIMDOR/BUILDINGS/LOSTISLES/GOBLIN/BRIDGE/GOBLIN_SWINGBRIDGE_OPEN.WMO
      ↳ Chain: Area: Kezan → ADT: KALIMDOR_54_48.ADT → WMO: GOBLIN_SWINGBRIDGE_OPEN.WMO
    WORLD/WMO/KALIMDOR/BUILDINGS/LOSTISLES/GOBLIN/ZEPPELIN/WALL_PLATFORM_01.WMO
      ↳ Chain: Area: Kezan → ADT: KALIMDOR_55_51.ADT → WMO: WALL_PLATFORM_01.WMO
    WORLD/WMO/KALIMDOR/BUILDINGS/LOSTISLES/GOBLIN/ZEPPELIN/WALL_PLATFORM_02.WMO
      ↳ Chain: Area: Kezan → ADT: KALIMDOR_55_51.ADT → WMO: WALL_PLATFORM_02.WMO
    WORLD/WMO/KALIMDOR/BUILDINGS/LOSTISLES/GOBLIN/ZEPPELIN/WALL_PLATFORM_03.WMO
      ↳ Chain: Area: Kezan → ADT: KALIMDOR_55_51.ADT → WMO: WALL_PLATFORM_03.WMO
    WORLD/WMO/KALIMDOR/BUILDINGS/LOSTISLES/GOBLIN/ZEPPELIN/ZEPPELIN_TOWER_WALL.WMO
      ↳ Chain: Area: Kezan → ADT: KALIMDOR_55_50.ADT → WMO: ZEPPELIN_TOWER_WALL.WMO
    WORLD/WMO/OPENAZEROTH/GOBLIN/GOBLIN_OIL_TANKER.WMO
      ↳ Chain: Area: Kezan → ADT: KALIMDOR_51_49.ADT → WMO: GOBLIN_OIL_TANKER.WMO

================================================================================
PHASE 2: WMO PARSING & M2 EXTRACTION
================================================================================

================================================================================
STEP 7: Parsing GroundEffect DBCs and validating ADT references
================================================================================
  Loaded 19519 ground effect IDs from modern client (for validation)

  ADT files reference 2395 ground effect IDs
  Validating against GroundEffectTexture.dbc...

  ✅ 1966 ground effect IDs are VALID (exist in DBC)

  ℹ️  371 junk ground effect IDs found (legacy Blizzard ADT data)
      These IDs don't exist in WotLK or modern clients - safe to ignore
      Example IDs: [2195, 18054, 18065, 18066, 18067, 18068, 18069, 18071, 18072, 18073]...

  ⚠️  58 ground effect IDs are modern content (missing from WotLK DBC)
      These exist in modern client but not in our WotLK GroundEffectTexture.dbc
      Example IDs: [18233, 19289, 19290, 19335, 19600, 19730, 19731, 19732, 19864, 19874]...
      ⚠️  These WILL show as blue cube placeholders in-game!

  Models needed for 1966 valid ground effects: 480 unique M2 files

  DBC Reference Info:
    GroundEffectTexture.dbc: 25,154 entries
    GroundEffectDoodad.dbc: 721 entries, 706 unique models
    Modern Reference: 19,519 entries

================================================================================
STEP 8: Parsing WMO files for M2 doodad, texture, and nested WMO dependencies
================================================================================

Export Directory: Y:\wow-server\Zeppelin-Tools\Open Azeroth\Resource Parser Export
WMO files found: 1,384 root files (+4,904 group files)

Parsing WMO files for dependencies...

  WMO files parsed: 1,384
  M2 doodads found: 3,598
  BLP textures found: 3,063

  ━━━ M2 Model Sources Summary ━━━
  From ADT direct references: 7,067 models
  From Ground Effects: 480 models
  From WMO doodads: 3,598 models
  ━━━━━━━━━━━━━━━━━━━━━━━━━━━━━━
  Total unique M2 models: 10,949

================================================================================
STEP 9: Filtering stock M2 models
================================================================================

Total unique M2 models found from parsing: 10,949
  Checking against stock WotLK asset registry...

Filtering results:
  ✅ Stock WotLK M2 models (already in base client): 5,129
  ⚠️  Custom/modern M2 models (need to extract): 5,794

================================================================================
STEP 10: Searching Asset Library for required M2 models
================================================================================

Assets Source: Y:\wow-server\Zeppelin-Tools\Asset Library\GAME ASSETS
  Using cached index: 369,575 available assets

Required M2 models: 5,794
  ⚠️  Found 3,942 of 5,794 requested M2 models
  ⚠️  Missing: 1,852 M2 models
  + Found 956 additional M2 models variants via folder scanning
  = 4,898 total root M2 models found

Automatically detected dependencies:
  + 5,074 M2 skin files
  + 1 M2 animation files

Total files found: 9,973
  (4,898 root M2 models + 5,074 skins + 1 anims)

  ⚠️  MISSING M2 MODELS - 1,852 FILES
  ==============================================================================
    6ARPEBBLE02.MDX
      ↳ Chain: Area: Crestfall → ADT: AZEROTH_10_41.ADT → GroundEffect: ID_158919 → M2: 6ARPEBBLE02.MDX
    6NGGRASS07.MDX
      ↳ Chain: Area: Crestfall → ADT: AZEROTH_11_41.ADT → GroundEffect: ID_158920 → M2: 6NGGRASS07.MDX
    6TJSWAMPSTICK01.MDX
      ↳ Chain: Area: Crestfall → ADT: AZEROTH_11_41.ADT → GroundEffect: ID_158920 → M2: 6TJSWAMPSTICK01.MDX
    7ANBONE02.MDX
      ↳ Chain: Area: Crestfall → ADT: AZEROTH_12_41.ADT → GroundEffect: ID_158922 → M2: 7ANBONE02.MDX
    7ANBONE03.MDX
      ↳ Chain: Area: Crestfall → ADT: AZEROTH_12_41.ADT → GroundEffect: ID_158923 → M2: 7ANBONE03.MDX
    7ANBONE04.MDX
      ↳ Chain: Area: Crestfall → ADT: AZEROTH_12_41.ADT → GroundEffect: ID_158923 → M2: 7ANBONE04.MDX
    7ANMOSS13.MDX
      ↳ Chain: Area: Crestfall → ADT: AZEROTH_11_41.ADT → GroundEffect: ID_158920 → M2: 7ANMOSS13.MDX
    7ANPEBBLE08.MDX
      ↳ Chain: Area: Crestfall → ADT: AZEROTH_10_41.ADT → GroundEffect: ID_158919 → M2: 7ANPEBBLE08.MDX
    7HMDIRT01.MDX
      ↳ Chain: Area: Crestfall → ADT: AZEROTH_10_41.ADT → GroundEffect: ID_158919 → M2: 7HMDIRT01.MDX
    7HMROCK01.MDX
      ↳ Chain: Area: Havenswood → ADT: AZEROTH_20_28.ADT → GroundEffect: ID_158239 → M2: 7HMROCK01.MDX
    7HMROCK02.MDX
      ↳ Chain: Area: Havenswood → ADT: AZEROTH_20_28.ADT → GroundEffect: ID_158239 → M2: 7HMROCK02.MDX
    7HMROCK03.MDX
      ↳ Chain: Area: Havenswood → ADT: AZEROTH_20_28.ADT → GroundEffect: ID_158239 → M2: 7HMROCK03.MDX
    7HMROCK04.MDX
      ↳ Chain: Area: Havenswood → ADT: AZEROTH_20_28.ADT → GroundEffect: ID_158239 → M2: 7HMROCK04.MDX
    7XPAZERITEROCK03.MDX
      ↳ Chain: Area: Crestfall → ADT: AZEROTH_12_42.ADT → GroundEffect: ID_158925 → M2: 7XPAZERITEROCK03.MDX
    7XPAZERITEROCK04.MDX
      ↳ Chain: Area: Crestfall → ADT: AZEROTH_12_42.ADT → GroundEffect: ID_158925 → M2: 7XPAZERITEROCK04.MDX
    7XPROCK01.MDX
      ↳ Chain: Area: Crestfall → ADT: AZEROTH_10_41.ADT → GroundEffect: ID_158919 → M2: 7XPROCK01.MDX
    8DRUGRASS01.MDX
      ↳ Chain: Area: Havenswood → ADT: AZEROTH_20_28.ADT → GroundEffect: ID_158532 → M2: 8DRUGRASS01.MDX
    8DRUGRASS02.MDX
      ↳ Chain: Area: Havenswood → ADT: AZEROTH_20_28.ADT → GroundEffect: ID_158532 → M2: 8DRUGRASS02.MDX
    8DRULEAF02.MDX
      ↳ Chain: Area: Crestfall → ADT: AZEROTH_11_41.ADT → GroundEffect: ID_158916 → M2: 8DRULEAF02.MDX
    8DRUMOSS02.MDX
      ↳ Chain: Area: Crestfall → ADT: AZEROTH_11_41.ADT → GroundEffect: ID_158916 → M2: 8DRUMOSS02.MDX
    8DRUPEBBLE01.MDX
      ↳ Chain: Area: Havenswood → ADT: AZEROTH_20_28.ADT → GroundEffect: ID_158532 → M2: 8DRUPEBBLE01.MDX
    8DRUSAPLING01.MDX
      ↳ Chain: Area: Crestfall → ADT: AZEROTH_11_41.ADT → GroundEffect: ID_158916 → M2: 8DRUSAPLING01.MDX
    8KULCLOVER01.MDX
      ↳ Chain: Area: Crestfall → ADT: AZEROTH_11_41.ADT → GroundEffect: ID_158916 → M2: 8KULCLOVER01.MDX
    8KULGEAR01.MDX
      ↳ Chain: Area: Crestfall → ADT: AZEROTH_12_42.ADT → GroundEffect: ID_158926 → M2: 8KULGEAR01.MDX
    8KULMETAL01.MDX
      ↳ Chain: Area: Crestfall → ADT: AZEROTH_12_42.ADT → GroundEffect: ID_158926 → M2: 8KULMETAL01.MDX
    8KULMETALBLUE01.MDX
      ↳ Chain: Area: Crestfall → ADT: AZEROTH_12_42.ADT → GroundEffect: ID_158926 → M2: 8KULMETALBLUE01.MDX
    8KULMETALPIPE01.MDX
      ↳ Chain: Area: Crestfall → ADT: AZEROTH_12_42.ADT → GroundEffect: ID_158926 → M2: 8KULMETALPIPE01.MDX
    8KULMOSS02.MDX
      ↳ Chain: Area: Crestfall → ADT: AZEROTH_10_41.ADT → GroundEffect: ID_158918 → M2: 8KULMOSS02.MDX
    8KULRUBBLE01.MDX
      ↳ Chain: Area: The Great Sea → ADT: AZEROTH_10_39.ADT → GroundEffect: ID_159380 → M2: 8KULRUBBLE01.MDX
    8KULRUBBLE02.MDX
      ↳ Chain: Area: Crestfall → ADT: AZEROTH_12_41.ADT → GroundEffect: ID_158922 → M2: 8KULRUBBLE02.MDX
    8KULSEAMOSS01.MDX
      ↳ Chain: Area: Crestfall → ADT: AZEROTH_10_41.ADT → GroundEffect: ID_158918 → M2: 8KULSEAMOSS01.MDX
    8KULSHELL02.MDX
      ↳ Chain: Area: The Great Sea → ADT: AZEROTH_10_39.ADT → GroundEffect: ID_159380 → M2: 8KULSHELL02.MDX
    8NZJMOLLUSK01.MDX
      ↳ Chain: Area: Crestfall → ADT: AZEROTH_10_41.ADT → GroundEffect: ID_158924 → M2: 8NZJMOLLUSK01.MDX
    8NZJMOLLUSK02.MDX
      ↳ Chain: Area: The Great Sea → ADT: AZEROTH_10_39.ADT → GroundEffect: ID_159380 → M2: 8NZJMOLLUSK02.MDX
    8NZJMOLLUSK03.MDX
      ↳ Chain: Area: The Great Sea → ADT: AZEROTH_10_39.ADT → GroundEffect: ID_159380 → M2: 8NZJMOLLUSK03.MDX
    APKBUS01.MDX
      ↳ Chain: Area: GM Island → ADT: KALIMDOR_1_1.ADT → GroundEffect: ID_5310 → M2: APKBUS01.MDX
    APKBUS02.MDX
      ↳ Chain: Area: GM Island → ADT: KALIMDOR_1_1.ADT → GroundEffect: ID_5310 → M2: APKBUS02.MDX
    APKBUS03.MDX
      ↳ Chain: Area: GM Island → ADT: KALIMDOR_1_1.ADT → GroundEffect: ID_5309 → M2: APKBUS03.MDX
    APKBUS04.MDX
      ↳ Chain: Area: Western Plaguelands → ADT: AZEROTH_35_30.ADT → GroundEffect: ID_374 → M2: APKBUS04.MDX
    APKBUS05.MDX
      ↳ Chain: Area: Western Plaguelands → ADT: AZEROTH_35_30.ADT → GroundEffect: ID_365 → M2: APKBUS05.MDX
    APKFLO02.MDX
      ↳ Chain: Area: Alterac Mountains → ADT: AZEROTH_35_31.ADT → GroundEffect: ID_366 → M2: APKFLO02.MDX
    APKFLO03.MDX
      ↳ Chain: Area: Isle of Quel'Danas → ADT: AZEROTH_39_11.ADT → GroundEffect: ID_34157 → M2: APKFLO03.MDX
    APKGRA01.MDX
      ↳ Chain: Area: Western Plaguelands → ADT: AZEROTH_35_30.ADT → GroundEffect: ID_365 → M2: APKGRA01.MDX
    APKGRA02.MDX
      ↳ Chain: Area: Alterac Mountains → ADT: AZEROTH_35_31.ADT → GroundEffect: ID_366 → M2: APKGRA02.MDX
    APKGRA03.MDX
      ↳ Chain: Area: Western Plaguelands → ADT: AZEROTH_35_30.ADT → GroundEffect: ID_365 → M2: APKGRA03.MDX
    APKGRA04.MDX
      ↳ Chain: Area: Western Plaguelands → ADT: AZEROTH_35_30.ADT → GroundEffect: ID_365 → M2: APKGRA04.MDX
    ARHBUS01.MDX
      ↳ Chain: Area: Hillsbrad Foothills → ADT: AZEROTH_34_33.ADT → GroundEffect: ID_389 → M2: ARHBUS01.MDX
    ARHBUS02.MDX
      ↳ Chain: Area: Hillsbrad Foothills → ADT: AZEROTH_34_33.ADT → GroundEffect: ID_389 → M2: ARHBUS02.MDX
    ARHFLO01.MDX
      ↳ Chain: Area: Hillsbrad Foothills → ADT: AZEROTH_34_33.ADT → GroundEffect: ID_389 → M2: ARHFLO01.MDX
    ARHFLO02.MDX
      ↳ Chain: Area: Hillsbrad Foothills → ADT: AZEROTH_34_33.ADT → GroundEffect: ID_382 → M2: ARHFLO02.MDX
    ARHFLO03.MDX
      ↳ Chain: Area: Desolace → ADT: KALIMDOR_25_33.ADT → GroundEffect: ID_7241 → M2: ARHFLO03.MDX
    ARHFLO04.MDX
      ↳ Chain: Area: Desolace → ADT: KALIMDOR_26_32.ADT → GroundEffect: ID_9015 → M2: ARHFLO04.MDX
    ARHGRA01.MDX
      ↳ Chain: Area: Hillsbrad Foothills → ADT: AZEROTH_34_33.ADT → GroundEffect: ID_391 → M2: ARHGRA01.MDX
    ARHGRA02.MDX
      ↳ Chain: Area: Hillsbrad Foothills → ADT: AZEROTH_34_33.ADT → GroundEffect: ID_391 → M2: ARHGRA02.MDX
    ARHGRA03.MDX
      ↳ Chain: Area: Hillsbrad Foothills → ADT: AZEROTH_34_33.ADT → GroundEffect: ID_391 → M2: ARHGRA03.MDX
    ARHROC01.MDX
      ↳ Chain: Area: Hillsbrad Foothills → ADT: AZEROTH_34_33.ADT → GroundEffect: ID_1779 → M2: ARHROC01.MDX
    ARHROC02.MDX
      ↳ Chain: Area: Hillsbrad Foothills → ADT: AZEROTH_34_33.ADT → GroundEffect: ID_1779 → M2: ARHROC02.MDX
    ATCBUS01.MDX
      ↳ Chain: Area: Hillsbrad Foothills → ADT: AZEROTH_30_34.ADT → GroundEffect: ID_5381 → M2: ATCBUS01.MDX
    ATCBUS02.MDX
      ↳ Chain: Area: Hillsbrad Foothills → ADT: AZEROTH_30_34.ADT → GroundEffect: ID_2239 → M2: ATCBUS02.MDX
    ATCBUS03.MDX
      ↳ Chain: Area: Hillsbrad Foothills → ADT: AZEROTH_30_34.ADT → GroundEffect: ID_5381 → M2: ATCBUS03.MDX
    ATCBUS04.MDX
      ↳ Chain: Area: Hillsbrad Foothills → ADT: AZEROTH_30_34.ADT → GroundEffect: ID_5381 → M2: ATCBUS04.MDX
    ATCBUS05.MDX
      ↳ Chain: Area: Hillsbrad Foothills → ADT: AZEROTH_30_32.ADT → GroundEffect: ID_2083 → M2: ATCBUS05.MDX
    ATCFLO01.MDX
      ↳ Chain: Area: Hillsbrad Foothills → ADT: AZEROTH_30_34.ADT → GroundEffect: ID_5381 → M2: ATCFLO01.MDX
    ATCGRA01.MDX
      ↳ Chain: Area: Hillsbrad Foothills → ADT: AZEROTH_30_32.ADT → GroundEffect: ID_2083 → M2: ATCGRA01.MDX
    ATCGRA02.MDX
      ↳ Chain: Area: Hillsbrad Foothills → ADT: AZEROTH_30_34.ADT → GroundEffect: ID_2239 → M2: ATCGRA02.MDX
    ATCGRA03.MDX
      ↳ Chain: Area: Hillsbrad Foothills → ADT: AZEROTH_30_34.ADT → GroundEffect: ID_2239 → M2: ATCGRA03.MDX
    ATCGRA04.MDX
      ↳ Chain: Area: Hillsbrad Foothills → ADT: AZEROTH_30_32.ADT → GroundEffect: ID_2083 → M2: ATCGRA04.MDX
    AZHBUS01.MDX
      ↳ Chain: Area: Ashenvale → ADT: KALIMDOR_38_27.ADT → GroundEffect: ID_3444 → M2: AZHBUS01.MDX
    AZHBUS02.MDX
      ↳ Chain: Area: Winterspring → ADT: KALIMDOR_39_24.ADT → GroundEffect: ID_3440 → M2: AZHBUS02.MDX
    AZHBUS03.MDX
      ↳ Chain: Area: Ashenvale → ADT: KALIMDOR_38_27.ADT → GroundEffect: ID_3445 → M2: AZHBUS03.MDX
    AZHBUS04.MDX
      ↳ Chain: Area: Ashenvale → ADT: KALIMDOR_38_27.ADT → GroundEffect: ID_3444 → M2: AZHBUS04.MDX
    AZHBUS05.MDX
      ↳ Chain: Area: Bloodmyst Isle → ADT: KALIMDOR_17_16.ADT → GroundEffect: ID_23507 → M2: AZHBUS05.MDX
    AZHBUS06.MDX
      ↳ Chain: Area: Ashenvale → ADT: KALIMDOR_38_27.ADT → GroundEffect: ID_3445 → M2: AZHBUS06.MDX
    AZHBUS07.MDX
      ↳ Chain: Area: Winterspring → ADT: KALIMDOR_39_24.ADT → GroundEffect: ID_3440 → M2: AZHBUS07.MDX
    AZHBUS08.MDX
      ↳ Chain: Area: Ashenvale → ADT: KALIMDOR_38_27.ADT → GroundEffect: ID_3444 → M2: AZHBUS08.MDX
    AZHGRA01.MDX
      ↳ Chain: Area: Ashenvale → ADT: KALIMDOR_38_27.ADT → GroundEffect: ID_3445 → M2: AZHGRA01.MDX
    AZHGRA02.MDX
      ↳ Chain: Area: Ashenvale → ADT: KALIMDOR_38_27.ADT → GroundEffect: ID_3445 → M2: AZHGRA02.MDX
    AZHSHEL01.MDX
      ↳ Chain: Area: Bloodmyst Isle → ADT: KALIMDOR_19_19.ADT → GroundEffect: ID_23509 → M2: AZHSHEL01.MDX
    AZHSHEL02.MDX
      ↳ Chain: Area: Bloodmyst Isle → ADT: KALIMDOR_19_19.ADT → GroundEffect: ID_23509 → M2: AZHSHEL02.MDX
    AZHSHEL03.MDX
      ↳ Chain: Area: Highlands → ADT: AZEROTH_39_37.ADT → GroundEffect: ID_72183 → M2: AZHSHEL03.MDX
    BADBUS01.MDL
      ↳ Chain: Area: Badlands → ADT: AZEROTH_36_44.ADT → GroundEffect: ID_707 → M2: BADBUS01.MDL
    BADBUS02.MDL
      ↳ Chain: Area: Badlands → ADT: AZEROTH_36_44.ADT → GroundEffect: ID_707 → M2: BADBUS02.MDL
    BADBUS03.MDL
      ↳ Chain: Area: Badlands → ADT: AZEROTH_36_44.ADT → GroundEffect: ID_707 → M2: BADBUS03.MDL
    BADBUS04.MDL
      ↳ Chain: Area: Searing Gorge → ADT: AZEROTH_35_44.ADT → GroundEffect: ID_458 → M2: BADBUS04.MDL
    BADBUS05.MDL
      ↳ Chain: Area: Searing Gorge → ADT: AZEROTH_35_44.ADT → GroundEffect: ID_459 → M2: BADBUS05.MDL
    BADBUS06.MDL
      ↳ Chain: Area: Searing Gorge → ADT: AZEROTH_35_44.ADT → GroundEffect: ID_459 → M2: BADBUS06.MDL
    BADBUS07.MDL
      ↳ Chain: Area: Searing Gorge → ADT: AZEROTH_35_44.ADT → GroundEffect: ID_459 → M2: BADBUS07.MDL
    BADBUS08.MDL
      ↳ Chain: Area: Searing Gorge → ADT: AZEROTH_35_44.ADT → GroundEffect: ID_447 → M2: BADBUS08.MDL
    BADGRA01.MDL
      ↳ Chain: Area: Searing Gorge → ADT: AZEROTH_35_44.ADT → GroundEffect: ID_458 → M2: BADGRA01.MDL
    BADGRA02.MDL
      ↳ Chain: Area: Searing Gorge → ADT: AZEROTH_35_44.ADT → GroundEffect: ID_458 → M2: BADGRA02.MDL
    BADROC01.MDL
      ↳ Chain: Area: Searing Gorge → ADT: AZEROTH_35_44.ADT → GroundEffect: ID_447 → M2: BADROC01.MDL
    BADROC02.MDL
      ↳ Chain: Area: Searing Gorge → ADT: AZEROTH_35_44.ADT → GroundEffect: ID_447 → M2: BADROC02.MDL
    BADROC03.MDL
      ↳ Chain: Area: Searing Gorge → ADT: AZEROTH_35_44.ADT → GroundEffect: ID_447 → M2: BADROC03.MDL
    BARBUS01.MDX
      ↳ Chain: Area: The Barrens → ADT: KALIMDOR_39_29.ADT → GroundEffect: ID_648 → M2: BARBUS01.MDX
    BARBUS02.MDX
      ↳ Chain: Area: The Barrens → ADT: KALIMDOR_39_29.ADT → GroundEffect: ID_648 → M2: BARBUS02.MDX
    BARGRA03.MDX
      ↳ Chain: Area: Stonetalon Mountains → ADT: KALIMDOR_33_30.ADT → GroundEffect: ID_647 → M2: BARGRA03.MDX
    BARGRA04.MDX
      ↳ Chain: Area: Stonetalon Mountains → ADT: KALIMDOR_33_30.ADT → GroundEffect: ID_647 → M2: BARGRA04.MDX
    BARGRA05.MDX
      ↳ Chain: Area: Stonetalon Mountains → ADT: KALIMDOR_33_30.ADT → GroundEffect: ID_1935 → M2: BARGRA05.MDX
    BARGRA06.MDX
      ↳ Chain: Area: Stonetalon Mountains → ADT: KALIMDOR_33_30.ADT → GroundEffect: ID_1935 → M2: BARGRA06.MDX
    BARGRA07.MDX
      ↳ Chain: Area: Stonetalon Mountains → ADT: KALIMDOR_33_30.ADT → GroundEffect: ID_1935 → M2: BARGRA07.MDX
    BARGRA08.MDX
      ↳ Chain: Area: Stonetalon Mountains → ADT: KALIMDOR_33_30.ADT → GroundEffect: ID_1935 → M2: BARGRA08.MDX
    BARROC01.MDX
      ↳ Chain: Area: Stonetalon Mountains → ADT: KALIMDOR_33_30.ADT → GroundEffect: ID_647 → M2: BARROC01.MDX
    BARROC02.MDX
      ↳ Chain: Area: Stonetalon Mountains → ADT: KALIMDOR_33_30.ADT → GroundEffect: ID_647 → M2: BARROC02.MDX
    BARROC05.MDX
      ↳ Chain: Area: Thousand Needles → ADT: KALIMDOR_33_39.ADT → GroundEffect: ID_3011 → M2: BARROC05.MDX
    BLAROC01.MDL
      ↳ Chain: Area: Swamp of Sorrows → ADT: AZEROTH_36_52.ADT → GroundEffect: ID_2114 → M2: BLAROC01.MDL
    BLAROC02.MDL
      ↳ Chain: Area: Swamp of Sorrows → ADT: AZEROTH_36_52.ADT → GroundEffect: ID_2114 → M2: BLAROC02.MDL
    BLAROC03.MDL
      ↳ Chain: Area: Swamp of Sorrows → ADT: AZEROTH_36_52.ADT → GroundEffect: ID_2114 → M2: BLAROC03.MDL
    BLAROC04.MDL
      ↳ Chain: Area: Swamp of Sorrows → ADT: AZEROTH_36_52.ADT → GroundEffect: ID_2114 → M2: BLAROC04.MDL
    BLAROC05.MDL
      ↳ Chain: Area: Blasted Lands → ADT: AZEROTH_36_53.ADT → GroundEffect: ID_918 → M2: BLAROC05.MDL
    BLAROC06.MDL
      ↳ Chain: Area: Blasted Lands → ADT: AZEROTH_36_53.ADT → GroundEffect: ID_918 → M2: BLAROC06.MDL
    BLAROC07.MDL
      ↳ Chain: Area: Blasted Lands → ADT: AZEROTH_36_53.ADT → GroundEffect: ID_918 → M2: BLAROC07.MDL
    BLAROC08.MDL
      ↳ Chain: Area: Blasted Lands → ADT: AZEROTH_36_53.ADT → GroundEffect: ID_918 → M2: BLAROC08.MDL
    BLAROC11.MDL
      ↳ Chain: Area: Blasted Lands → ADT: AZEROTH_37_53.ADT → GroundEffect: ID_926 → M2: BLAROC11.MDL
    BLAROC12.MDL
      ↳ Chain: Area: Blasted Lands → ADT: AZEROTH_37_53.ADT → GroundEffect: ID_926 → M2: BLAROC12.MDL
    BLAROC13.MDL
      ↳ Chain: Area: Blasted Lands → ADT: AZEROTH_37_53.ADT → GroundEffect: ID_926 → M2: BLAROC13.MDL
    BMYFLO01.MDX
      ↳ Chain: Area: Bloodmyst Isle → ADT: KALIMDOR_18_16.ADT → GroundEffect: ID_24470 → M2: BMYFLO01.MDX
    BMYFLO02.MDX
      ↳ Chain: Area: Bloodmyst Isle → ADT: KALIMDOR_18_16.ADT → GroundEffect: ID_24470 → M2: BMYFLO02.MDX
    BMYGRA01.MDX
      ↳ Chain: Area: Bloodmyst Isle → ADT: KALIMDOR_17_16.ADT → GroundEffect: ID_23507 → M2: BMYGRA01.MDX
    BMYGRA02.MDX
      ↳ Chain: Area: Bloodmyst Isle → ADT: KALIMDOR_17_16.ADT → GroundEffect: ID_22935 → M2: BMYGRA02.MDX
    BMYGRA03.MDX
      ↳ Chain: Area: Bloodmyst Isle → ADT: KALIMDOR_17_16.ADT → GroundEffect: ID_22935 → M2: BMYGRA03.MDX
    BMYGRA04.MDX
      ↳ Chain: Area: Bloodmyst Isle → ADT: KALIMDOR_17_16.ADT → GroundEffect: ID_23507 → M2: BMYGRA04.MDX
    BSTBRA01.MDL
      ↳ Chain: Area: Stonetalon Mountains → ADT: KALIMDOR_28_30.ADT → GroundEffect: ID_4379 → M2: BSTBRA01.MDL
    BSTBRA02.MDL
      ↳ Chain: Area: Un'Goro Crater → ADT: KALIMDOR_33_45.ADT → GroundEffect: ID_4077 → M2: BSTBRA02.MDL
    BSTBRA03.MDL
      ↳ Chain: Area: Eversong Woods → ADT: AZEROTH_39_20.ADT → GroundEffect: ID_22233 → M2: BSTBRA03.MDL
    BSTBRA04.MDL
      ↳ Chain: Area: Un'Goro Crater → ADT: KALIMDOR_33_45.ADT → GroundEffect: ID_4077 → M2: BSTBRA04.MDL
    BSTBRA05.MDL
      ↳ Chain: Area: Searing Gorge → ADT: AZEROTH_32_44.ADT → GroundEffect: ID_440 → M2: BSTBRA05.MDL
    BSTBRA06.MDL
      ↳ Chain: Area: Eversong Woods → ADT: AZEROTH_39_20.ADT → GroundEffect: ID_22233 → M2: BSTBRA06.MDL
    BSTBRA07.MDL
      ↳ Chain: Area: Eversong Woods → ADT: AZEROTH_39_20.ADT → GroundEffect: ID_22233 → M2: BSTBRA07.MDL
    BSTBRA08.MDL
      ↳ Chain: Area: Searing Gorge → ADT: AZEROTH_32_44.ADT → GroundEffect: ID_440 → M2: BSTBRA08.MDL
    BSTROC01.MDL
      ↳ Chain: Area: Searing Gorge → ADT: AZEROTH_32_44.ADT → GroundEffect: ID_440 → M2: BSTROC01.MDL
    BSTROC02.MDL
      ↳ Chain: Area: Searing Gorge → ADT: AZEROTH_32_44.ADT → GroundEffect: ID_440 → M2: BSTROC02.MDL
    BSTROC03.MDL
      ↳ Chain: Area: Bloodmyst Isle → ADT: KALIMDOR_17_15.ADT → GroundEffect: ID_24192 → M2: BSTROC03.MDL
    BSTROC04.MDL
      ↳ Chain: Area: Bloodmyst Isle → ADT: KALIMDOR_17_16.ADT → GroundEffect: ID_23508 → M2: BSTROC04.MDL
    CREATURE/FROGDUCK/FROGDUCK.M2
      ↳ Chain: Area: Stormwind City → ADT: AZEROTH_30_47.ADT → M2: FROGDUCK.M2
    CREATURE/GOBLINROCKET/GOBLIN_ROCKET.MDX
      ↳ Chain: Area: KALIMDOR [53,55] → ADT: KALIMDOR_53_55.ADT → WMO: GOBLINSHIPFINAL.WMO → M2: GOBLIN_ROCKET.MDX
    CSCRY01.MDX
      ↳ Chain: Area: Deepholm → ADT: DEEPHOME_28_29.ADT → GroundEffect: ID_73815 → M2: CSCRY01.MDX
    DH_BUS01.MDX
      ↳ Chain: Area: Deepholm → ADT: DEEPHOME_27_26.ADT → GroundEffect: ID_73816 → M2: DH_BUS01.MDX
    DH_GRA01.MDX
      ↳ Chain: Area: Deepholm → ADT: DEEPHOME_28_29.ADT → GroundEffect: ID_74548 → M2: DH_GRA01.MDX
    DH_MUS01.MDX
      ↳ Chain: Area: Deepholm → ADT: DEEPHOME_28_28.ADT → GroundEffect: ID_74541 → M2: DH_MUS01.MDX
    DH_MUS02.MDX
      ↳ Chain: Area: Deepholm → ADT: DEEPHOME_28_28.ADT → GroundEffect: ID_74540 → M2: DH_MUS02.MDX
    DH_MUS03.MDX
      ↳ Chain: Area: Deepholm → ADT: DEEPHOME_28_28.ADT → GroundEffect: ID_74540 → M2: DH_MUS03.MDX
    DH_MUS04.MDX
      ↳ Chain: Area: Deepholm → ADT: DEEPHOME_32_28.ADT → GroundEffect: ID_74822 → M2: DH_MUS04.MDX
    DH_ORE01.MDX
      ↳ Chain: Area: Deepholm → ADT: DEEPHOME_27_26.ADT → GroundEffect: ID_73812 → M2: DH_ORE01.MDX
    DH_ORE02.MDX
      ↳ Chain: Area: Deepholm → ADT: DEEPHOME_27_26.ADT → GroundEffect: ID_73812 → M2: DH_ORE02.MDX
    DH_ORE03.MDX
      ↳ Chain: Area: Deepholm → ADT: DEEPHOME_27_26.ADT → GroundEffect: ID_73812 → M2: DH_ORE03.MDX
    DH_PLA01.MDX
      ↳ Chain: Area: Deepholm → ADT: DEEPHOME_28_29.ADT → GroundEffect: ID_74548 → M2: DH_PLA01.MDX
    DH_PLA02.MDX
      ↳ Chain: Area: Deepholm → ADT: DEEPHOME_32_28.ADT → GroundEffect: ID_77144 → M2: DH_PLA02.MDX
    DH_ROC01.MDX
      ↳ Chain: Area: Deepholm → ADT: DEEPHOME_27_26.ADT → GroundEffect: ID_73816 → M2: DH_ROC01.MDX
    DH_ROC02.MDX
      ↳ Chain: Area: Deepholm → ADT: DEEPHOME_27_26.ADT → GroundEffect: ID_73816 → M2: DH_ROC02.MDX
    DH_ROC03.MDX
      ↳ Chain: Area: Deepholm → ADT: DEEPHOME_27_26.ADT → GroundEffect: ID_73816 → M2: DH_ROC03.MDX
    DH_SPO01.MDX
      ↳ Chain: Area: Deepholm → ADT: DEEPHOME_28_28.ADT → GroundEffect: ID_74540 → M2: DH_SPO01.MDX
    DH_SPO02.MDX
      ↳ Chain: Area: Deepholm → ADT: DEEPHOME_28_28.ADT → GroundEffect: ID_74540 → M2: DH_SPO02.MDX
    DRKBUS01.MDL
      ↳ Chain: Area: Feralas → ADT: KALIMDOR_24_40.ADT → GroundEffect: ID_4840 → M2: DRKBUS01.MDL
    DRKBUS02.MDL
      ↳ Chain: Area: Feralas → ADT: KALIMDOR_24_40.ADT → GroundEffect: ID_4840 → M2: DRKBUS02.MDL
    DRKBUS03.MDL
      ↳ Chain: Area: Feralas → ADT: KALIMDOR_24_40.ADT → GroundEffect: ID_4840 → M2: DRKBUS03.MDL
    DRKBUS04.MDL
      ↳ Chain: Area: Darkshore → ADT: KALIMDOR_30_20.ADT → GroundEffect: ID_1537 → M2: DRKBUS04.MDL
    DRKBUS05.MDL
      ↳ Chain: Area: Feralas → ADT: KALIMDOR_24_40.ADT → GroundEffect: ID_4840 → M2: DRKBUS05.MDL
    DRKBUS06.MDL
      ↳ Chain: Area: Darkshore → ADT: KALIMDOR_29_23.ADT → GroundEffect: ID_1540 → M2: DRKBUS06.MDL
    DRKBUS07.MDL
      ↳ Chain: Area: Darkshore → ADT: KALIMDOR_29_23.ADT → GroundEffect: ID_1540 → M2: DRKBUS07.MDL
    DRKGRA01.MDL
      ↳ Chain: Area: Feralas → ADT: KALIMDOR_25_40.ADT → GroundEffect: ID_4841 → M2: DRKGRA01.MDL
    DRKGRA02.MDL
      ↳ Chain: Area: Feralas → ADT: KALIMDOR_25_40.ADT → GroundEffect: ID_4841 → M2: DRKGRA02.MDL
    DRKGRA03.MDL
      ↳ Chain: Area: Feralas → ADT: KALIMDOR_25_40.ADT → GroundEffect: ID_4841 → M2: DRKGRA03.MDL
    DRKGRA04.MDL
      ↳ Chain: Area: Darkshore → ADT: KALIMDOR_30_20.ADT → GroundEffect: ID_1537 → M2: DRKGRA04.MDL
    DRKGRA05.MDL
      ↳ Chain: Area: Feralas → ADT: KALIMDOR_25_40.ADT → GroundEffect: ID_4841 → M2: DRKGRA05.MDL
    DRKGRA06.MDL
      ↳ Chain: Area: Darkshore → ADT: KALIMDOR_30_19.ADT → GroundEffect: ID_1538 → M2: DRKGRA06.MDL
    DSKGRA01.MDL
      ↳ Chain: Area: Elwynn Forest → ADT: AZEROTH_30_51.ADT → GroundEffect: ID_525 → M2: DSKGRA01.MDL
    DSKGRA02.MDL
      ↳ Chain: Area: Elwynn Forest → ADT: AZEROTH_30_51.ADT → GroundEffect: ID_582 → M2: DSKGRA02.MDL
    DSKGRA03.MDL
      ↳ Chain: Area: Stormwind City → ADT: AZEROTH_28_46.ADT → GroundEffect: ID_1106 → M2: DSKGRA03.MDL
    DSKGRA04.MDL
      ↳ Chain: Area: Elwynn Forest → ADT: AZEROTH_30_51.ADT → GroundEffect: ID_582 → M2: DSKGRA04.MDL
    DSKGRA05.MDL
      ↳ Chain: Area: Elwynn Forest → ADT: AZEROTH_30_51.ADT → GroundEffect: ID_582 → M2: DSKGRA05.MDL
    DSKGRA06.MDL
      ↳ Chain: Area: Elwynn Forest → ADT: AZEROTH_30_51.ADT → GroundEffect: ID_525 → M2: DSKGRA06.MDL
    DSLBON01.MDX
      ↳ Chain: Area: Ghostlands → ADT: AZEROTH_39_23.ADT → GroundEffect: ID_22581 → M2: DSLBON01.MDX
    DSLBON02.MDX
      ↳ Chain: Area: Ghostlands → ADT: AZEROTH_39_23.ADT → GroundEffect: ID_22581 → M2: DSLBON02.MDX
    DSLBON03.MDX
      ↳ Chain: Area: Ghostlands → ADT: AZEROTH_39_23.ADT → GroundEffect: ID_22581 → M2: DSLBON03.MDX
    DSLBON04.MDX
      ↳ Chain: Area: Ghostlands → ADT: AZEROTH_39_23.ADT → GroundEffect: ID_22581 → M2: DSLBON04.MDX
    DSLBON05.MDX
      ↳ Chain: Area: Ghostlands → ADT: AZEROTH_39_23.ADT → GroundEffect: ID_22580 → M2: DSLBON05.MDX
    DSLBON06.MDX
      ↳ Chain: Area: Ghostlands → ADT: AZEROTH_39_23.ADT → GroundEffect: ID_22580 → M2: DSLBON06.MDX
    DSLBON07.MDX
      ↳ Chain: Area: Ghostlands → ADT: AZEROTH_39_23.ADT → GroundEffect: ID_22580 → M2: DSLBON07.MDX
    DSLBON08.MDX
      ↳ Chain: Area: Ghostlands → ADT: AZEROTH_39_23.ADT → GroundEffect: ID_22580 → M2: DSLBON08.MDX
    DSLROC01.MDX
      ↳ Chain: Area: Desolace → ADT: KALIMDOR_25_35.ADT → GroundEffect: ID_3035 → M2: DSLROC01.MDX
    DSLROC02.MDX
      ↳ Chain: Area: Desolace → ADT: KALIMDOR_25_35.ADT → GroundEffect: ID_3035 → M2: DSLROC02.MDX
    DUNBRA04.MDL
      ↳ Chain: Area: Dun Morogh → ADT: AZEROTH_29_40.ADT → GroundEffect: ID_944 → M2: DUNBRA04.MDL
    DUNBUS01.MDL
      ↳ Chain: Area: Dun Morogh → ADT: AZEROTH_30_40.ADT → GroundEffect: ID_948 → M2: DUNBUS01.MDL
    DUNBUS02.MDL
      ↳ Chain: Area: Dun Morogh → ADT: AZEROTH_29_40.ADT → GroundEffect: ID_944 → M2: DUNBUS02.MDL
    DUNBUS03.MDL
      ↳ Chain: Area: Dun Morogh → ADT: AZEROTH_29_40.ADT → GroundEffect: ID_944 → M2: DUNBUS03.MDL
    DUNGRA01.MDL
      ↳ Chain: Area: Dun Morogh → ADT: AZEROTH_30_40.ADT → GroundEffect: ID_948 → M2: DUNGRA01.MDL
    DUNGRA02.MDL
      ↳ Chain: Area: Dun Morogh → ADT: AZEROTH_30_40.ADT → GroundEffect: ID_948 → M2: DUNGRA02.MDL
    DUNGRA03.MDL
      ↳ Chain: Area: Dun Morogh → ADT: AZEROTH_30_40.ADT → GroundEffect: ID_948 → M2: DUNGRA03.MDL
    DUNGRA04.MDL
      ↳ Chain: Area: Dun Morogh → ADT: AZEROTH_29_40.ADT → GroundEffect: ID_944 → M2: DUNGRA04.MDL
    DURBUS01.MDX
      ↳ Chain: Area: Durotar → ADT: KALIMDOR_39_27.ADT → GroundEffect: ID_1972 → M2: DURBUS01.MDX
    DURBUS02.MDX
      ↳ Chain: Area: The Barrens → ADT: KALIMDOR_40_33.ADT → GroundEffect: ID_2740 → M2: DURBUS02.MDX
    DURBUS03.MDX
      ↳ Chain: Area: Durotar → ADT: KALIMDOR_39_27.ADT → GroundEffect: ID_1972 → M2: DURBUS03.MDX
    DURROC01.MDX
      ↳ Chain: Area: The Barrens → ADT: KALIMDOR_40_33.ADT → GroundEffect: ID_2740 → M2: DURROC01.MDX
    DURROC02.MDX
      ↳ Chain: Area: Durotar → ADT: KALIMDOR_39_27.ADT → GroundEffect: ID_1972 → M2: DURROC02.MDX
    DURROC04.MDX
      ↳ Chain: Area: Durotar → ADT: KALIMDOR_39_27.ADT → GroundEffect: ID_1972 → M2: DURROC04.MDX
    DWMBUS01.MDL
      ↳ Chain: Area: Dustwallow Marsh → ADT: KALIMDOR_36_37.ADT → GroundEffect: ID_1077 → M2: DWMBUS01.MDL
    DWMBUS02.MDL
      ↳ Chain: Area: Dustwallow Marsh → ADT: KALIMDOR_36_38.ADT → GroundEffect: ID_1078 → M2: DWMBUS02.MDL
    DWMBUS03.MDL
      ↳ Chain: Area: Dustwallow Marsh → ADT: KALIMDOR_36_38.ADT → GroundEffect: ID_1075 → M2: DWMBUS03.MDL
    DWMBUS04.MDL
      ↳ Chain: Area: Deadwind Pass → ADT: AZEROTH_35_51.ADT → GroundEffect: ID_599 → M2: DWMBUS04.MDL
    DWMBUS05.MDL
      ↳ Chain: Area: Dustwallow Marsh → ADT: KALIMDOR_36_37.ADT → GroundEffect: ID_1131 → M2: DWMBUS05.MDL
    DWMGRA01.MDL
      ↳ Chain: Area: Dustwallow Marsh → ADT: KALIMDOR_36_38.ADT → GroundEffect: ID_1078 → M2: DWMGRA01.MDL
    DWMGRA02.MDL
      ↳ Chain: Area: Dustwallow Marsh → ADT: KALIMDOR_36_37.ADT → GroundEffect: ID_1077 → M2: DWMGRA02.MDL
    DWMGRA03.MDL
      ↳ Chain: Area: Dustwallow Marsh → ADT: KALIMDOR_36_37.ADT → GroundEffect: ID_1131 → M2: DWMGRA03.MDL
    DWMGRA04.MDL
      ↳ Chain: Area: Dustwallow Marsh → ADT: KALIMDOR_36_37.ADT → GroundEffect: ID_1131 → M2: DWMGRA04.MDL
    DWMGRA05.MDL
      ↳ Chain: Area: Dustwallow Marsh → ADT: KALIMDOR_36_37.ADT → GroundEffect: ID_1077 → M2: DWMGRA05.MDL
    DWMGRA06.MDL
      ↳ Chain: Area: Dustwallow Marsh → ADT: KALIMDOR_36_37.ADT → GroundEffect: ID_1077 → M2: DWMGRA06.MDL
    DWMROC01.MDL
      ↳ Chain: Area: Western Plaguelands → ADT: AZEROTH_35_30.ADT → GroundEffect: ID_374 → M2: DWMROC01.MDL
    DWMROC02.MDL
      ↳ Chain: Area: Dustwallow Marsh → ADT: KALIMDOR_37_37.ADT → GroundEffect: ID_1173 → M2: DWMROC02.MDL
    DWPBRA01.MDL
      ↳ Chain: Area: Deadwind Pass → ADT: AZEROTH_34_52.ADT → GroundEffect: ID_605 → M2: DWPBRA01.MDL
    DWPBRA03.MDL
      ↳ Chain: Area: Deadwind Pass → ADT: AZEROTH_34_52.ADT → GroundEffect: ID_541 → M2: DWPBRA03.MDL
    DWPGRA01.MDL
      ↳ Chain: Area: Deadwind Pass → ADT: AZEROTH_34_52.ADT → GroundEffect: ID_605 → M2: DWPGRA01.MDL
    DWPGRA02.MDL
      ↳ Chain: Area: Deadwind Pass → ADT: AZEROTH_34_52.ADT → GroundEffect: ID_541 → M2: DWPGRA02.MDL
    DWPGRA03.MDL
      ↳ Chain: Area: Deadwind Pass → ADT: AZEROTH_34_52.ADT → GroundEffect: ID_605 → M2: DWPGRA03.MDL
    DWPROC01.MDL
      ↳ Chain: Area: Deadwind Pass → ADT: AZEROTH_35_51.ADT → GroundEffect: ID_598 → M2: DWPROC01.MDL
    DWPROC02.MDL
      ↳ Chain: Area: Deadwind Pass → ADT: AZEROTH_35_51.ADT → GroundEffect: ID_598 → M2: DWPROC02.MDL
    DWPROC03.MDL
      ↳ Chain: Area: Deadwind Pass → ADT: AZEROTH_35_51.ADT → GroundEffect: ID_598 → M2: DWPROC03.MDL
    DWPWEA01.MDL
      ↳ Chain: Area: Deadwind Pass → ADT: AZEROTH_34_52.ADT → GroundEffect: ID_541 → M2: DWPWEA01.MDL
    DWPWEA02.MDL
      ↳ Chain: Area: Deadwind Pass → ADT: AZEROTH_34_52.ADT → GroundEffect: ID_541 → M2: DWPWEA02.MDL
    DWPWEA03.MDL
      ↳ Chain: Area: Deadwind Pass → ADT: AZEROTH_34_52.ADT → GroundEffect: ID_605 → M2: DWPWEA03.MDL
    ELWFLO01.MDL
      ↳ Chain: Area: Stormwind City → ADT: AZEROTH_30_46.ADT → GroundEffect: ID_507 → M2: ELWFLO01.MDL
    ELWFLO02.MDL
      ↳ Chain: Area: Stormwind City → ADT: AZEROTH_30_46.ADT → GroundEffect: ID_507 → M2: ELWFLO02.MDL
    ELWFLO03.MDL
      ↳ Chain: Area: Stormwind City → ADT: AZEROTH_30_46.ADT → GroundEffect: ID_507 → M2: ELWFLO03.MDL
    ELWGRA01.MDL
      ↳ Chain: Area: Elwynn Forest → ADT: AZEROTH_29_45.ADT → GroundEffect: ID_772 → M2: ELWGRA01.MDL
    ELWGRA02.MDL
      ↳ Chain: Area: Elwynn Forest → ADT: AZEROTH_29_45.ADT → GroundEffect: ID_756 → M2: ELWGRA02.MDL
    ELWGRA03.MDL
      ↳ Chain: Area: Stormwind City → ADT: AZEROTH_28_46.ADT → GroundEffect: ID_1106 → M2: ELWGRA03.MDL
    ELWGRA04.MDL
      ↳ Chain: Area: Elwynn Forest → ADT: AZEROTH_29_45.ADT → GroundEffect: ID_772 → M2: ELWGRA04.MDL
    ELWGRA06.MDL
      ↳ Chain: Area: Elwynn Forest → ADT: AZEROTH_29_45.ADT → GroundEffect: ID_772 → M2: ELWGRA06.MDL
    ELWGRA07.MDL
      ↳ Chain: Area: Stormwind City → ADT: AZEROTH_30_46.ADT → GroundEffect: ID_512 → M2: ELWGRA07.MDL
    ELWGRA08.MDL
      ↳ Chain: Area: Elwynn Forest → ADT: AZEROTH_29_45.ADT → GroundEffect: ID_683 → M2: ELWGRA08.MDL
    ELWROC01.MDL
      ↳ Chain: Area: Elwynn Forest → ADT: AZEROTH_29_45.ADT → GroundEffect: ID_756 → M2: ELWROC01.MDL
    ELWROC02.MDL
      ↳ Chain: Area: Elwynn Forest → ADT: AZEROTH_29_45.ADT → GroundEffect: ID_756 → M2: ELWROC02.MDL
    EMDFLO02.MDX
      ↳ Chain: Area: Azuremyst Isle → ADT: KALIMDOR_19_21.ADT → GroundEffect: ID_23344 → M2: EMDFLO02.MDX
    EPLBON01.MDX
      ↳ Chain: Area: Eastern Plaguelands → ADT: AZEROTH_39_26.ADT → GroundEffect: ID_1741 → M2: EPLBON01.MDX
    EPLBON03.MDX
      ↳ Chain: Area: Eastern Plaguelands → ADT: AZEROTH_37_25.ADT → GroundEffect: ID_5678 → M2: EPLBON03.MDX
    EPLBON04.MDX
      ↳ Chain: Area: Eastern Plaguelands → ADT: AZEROTH_39_26.ADT → GroundEffect: ID_1741 → M2: EPLBON04.MDX
    EPLBON05.MDX
      ↳ Chain: Area: Eastern Plaguelands → ADT: AZEROTH_37_25.ADT → GroundEffect: ID_5678 → M2: EPLBON05.MDX
    EPLBUS01.MDX
      ↳ Chain: Area: Western Plaguelands → ADT: AZEROTH_36_25.ADT → GroundEffect: ID_1963 → M2: EPLBUS01.MDX
    EPLBUS02.MDX
      ↳ Chain: Area: Eastern Plaguelands → ADT: AZEROTH_38_25.ADT → GroundEffect: ID_1966 → M2: EPLBUS02.MDX
    EPLBUS06.MDX
      ↳ Chain: Area: Eastern Plaguelands → ADT: AZEROTH_38_25.ADT → GroundEffect: ID_1966 → M2: EPLBUS06.MDX
    EPLGRA01.MDX
      ↳ Chain: Area: Western Plaguelands → ADT: AZEROTH_36_25.ADT → GroundEffect: ID_1963 → M2: EPLGRA01.MDX
    EPLGRA02.MDX
      ↳ Chain: Area: Western Plaguelands → ADT: AZEROTH_36_25.ADT → GroundEffect: ID_1963 → M2: EPLGRA02.MDX
    EPLGRA03.MDX
      ↳ Chain: Area: Western Plaguelands → ADT: AZEROTH_36_25.ADT → GroundEffect: ID_1963 → M2: EPLGRA03.MDX
    EPLMUS01.MDX
      ↳ Chain: Area: Eastern Plaguelands → ADT: AZEROTH_37_25.ADT → GroundEffect: ID_5678 → M2: EPLMUS01.MDX
    EPLMUS02.MDX
      ↳ Chain: Area: Eastern Plaguelands → ADT: AZEROTH_37_25.ADT → GroundEffect: ID_5678 → M2: EPLMUS02.MDX
    FELBUS02.MDX
      ↳ Chain: Area: Bloodmyst Isle → ADT: KALIMDOR_17_17.ADT → GroundEffect: ID_24290 → M2: FELBUS02.MDX
    FELBUS03.MDX
      ↳ Chain: Area: Ashenvale → ADT: KALIMDOR_31_27.ADT → GroundEffect: ID_3835 → M2: FELBUS03.MDX
    FELBUS04.MDX
      ↳ Chain: Area: Ashenvale → ADT: KALIMDOR_31_27.ADT → GroundEffect: ID_3835 → M2: FELBUS04.MDX
    FELFLO02.MDX
      ↳ Chain: Area: Ashenvale → ADT: KALIMDOR_31_27.ADT → GroundEffect: ID_3835 → M2: FELFLO02.MDX
    FELGRA01.MDX
      ↳ Chain: Area: Bloodmyst Isle → ADT: KALIMDOR_17_17.ADT → GroundEffect: ID_24290 → M2: FELGRA01.MDX
    FELGRA02.MDX
      ↳ Chain: Area: Ashenvale → ADT: KALIMDOR_31_27.ADT → GroundEffect: ID_3834 → M2: FELGRA02.MDX
    FELGRA03.MDX
      ↳ Chain: Area: Ashenvale → ADT: KALIMDOR_31_27.ADT → GroundEffect: ID_3834 → M2: FELGRA03.MDX
    FELGRA04.MDX
      ↳ Chain: Area: Ashenvale → ADT: KALIMDOR_31_27.ADT → GroundEffect: ID_3834 → M2: FELGRA04.MDX
    GILCLOV01.MDX
      ↳ Chain: Area: Tol Barad Peninsula → ADT: AZEROTH_17_33.ADT → GroundEffect: ID_82272 → M2: GILCLOV01.MDX
    GILROSE01.MDX
      ↳ Chain: Area: Gilneas → ADT: AZEROTH_28_36.ADT → GroundEffect: ID_19202 → M2: GILROSE01.MDX
    GILSHRUB01.MDX
      ↳ Chain: Area: Silverpine Forest → ADT: AZEROTH_26_32.ADT → GroundEffect: ID_44329 → M2: GILSHRUB01.MDX
    GILSHRUB02.MDX
      ↳ Chain: Area: Tol Barad Peninsula → ADT: AZEROTH_17_33.ADT → GroundEffect: ID_82272 → M2: GILSHRUB02.MDX
    GILSHRUB03.MDX
      ↳ Chain: Area: Tol Barad → ADT: AZEROTH_18_35.ADT → GroundEffect: ID_77359 → M2: GILSHRUB03.MDX
    GILSHRUB04.MDX
      ↳ Chain: Area: Tol Barad Peninsula → ADT: AZEROTH_17_33.ADT → GroundEffect: ID_82275 → M2: GILSHRUB04.MDX
    GILSHRUB05.MDX
      ↳ Chain: Area: Tol Barad Peninsula → ADT: AZEROTH_17_33.ADT → GroundEffect: ID_82275 → M2: GILSHRUB05.MDX
    GILSHRUB06.MDX
      ↳ Chain: Area: Tol Barad Peninsula → ADT: AZEROTH_17_33.ADT → GroundEffect: ID_82275 → M2: GILSHRUB06.MDX
    GSTBUS01.MDX
      ↳ Chain: Area: Ghostlands → ADT: AZEROTH_38_21.ADT → GroundEffect: ID_22234 → M2: GSTBUS01.MDX
    GSTBUS02.MDX
      ↳ Chain: Area: Ghostlands → ADT: AZEROTH_38_21.ADT → GroundEffect: ID_22234 → M2: GSTBUS02.MDX
    GSTBUS03.MDX
      ↳ Chain: Area: Ghostlands → ADT: AZEROTH_38_21.ADT → GroundEffect: ID_22241 → M2: GSTBUS03.MDX
    GSTFLO01.MDX
      ↳ Chain: Area: Ghostlands → ADT: AZEROTH_38_21.ADT → GroundEffect: ID_22241 → M2: GSTFLO01.MDX
    GSTFLO02.MDX
      ↳ Chain: Area: Ghostlands → ADT: AZEROTH_38_22.ADT → GroundEffect: ID_22272 → M2: GSTFLO02.MDX
    GSTFLO03.MDX
      ↳ Chain: Area: Ghostlands → ADT: AZEROTH_38_21.ADT → GroundEffect: ID_22234 → M2: GSTFLO03.MDX
    GSTGRA01.MDX
      ↳ Chain: Area: Ghostlands → ADT: AZEROTH_38_21.ADT → GroundEffect: ID_22234 → M2: GSTGRA01.MDX
    HYJBRA01.MDX
      ↳ Chain: Area: Felwood → ADT: KALIMDOR_34_22.ADT → GroundEffect: ID_19294 → M2: HYJBRA01.MDX
    HYJBRA02.MDX
      ↳ Chain: Area: Felwood → ADT: KALIMDOR_34_22.ADT → GroundEffect: ID_19294 → M2: HYJBRA02.MDX
    HYJBRA03.MDX
      ↳ Chain: Area: Felwood → ADT: KALIMDOR_34_22.ADT → GroundEffect: ID_19295 → M2: HYJBRA03.MDX
    HYJBUS01.MDX
      ↳ Chain: Area: Felwood → ADT: KALIMDOR_34_21.ADT → GroundEffect: ID_4346 → M2: HYJBUS01.MDX
    HYJBUS02.MDX
      ↳ Chain: Area: Felwood → ADT: KALIMDOR_34_21.ADT → GroundEffect: ID_4346 → M2: HYJBUS02.MDX
    HYJBUS03.MDX
      ↳ Chain: Area: Felwood → ADT: KALIMDOR_34_21.ADT → GroundEffect: ID_4346 → M2: HYJBUS03.MDX
    HYJBUS04.MDX
      ↳ Chain: Area: Felwood → ADT: KALIMDOR_34_21.ADT → GroundEffect: ID_4346 → M2: HYJBUS04.MDX
    HYJBUS05.MDX
      ↳ Chain: Area: Felwood → ADT: KALIMDOR_34_21.ADT → GroundEffect: ID_4348 → M2: HYJBUS05.MDX
    HYJFLO01.MDX
      ↳ Chain: Area: Hyjal → ADT: KALIMDOR_35_22.ADT → GroundEffect: ID_70408 → M2: HYJFLO01.MDX
    HYJFLO02.MDX
      ↳ Chain: Area: Hyjal → ADT: KALIMDOR_35_22.ADT → GroundEffect: ID_70408 → M2: HYJFLO02.MDX
    HYJFLO04.MDX
      ↳ Chain: Area: Hyjal → ADT: KALIMDOR_36_21.ADT → GroundEffect: ID_70406 → M2: HYJFLO04.MDX
    HYJFLO05.MDX
      ↳ Chain: Area: Hyjal → ADT: KALIMDOR_35_22.ADT → GroundEffect: ID_70408 → M2: HYJFLO05.MDX
    HYJGRA01.MDX
      ↳ Chain: Area: Felwood → ADT: KALIMDOR_34_21.ADT → GroundEffect: ID_4344 → M2: HYJGRA01.MDX
    HYJGRA02.MDX
      ↳ Chain: Area: Felwood → ADT: KALIMDOR_34_21.ADT → GroundEffect: ID_4344 → M2: HYJGRA02.MDX
    HYJGRA03.MDX
      ↳ Chain: Area: Felwood → ADT: KALIMDOR_34_21.ADT → GroundEffect: ID_4344 → M2: HYJGRA03.MDX
    HYJGRA04.MDX
      ↳ Chain: Area: Felwood → ADT: KALIMDOR_34_22.ADT → GroundEffect: ID_19295 → M2: HYJGRA04.MDX
    HYJGRA05.MDX
      ↳ Chain: Area: Hyjal → ADT: KALIMDOR_36_21.ADT → GroundEffect: ID_70406 → M2: HYJGRA05.MDX
    HYJGRA06.MDX
      ↳ Chain: Area: Hyjal → ADT: KALIMDOR_35_22.ADT → GroundEffect: ID_70408 → M2: HYJGRA06.MDX
    HYJGRA07.MDX
      ↳ Chain: Area: Hyjal → ADT: KALIMDOR_36_21.ADT → GroundEffect: ID_70406 → M2: HYJGRA07.MDX
    HYJPLA01.MDX
      ↳ Chain: Area: Felwood → ADT: KALIMDOR_34_23.ADT → GroundEffect: ID_19865 → M2: HYJPLA01.MDX
    HYJPLA03.MDX
      ↳ Chain: Area: Felwood → ADT: KALIMDOR_34_23.ADT → GroundEffect: ID_19865 → M2: HYJPLA03.MDX
    HYJROC01.MDX
      ↳ Chain: Area: Felwood → ADT: KALIMDOR_34_22.ADT → GroundEffect: ID_19294 → M2: HYJROC01.MDX
    HYJROC02.MDX
      ↳ Chain: Area: Felwood → ADT: KALIMDOR_34_22.ADT → GroundEffect: ID_19294 → M2: HYJROC02.MDX
    KALBUS01.MDX
      ↳ Chain: Area: Bloodmyst Isle → ADT: KALIMDOR_20_17.ADT → GroundEffect: ID_22931 → M2: KALBUS01.MDX
    KALBUS02.MDL
      ↳ Chain: Area: Duskwood → ADT: AZEROTH_32_51.ADT → GroundEffect: ID_1908 → M2: KALBUS02.MDL
    KALBUS04.MDL
      ↳ Chain: Area: Duskwood → ADT: AZEROTH_32_51.ADT → GroundEffect: ID_1908 → M2: KALBUS04.MDL
    KALFLO02.MDX
      ↳ Chain: Area: Azuremyst Isle → ADT: KALIMDOR_23_21.ADT → GroundEffect: ID_23526 → M2: KALFLO02.MDX
    KALFLO03.MDL
      ↳ Chain: Area: Duskwood → ADT: AZEROTH_32_51.ADT → GroundEffect: ID_1908 → M2: KALFLO03.MDL
    KALFLO04.MDL
      ↳ Chain: Area: Duskwood → ADT: AZEROTH_32_51.ADT → GroundEffect: ID_1908 → M2: KALFLO04.MDL
    KALGRA01.MDL
      ↳ Chain: Area: Teldrassil → ADT: KALIMDOR_25_12.ADT → GroundEffect: ID_1471 → M2: KALGRA01.MDL
    KALGRA02.MDL
      ↳ Chain: Area: Duskwood → ADT: AZEROTH_32_51.ADT → GroundEffect: ID_1906 → M2: KALGRA02.MDL
    KALGRA03.MDL
      ↳ Chain: Area: Duskwood → ADT: AZEROTH_32_51.ADT → GroundEffect: ID_1906 → M2: KALGRA03.MDL
    KZBAN01.MDX
      ↳ Chain: Area: Kezan → ADT: KALIMDOR_52_47.ADT → GroundEffect: ID_19776 → M2: KZBAN01.MDX
    KZBAN02.MDX
      ↳ Chain: Area: Kezan → ADT: KALIMDOR_50_46.ADT → GroundEffect: ID_19761 → M2: KZBAN02.MDX
    KZCAN01.MDX
      ↳ Chain: Area: Kezan → ADT: KALIMDOR_50_46.ADT → GroundEffect: ID_19761 → M2: KZCAN01.MDX
    KZCAN02.MDX
      ↳ Chain: Area: Kezan → ADT: KALIMDOR_50_46.ADT → GroundEffect: ID_19761 → M2: KZCAN02.MDX
    KZGRA01.MDX
      ↳ Chain: Area: Kezan → ADT: KALIMDOR_51_48.ADT → GroundEffect: ID_19712 → M2: KZGRA01.MDX
    KZGRA02.MDX
      ↳ Chain: Area: Kezan → ADT: KALIMDOR_51_48.ADT → GroundEffect: ID_19712 → M2: KZGRA02.MDX
    KZGRA03.MDX
      ↳ Chain: Area: Western Plaguelands → ADT: AZEROTH_33_29.ADT → GroundEffect: ID_74117 → M2: KZGRA03.MDX
    KZPAPER01.MDX
      ↳ Chain: Area: Kezan → ADT: KALIMDOR_50_46.ADT → GroundEffect: ID_19761 → M2: KZPAPER01.MDX
    KZROC01.MDX
      ↳ Chain: Area: Kezan → ADT: KALIMDOR_52_47.ADT → GroundEffect: ID_19777 → M2: KZROC01.MDX
    KZROC02.MDX
      ↳ Chain: Area: Kezan → ADT: KALIMDOR_52_47.ADT → GroundEffect: ID_19777 → M2: KZROC02.MDX
    LAKGRA01.MDX
      ↳ Chain: Area: Loch Modan → ADT: AZEROTH_37_41.ADT → GroundEffect: ID_4125 → M2: LAKGRA01.MDX
    LAKGRA02.MDX
      ↳ Chain: Area: Loch Modan → ADT: AZEROTH_38_41.ADT → GroundEffect: ID_4137 → M2: LAKGRA02.MDX
    LAKGRA03.MDX
      ↳ Chain: Area: Loch Modan → ADT: AZEROTH_38_41.ADT → GroundEffect: ID_4137 → M2: LAKGRA03.MDX
    LAKGRA04.MDX
      ↳ Chain: Area: Loch Modan → ADT: AZEROTH_37_41.ADT → GroundEffect: ID_4124 → M2: LAKGRA04.MDX
    LAKGRA05.MDX
      ↳ Chain: Area: Loch Modan → ADT: AZEROTH_37_41.ADT → GroundEffect: ID_4124 → M2: LAKGRA05.MDX
    LAKGRA06.MDX
      ↳ Chain: Area: Loch Modan → ADT: AZEROTH_37_41.ADT → GroundEffect: ID_4124 → M2: LAKGRA06.MDX
    LAKGRA07.MDX
      ↳ Chain: Area: Loch Modan → ADT: AZEROTH_37_41.ADT → GroundEffect: ID_4124 → M2: LAKGRA07.MDX
    LCHBUS01.MDX
      ↳ Chain: Area: Loch Modan → ADT: AZEROTH_37_40.ADT → GroundEffect: ID_1369 → M2: LCHBUS01.MDX
    LCHFLO01.MDL
      ↳ Chain: Area: Loch Modan → ADT: AZEROTH_36_40.ADT → GroundEffect: ID_1136 → M2: LCHFLO01.MDL
    LCHFLO02.MDL
      ↳ Chain: Area: Loch Modan → ADT: AZEROTH_36_40.ADT → GroundEffect: ID_430 → M2: LCHFLO02.MDL
    LCHFLO03.MDL
      ↳ Chain: Area: Loch Modan → ADT: AZEROTH_36_40.ADT → GroundEffect: ID_430 → M2: LCHFLO03.MDL
    LCHFLO04.MDL
      ↳ Chain: Area: Loch Modan → ADT: AZEROTH_36_40.ADT → GroundEffect: ID_430 → M2: LCHFLO04.MDL
    LCHFLO05.MDL
      ↳ Chain: Area: Loch Modan → ADT: AZEROTH_36_40.ADT → GroundEffect: ID_430 → M2: LCHFLO05.MDL
    LCHFLO06.MDL
      ↳ Chain: Area: Loch Modan → ADT: AZEROTH_36_40.ADT → GroundEffect: ID_1136 → M2: LCHFLO06.MDL
    LCHFLO08.MDX
      ↳ Chain: Area: Loch Modan → ADT: AZEROTH_37_40.ADT → GroundEffect: ID_1369 → M2: LCHFLO08.MDX
    LCHFLO09.MDX
      ↳ Chain: Area: Loch Modan → ADT: AZEROTH_37_40.ADT → GroundEffect: ID_1369 → M2: LCHFLO09.MDX
    LCHGRA01.MDX
      ↳ Chain: Area: Loch Modan → ADT: AZEROTH_37_40.ADT → GroundEffect: ID_1369 → M2: LCHGRA01.MDX
    LCHROC01.MDL
      ↳ Chain: Area: Loch Modan → ADT: AZEROTH_37_40.ADT → GroundEffect: ID_1098 → M2: LCHROC01.MDL
    LCHROC02.MDL
      ↳ Chain: Area: Loch Modan → ADT: AZEROTH_37_40.ADT → GroundEffect: ID_1098 → M2: LCHROC02.MDL
    LOSBRA01.MDX
      ↳ Chain: Area: Highlands → ADT: AZEROTH_39_38.ADT → GroundEffect: ID_75150 → M2: LOSBRA01.MDX
    LOSGRA01.MDX
      ↳ Chain: Area: Highlands → ADT: AZEROTH_39_38.ADT → GroundEffect: ID_75149 → M2: LOSGRA01.MDX
    LOSGRA02.MDX
      ↳ Chain: Area: Highlands → ADT: AZEROTH_39_38.ADT → GroundEffect: ID_75149 → M2: LOSGRA02.MDX
    LOSGRA03.MDX
      ↳ Chain: Area: Highlands → ADT: AZEROTH_39_38.ADT → GroundEffect: ID_75149 → M2: LOSGRA03.MDX
    MULBUS01.MDX
      ↳ Chain: Area: Stonetalon Mountains → ADT: KALIMDOR_31_32.ADT → GroundEffect: ID_1845 → M2: MULBUS01.MDX
    MULBUS02.MDX
      ↳ Chain: Area: Stonetalon Mountains → ADT: KALIMDOR_31_32.ADT → GroundEffect: ID_1845 → M2: MULBUS02.MDX
    MULBUS04.MDX
      ↳ Chain: Area: Stonetalon Mountains → ADT: KALIMDOR_31_32.ADT → GroundEffect: ID_1845 → M2: MULBUS04.MDX
    MULGRA01.MDX
      ↳ Chain: Area: Desolace → ADT: KALIMDOR_30_33.ADT → GroundEffect: ID_1843 → M2: MULGRA01.MDX
    MULGRA02.MDX
      ↳ Chain: Area: Desolace → ADT: KALIMDOR_30_33.ADT → GroundEffect: ID_1843 → M2: MULGRA02.MDX
    MULGRA03.MDX
      ↳ Chain: Area: Desolace → ADT: KALIMDOR_30_33.ADT → GroundEffect: ID_1843 → M2: MULGRA03.MDX
    MULGRA04.MDX
      ↳ Chain: Area: Desolace → ADT: KALIMDOR_30_33.ADT → GroundEffect: ID_1844 → M2: MULGRA04.MDX
    MULGRA05.MDX
      ↳ Chain: Area: Desolace → ADT: KALIMDOR_30_33.ADT → GroundEffect: ID_1844 → M2: MULGRA05.MDX
    MULGRA06.MDX
      ↳ Chain: Area: Desolace → ADT: KALIMDOR_30_33.ADT → GroundEffect: ID_1844 → M2: MULGRA06.MDX
    MULROC01.MDX
      ↳ Chain: Area: Desolace → ADT: KALIMDOR_30_33.ADT → GroundEffect: ID_1841 → M2: MULROC01.MDX
    MULROC02.MDX
      ↳ Chain: Area: Desolace → ADT: KALIMDOR_30_33.ADT → GroundEffect: ID_1841 → M2: MULROC02.MDX
    PLAGUELANDSFUN01.MDX
      ↳ Chain: Area: Desolace → ADT: KALIMDOR_30_35.ADT → GroundEffect: ID_9287 → M2: PLAGUELANDSFUN01.MDX
    PLAGUELANDSFUN02.MDX
      ↳ Chain: Area: Desolace → ADT: KALIMDOR_30_35.ADT → GroundEffect: ID_9287 → M2: PLAGUELANDSFUN02.MDX
    PLAGUELANDSMUS02.MDX
      ↳ Chain: Area: Desolace → ADT: KALIMDOR_30_35.ADT → GroundEffect: ID_9287 → M2: PLAGUELANDSMUS02.MDX
    PLAGUELANDSSPO01.MDX
      ↳ Chain: Area: Desolace → ADT: KALIMDOR_30_35.ADT → GroundEffect: ID_9287 → M2: PLAGUELANDSSPO01.MDX
    REDBUS01.MDL
      ↳ Chain: Area: Redridge Mountains → ADT: AZEROTH_35_48.ADT → GroundEffect: ID_3526 → M2: REDBUS01.MDL
    REDBUS02.MDL
      ↳ Chain: Area: Redridge Mountains → ADT: AZEROTH_35_48.ADT → GroundEffect: ID_3526 → M2: REDBUS02.MDL
    REDFLO01.MDL
      ↳ Chain: Area: Redridge Mountains → ADT: AZEROTH_35_48.ADT → GroundEffect: ID_1223 → M2: REDFLO01.MDL
    REDFLO02.MDL
      ↳ Chain: Area: Redridge Mountains → ADT: AZEROTH_35_49.ADT → GroundEffect: ID_906 → M2: REDFLO02.MDL
    REDFLO03.MDL
      ↳ Chain: Area: Redridge Mountains → ADT: AZEROTH_35_48.ADT → GroundEffect: ID_1223 → M2: REDFLO03.MDL
    REDFLO04.MDL
      ↳ Chain: Area: Redridge Mountains → ADT: AZEROTH_35_48.ADT → GroundEffect: ID_3515 → M2: REDFLO04.MDL
    REDGRA01.MDL
      ↳ Chain: Area: Redridge Mountains → ADT: AZEROTH_35_48.ADT → GroundEffect: ID_3517 → M2: REDGRA01.MDL
    REDGRA02.MDL
      ↳ Chain: Area: Redridge Mountains → ADT: AZEROTH_35_48.ADT → GroundEffect: ID_1223 → M2: REDGRA02.MDL
    REDROC01.MDL
      ↳ Chain: Area: Redridge Mountains → ADT: AZEROTH_35_48.ADT → GroundEffect: ID_3525 → M2: REDROC01.MDL
    REDROC02.MDL
      ↳ Chain: Area: Redridge Mountains → ADT: AZEROTH_35_48.ADT → GroundEffect: ID_3525 → M2: REDROC02.MDL
    SHOBUS02.MDX
      ↳ Chain: Area: Uldum → ADT: KALIMDOR_32_52.ADT → GroundEffect: ID_81358 → M2: SHOBUS02.MDX
    SIVBUS01.MDX
      ↳ Chain: Area: Silverpine Forest → ADT: AZEROTH_26_29.ADT → GroundEffect: ID_1377 → M2: SIVBUS01.MDX
    SIVBUS02.MDX
      ↳ Chain: Area: Silverpine Forest → ADT: AZEROTH_26_29.ADT → GroundEffect: ID_1377 → M2: SIVBUS02.MDX
    SIVCON01.MDX
      ↳ Chain: Area: Silverpine Forest → ADT: AZEROTH_28_29.ADT → GroundEffect: ID_1381 → M2: SIVCON01.MDX
    SIVCON02.MDX
      ↳ Chain: Area: Silverpine Forest → ADT: AZEROTH_28_29.ADT → GroundEffect: ID_1381 → M2: SIVCON02.MDX
    SIVFLO01.MDX
      ↳ Chain: Area: Silverpine Forest → ADT: AZEROTH_26_29.ADT → GroundEffect: ID_1377 → M2: SIVFLO01.MDX
    SIVFLO02.MDX
      ↳ Chain: Area: Silverpine Forest → ADT: AZEROTH_28_29.ADT → GroundEffect: ID_1381 → M2: SIVFLO02.MDX
    SIVFLO03.MDX
      ↳ Chain: Area: Silverpine Forest → ADT: AZEROTH_26_29.ADT → GroundEffect: ID_1374 → M2: SIVFLO03.MDX
    SIVROC01.MDX
      ↳ Chain: Area: Azuremyst Isle → ADT: KALIMDOR_18_20.ADT → GroundEffect: ID_22923 → M2: SIVROC01.MDX
    SIVROC02.MDX
      ↳ Chain: Area: Azuremyst Isle → ADT: KALIMDOR_18_20.ADT → GroundEffect: ID_22923 → M2: SIVROC02.MDX
    SIVSAP01.MDX
      ↳ Chain: Area: Silverpine Forest → ADT: AZEROTH_26_29.ADT → GroundEffect: ID_1374 → M2: SIVSAP01.MDX
    SIVTHO01.MDX
      ↳ Chain: Area: Azuremyst Isle → ADT: KALIMDOR_18_23.ADT → GroundEffect: ID_22925 → M2: SIVTHO01.MDX
    SIVVIN01.MDX
      ↳ Chain: Area: Silverpine Forest → ADT: AZEROTH_26_29.ADT → GroundEffect: ID_1374 → M2: SIVVIN01.MDX
    SMNFLO01.MDX
      ↳ Chain: Area: Silvermoon City → ADT: AZEROTH_41_17.ADT → GroundEffect: ID_21742 → M2: SMNFLO01.MDX
    SMNFLO02.MDX
      ↳ Chain: Area: Silvermoon City → ADT: AZEROTH_41_17.ADT → GroundEffect: ID_21742 → M2: SMNFLO02.MDX
    SMNFLO03.MDX
      ↳ Chain: Area: Silvermoon City → ADT: AZEROTH_41_17.ADT → GroundEffect: ID_21742 → M2: SMNFLO03.MDX
    SMYBUS05.MDX
      ↳ Chain: Area: Azuremyst Isle → ADT: KALIMDOR_18_20.ADT → GroundEffect: ID_22924 → M2: SMYBUS05.MDX
    SMYFLO02.MDX
      ↳ Chain: Area: Bloodmyst Isle → ADT: KALIMDOR_18_16.ADT → GroundEffect: ID_24470 → M2: SMYFLO02.MDX
    SMYGRA03.MDX
      ↳ Chain: Area: Azuremyst Isle → ADT: KALIMDOR_19_21.ADT → GroundEffect: ID_23344 → M2: SMYGRA03.MDX
    SMYGRA04.MDX
      ↳ Chain: Area: Azuremyst Isle → ADT: KALIMDOR_18_20.ADT → GroundEffect: ID_22924 → M2: SMYGRA04.MDX
    SOSBUS01.MDL
      ↳ Chain: Area: Swamp of Sorrows → ADT: AZEROTH_38_51.ADT → GroundEffect: ID_941 → M2: SOSBUS01.MDL
    SOSBUS02.MDL
      ↳ Chain: Area: Redridge Mountains → ADT: AZEROTH_36_50.ADT → GroundEffect: ID_700 → M2: SOSBUS02.MDL
    SOSBUS03.MDL
      ↳ Chain: Area: Redridge Mountains → ADT: AZEROTH_36_50.ADT → GroundEffect: ID_552 → M2: SOSBUS03.MDL
    SOSFLO01.MDL
      ↳ Chain: Area: Redridge Mountains → ADT: AZEROTH_36_50.ADT → GroundEffect: ID_552 → M2: SOSFLO01.MDL
    SOSFLO02.MDL
      ↳ Chain: Area: Redridge Mountains → ADT: AZEROTH_36_50.ADT → GroundEffect: ID_552 → M2: SOSFLO02.MDL
    SOSFLO03.MDL
      ↳ Chain: Area: Redridge Mountains → ADT: AZEROTH_36_50.ADT → GroundEffect: ID_552 → M2: SOSFLO03.MDL
    SOSGRA01.MDL
      ↳ Chain: Area: Redridge Mountains → ADT: AZEROTH_36_50.ADT → GroundEffect: ID_560 → M2: SOSGRA01.MDL
    SOSGRA02.MDL
      ↳ Chain: Area: Redridge Mountains → ADT: AZEROTH_36_50.ADT → GroundEffect: ID_560 → M2: SOSGRA02.MDL
    SOSGRA04.MDL
      ↳ Chain: Area: Redridge Mountains → ADT: AZEROTH_36_50.ADT → GroundEffect: ID_700 → M2: SOSGRA04.MDL
    SOSGRA05.MDL
      ↳ Chain: Area: Redridge Mountains → ADT: AZEROTH_36_50.ADT → GroundEffect: ID_560 → M2: SOSGRA05.MDL
    SOSGRA07.MDL
      ↳ Chain: Area: Redridge Mountains → ADT: AZEROTH_36_50.ADT → GroundEffect: ID_560 → M2: SOSGRA07.MDL
    SPELLS/8FX_AZERITE_GENERIC_CONE_WORLD.M2
      ↳ Chain: Area: KALIMDOR [54,54] → ADT: KALIMDOR_54_54.ADT → WMO: 8DU_KEZAN_HORDE_GOBLIN_LAUNCHPAD01.WMO → M2: 8FX_AZERITE_GENERIC_CONE_WORLD.M2
    SPELLS/SINGLE_FIREFLY.MDX
      ↳ Chain: Area: Crestfall → ADT: AZEROTH_13_42.ADT → WMO: 8CRE_AMPTUNNEL01_2459264.WMO → M2: SINGLE_FIREFLY.MDX
    SPELLS/SMOKE_DARK_SLOW.MDX
      ↳ Chain: Area: Highlands → ADT: AZEROTH_44_37.ADT → WMO: TH_GOBLIN_TOWN.WMO → M2: SMOKE_DARK_SLOW.MDX
    STLBUS01.MDL
      ↳ Chain: Area: Stranglethorn Vale → ADT: AZEROTH_30_54.ADT → GroundEffect: ID_577 → M2: STLBUS01.MDL
    STLBUS02.MDL
      ↳ Chain: Area: Stranglethorn Vale → ADT: AZEROTH_29_53.ADT → GroundEffect: ID_671 → M2: STLBUS02.MDL
    STLBUS03.MDL
      ↳ Chain: Area: Stranglethorn Vale → ADT: AZEROTH_29_53.ADT → GroundEffect: ID_671 → M2: STLBUS03.MDL
    STLFLO01.MDL
      ↳ Chain: Area: Stranglethorn Vale → ADT: AZEROTH_29_54.ADT → GroundEffect: ID_1244 → M2: STLFLO01.MDL
    STLFLO02.MDL
      ↳ Chain: Area: Stranglethorn Vale → ADT: AZEROTH_29_53.ADT → GroundEffect: ID_820 → M2: STLFLO02.MDL
    STLFLO03.MDL
      ↳ Chain: Area: Stranglethorn Vale → ADT: AZEROTH_34_53.ADT → GroundEffect: ID_4688 → M2: STLFLO03.MDL
    STLFLO04.MDL
      ↳ Chain: Area: Stranglethorn Vale → ADT: AZEROTH_29_53.ADT → GroundEffect: ID_671 → M2: STLFLO04.MDL
    STLFLO05.MDL
      ↳ Chain: Area: Stranglethorn Vale → ADT: AZEROTH_29_53.ADT → GroundEffect: ID_671 → M2: STLFLO05.MDL
    STLGRA01.MDL
      ↳ Chain: Area: Stranglethorn Vale → ADT: AZEROTH_29_53.ADT → GroundEffect: ID_820 → M2: STLGRA01.MDL
    STLGRA02.MDL
      ↳ Chain: Area: Stranglethorn Vale → ADT: AZEROTH_29_53.ADT → GroundEffect: ID_820 → M2: STLGRA02.MDL
    STLGRA03.MDL
      ↳ Chain: Area: Stranglethorn Vale → ADT: AZEROTH_29_53.ADT → GroundEffect: ID_587 → M2: STLGRA03.MDL
    STLROC01.MDL
      ↳ Chain: Area: Stranglethorn Vale → ADT: AZEROTH_29_53.ADT → GroundEffect: ID_587 → M2: STLROC01.MDL
    STLROC02.MDL
      ↳ Chain: Area: Stranglethorn Vale → ADT: AZEROTH_29_53.ADT → GroundEffect: ID_587 → M2: STLROC02.MDL
    STMBRA01.MDX
      ↳ Chain: Area: Stonetalon Mountains → ADT: KALIMDOR_27_26.ADT → GroundEffect: ID_3080 → M2: STMBRA01.MDX
    STMBRA02.MDX
      ↳ Chain: Area: Stonetalon Mountains → ADT: KALIMDOR_27_26.ADT → GroundEffect: ID_3080 → M2: STMBRA02.MDX
    STMBRA03.MDX
      ↳ Chain: Area: Stonetalon Mountains → ADT: KALIMDOR_27_26.ADT → GroundEffect: ID_3080 → M2: STMBRA03.MDX
    STMBRA04.MDX
      ↳ Chain: Area: Stonetalon Mountains → ADT: KALIMDOR_27_26.ADT → GroundEffect: ID_3080 → M2: STMBRA04.MDX
    STMGRA01.MDX
      ↳ Chain: Area: Stonetalon Mountains → ADT: KALIMDOR_28_29.ADT → GroundEffect: ID_3126 → M2: STMGRA01.MDX
    STMGRA02.MDX
      ↳ Chain: Area: Ashenvale → ADT: KALIMDOR_26_26.ADT → GroundEffect: ID_3083 → M2: STMGRA02.MDX
    STMGRA03.MDX
      ↳ Chain: Area: Ashenvale → ADT: KALIMDOR_26_26.ADT → GroundEffect: ID_3083 → M2: STMGRA03.MDX
    STMGRA04.MDX
      ↳ Chain: Area: Ashenvale → ADT: KALIMDOR_26_26.ADT → GroundEffect: ID_3083 → M2: STMGRA04.MDX
    STMGRA05.MDX
      ↳ Chain: Area: Stonetalon Mountains → ADT: KALIMDOR_28_29.ADT → GroundEffect: ID_3126 → M2: STMGRA05.MDX
    SWCFLO01.MDX
      ↳ Chain: Area: Stormwind City → ADT: AZEROTH_30_48.ADT → GroundEffect: ID_19654 → M2: SWCFLO01.MDX
    SWCFLO02.MDX
      ↳ Chain: Area: Stormwind City → ADT: AZEROTH_30_48.ADT → GroundEffect: ID_19654 → M2: SWCFLO02.MDX
    SWCGRA01.MDX
      ↳ Chain: Area: Stormwind City → ADT: AZEROTH_30_48.ADT → GroundEffect: ID_19653 → M2: SWCGRA01.MDX
    SWCGRA02.MDX
      ↳ Chain: Area: Stormwind City → ADT: AZEROTH_30_48.ADT → GroundEffect: ID_19653 → M2: SWCGRA02.MDX
    SWCMUS01.MDX
      ↳ Chain: Area: Stormwind City → ADT: AZEROTH_30_48.ADT → GroundEffect: ID_69264 → M2: SWCMUS01.MDX
    THGRA01.MDX
      ↳ Chain: Area: Arathi Highlands → ADT: AZEROTH_37_36.ADT → GroundEffect: ID_72330 → M2: THGRA01.MDX
    THGRA02.MDX
      ↳ Chain: Area: Arathi Highlands → ADT: AZEROTH_37_36.ADT → GroundEffect: ID_72330 → M2: THGRA02.MDX
    THROC01.MDX
      ↳ Chain: Area: Wetlands → ADT: AZEROTH_38_39.ADT → GroundEffect: ID_72998 → M2: THROC01.MDX
    THROC02.MDX
      ↳ Chain: Area: Wetlands → ADT: AZEROTH_38_39.ADT → GroundEffect: ID_72998 → M2: THROC02.MDX
    THWEED01.MDX
      ↳ Chain: Area: Arathi Highlands → ADT: AZEROTH_37_36.ADT → GroundEffect: ID_72330 → M2: THWEED01.MDX
    THWEED02.MDX
      ↳ Chain: Area: Arathi Highlands → ADT: AZEROTH_37_36.ADT → GroundEffect: ID_72330 → M2: THWEED02.MDX
    TIFBUS01.MDX
      ↳ Chain: Area: Tirisfal Glades → ADT: AZEROTH_26_28.ADT → GroundEffect: ID_1144 → M2: TIFBUS01.MDX
    TIFBUS02.MDX
      ↳ Chain: Area: Tirisfal Glades → ADT: AZEROTH_27_28.ADT → GroundEffect: ID_1148 → M2: TIFBUS02.MDX
    TIFGRA01.MDX
      ↳ Chain: Area: Tirisfal Glades → ADT: AZEROTH_26_28.ADT → GroundEffect: ID_1144 → M2: TIFGRA01.MDX
    TIFPLA01.MDX
      ↳ Chain: Area: Tirisfal Glades → ADT: AZEROTH_26_28.ADT → GroundEffect: ID_1144 → M2: TIFPLA01.MDX
    TIFROC01.MDX
      ↳ Chain: Area: Tirisfal Glades → ADT: AZEROTH_27_26.ADT → GroundEffect: ID_1143 → M2: TIFROC01.MDX
    TIFROC02.MDX
      ↳ Chain: Area: Tirisfal Glades → ADT: AZEROTH_27_26.ADT → GroundEffect: ID_1143 → M2: TIFROC02.MDX
    TIFSAP01.MDX
      ↳ Chain: Area: Tirisfal Glades → ADT: AZEROTH_27_26.ADT → GroundEffect: ID_1147 → M2: TIFSAP01.MDX
    TIFSHL01.MDX
      ↳ Chain: Area: Tirisfal Glades → ADT: AZEROTH_28_26.ADT → GroundEffect: ID_1372 → M2: TIFSHL01.MDX
    TIFSHL02.MDX
      ↳ Chain: Area: Tirisfal Glades → ADT: AZEROTH_28_26.ADT → GroundEffect: ID_1372 → M2: TIFSHL02.MDX
    TIFSHL03.MDX
      ↳ Chain: Area: Tirisfal Glades → ADT: AZEROTH_28_26.ADT → GroundEffect: ID_1372 → M2: TIFSHL03.MDX
    TIFTHO01.MDX
      ↳ Chain: Area: Tirisfal Glades → ADT: AZEROTH_27_28.ADT → GroundEffect: ID_1148 → M2: TIFTHO01.MDX
    TIFTHO02.MDX
      ↳ Chain: Area: Tirisfal Glades → ADT: AZEROTH_27_28.ADT → GroundEffect: ID_1148 → M2: TIFTHO02.MDX
    TIFTHO03.MDX
      ↳ Chain: Area: Tirisfal Glades → ADT: AZEROTH_26_28.ADT → GroundEffect: ID_1144 → M2: TIFTHO03.MDX
    TIFTHO04.MDX
      ↳ Chain: Area: Tirisfal Glades → ADT: AZEROTH_27_28.ADT → GroundEffect: ID_1148 → M2: TIFTHO04.MDX
    ULDGRA01.MDX
      ↳ Chain: Area: Uldum → ADT: KALIMDOR_32_49.ADT → GroundEffect: ID_73624 → M2: ULDGRA01.MDX
    ULDREED01.MDX
      ↳ Chain: Area: Ahn'Qiraj: The Fallen Kingdom → ADT: KALIMDOR_30_47.ADT → GroundEffect: ID_73811 → M2: ULDREED01.MDX
    ULDWEED02.MDX
      ↳ Chain: Area: Uldum → ADT: KALIMDOR_32_49.ADT → GroundEffect: ID_73624 → M2: ULDWEED02.MDX
    ULDWEED03.MDX
      ↳ Chain: Area: Uldum → ADT: KALIMDOR_32_49.ADT → GroundEffect: ID_73624 → M2: ULDWEED03.MDX
    UNGGRA09.MDX
      ↳ Chain: Area: Western Plaguelands → ADT: AZEROTH_33_29.ADT → GroundEffect: ID_74117 → M2: UNGGRA09.MDX
    UNWCOR01.MDX
      ↳ Chain: Area: Tirisfal Glades → ADT: AZEROTH_28_26.ADT → GroundEffect: ID_4115 → M2: UNWCOR01.MDX
    UNWCOR02.MDX
      ↳ Chain: Area: The Great Sea → ADT: AZEROTH_25_28.ADT → GroundEffect: ID_2993 → M2: UNWCOR02.MDX
    UNWCOR03.MDX
      ↳ Chain: Area: Silverpine Forest → ADT: AZEROTH_27_30.ADT → GroundEffect: ID_4114 → M2: UNWCOR03.MDX
    UNWCOR04.MDX
      ↳ Chain: Area: Silverpine Forest → ADT: AZEROTH_27_30.ADT → GroundEffect: ID_4114 → M2: UNWCOR04.MDX
    UNWCOR05.MDX
      ↳ Chain: Area: Silverpine Forest → ADT: AZEROTH_27_30.ADT → GroundEffect: ID_4114 → M2: UNWCOR05.MDX
    UNWCOR06.MDX
      ↳ Chain: Area: Tirisfal Glades → ADT: AZEROTH_28_26.ADT → GroundEffect: ID_4115 → M2: UNWCOR06.MDX
    UNWCOR07.MDX
      ↳ Chain: Area: Silverpine Forest → ADT: AZEROTH_27_30.ADT → GroundEffect: ID_4114 → M2: UNWCOR07.MDX
    UNWCOR08.MDX
      ↳ Chain: Area: Tirisfal Glades → ADT: AZEROTH_28_26.ADT → GroundEffect: ID_4115 → M2: UNWCOR08.MDX
    UNWCOR09.MDX
      ↳ Chain: Area: The Great Sea → ADT: AZEROTH_25_28.ADT → GroundEffect: ID_2993 → M2: UNWCOR09.MDX
    UNWGRA02.MDX
      ↳ Chain: Area: The Great Sea → ADT: AZEROTH_25_28.ADT → GroundEffect: ID_2993 → M2: UNWGRA02.MDX
    UNWGRA03.MDX
      ↳ Chain: Area: The Great Sea → ADT: AZEROTH_25_28.ADT → GroundEffect: ID_2993 → M2: UNWGRA03.MDX
    V4WWHE02.MDX
      ↳ Chain: Area: Havenswood → ADT: AZEROTH_20_28.ADT → GroundEffect: ID_158532 → M2: V4WWHE02.MDX
    VJWEED01.MDX
      ↳ Chain: Area: Vashj'ir → ADT: AZEROTH_24_39.ADT → GroundEffect: ID_19863 → M2: VJWEED01.MDX
    VJWEED02.MDX
      ↳ Chain: Area: Vashj'ir → ADT: AZEROTH_24_39.ADT → GroundEffect: ID_19863 → M2: VJWEED02.MDX
    VJWEED03.MDX
      ↳ Chain: Area: Vashj'ir → ADT: AZEROTH_24_39.ADT → GroundEffect: ID_19863 → M2: VJWEED03.MDX
    VJWEED04.MDX
      ↳ Chain: Area: Vashj'ir → ADT: AZEROTH_24_39.ADT → GroundEffect: ID_19863 → M2: VJWEED04.MDX
    WESBUS01.MDL
      ↳ Chain: Area: Westfall → ADT: AZEROTH_28_50.ADT → GroundEffect: ID_476 → M2: WESBUS01.MDL
    WESBUS02.MDL
      ↳ Chain: Area: Westfall → ADT: AZEROTH_27_51.ADT → GroundEffect: ID_495 → M2: WESBUS02.MDL
    WESBUS03.MDL
      ↳ Chain: Area: Westfall → ADT: AZEROTH_28_50.ADT → GroundEffect: ID_476 → M2: WESBUS03.MDL
    WESFLO01.MDL
      ↳ Chain: Area: Westfall → ADT: AZEROTH_28_50.ADT → GroundEffect: ID_475 → M2: WESFLO01.MDL
    WESGRA01.MDL
      ↳ Chain: Area: Westfall → ADT: AZEROTH_28_50.ADT → GroundEffect: ID_477 → M2: WESGRA01.MDL
    WESGRA02.MDL
      ↳ Chain: Area: Westfall → ADT: AZEROTH_28_50.ADT → GroundEffect: ID_478 → M2: WESGRA02.MDL
    WESGRA03.MDL
      ↳ Chain: Area: Westfall → ADT: AZEROTH_27_51.ADT → GroundEffect: ID_496 → M2: WESGRA03.MDL
    WESGRA04.MDL
      ↳ Chain: Area: Westfall → ADT: AZEROTH_27_51.ADT → GroundEffect: ID_495 → M2: WESGRA04.MDL
    WESROC01.MDL
      ↳ Chain: Area: Westfall → ADT: AZEROTH_27_50.ADT → GroundEffect: ID_878 → M2: WESROC01.MDL
    WESROC02.MDL
      ↳ Chain: Area: Westfall → ADT: AZEROTH_28_50.ADT → GroundEffect: ID_474 → M2: WESROC02.MDL
    WESSHE01.MDL
      ↳ Chain: Area: Westfall → ADT: AZEROTH_27_50.ADT → GroundEffect: ID_878 → M2: WESSHE01.MDL
    WESSHE02.MDL
      ↳ Chain: Area: Westfall → ADT: AZEROTH_27_50.ADT → GroundEffect: ID_878 → M2: WESSHE02.MDL
    WESSHE03.MDL
      ↳ Chain: Area: Westfall → ADT: AZEROTH_27_50.ADT → GroundEffect: ID_878 → M2: WESSHE03.MDL
    WESWEA01.MDL
      ↳ Chain: Area: Westfall → ADT: AZEROTH_28_50.ADT → GroundEffect: ID_478 → M2: WESWEA01.MDL
    WESWEA02.MDL
      ↳ Chain: Area: Westfall → ADT: AZEROTH_28_50.ADT → GroundEffect: ID_477 → M2: WESWEA02.MDL
    WESWEA03.MDL
      ↳ Chain: Area: Westfall → ADT: AZEROTH_27_51.ADT → GroundEffect: ID_495 → M2: WESWEA03.MDL
    WESWEA04.MDL
      ↳ Chain: Area: Westfall → ADT: AZEROTH_27_51.ADT → GroundEffect: ID_495 → M2: WESWEA04.MDL
    WETBUS01.MDL
      ↳ Chain: Area: The Great Sea → ADT: AZEROTH_22_33.ADT → GroundEffect: ID_2229 → M2: WETBUS01.MDL
    WETBUS02.MDL
      ↳ Chain: Area: The Great Sea → ADT: AZEROTH_22_33.ADT → GroundEffect: ID_2229 → M2: WETBUS02.MDL
    WETBUS03.MDL
      ↳ Chain: Area: The Great Sea → ADT: AZEROTH_22_33.ADT → GroundEffect: ID_2229 → M2: WETBUS03.MDL
    WETFLO02.MDL
      ↳ Chain: Area: Badlands → ADT: AZEROTH_39_46.ADT → GroundEffect: ID_5274 → M2: WETFLO02.MDL
    WETFLO03.MDL
      ↳ Chain: Area: Northern Elwynn Mountains → ADT: AZEROTH_29_46.ADT → GroundEffect: ID_7818 → M2: WETFLO03.MDL
    WETFLO05.MDL
      ↳ Chain: Area: Wetlands → ADT: AZEROTH_28_38.ADT → GroundEffect: ID_403 → M2: WETFLO05.MDL
    WETGRA01.MDL
      ↳ Chain: Area: Northern Elwynn Mountains → ADT: AZEROTH_29_46.ADT → GroundEffect: ID_7818 → M2: WETGRA01.MDL
    WETGRA02.MDL
      ↳ Chain: Area: Wetlands → ADT: AZEROTH_28_38.ADT → GroundEffect: ID_403 → M2: WETGRA02.MDL
    WETGRA03.MDL
      ↳ Chain: Area: Wetlands → ADT: AZEROTH_33_38.ADT → GroundEffect: ID_1761 → M2: WETGRA03.MDL
    WORLD/AZEROTH/STRANGLETHORN/PASSIVEDOODADS/WHIRLPOOLS/STRANGLE_WHIRLPOOL01.MDX
      ↳ Chain: Area: Uldum → ADT: KALIMDOR_32_49.ADT → WMO: ULDUM_AQUEDUCT_MICRO.WMO → M2: STRANGLE_WHIRLPOOL01.MDX
    WORLD/AZEROTH/THEBLASTEDLANDS/PASSIVEDOODADS/DWELLING/BLASTEDLANDS_DWELLINGWATER_01.MDX
      ↳ Chain: Area: Stranglethorn Vale → ADT: AZEROTH_36_55.ADT → WMO: BLASTEDLANDS_WORGENDWELLING.WMO → M2: BLASTEDLANDS_DWELLINGWATER_01.MDX
    WORLD/BLACKROCKV2/PASSIVEDOODADS/BLACKROCKV2_BONESCHEWED_01.MDX
      ↳ Chain: Area: Highlands → ADT: AZEROTH_42_41.ADT → WMO: TH_OBSIDIAN_LAIR.WMO → M2: BLACKROCKV2_BONESCHEWED_01.MDX
    WORLD/BLACKROCKV2/PASSIVEDOODADS/BLACKROCKV2_BONESCHEWED_04.MDX
      ↳ Chain: Area: Highlands → ADT: AZEROTH_42_41.ADT → WMO: TH_OBSIDIAN_LAIR.WMO → M2: BLACKROCKV2_BONESCHEWED_04.MDX
    WORLD/BLACKROCKV2/PASSIVEDOODADS/BLACKROCKV2_BONESCHEWED_06.MDX
      ↳ Chain: Area: Highlands → ADT: AZEROTH_42_41.ADT → WMO: TH_OBSIDIAN_LAIR.WMO → M2: BLACKROCKV2_BONESCHEWED_06.MDX
    WORLD/BLACKROCKV2/PASSIVEDOODADS/BLACKROCKV2_BONESCHEWED_07.MDX
      ↳ Chain: Area: Highlands → ADT: AZEROTH_42_41.ADT → WMO: TH_OBSIDIAN_LAIR.WMO → M2: BLACKROCKV2_BONESCHEWED_07.MDX
    WORLD/DUNGEON/SUNWELL/SUNWELL_TREES.MDX
      ↳ Chain: Area: Isle of Quel'Danas → ADT: AZEROTH_41_14.ADT → WMO: SUNWELL_RAID_FACADE.WMO → M2: SUNWELL_TREES.MDX
    WORLD/ENVIRONMENT/DOODAD/GENERALDOODADS/STEAMCLOUDS/GENERIC_STEAM_CLOUD_SMALL.MDX
      ↳ Chain: Area: Uldum → ADT: KALIMDOR_32_49.ADT → WMO: ULDUM_CULVERTS.WMO → M2: GENERIC_STEAM_CLOUD_SMALL.MDX
    WORLD/ENVIRONMENT/DOODAD/GENERALDOODADS/STEAMCLOUDS/GENERIC_STEAM_CLOUD_THIN.MDX
      ↳ Chain: Area: Tol Barad → ADT: AZEROTH_19_36.ADT → WMO: TB_MICRO03.WMO → M2: GENERIC_STEAM_CLOUD_THIN.MDX
    WORLD/ENVIRONMENT/DOODAD/GENERALDOODADS/STEAMCLOUDS/GENERIC_STEAM_CLOUD_THINNER.MDX
      ↳ Chain: Area: Tol Barad → ADT: AZEROTH_19_35.ADT → WMO: TB_MICRO01.WMO → M2: GENERIC_STEAM_CLOUD_THINNER.MDX
    WORLD/ENVIRONMENT/DOODAD/GENERALDOODADS/STEAMCLOUDS/GENERIC_STEAM_CLOUD_THINNEST.MDX
      ↳ Chain: Area: Crestfall → ADT: AZEROTH_13_42.ADT → WMO: 8CRE_AMPTUNNEL01_2459264.WMO → M2: GENERIC_STEAM_CLOUD_THINNEST.MDX
    WORLD/EXPANSION01/DOODADS/BLACKTEMPLE/PASSIVEDOODADS/VINES/BT_VINES01.MDX
      ↳ Chain: Area: Crestfall → ADT: AZEROTH_13_42.ADT → WMO: 8CRE_AMPTUNNEL01_2459264.WMO → M2: BT_VINES01.MDX
    WORLD/EXPANSION01/DOODADS/BLOODMYST/CRYSTALS/BLOODMYSTCRYSTAL01.MDX
      ↳ Chain: Area: Kezan → ADT: KALIMDOR_55_51.ADT → WMO: HORDE_GOBLIN_ONEROOM_01.WMO → M2: BLOODMYSTCRYSTAL01.MDX
    WORLD/EXPANSION01/DOODADS/COILFANG/ACTIVEDOODADS/STEAM/COILFANG_STEAM_OFF_ON.MDX
      ↳ Chain: Area: Kezan → ADT: KALIMDOR_55_50.ADT → WMO: 8OR_WARFRONTS_WORKSHOP_V2.WMO → M2: COILFANG_STEAM_OFF_ON.MDX
    WORLD/EXPANSION01/DOODADS/COILFANG/PASSIVEDOODADS/MUSHROOMS/ZANGARMUSHROOM06_BLUEGLOW.MDX
      ↳ Chain: Area: KALIMDOR [53,53] → ADT: KALIMDOR_53_53.ADT → WMO: HORDE_GOBLIN_LAB_01.WMO → M2: ZANGARMUSHROOM06_BLUEGLOW.MDX
    WORLD/EXPANSION01/DOODADS/COILFANG/PASSIVEDOODADS/MUSHROOMS/ZANGARMUSHROOM07_BLUEGLOW.MDX
      ↳ Chain: Area: KALIMDOR [53,53] → ADT: KALIMDOR_53_53.ADT → WMO: HORDE_GOBLIN_LAB_01.WMO → M2: ZANGARMUSHROOM07_BLUEGLOW.MDX
    WORLD/EXPANSION01/DOODADS/EVERSONG/FENCE/BE_FENCE_EVERSONG01.MDX
      ↳ Chain: Area: Silvermoon City → ADT: AZEROTH_42_18.ADT → WMO: SILVERMOON_CITY_01.WMO → M2: BE_FENCE_EVERSONG01.MDX
    WORLD/EXPANSION01/DOODADS/EVERSONG/FENCE/BE_FENCE_EVERSONG03.MDX
      ↳ Chain: Area: Silvermoon City → ADT: AZEROTH_42_18.ADT → WMO: SILVERMOON_CITY_01.WMO → M2: BE_FENCE_EVERSONG03.MDX
    WORLD/EXPANSION01/DOODADS/EVERSONG/SIGNPOST/BE_SIGNPOST_EVERSONG.MDX
      ↳ Chain: Area: Silvermoon City → ADT: AZEROTH_42_18.ADT → WMO: SILVERMOON_CITY_01.WMO → M2: BE_SIGNPOST_EVERSONG.MDX
    WORLD/EXPANSION01/DOODADS/GENERIC/ARAKKOA/AK_ALCHEMYBOTTLE01.MDX
      ↳ Chain: Area: Highlands → ADT: AZEROTH_42_39.ADT → WMO: WILDHAMMERDWARF_COTTAGEA.WMO → M2: AK_ALCHEMYBOTTLE01.MDX
    WORLD/EXPANSION01/DOODADS/GENERIC/ARAKKOA/AK_ALCHEMYBOTTLE02.MDX
      ↳ Chain: Area: Highlands → ADT: AZEROTH_42_39.ADT → WMO: WILDHAMMERDWARF_COTTAGEA.WMO → M2: AK_ALCHEMYBOTTLE02.MDX
    WORLD/EXPANSION01/DOODADS/GENERIC/ARAKKOA/AK_ALCHEMYBOTTLE03.MDX
      ↳ Chain: Area: Highlands → ADT: AZEROTH_42_39.ADT → WMO: WILDHAMMERDWARF_COTTAGEA.WMO → M2: AK_ALCHEMYBOTTLE03.MDX
    WORLD/EXPANSION01/DOODADS/GENERIC/BLOODELF/BALLISTA/BE_BALLISTA01.MDX
      ↳ Chain: Area: Eversong Woods → ADT: AZEROTH_42_19.ADT → WMO: BLOODELF_HUNTER_LODGE.WMO → M2: BE_BALLISTA01.MDX
    WORLD/EXPANSION01/DOODADS/GENERIC/BLOODELF/BALLISTA/BE_BALLISTAARM.MDX
      ↳ Chain: Area: Isle of Quel'Danas → ADT: AZEROTH_41_14.ADT → WMO: SUNWELL_RAID_FACADE.WMO → M2: BE_BALLISTAARM.MDX
    WORLD/EXPANSION01/DOODADS/GENERIC/BLOODELF/BALLISTA/BE_BALLISTARAIL.MDX
      ↳ Chain: Area: Isle of Quel'Danas → ADT: AZEROTH_41_14.ADT → WMO: SUNWELL_RAID_FACADE.WMO → M2: BE_BALLISTARAIL.MDX
    WORLD/EXPANSION01/DOODADS/GENERIC/BLOODELF/BALLISTA/BE_BALLISTASHIELD.MDX
      ↳ Chain: Area: Isle of Quel'Danas → ADT: AZEROTH_41_14.ADT → WMO: SUNWELL_RAID_FACADE.WMO → M2: BE_BALLISTASHIELD.MDX
    WORLD/EXPANSION01/DOODADS/GENERIC/BLOODELF/BALLISTA/BE_BALLISTAWINCH.MDX
      ↳ Chain: Area: Isle of Quel'Danas → ADT: AZEROTH_41_14.ADT → WMO: SUNWELL_RAID_FACADE.WMO → M2: BE_BALLISTAWINCH.MDX
    WORLD/EXPANSION01/DOODADS/GENERIC/BLOODELF/BALLISTA/BE_BALLISTAWRECKED01.MDX
      ↳ Chain: Area: Isle of Quel'Danas → ADT: AZEROTH_41_14.ADT → WMO: SUNWELL_RAID_FACADE.WMO → M2: BE_BALLISTAWRECKED01.MDX
    WORLD/EXPANSION01/DOODADS/GENERIC/BLOODELF/BALLISTA/BE_STATUEGHOSTLANDS01.MDX
      ↳ Chain: Area: Isle of Quel'Danas → ADT: AZEROTH_41_12.ADT → WMO: BLOODELF_TWOSTORY01.WMO → M2: BE_STATUEGHOSTLANDS01.MDX
    WORLD/EXPANSION01/DOODADS/GENERIC/BLOODELF/BANNERS/BE_BANNER01.MDX
      ↳ Chain: Area: Eversong Woods → ADT: AZEROTH_42_19.ADT → WMO: BLOODELF_HUNTER_LODGE.WMO → M2: BE_BANNER01.MDX
    WORLD/EXPANSION01/DOODADS/GENERIC/BLOODELF/BANNERS/BE_BANNER02.MDX
      ↳ Chain: Area: Eversong Woods → ADT: AZEROTH_40_17.ADT → WMO: BLOODELF_SMALLHOUSE_ABAN01.WMO → M2: BE_BANNER02.MDX
    WORLD/EXPANSION01/DOODADS/GENERIC/BLOODELF/BANNERS/BE_BANNER_KAEL_01.MDX
      ↳ Chain: Area: Isle of Quel'Danas → ADT: AZEROTH_41_14.ADT → WMO: SUNWELL_RAID_FACADE.WMO → M2: BE_BANNER_KAEL_01.MDX
    WORLD/EXPANSION01/DOODADS/GENERIC/BLOODELF/BANNERS/BE_BANNER_KAEL_02.MDX
      ↳ Chain: Area: Isle of Quel'Danas → ADT: AZEROTH_41_14.ADT → WMO: SUNWELL_RAID_FACADE.WMO → M2: BE_BANNER_KAEL_02.MDX
    WORLD/EXPANSION01/DOODADS/GENERIC/BLOODELF/BANNERS/BE_BANNER_TALLBLACK.MDX
      ↳ Chain: Area: Ghostlands → ADT: AZEROTH_42_21.ADT → WMO: BLOODELF_HUNTER_LODGE_ABAN.WMO → M2: BE_BANNER_TALLBLACK.MDX
    WORLD/EXPANSION01/DOODADS/GENERIC/BLOODELF/BANNERS/BE_BANNER_TALLBLUE.MDX
      ↳ Chain: Area: Eversong Woods → ADT: AZEROTH_41_20.ADT → WMO: BLOODELF_TWOSTORY01_ABAN.WMO → M2: BE_BANNER_TALLBLUE.MDX
    WORLD/EXPANSION01/DOODADS/GENERIC/BLOODELF/BANNERS/BE_BANNER_TALLPURPLE.MDX
      ↳ Chain: Area: Eversong Woods → ADT: AZEROTH_42_19.ADT → WMO: BLOODELF_HUNTER_LODGE.WMO → M2: BE_BANNER_TALLPURPLE.MDX
    WORLD/EXPANSION01/DOODADS/GENERIC/BLOODELF/BANNERS/BE_BANNER_WIDE_BLACK.MDX
      ↳ Chain: Area: Eversong Woods → ADT: AZEROTH_39_20.ADT → WMO: BLOODELF_GUARDTOWER01.WMO → M2: BE_BANNER_WIDE_BLACK.MDX
    WORLD/EXPANSION01/DOODADS/GENERIC/BLOODELF/BANNERS/BE_BANNER_WIDE_PURPLE.MDX
      ↳ Chain: Area: Eversong Woods → ADT: AZEROTH_39_20.ADT → WMO: BLOODELF_GUARDTOWER01.WMO → M2: BE_BANNER_WIDE_PURPLE.MDX
    WORLD/EXPANSION01/DOODADS/GENERIC/BLOODELF/BANNERS/BE_BANNER_WIDE_RED.MDX
      ↳ Chain: Area: Isle of Quel'Danas → ADT: AZEROTH_41_12.ADT → WMO: BLOODELF_TWOSTORY01.WMO → M2: BE_BANNER_WIDE_RED.MDX
    WORLD/EXPANSION01/DOODADS/GENERIC/BLOODELF/BANNERS/BE_BANNER_WIDE_RED_ANIM.MDX
      ↳ Chain: Area: Eversong Woods → ADT: AZEROTH_42_19.ADT → WMO: BLOODELF_HUNTER_LODGE.WMO → M2: BE_BANNER_WIDE_RED_ANIM.MDX
    WORLD/EXPANSION01/DOODADS/GENERIC/BLOODELF/BANNERS/BE_BANNER_WIDE_RED_ANIM02.MDX
      ↳ Chain: Area: Eversong Woods → ADT: AZEROTH_42_19.ADT → WMO: BLOODELF_HUNTER_LODGE.WMO → M2: BE_BANNER_WIDE_RED_ANIM02.MDX
    WORLD/EXPANSION01/DOODADS/GENERIC/BLOODELF/BANNERS/BE_BANNER_WIDE_RED_ANIM03.MDX
      ↳ Chain: Area: Eversong Woods → ADT: AZEROTH_42_19.ADT → WMO: BLOODELF_HUNTER_LODGE.WMO → M2: BE_BANNER_WIDE_RED_ANIM03.MDX
    WORLD/EXPANSION01/DOODADS/GENERIC/BLOODELF/BANNERS/BE_BANNER_WIDE_RED_TORN01.MDX
      ↳ Chain: Area: Silvermoon City → ADT: AZEROTH_42_18.ADT → WMO: SILVERMOON_CITY_01.WMO → M2: BE_BANNER_WIDE_RED_TORN01.MDX
    WORLD/EXPANSION01/DOODADS/GENERIC/BLOODELF/BARREL/BE_BARREL_01.MDX
      ↳ Chain: Area: Ghostlands → ADT: AZEROTH_41_22.ADT → WMO: BLOODELF_ARCANE_SANCTUM_ABAN.WMO → M2: BE_BARREL_01.MDX
    WORLD/EXPANSION01/DOODADS/GENERIC/BLOODELF/BARREL/BE_BARREL_BROKEN_01.MDX
      ↳ Chain: Area: Ghostlands → ADT: AZEROTH_41_22.ADT → WMO: BLOODELF_ARCANE_SANCTUM_ABAN.WMO → M2: BE_BARREL_BROKEN_01.MDX
    WORLD/EXPANSION01/DOODADS/GENERIC/BLOODELF/BARREL/BE_BARREL_FRUIT01.MDX
      ↳ Chain: Area: Eversong Woods → ADT: AZEROTH_42_19.ADT → WMO: BLOODELF_HUNTER_LODGE.WMO → M2: BE_BARREL_FRUIT01.MDX
    WORLD/EXPANSION01/DOODADS/GENERIC/BLOODELF/BARRIERSPIKES/BE_BARRIERSPIKES01.MDX
      ↳ Chain: Area: Eversong Woods → ADT: AZEROTH_39_20.ADT → WMO: BLOODELF_GUARDTOWER01.WMO → M2: BE_BARRIERSPIKES01.MDX
    WORLD/EXPANSION01/DOODADS/GENERIC/BLOODELF/BARRIERSPIKES/BE_BARRIERSPIKES02.MDX
      ↳ Chain: Area: Eversong Woods → ADT: AZEROTH_39_20.ADT → WMO: BLOODELF_GUARDTOWER01.WMO → M2: BE_BARRIERSPIKES02.MDX
    WORLD/EXPANSION01/DOODADS/GENERIC/BLOODELF/BARRIERSPIKES/BE_BARRIERSPIKES03.MDX
      ↳ Chain: Area: Eversong Woods → ADT: AZEROTH_39_20.ADT → WMO: BLOODELF_GUARDTOWER01.WMO → M2: BE_BARRIERSPIKES03.MDX
    WORLD/EXPANSION01/DOODADS/GENERIC/BLOODELF/BEDS/BE_BED_01.MDX
      ↳ Chain: Area: Silvermoon City → ADT: AZEROTH_42_18.ADT → WMO: BLOODELF_SMALLHOUSE02.WMO → M2: BE_BED_01.MDX
    WORLD/EXPANSION01/DOODADS/GENERIC/BLOODELF/BEDS/BE_BED_02.MDX
      ↳ Chain: Area: Silvermoon City → ADT: AZEROTH_42_18.ADT → WMO: BLOODELF_SMALLHOUSE02.WMO → M2: BE_BED_02.MDX
    WORLD/EXPANSION01/DOODADS/GENERIC/BLOODELF/BEDS/BE_BED_WRECKED_01.MDX
      ↳ Chain: Area: Eversong Woods → ADT: AZEROTH_41_20.ADT → WMO: BLOODELF_TWOSTORY01_ABAN.WMO → M2: BE_BED_WRECKED_01.MDX
    WORLD/EXPANSION01/DOODADS/GENERIC/BLOODELF/BENCHES/BE_BENCH01.MDX
      ↳ Chain: Area: Eversong Woods → ADT: AZEROTH_40_17.ADT → WMO: BLOODELF_SMALLHOUSE_ABAN01.WMO → M2: BE_BENCH01.MDX
    WORLD/EXPANSION01/DOODADS/GENERIC/BLOODELF/BOOKS/BE_BOOK_LARGE01.MDX
      ↳ Chain: Area: Ghostlands → ADT: AZEROTH_41_22.ADT → WMO: BLOODELF_ARCANE_SANCTUM_ABAN.WMO → M2: BE_BOOK_LARGE01.MDX
    WORLD/EXPANSION01/DOODADS/GENERIC/BLOODELF/BOOKS/BE_BOOK_LARGE02.MDX
      ↳ Chain: Area: Isle of Quel'Danas → ADT: AZEROTH_40_12.ADT → WMO: BLOODELF_SMALLGAZEBO01.WMO → M2: BE_BOOK_LARGE02.MDX
    WORLD/EXPANSION01/DOODADS/GENERIC/BLOODELF/BOOKS/BE_BOOK_LARGE05.MDX
      ↳ Chain: Area: Isle of Quel'Danas → ADT: AZEROTH_40_12.ADT → WMO: BLOODELF_SMALLGAZEBO01.WMO → M2: BE_BOOK_LARGE05.MDX
    WORLD/EXPANSION01/DOODADS/GENERIC/BLOODELF/BOOKS/BE_BOOK_MEDIUM01.MDX
      ↳ Chain: Area: Eversong Woods → ADT: AZEROTH_40_17.ADT → WMO: BLOODELF_SMALLHOUSE_ABAN01.WMO → M2: BE_BOOK_MEDIUM01.MDX
    WORLD/EXPANSION01/DOODADS/GENERIC/BLOODELF/BOOKS/BE_BOOK_MEDIUM02.MDX
      ↳ Chain: Area: Ghostlands → ADT: AZEROTH_41_22.ADT → WMO: BLOODELF_ARCANE_SANCTUM_ABAN.WMO → M2: BE_BOOK_MEDIUM02.MDX
    WORLD/EXPANSION01/DOODADS/GENERIC/BLOODELF/BOOKS/BE_BOOK_SMALL01.MDX
      ↳ Chain: Area: Ghostlands → ADT: AZEROTH_41_22.ADT → WMO: BLOODELF_ARCANE_SANCTUM_ABAN.WMO → M2: BE_BOOK_SMALL01.MDX
    WORLD/EXPANSION01/DOODADS/GENERIC/BLOODELF/BOOKS/BE_BOOK_SMALL02.MDX
      ↳ Chain: Area: Isle of Quel'Danas → ADT: AZEROTH_40_12.ADT → WMO: BLOODELF_SMALLGAZEBO01.WMO → M2: BE_BOOK_SMALL02.MDX
    WORLD/EXPANSION01/DOODADS/GENERIC/BLOODELF/BOOKSHELF/BE_BOOKSHELFEMPTY_01.MDX
      ↳ Chain: Area: Silvermoon City → ADT: AZEROTH_42_18.ADT → WMO: SILVERMOON_CITY_01.WMO → M2: BE_BOOKSHELFEMPTY_01.MDX
    WORLD/EXPANSION01/DOODADS/GENERIC/BLOODELF/BOOKSHELF/BE_BOOKSHELFEMPTY_02.MDX
      ↳ Chain: Area: Ghostlands → ADT: AZEROTH_41_22.ADT → WMO: BLOODELF_ARCANE_SANCTUM_ABAN.WMO → M2: BE_BOOKSHELFEMPTY_02.MDX
    WORLD/EXPANSION01/DOODADS/GENERIC/BLOODELF/BOOKSHELF/BE_BOOKSHELFFILLED_01.MDX
      ↳ Chain: Area: Ghostlands → ADT: AZEROTH_38_22.ADT → WMO: WINDRUNNER_SPIRE.WMO → M2: BE_BOOKSHELFFILLED_01.MDX
    WORLD/EXPANSION01/DOODADS/GENERIC/BLOODELF/BOOKSHELF/BE_BOOKSHELFFILLED_02.MDX
      ↳ Chain: Area: Ghostlands → ADT: AZEROTH_41_22.ADT → WMO: BLOODELF_ARCANE_SANCTUM_ABAN.WMO → M2: BE_BOOKSHELFFILLED_02.MDX
    WORLD/EXPANSION01/DOODADS/GENERIC/BLOODELF/BOOKSHELF/BE_BOOKSHELFSHORT.MDX
      ↳ Chain: Area: Isle of Quel'Danas → ADT: AZEROTH_40_12.ADT → WMO: BLOODELF_SMALLGAZEBO01.WMO → M2: BE_BOOKSHELFSHORT.MDX
    WORLD/EXPANSION01/DOODADS/GENERIC/BLOODELF/BOOKSHELF/BE_BOOKSHELFSPIRAL.MDX
      ↳ Chain: Area: Isle of Quel'Danas → ADT: AZEROTH_40_12.ADT → WMO: BLOODELF_SMALLGAZEBO01.WMO → M2: BE_BOOKSHELFSPIRAL.MDX
    WORLD/EXPANSION01/DOODADS/GENERIC/BLOODELF/BOOKSHELF/BE_BOOKSHELFTALL.MDX
      ↳ Chain: Area: Isle of Quel'Danas → ADT: AZEROTH_40_12.ADT → WMO: BLOODELF_SMALLGAZEBO01.WMO → M2: BE_BOOKSHELFTALL.MDX
    WORLD/EXPANSION01/DOODADS/GENERIC/BLOODELF/BOOKSHELF/BE_BOOKSHELF_WRECKED_01.MDX
      ↳ Chain: Area: The North Sea → ADT: AZEROTH_44_18.ADT → WMO: BLOODELF_SMALLGAZEBO01_ABAN.WMO → M2: BE_BOOKSHELF_WRECKED_01.MDX
    WORLD/EXPANSION01/DOODADS/GENERIC/BLOODELF/BOOKSHELF/BE_BOOKSHELF_WRECKED_02.MDX
      ↳ Chain: Area: Ghostlands → ADT: AZEROTH_41_22.ADT → WMO: BLOODELF_ARCANE_SANCTUM_ABAN.WMO → M2: BE_BOOKSHELF_WRECKED_02.MDX
    WORLD/EXPANSION01/DOODADS/GENERIC/BLOODELF/BOTTLES/BE_BOTTLE01.MDX
      ↳ Chain: Area: Eversong Woods → ADT: AZEROTH_42_19.ADT → WMO: BLOODELF_HUNTER_LODGE.WMO → M2: BE_BOTTLE01.MDX
    WORLD/EXPANSION01/DOODADS/GENERIC/BLOODELF/BOTTLES/BE_BOTTLE02.MDX
      ↳ Chain: Area: Silvermoon City → ADT: AZEROTH_42_18.ADT → WMO: SILVERMOON_CITY_01.WMO → M2: BE_BOTTLE02.MDX
    WORLD/EXPANSION01/DOODADS/GENERIC/BLOODELF/BOTTLES/BE_BOTTLE03.MDX
      ↳ Chain: Area: Eversong Woods → ADT: AZEROTH_42_19.ADT → WMO: BLOODELF_HUNTER_LODGE.WMO → M2: BE_BOTTLE03.MDX
    WORLD/EXPANSION01/DOODADS/GENERIC/BLOODELF/BOTTLES/BE_BOTTLE04.MDX
      ↳ Chain: Area: Silvermoon City → ADT: AZEROTH_42_18.ADT → WMO: SILVERMOON_CITY_01.WMO → M2: BE_BOTTLE04.MDX
    WORLD/EXPANSION01/DOODADS/GENERIC/BLOODELF/CAMPFIRE/BE_CAMPFIRE01.MDX
      ↳ Chain: Area: Ghostlands → ADT: AZEROTH_42_21.ADT → WMO: BLOODELF_HUNTER_LODGE_ABAN.WMO → M2: BE_CAMPFIRE01.MDX
    WORLD/EXPANSION01/DOODADS/GENERIC/BLOODELF/CAMPFIRE/BE_CAMPFIRE02.MDX
      ↳ Chain: Area: Isle of Quel'Danas → ADT: AZEROTH_40_12.ADT → WMO: BLOODELF_SMALLGAZEBO01.WMO → M2: BE_CAMPFIRE02.MDX
    WORLD/EXPANSION01/DOODADS/GENERIC/BLOODELF/CANDLES/BE_CANDLEABRA01.MDX
      ↳ Chain: Area: Eversong Woods → ADT: AZEROTH_41_20.ADT → WMO: BLOODELF_TWOSTORY01_ABAN.WMO → M2: BE_CANDLEABRA01.MDX
    WORLD/EXPANSION01/DOODADS/GENERIC/BLOODELF/CANDLES/BE_CANDLE_01.MDX
      ↳ Chain: Area: Eversong Woods → ADT: AZEROTH_40_17.ADT → WMO: BLOODELF_SMALLHOUSE_ABAN01.WMO → M2: BE_CANDLE_01.MDX
    WORLD/EXPANSION01/DOODADS/GENERIC/BLOODELF/CANDLES/BE_CANDLE_02.MDX
      ↳ Chain: Area: Eversong Woods → ADT: AZEROTH_40_17.ADT → WMO: BLOODELF_SMALLHOUSE_ABAN01.WMO → M2: BE_CANDLE_02.MDX
    WORLD/EXPANSION01/DOODADS/GENERIC/BLOODELF/CHAIRS/BE_CHAIR01.MDX
      ↳ Chain: Area: Eversong Woods → ADT: AZEROTH_40_17.ADT → WMO: BLOODELF_SMALLHOUSE_ABAN01.WMO → M2: BE_CHAIR01.MDX
    WORLD/EXPANSION01/DOODADS/GENERIC/BLOODELF/CHAIRS/BE_CHAIR02.MDX
      ↳ Chain: Area: Ghostlands → ADT: AZEROTH_41_22.ADT → WMO: BLOODELF_ARCANE_SANCTUM_ABAN.WMO → M2: BE_CHAIR02.MDX
    WORLD/EXPANSION01/DOODADS/GENERIC/BLOODELF/CHAIRS/BE_CHAIR03.MDX
      ↳ Chain: Area: Eversong Woods → ADT: AZEROTH_40_17.ADT → WMO: BLOODELF_SMALLHOUSE_ABAN01.WMO → M2: BE_CHAIR03.MDX
    WORLD/EXPANSION01/DOODADS/GENERIC/BLOODELF/CHAIRS/BE_CHAIR04.MDX
      ↳ Chain: Area: Eversong Woods → ADT: AZEROTH_40_17.ADT → WMO: BLOODELF_SMALLHOUSE_ABAN01.WMO → M2: BE_CHAIR04.MDX
    WORLD/EXPANSION01/DOODADS/GENERIC/BLOODELF/CHAIRS/BE_CHAIR_WRECKED_01.MDX
      ↳ Chain: Area: Ghostlands → ADT: AZEROTH_41_22.ADT → WMO: BLOODELF_ARCANE_SANCTUM_ABAN.WMO → M2: BE_CHAIR_WRECKED_01.MDX
    WORLD/EXPANSION01/DOODADS/GENERIC/BLOODELF/CHAIRS/BE_CHAIR_WRECKED_02.MDX
      ↳ Chain: Area: The North Sea → ADT: AZEROTH_44_18.ADT → WMO: BLOODELF_GUARDTOWER01_ABAN.WMO → M2: BE_CHAIR_WRECKED_02.MDX
    WORLD/EXPANSION01/DOODADS/GENERIC/BLOODELF/CHAIRS/BE_THRONE_01.MDX
      ↳ Chain: Area: Silvermoon City → ADT: AZEROTH_42_18.ADT → WMO: SILVERMOON_CITY_01.WMO → M2: BE_THRONE_01.MDX
    WORLD/EXPANSION01/DOODADS/GENERIC/BLOODELF/CHANDELIER/BE_CHANDELIER01.MDX
      ↳ Chain: Area: Ghostlands → ADT: AZEROTH_42_21.ADT → WMO: BLOODELF_HUNTER_LODGE_ABAN.WMO → M2: BE_CHANDELIER01.MDX
    WORLD/EXPANSION01/DOODADS/GENERIC/BLOODELF/COOKPOT/BE_COOKPOT01.MDX
      ↳ Chain: Area: Isle of Quel'Danas → ADT: AZEROTH_41_12.ADT → WMO: BLOODELF_TWOSTORY01.WMO → M2: BE_COOKPOT01.MDX
    WORLD/EXPANSION01/DOODADS/GENERIC/BLOODELF/COUCH/BE_COUCH01.MDX
      ↳ Chain: Area: Eversong Woods → ADT: AZEROTH_42_19.ADT → WMO: BLOODELF_HUNTER_LODGE.WMO → M2: BE_COUCH01.MDX
    WORLD/EXPANSION01/DOODADS/GENERIC/BLOODELF/CRATE/BE_CRATE01.MDX
      ↳ Chain: Area: Eversong Woods → ADT: AZEROTH_42_19.ADT → WMO: BLOODELF_HUNTER_LODGE.WMO → M2: BE_CRATE01.MDX
    WORLD/EXPANSION01/DOODADS/GENERIC/BLOODELF/CUPS/BE_CUP01.MDX
      ↳ Chain: Area: Eversong Woods → ADT: AZEROTH_42_19.ADT → WMO: BLOODELF_HUNTER_LODGE.WMO → M2: BE_CUP01.MDX
    WORLD/EXPANSION01/DOODADS/GENERIC/BLOODELF/CUPS/BE_CUP02.MDX
      ↳ Chain: Area: Isle of Quel'Danas → ADT: AZEROTH_40_12.ADT → WMO: BLOODELF_SMALLGAZEBO01.WMO → M2: BE_CUP02.MDX
    WORLD/EXPANSION01/DOODADS/GENERIC/BLOODELF/CUPS/BE_MUG01.MDX
      ↳ Chain: Area: Eversong Woods → ADT: AZEROTH_39_20.ADT → WMO: BLOODELF_GUARDTOWER01.WMO → M2: BE_MUG01.MDX
    WORLD/EXPANSION01/DOODADS/GENERIC/BLOODELF/DEMONENERGYCOLLECTORS/BE_DEMONENERGYCOLLECTOR01.MDX
      ↳ Chain: Area: Silvermoon City → ADT: AZEROTH_42_18.ADT → WMO: SILVERMOON_CITY_01.WMO → M2: BE_DEMONENERGYCOLLECTOR01.MDX
    WORLD/EXPANSION01/DOODADS/GENERIC/BLOODELF/DRAPERY/BE_DRAPERY_01.MDX
      ↳ Chain: Area: Silvermoon City → ADT: AZEROTH_42_18.ADT → WMO: BLOODELF_SMALLHOUSE02.WMO → M2: BE_DRAPERY_01.MDX
    WORLD/EXPANSION01/DOODADS/GENERIC/BLOODELF/DRAPERY/BE_DRAPERY_02.MDX
      ↳ Chain: Area: Silvermoon City → ADT: AZEROTH_42_18.ADT → WMO: SILVERMOON_CITY_01.WMO → M2: BE_DRAPERY_02.MDX
    WORLD/EXPANSION01/DOODADS/GENERIC/BLOODELF/DRAPERY/BE_DRAPERY_03.MDX
      ↳ Chain: Area: Silvermoon City → ADT: AZEROTH_42_18.ADT → WMO: BLOODELF_SMALLHOUSE02.WMO → M2: BE_DRAPERY_03.MDX
    WORLD/EXPANSION01/DOODADS/GENERIC/BLOODELF/DRAPERY/BE_DRAPERY_04.MDX
      ↳ Chain: Area: Isle of Quel'Danas → ADT: AZEROTH_40_12.ADT → WMO: BLOODELF_SMALLGAZEBO01.WMO → M2: BE_DRAPERY_04.MDX
    WORLD/EXPANSION01/DOODADS/GENERIC/BLOODELF/DRAPERY/BE_DRAPERY_05.MDX
      ↳ Chain: Area: Silvermoon City → ADT: AZEROTH_42_18.ADT → WMO: BLOODELF_SMALLHOUSE02.WMO → M2: BE_DRAPERY_05.MDX
    WORLD/EXPANSION01/DOODADS/GENERIC/BLOODELF/DRAPERY/BE_DRAPERY_06.MDX
      ↳ Chain: Area: Eversong Woods → ADT: AZEROTH_42_19.ADT → WMO: BLOODELF_HUNTER_LODGE.WMO → M2: BE_DRAPERY_06.MDX
    WORLD/EXPANSION01/DOODADS/GENERIC/BLOODELF/FOOD/BE_FISH01.MDX
      ↳ Chain: Area: Silvermoon City → ADT: AZEROTH_42_18.ADT → WMO: SILVERMOON_CITY_01.WMO → M2: BE_FISH01.MDX
    WORLD/EXPANSION01/DOODADS/GENERIC/BLOODELF/FOOD/BE_MEAT01.MDX
      ↳ Chain: Area: Silvermoon City → ADT: AZEROTH_42_18.ADT → WMO: SILVERMOON_CITY_01.WMO → M2: BE_MEAT01.MDX
    WORLD/EXPANSION01/DOODADS/GENERIC/BLOODELF/FORGE/BE_FORGE01.MDX
      ↳ Chain: Area: Silvermoon City → ADT: AZEROTH_42_18.ADT → WMO: SILVERMOON_CITY_01.WMO → M2: BE_FORGE01.MDX
    WORLD/EXPANSION01/DOODADS/GENERIC/BLOODELF/FOUNTAINS/BE_FOUNTAIN01.MDX
      ↳ Chain: Area: Silvermoon City → ADT: AZEROTH_42_18.ADT → WMO: SILVERMOON_CITY_01.WMO → M2: BE_FOUNTAIN01.MDX
    WORLD/EXPANSION01/DOODADS/GENERIC/BLOODELF/FOUNTAINS/BE_FOUNTAIN01_BASE.MDX
      ↳ Chain: Area: Silvermoon City → ADT: AZEROTH_42_18.ADT → WMO: SILVERMOON_CITY_01.WMO → M2: BE_FOUNTAIN01_BASE.MDX
    WORLD/EXPANSION01/DOODADS/GENERIC/BLOODELF/FOUNTAINS/BE_FOUNTAININNARDSSILVERMOON.MDX
      ↳ Chain: Area: Silvermoon City → ADT: AZEROTH_42_17.ADT → WMO: BE_FOUNTAINSILVERMOON.WMO → M2: BE_FOUNTAININNARDSSILVERMOON.MDX
    WORLD/EXPANSION01/DOODADS/GENERIC/BLOODELF/GRAVEYARD/BE_GRAVESTONE01.MDX
      ↳ Chain: Area: Silvermoon City → ADT: AZEROTH_42_18.ADT → WMO: SILVERMOON_CITY_01.WMO → M2: BE_GRAVESTONE01.MDX
    WORLD/EXPANSION01/DOODADS/GENERIC/BLOODELF/GRAVEYARD/BE_GRAVESTONE02.MDX
      ↳ Chain: Area: Silvermoon City → ADT: AZEROTH_42_18.ADT → WMO: SILVERMOON_CITY_01.WMO → M2: BE_GRAVESTONE02.MDX
    WORLD/EXPANSION01/DOODADS/GENERIC/BLOODELF/GRAVEYARD/BE_GRAVESTONE03.MDX
      ↳ Chain: Area: Silvermoon City → ADT: AZEROTH_42_18.ADT → WMO: SILVERMOON_CITY_01.WMO → M2: BE_GRAVESTONE03.MDX
    WORLD/EXPANSION01/DOODADS/GENERIC/BLOODELF/HEDGE/BE_HEDGE_HANGING01.MDX
      ↳ Chain: Area: Silvermoon City → ADT: AZEROTH_42_18.ADT → WMO: SILVERMOON_CITY_01.WMO → M2: BE_HEDGE_HANGING01.MDX
    WORLD/EXPANSION01/DOODADS/GENERIC/BLOODELF/HEDGE/BE_HEDGE_HANGING04.MDX
      ↳ Chain: Area: Isle of Quel'Danas → ADT: AZEROTH_41_12.ADT → WMO: BLOODELF_TWOSTORY01.WMO → M2: BE_HEDGE_HANGING04.MDX
    WORLD/EXPANSION01/DOODADS/GENERIC/BLOODELF/HEDGE/BE_HEDGE_HANGING05.MDX
      ↳ Chain: Area: Eversong Woods → ADT: AZEROTH_42_19.ADT → WMO: BLOODELF_HUNTER_LODGE.WMO → M2: BE_HEDGE_HANGING05.MDX
    WORLD/EXPANSION01/DOODADS/GENERIC/BLOODELF/HEDGE/BE_HEDGE_HANGING06.MDX
      ↳ Chain: Area: Eversong Woods → ADT: AZEROTH_42_19.ADT → WMO: BLOODELF_HUNTER_LODGE.WMO → M2: BE_HEDGE_HANGING06.MDX
    WORLD/EXPANSION01/DOODADS/GENERIC/BLOODELF/HEDGE/BE_HEDGE_HANGING07.MDX
      ↳ Chain: Area: Eversong Woods → ADT: AZEROTH_42_19.ADT → WMO: BLOODELF_HUNTER_LODGE.WMO → M2: BE_HEDGE_HANGING07.MDX
    WORLD/EXPANSION01/DOODADS/GENERIC/BLOODELF/HEDGE/BE_HEDGE_HANGING08.MDX
      ↳ Chain: Area: Silvermoon City → ADT: AZEROTH_42_18.ADT → WMO: SILVERMOON_CITY_01.WMO → M2: BE_HEDGE_HANGING08.MDX
    WORLD/EXPANSION01/DOODADS/GENERIC/BLOODELF/HOOKAH/BE_HOOKAH_01.MDX
      ↳ Chain: Area: Eversong Woods → ADT: AZEROTH_42_19.ADT → WMO: BLOODELF_HUNTER_LODGE.WMO → M2: BE_HOOKAH_01.MDX
    WORLD/EXPANSION01/DOODADS/GENERIC/BLOODELF/HOOKAH/BE_HOOKAH_02.MDX
      ↳ Chain: Area: Eversong Woods → ADT: AZEROTH_42_19.ADT → WMO: BLOODELF_HUNTER_LODGE.WMO → M2: BE_HOOKAH_02.MDX
    WORLD/EXPANSION01/DOODADS/GENERIC/BLOODELF/INCENSE/BE_INCENSE_01.MDX
      ↳ Chain: Area: Isle of Quel'Danas → ADT: AZEROTH_40_12.ADT → WMO: BLOODELF_SMALLGAZEBO01.WMO → M2: BE_INCENSE_01.MDX
    WORLD/EXPANSION01/DOODADS/GENERIC/BLOODELF/INSTRUMENTS/BE_HARP01.MDX
      ↳ Chain: Area: Silvermoon City → ADT: AZEROTH_42_18.ADT → WMO: SILVERMOON_CITY_01.WMO → M2: BE_HARP01.MDX
    WORLD/EXPANSION01/DOODADS/GENERIC/BLOODELF/KNICKKNACKS/BE_MAGICALKNICKKNACK02.MDX
      ↳ Chain: Area: Isle of Quel'Danas → ADT: AZEROTH_40_12.ADT → WMO: BLOODELF_SMALLGAZEBO01.WMO → M2: BE_MAGICALKNICKKNACK02.MDX
    WORLD/EXPANSION01/DOODADS/GENERIC/BLOODELF/KNICKKNACKS/BE_MAGICALKNICKKNACK03.MDX
      ↳ Chain: Area: Isle of Quel'Danas → ADT: AZEROTH_40_12.ADT → WMO: BLOODELF_SMALLGAZEBO01.WMO → M2: BE_MAGICALKNICKKNACK03.MDX
    WORLD/EXPANSION01/DOODADS/GENERIC/BLOODELF/KNICKKNACKS/BE_MAGICALKNICKKNACK04.MDX
      ↳ Chain: Area: Isle of Quel'Danas → ADT: AZEROTH_40_12.ADT → WMO: BLOODELF_SMALLGAZEBO01.WMO → M2: BE_MAGICALKNICKKNACK04.MDX
    WORLD/EXPANSION01/DOODADS/GENERIC/BLOODELF/LAMP/BE_LAMP01.MDX
      ↳ Chain: Area: Isle of Quel'Danas → ADT: AZEROTH_40_12.ADT → WMO: BLOODELF_SMALLGAZEBO01.WMO → M2: BE_LAMP01.MDX
    WORLD/EXPANSION01/DOODADS/GENERIC/BLOODELF/LANTERN/BE_LANTERN01.MDX
      ↳ Chain: Area: Eversong Woods → ADT: AZEROTH_42_19.ADT → WMO: BLOODELF_HUNTER_LODGE.WMO → M2: BE_LANTERN01.MDX
    WORLD/EXPANSION01/DOODADS/GENERIC/BLOODELF/LAVA/BE_LAVAPOOL.MDX
      ↳ Chain: Area: Silvermoon City → ADT: AZEROTH_42_18.ADT → WMO: SILVERMOON_CITY_01.WMO → M2: BE_LAVAPOOL.MDX
    WORLD/EXPANSION01/DOODADS/GENERIC/BLOODELF/LOOM/BE_LOOM_01.MDX
      ↳ Chain: Area: Isle of Quel'Danas → ADT: AZEROTH_40_12.ADT → WMO: BLOODELF_SMALLGAZEBO01.WMO → M2: BE_LOOM_01.MDX
    WORLD/EXPANSION01/DOODADS/GENERIC/BLOODELF/MERCHANTSTAND/BE_MERCHANTSTAND01.MDX
      ↳ Chain: Area: Silvermoon City → ADT: AZEROTH_42_18.ADT → WMO: SILVERMOON_CITY_01.WMO → M2: BE_MERCHANTSTAND01.MDX
    WORLD/EXPANSION01/DOODADS/GENERIC/BLOODELF/MERCHANTSTAND/BE_MERCHANTSTAND03.MDX
      ↳ Chain: Area: Eversong Woods → ADT: AZEROTH_42_19.ADT → WMO: BLOODELF_HUNTER_LODGE.WMO → M2: BE_MERCHANTSTAND03.MDX
    WORLD/EXPANSION01/DOODADS/GENERIC/BLOODELF/PILLOWS/BE_PILLOW_01.MDX
      ↳ Chain: Area: Eversong Woods → ADT: AZEROTH_40_17.ADT → WMO: BLOODELF_SMALLHOUSE_ABAN01.WMO → M2: BE_PILLOW_01.MDX
    WORLD/EXPANSION01/DOODADS/GENERIC/BLOODELF/PILLOWS/BE_PILLOW_02.MDX
      ↳ Chain: Area: Ghostlands → ADT: AZEROTH_41_22.ADT → WMO: BLOODELF_SMALLHOUSE02_ABAN.WMO → M2: BE_PILLOW_02.MDX
    WORLD/EXPANSION01/DOODADS/GENERIC/BLOODELF/PILLOWS/BE_PILLOW_03.MDX
      ↳ Chain: Area: Ghostlands → ADT: AZEROTH_41_22.ADT → WMO: BLOODELF_SMALLHOUSE02_ABAN.WMO → M2: BE_PILLOW_03.MDX
    WORLD/EXPANSION01/DOODADS/GENERIC/BLOODELF/PILLOWS/BE_PILLOW_04.MDX
      ↳ Chain: Area: Eversong Woods → ADT: AZEROTH_40_17.ADT → WMO: BLOODELF_SMALLHOUSE_ABAN01.WMO → M2: BE_PILLOW_04.MDX
    WORLD/EXPANSION01/DOODADS/GENERIC/BLOODELF/PLANTERS/BE_PLANTER_FLOWERS_01.MDX
      ↳ Chain: Area: Isle of Quel'Danas → ADT: AZEROTH_40_12.ADT → WMO: BLOODELF_SMALLGAZEBO01.WMO → M2: BE_PLANTER_FLOWERS_01.MDX
    WORLD/EXPANSION01/DOODADS/GENERIC/BLOODELF/PLANTERS/BE_PLANTER_LONG_01.MDX
      ↳ Chain: Area: Eversong Woods → ADT: AZEROTH_40_17.ADT → WMO: BLOODELF_SMALLHOUSE_ABAN01.WMO → M2: BE_PLANTER_LONG_01.MDX
    WORLD/EXPANSION01/DOODADS/GENERIC/BLOODELF/PLANTERS/BE_PLANTER_LONG_02.MDX
      ↳ Chain: Area: Ghostlands → ADT: AZEROTH_42_21.ADT → WMO: SCRYING_TOWER.WMO → M2: BE_PLANTER_LONG_02.MDX
    WORLD/EXPANSION01/DOODADS/GENERIC/BLOODELF/PLANTERS/BE_PLANTER_LONG_03.MDX
      ↳ Chain: Area: Isle of Quel'Danas → ADT: AZEROTH_40_12.ADT → WMO: BLOODELF_SMALLGAZEBO01.WMO → M2: BE_PLANTER_LONG_03.MDX
    WORLD/EXPANSION01/DOODADS/GENERIC/BLOODELF/PLANTERS/BE_PLANTER_MEDIUM_01.MDX
      ↳ Chain: Area: Ghostlands → ADT: AZEROTH_42_21.ADT → WMO: SCRYING_TOWER.WMO → M2: BE_PLANTER_MEDIUM_01.MDX
    WORLD/EXPANSION01/DOODADS/GENERIC/BLOODELF/PLANTERS/BE_PLANTER_MEDIUM_02.MDX
      ↳ Chain: Area: Eversong Woods → ADT: AZEROTH_42_19.ADT → WMO: BLOODELF_HUNTER_LODGE.WMO → M2: BE_PLANTER_MEDIUM_02.MDX
    WORLD/EXPANSION01/DOODADS/GENERIC/BLOODELF/PLANTERS/BE_PLANTER_MEDIUM_03.MDX
      ↳ Chain: Area: Eversong Woods → ADT: AZEROTH_42_19.ADT → WMO: BLOODELF_HUNTER_LODGE.WMO → M2: BE_PLANTER_MEDIUM_03.MDX
    WORLD/EXPANSION01/DOODADS/GENERIC/BLOODELF/PLANTERS/BE_PLANTER_SHORT_01.MDX
      ↳ Chain: Area: Silvermoon City → ADT: AZEROTH_42_18.ADT → WMO: BLOODELF_SMALLHOUSE02.WMO → M2: BE_PLANTER_SHORT_01.MDX
    WORLD/EXPANSION01/DOODADS/GENERIC/BLOODELF/PLANTERS/BE_PLANTER_SHORT_02.MDX
      ↳ Chain: Area: Eversong Woods → ADT: AZEROTH_42_19.ADT → WMO: BLOODELF_HUNTER_LODGE.WMO → M2: BE_PLANTER_SHORT_02.MDX
    WORLD/EXPANSION01/DOODADS/GENERIC/BLOODELF/PLANTERS/BE_PLANTER_SHORT_03.MDX
      ↳ Chain: Area: Isle of Quel'Danas → ADT: AZEROTH_40_12.ADT → WMO: BLOODELF_SMALLGAZEBO01.WMO → M2: BE_PLANTER_SHORT_03.MDX
    WORLD/EXPANSION01/DOODADS/GENERIC/BLOODELF/POSTERS/BE_SIGNS_WANTED.MDX
      ↳ Chain: Area: Eversong Woods → ADT: AZEROTH_42_19.ADT → WMO: BLOODELF_HUNTER_LODGE.WMO → M2: BE_SIGNS_WANTED.MDX
    WORLD/EXPANSION01/DOODADS/GENERIC/BLOODELF/POWERORB/BLOODELF_POWERORB_GREEN.MDX
      ↳ Chain: Area: Silvermoon City → ADT: AZEROTH_42_18.ADT → WMO: SILVERMOON_CITY_01.WMO → M2: BLOODELF_POWERORB_GREEN.MDX
    WORLD/EXPANSION01/DOODADS/GENERIC/BLOODELF/RUGS/BE_RUG_LARGE01.MDX
      ↳ Chain: Area: Eversong Woods → ADT: AZEROTH_42_19.ADT → WMO: BLOODELF_HUNTER_LODGE.WMO → M2: BE_RUG_LARGE01.MDX
    WORLD/EXPANSION01/DOODADS/GENERIC/BLOODELF/RUGS/BE_RUG_LARGE02.MDX
      ↳ Chain: Area: Silvermoon City → ADT: AZEROTH_42_18.ADT → WMO: SILVERMOON_CITY_01.WMO → M2: BE_RUG_LARGE02.MDX
    WORLD/EXPANSION01/DOODADS/GENERIC/BLOODELF/RUGS/BE_RUG_LARGERUINED01.MDX
      ↳ Chain: Area: Isle of Quel'Danas → ADT: AZEROTH_41_14.ADT → WMO: SUNWELL_RAID_FACADE.WMO → M2: BE_RUG_LARGERUINED01.MDX
    WORLD/EXPANSION01/DOODADS/GENERIC/BLOODELF/RUGS/BE_RUG_LARGERUINED02.MDX
      ↳ Chain: Area: Ghostlands → ADT: AZEROTH_42_21.ADT → WMO: BLOODELF_HUNTER_LODGE_ABAN.WMO → M2: BE_RUG_LARGERUINED02.MDX
    WORLD/EXPANSION01/DOODADS/GENERIC/BLOODELF/RUGS/BE_RUG_MEDIUM01.MDX
      ↳ Chain: Area: Silvermoon City → ADT: AZEROTH_42_18.ADT → WMO: SILVERMOON_CITY_01.WMO → M2: BE_RUG_MEDIUM01.MDX
    WORLD/EXPANSION01/DOODADS/GENERIC/BLOODELF/RUGS/BE_RUG_MEDIUM02.MDX
      ↳ Chain: Area: Eversong Woods → ADT: AZEROTH_39_20.ADT → WMO: BLOODELF_GUARDTOWER01.WMO → M2: BE_RUG_MEDIUM02.MDX
    WORLD/EXPANSION01/DOODADS/GENERIC/BLOODELF/RUGS/BE_RUG_MEDIUMRUINED02.MDX
      ↳ Chain: Area: Eversong Woods → ADT: AZEROTH_41_20.ADT → WMO: BLOODELF_TWOSTORY01_ABAN.WMO → M2: BE_RUG_MEDIUMRUINED02.MDX
    WORLD/EXPANSION01/DOODADS/GENERIC/BLOODELF/RUGS/BE_RUG_SMALL01.MDX
      ↳ Chain: Area: Silvermoon City → ADT: AZEROTH_42_18.ADT → WMO: BLOODELF_SMALLHOUSE02.WMO → M2: BE_RUG_SMALL01.MDX
    WORLD/EXPANSION01/DOODADS/GENERIC/BLOODELF/RUGS/BE_RUG_SMALL02.MDX
      ↳ Chain: Area: Eversong Woods → ADT: AZEROTH_42_19.ADT → WMO: BLOODELF_HUNTER_LODGE.WMO → M2: BE_RUG_SMALL02.MDX
    WORLD/EXPANSION01/DOODADS/GENERIC/BLOODELF/RUGS/BE_RUG_SMALLRUINED02.MDX
      ↳ Chain: Area: The North Sea → ADT: AZEROTH_44_18.ADT → WMO: BLOODELF_GUARDTOWER01_ABAN.WMO → M2: BE_RUG_SMALLRUINED02.MDX
    WORLD/EXPANSION01/DOODADS/GENERIC/BLOODELF/SCONCE/BE_SCONCE01.MDX
      ↳ Chain: Area: Eversong Woods → ADT: AZEROTH_42_19.ADT → WMO: BLOODELF_HUNTER_LODGE.WMO → M2: BE_SCONCE01.MDX
    WORLD/EXPANSION01/DOODADS/GENERIC/BLOODELF/SCONCE/BE_SCONCE02.MDX
      ↳ Chain: Area: Ghostlands → ADT: AZEROTH_38_22.ADT → WMO: WINDRUNNER_SPIRE.WMO → M2: BE_SCONCE02.MDX
    WORLD/EXPANSION01/DOODADS/GENERIC/BLOODELF/SCRYINGORB/BE_SCRYINGORB_EPIC.MDX
      ↳ Chain: Area: Highlands → ADT: AZEROTH_39_37.ADT → WMO: TH_REDDRAGONSHRINE.WMO → M2: BE_SCRYINGORB_EPIC.MDX
    WORLD/EXPANSION01/DOODADS/GENERIC/BLOODELF/SHIELD/BE_SHIELD01.MDX
      ↳ Chain: Area: Eversong Woods → ADT: AZEROTH_39_20.ADT → WMO: BLOODELF_GUARDTOWER01.WMO → M2: BE_SHIELD01.MDX
    WORLD/EXPANSION01/DOODADS/GENERIC/BLOODELF/SHIELD/BE_SHIELD02.MDX
      ↳ Chain: Area: Eversong Woods → ADT: AZEROTH_39_20.ADT → WMO: BLOODELF_GUARDTOWER01.WMO → M2: BE_SHIELD02.MDX
    WORLD/EXPANSION01/DOODADS/GENERIC/BLOODELF/SHIELD/BE_SHIELD03.MDX
      ↳ Chain: Area: Eversong Woods → ADT: AZEROTH_39_20.ADT → WMO: BLOODELF_GUARDTOWER01.WMO → M2: BE_SHIELD03.MDX
    WORLD/EXPANSION01/DOODADS/GENERIC/BLOODELF/SHROOMS/GHOSTLANDSSHROOM01.MDX
      ↳ Chain: Area: Silvermoon City → ADT: AZEROTH_42_18.ADT → WMO: SILVERMOON_CITY_01.WMO → M2: GHOSTLANDSSHROOM01.MDX
    WORLD/EXPANSION01/DOODADS/GENERIC/BLOODELF/STATUES/BE_STATUE01.MDX
      ↳ Chain: Area: Isle of Quel'Danas → ADT: AZEROTH_40_12.ADT → WMO: BLOODELF_SMALLGAZEBO01.WMO → M2: BE_STATUE01.MDX
    WORLD/EXPANSION01/DOODADS/GENERIC/BLOODELF/STATUES/BE_STATUE02.MDX
      ↳ Chain: Area: Isle of Quel'Danas → ADT: AZEROTH_40_12.ADT → WMO: BLOODELF_SMALLGAZEBO01.WMO → M2: BE_STATUE02.MDX
    WORLD/EXPANSION01/DOODADS/GENERIC/BLOODELF/STATUES/BE_STATUEBIG.MDX
      ↳ Chain: Area: Ghostlands → ADT: AZEROTH_38_22.ADT → WMO: WINDRUNNER_SPIRE.WMO → M2: BE_STATUEBIG.MDX
    WORLD/EXPANSION01/DOODADS/GENERIC/BLOODELF/STATUES/BE_STATUEMALE.MDX
      ↳ Chain: Area: Isle of Quel'Danas → ADT: AZEROTH_40_12.ADT → WMO: BLOODELF_SMALLGAZEBO01.WMO → M2: BE_STATUEMALE.MDX
    WORLD/EXPANSION01/DOODADS/GENERIC/BLOODELF/STATUES/BE_STATUERANGER.MDX
      ↳ Chain: Area: Eversong Woods → ADT: AZEROTH_42_19.ADT → WMO: BLOODELF_HUNTER_LODGE.WMO → M2: BE_STATUERANGER.MDX
    WORLD/EXPANSION01/DOODADS/GENERIC/BLOODELF/TABLES/BE_TABLE_LARGE01.MDX
      ↳ Chain: Area: Ghostlands → ADT: AZEROTH_41_22.ADT → WMO: BLOODELF_ARCANE_SANCTUM_ABAN.WMO → M2: BE_TABLE_LARGE01.MDX
    WORLD/EXPANSION01/DOODADS/GENERIC/BLOODELF/TABLES/BE_TABLE_LARGE02.MDX
      ↳ Chain: Area: Eversong Woods → ADT: AZEROTH_42_19.ADT → WMO: BLOODELF_HUNTER_LODGE.WMO → M2: BE_TABLE_LARGE02.MDX
    WORLD/EXPANSION01/DOODADS/GENERIC/BLOODELF/TABLES/BE_TABLE_LARGE03.MDX
      ↳ Chain: Area: Isle of Quel'Danas → ADT: AZEROTH_40_12.ADT → WMO: BLOODELF_SMALLGAZEBO01.WMO → M2: BE_TABLE_LARGE03.MDX
    WORLD/EXPANSION01/DOODADS/GENERIC/BLOODELF/TABLES/BE_TABLE_SMALL01.MDX
      ↳ Chain: Area: Eversong Woods → ADT: AZEROTH_40_17.ADT → WMO: BLOODELF_SMALLHOUSE_ABAN01.WMO → M2: BE_TABLE_SMALL01.MDX
    WORLD/EXPANSION01/DOODADS/GENERIC/BLOODELF/TABLES/BE_TABLE_WRECKED_01.MDX
      ↳ Chain: Area: Ghostlands → ADT: AZEROTH_41_22.ADT → WMO: BLOODELF_ARCANE_SANCTUM_ABAN.WMO → M2: BE_TABLE_WRECKED_01.MDX
    WORLD/EXPANSION01/DOODADS/GENERIC/BLOODELF/TABLES/BE_TABLE_WRECKED_02.MDX
      ↳ Chain: Area: The North Sea → ADT: AZEROTH_44_18.ADT → WMO: BLOODELF_GUARDTOWER01_ABAN.WMO → M2: BE_TABLE_WRECKED_02.MDX
    WORLD/EXPANSION01/DOODADS/GENERIC/BLOODELF/TENTS/BE_TENT01.MDX
      ↳ Chain: Area: Silvermoon City → ADT: AZEROTH_42_18.ADT → WMO: SILVERMOON_CITY_01.WMO → M2: BE_TENT01.MDX
    WORLD/EXPANSION01/DOODADS/GENERIC/BLOODELF/TENTS/BE_TENTWRECKED01.MDX
      ↳ Chain: Area: Isle of Quel'Danas → ADT: AZEROTH_41_14.ADT → WMO: SUNWELL_RAID_FACADE.WMO → M2: BE_TENTWRECKED01.MDX
    WORLD/EXPANSION01/DOODADS/GENERIC/BLOODELF/TENTS/BE_TENTWRECKED02.MDX
      ↳ Chain: Area: Isle of Quel'Danas → ADT: AZEROTH_41_14.ADT → WMO: SUNWELL_RAID_FACADE.WMO → M2: BE_TENTWRECKED02.MDX
    WORLD/EXPANSION01/DOODADS/GENERIC/BLOODELF/TRANSLOCATOR/BE_TRANSLOCATOR_MINOR.MDX
      ↳ Chain: Area: Eversong Woods → ADT: AZEROTH_39_20.ADT → WMO: BLOODELF_GUARDTOWER01.WMO → M2: BE_TRANSLOCATOR_MINOR.MDX
    WORLD/EXPANSION01/DOODADS/GENERIC/BLOODELF/TREES/SILVERMOONBUSH01.MDX
      ↳ Chain: Area: Silvermoon City → ADT: AZEROTH_42_17.ADT → WMO: SILVERMOONZEPPLINTOWER.WMO → M2: SILVERMOONBUSH01.MDX
    WORLD/EXPANSION01/DOODADS/GENERIC/BLOODELF/TREES/SILVERMOONBUSH02.MDX
      ↳ Chain: Area: Silvermoon City → ADT: AZEROTH_42_17.ADT → WMO: SILVERMOONZEPPLINTOWER.WMO → M2: SILVERMOONBUSH02.MDX
    WORLD/EXPANSION01/DOODADS/GENERIC/BLOODELF/TREES/SILVERMOONBUSH03.MDX
      ↳ Chain: Area: Silvermoon City → ADT: AZEROTH_42_17.ADT → WMO: SILVERMOONZEPPLINTOWER.WMO → M2: SILVERMOONBUSH03.MDX
    WORLD/EXPANSION01/DOODADS/GENERIC/BLOODELF/TREES/SILVERMOONBUSH04.MDX
      ↳ Chain: Area: Silvermoon City → ADT: AZEROTH_42_17.ADT → WMO: SILVERMOONZEPPLINTOWER.WMO → M2: SILVERMOONBUSH04.MDX
    WORLD/EXPANSION01/DOODADS/GENERIC/BLOODELF/TREES/SILVERMOONTREE09.MDX
      ↳ Chain: Area: Silvermoon City → ADT: AZEROTH_42_18.ADT → WMO: SILVERMOON_CITY_01.WMO → M2: SILVERMOONTREE09.MDX
    WORLD/EXPANSION01/DOODADS/GENERIC/BLOODELF/TREES/SILVERMOONTREE10.MDX
      ↳ Chain: Area: Isle of Quel'Danas → ADT: AZEROTH_41_14.ADT → WMO: SUNWELL_RAID_FACADE.WMO → M2: SILVERMOONTREE10.MDX
    WORLD/EXPANSION01/DOODADS/GENERIC/BLOODELF/WAGON/BE_WAGON.MDX
      ↳ Chain: Area: Silvermoon City → ADT: AZEROTH_42_18.ADT → WMO: SILVERMOON_CITY_01.WMO → M2: BE_WAGON.MDX
    WORLD/EXPANSION01/DOODADS/GENERIC/BLOODELF/WAGON/BE_WAGON02.MDX
      ↳ Chain: Area: Silvermoon City → ADT: AZEROTH_42_18.ADT → WMO: SILVERMOON_CITY_01.WMO → M2: BE_WAGON02.MDX
    WORLD/EXPANSION01/DOODADS/GENERIC/BLOODELF/WEAPONRACKS/BE_WEAPONRACK_01.MDX
      ↳ Chain: Area: Eversong Woods → ADT: AZEROTH_40_17.ADT → WMO: BLOODELF_SMALLHOUSE_ABAN01.WMO → M2: BE_WEAPONRACK_01.MDX
    WORLD/EXPANSION01/DOODADS/GENERIC/BLOODELF/WEAPONRACKS/BE_WEAPONRACK_02.MDX
      ↳ Chain: Area: Eversong Woods → ADT: AZEROTH_40_17.ADT → WMO: BLOODELF_SMALLHOUSE_ABAN01.WMO → M2: BE_WEAPONRACK_02.MDX
    WORLD/EXPANSION01/DOODADS/GENERIC/BLOODELF/WEAPONS/BE_KNIFE01.MDX
      ↳ Chain: Area: Isle of Quel'Danas → ADT: AZEROTH_41_12.ADT → WMO: BLOODELF_TWOSTORY01.WMO → M2: BE_KNIFE01.MDX
    WORLD/EXPANSION01/DOODADS/GENERIC/BLOODELF/WEAPONS/BE_KNIFE02.MDX
      ↳ Chain: Area: Eversong Woods → ADT: AZEROTH_42_19.ADT → WMO: BLOODELF_HUNTER_LODGE.WMO → M2: BE_KNIFE02.MDX
    WORLD/EXPANSION01/DOODADS/GENERIC/BLOODELF/WEAPONS/BE_STAVE01.MDX
      ↳ Chain: Area: Eversong Woods → ADT: AZEROTH_39_20.ADT → WMO: BLOODELF_GUARDTOWER01.WMO → M2: BE_STAVE01.MDX
    WORLD/EXPANSION01/DOODADS/GENERIC/BLOODELF/WEAPONS/BE_STAVE02.MDX
      ↳ Chain: Area: Eversong Woods → ADT: AZEROTH_42_19.ADT → WMO: BLOODELF_HUNTER_LODGE.WMO → M2: BE_STAVE02.MDX
    WORLD/EXPANSION01/DOODADS/GENERIC/BLOODELF/WEAPONS/BE_SWORD02.MDX
      ↳ Chain: Area: Eversong Woods → ADT: AZEROTH_42_19.ADT → WMO: BLOODELF_HUNTER_LODGE.WMO → M2: BE_SWORD02.MDX
    WORLD/EXPANSION01/DOODADS/GENERIC/BLOODELF/WEAPONS/BE_SWORD03.MDX
      ↳ Chain: Area: Eversong Woods → ADT: AZEROTH_39_20.ADT → WMO: BLOODELF_GUARDTOWER01.WMO → M2: BE_SWORD03.MDX
    WORLD/EXPANSION01/DOODADS/GENERIC/DRAENEI/BANNER/DR_BANNER01.MDX
      ↳ Chain: Area: Azuremyst Isle → ADT: KALIMDOR_23_21.ADT → WMO: DRAENEI_ABBEY.WMO → M2: DR_BANNER01.MDX
    WORLD/EXPANSION01/DOODADS/GENERIC/DRAENEI/BRAZIER/DR_BRAZIER_01.MDX
      ↳ Chain: Area: Bloodmyst Isle → ADT: KALIMDOR_20_17.ADT → WMO: DRAENEI_BLOODWATCHTOWER.WMO → M2: DR_BRAZIER_01.MDX
    WORLD/EXPANSION01/DOODADS/GENERIC/DRAENEI/CABLES/DR_CABLE_MEDIUM.MDX
      ↳ Chain: Area: Bloodmyst Isle → ADT: KALIMDOR_20_17.ADT → WMO: DRAENEI_BLOODWATCHTOWER.WMO → M2: DR_CABLE_MEDIUM.MDX
    WORLD/EXPANSION01/DOODADS/GENERIC/DRAENEI/CABLES/DR_CABLE_THIN.MDX
      ↳ Chain: Area: Azuremyst Isle → ADT: KALIMDOR_23_21.ADT → WMO: DRAENEI_ABBEY.WMO → M2: DR_CABLE_THIN.MDX
    WORLD/EXPANSION01/DOODADS/GENERIC/DRAENEI/CABLES/DR_CABLE_WIDE.MDX
      ↳ Chain: Area: Azuremyst Isle → ADT: KALIMDOR_23_21.ADT → WMO: DRAENEI_ABBEY.WMO → M2: DR_CABLE_WIDE.MDX
    WORLD/EXPANSION01/DOODADS/GENERIC/DRAENEI/CRYOPODS/DR_CRYOPOD_BOTTOM.MDX
      ↳ Chain: Area: Bloodmyst Isle → ADT: KALIMDOR_19_18.ADT → WMO: DRAENEI_MEDICAL.WMO → M2: DR_CRYOPOD_BOTTOM.MDX
    WORLD/EXPANSION01/DOODADS/GENERIC/DRAENEI/CRYOPODS/DR_CRYOPOD_INTACT.MDX
      ↳ Chain: Area: Bloodmyst Isle → ADT: KALIMDOR_19_18.ADT → WMO: DRAENEI_MEDICAL.WMO → M2: DR_CRYOPOD_INTACT.MDX
    WORLD/EXPANSION01/DOODADS/GENERIC/DRAENEI/CRYOPODS/DR_CRYOPOD_TOP.MDX
      ↳ Chain: Area: Bloodmyst Isle → ADT: KALIMDOR_19_18.ADT → WMO: DRAENEI_MEDICAL.WMO → M2: DR_CRYOPOD_TOP.MDX
    WORLD/EXPANSION01/DOODADS/GENERIC/DRAENEI/CRYOPODS/DR_CRYOPOD_WRECKED.MDX
      ↳ Chain: Area: Bloodmyst Isle → ADT: KALIMDOR_19_18.ADT → WMO: DRAENEI_MEDICAL.WMO → M2: DR_CRYOPOD_WRECKED.MDX
    WORLD/EXPANSION01/DOODADS/GENERIC/DRAENEI/CUPS/DR_CUP_01.MDX
      ↳ Chain: Area: Azuremyst Isle → ADT: KALIMDOR_23_21.ADT → WMO: DRAENEI_ABBEY.WMO → M2: DR_CUP_01.MDX
    WORLD/EXPANSION01/DOODADS/GENERIC/DRAENEI/HOLO/DR_DRAENEI_HOLORUNES01_BIG.MDX
      ↳ Chain: Area: Azuremyst Isle → ADT: KALIMDOR_23_21.ADT → WMO: DRAENEI_ABBEY.WMO → M2: DR_DRAENEI_HOLORUNES01_BIG.MDX
    WORLD/EXPANSION01/DOODADS/GENERIC/DRAENEI/KNICKKNACKS/DR_KNICKKNACK_01.MDX
      ↳ Chain: Area: Bloodmyst Isle → ADT: KALIMDOR_20_17.ADT → WMO: DRAENEI_BLOODWATCHTOWER.WMO → M2: DR_KNICKKNACK_01.MDX
    WORLD/EXPANSION01/DOODADS/GENERIC/DRAENEI/KNICKKNACKS/DR_KNICKKNACK_03.MDX
      ↳ Chain: Area: Bloodmyst Isle → ADT: KALIMDOR_20_17.ADT → WMO: DRAENEI_BLOODWATCHTOWER.WMO → M2: DR_KNICKKNACK_03.MDX
    WORLD/EXPANSION01/DOODADS/GENERIC/DRAENEI/KNICKKNACKS/DR_KNICKKNACK_04.MDX
      ↳ Chain: Area: Bloodmyst Isle → ADT: KALIMDOR_20_17.ADT → WMO: DRAENEI_BLOODWATCHTOWER.WMO → M2: DR_KNICKKNACK_04.MDX
    WORLD/EXPANSION01/DOODADS/GENERIC/LOSTONES/WEAPONRACK/LO_WEAPONRACK.MDX
      ↳ Chain: Area: Highlands → ADT: AZEROTH_40_38.ADT → WMO: OGRE_HUTBIG.WMO → M2: LO_WEAPONRACK.MDX
    WORLD/EXPANSION01/DOODADS/GENERIC/NAGA/ARK/NA_ARK.MDX
      ↳ Chain: Area: Vashj'ir → ADT: AZEROTH_25_45.ADT → WMO: DEMIGOD_DOME_LIVING.WMO → M2: NA_ARK.MDX
    WORLD/EXPANSION01/DOODADS/GENERIC/NAGA/CRATES/NA_BARRICADE_01.MDX
      ↳ Chain: Area: Vashj'ir → ADT: AZEROTH_25_45.ADT → WMO: DEMIGOD_DOME_LIVING.WMO → M2: NA_BARRICADE_01.MDX
    WORLD/EXPANSION01/DOODADS/GENERIC/NAGA/CRATES/NA_BARRICADE_POLE.MDX
      ↳ Chain: Area: Vashj'ir → ADT: AZEROTH_25_45.ADT → WMO: DEMIGOD_DOME_LIVING.WMO → M2: NA_BARRICADE_POLE.MDX
    WORLD/EXPANSION01/DOODADS/GENERIC/NAGA/CRATES/NA_BARRICADE_SHELL_01.MDX
      ↳ Chain: Area: Vashj'ir → ADT: AZEROTH_25_45.ADT → WMO: DEMIGOD_DOME_LIVING.WMO → M2: NA_BARRICADE_SHELL_01.MDX
    WORLD/EXPANSION01/DOODADS/GENERIC/NAGA/CRATES/NA_BARRICADE_SHELL_02.MDX
      ↳ Chain: Area: Vashj'ir → ADT: AZEROTH_25_45.ADT → WMO: DEMIGOD_DOME_LIVING.WMO → M2: NA_BARRICADE_SHELL_02.MDX
    WORLD/EXPANSION01/DOODADS/GENERIC/NAGA/CRATES/NA_CRATE01.MDX
      ↳ Chain: Area: Vashj'ir → ADT: AZEROTH_25_45.ADT → WMO: DEMIGOD_DOME_LIVING.WMO → M2: NA_CRATE01.MDX
    WORLD/EXPANSION01/DOODADS/GENERIC/NAGA/CRATES/NA_CRATE02.MDX
      ↳ Chain: Area: Vashj'ir → ADT: AZEROTH_25_45.ADT → WMO: DEMIGOD_DOME_LIVING.WMO → M2: NA_CRATE02.MDX
    WORLD/EXPANSION01/DOODADS/GENERIC/NAGA/CRATES/NA_TANKSTOPPER_01.MDX
      ↳ Chain: Area: Vashj'ir → ADT: AZEROTH_25_45.ADT → WMO: DEMIGOD_DOME_LIVING.WMO → M2: NA_TANKSTOPPER_01.MDX
    WORLD/EXPANSION01/DOODADS/GENERIC/NAGA/DISTILLER/NA_DISTILLER.MDX
      ↳ Chain: Area: Vashj'ir → ADT: AZEROTH_25_45.ADT → WMO: DEMIGOD_DOME_LIVING.WMO → M2: NA_DISTILLER.MDX
    WORLD/EXPANSION01/DOODADS/GENERIC/NAGA/JARS/NA_JAR01.MDX
      ↳ Chain: Area: Vashj'ir → ADT: AZEROTH_25_45.ADT → WMO: DEMIGOD_DOME_LIVING.WMO → M2: NA_JAR01.MDX
    WORLD/EXPANSION01/DOODADS/GENERIC/NAGA/JARS/NA_JAR02.MDX
      ↳ Chain: Area: Vashj'ir → ADT: AZEROTH_25_45.ADT → WMO: DEMIGOD_DOME_LIVING.WMO → M2: NA_JAR02.MDX
    WORLD/EXPANSION01/DOODADS/GENERIC/NAGA/TORCH/NA_TORCH01.MDX
      ↳ Chain: Area: Vashj'ir → ADT: AZEROTH_25_45.ADT → WMO: DEMIGOD_DOME_LIVING.WMO → M2: NA_TORCH01.MDX
    WORLD/EXPANSION01/DOODADS/GENERIC/NAGA/WEAPONS/NA_WEAPON_03.MDX
      ↳ Chain: Area: Vashj'ir → ADT: AZEROTH_25_45.ADT → WMO: DEMIGOD_DOME_LIVING.WMO → M2: NA_WEAPON_03.MDX
    WORLD/EXPANSION01/DOODADS/GENERIC/NAGA/WEAPONSTACKS/NA_WEAPONRACK03_NO_WEAPONS.MDX
      ↳ Chain: Area: Vashj'ir → ADT: AZEROTH_25_45.ADT → WMO: DEMIGOD_DOME_LIVING.WMO → M2: NA_WEAPONRACK03_NO_WEAPONS.MDX
    WORLD/EXPANSION01/DOODADS/GENERIC/NAGA/WEAPONSTACKS/NA_WEAPONSTACK01.MDX
      ↳ Chain: Area: Vashj'ir → ADT: AZEROTH_25_45.ADT → WMO: DEMIGOD_DOME_LIVING.WMO → M2: NA_WEAPONSTACK01.MDX
    WORLD/EXPANSION01/DOODADS/GENERIC/NAGA/WEAPONSTACKS/NA_WEAPONSTACK02.MDX
      ↳ Chain: Area: Vashj'ir → ADT: AZEROTH_25_45.ADT → WMO: DEMIGOD_DOME_LIVING.WMO → M2: NA_WEAPONSTACK02.MDX
    WORLD/EXPANSION01/DOODADS/GENERIC/OGRE/BONES/OM_BONES_01.MDX
      ↳ Chain: Area: Uldum → ADT: KALIMDOR_33_50.ADT → WMO: VASHJIR_SMALL_CAVE_A.WMO → M2: OM_BONES_01.MDX
    WORLD/EXPANSION01/DOODADS/GENERIC/OGRE/BONES/OM_BONES_02.MDX
      ↳ Chain: Area: Uldum → ADT: KALIMDOR_33_50.ADT → WMO: VASHJIR_SMALL_CAVE_A.WMO → M2: OM_BONES_02.MDX
    WORLD/EXPANSION01/DOODADS/GENERIC/OGRE/CHAIR/OM_CHAIR_01.MDX
      ↳ Chain: Area: Highlands → ADT: AZEROTH_40_38.ADT → WMO: OGRE_HUTBIG.WMO → M2: OM_CHAIR_01.MDX
    WORLD/EXPANSION01/DOODADS/GENERIC/OGRE/FIRES/OM_CAMPFIRE_01.MDX
      ↳ Chain: Area: Highlands → ADT: AZEROTH_40_38.ADT → WMO: OGRE_HUTBIG.WMO → M2: OM_CAMPFIRE_01.MDX
    WORLD/EXPANSION01/DOODADS/GENERIC/OGRE/TABLE/OM_TABLE_01.MDX
      ↳ Chain: Area: Highlands → ADT: AZEROTH_40_38.ADT → WMO: OGRE_HUTBIG.WMO → M2: OM_TABLE_01.MDX
    WORLD/EXPANSION01/DOODADS/GENERIC/OGRE/WEAPONS/OM_WEAPONS_04.MDX
      ↳ Chain: Area: Highlands → ADT: AZEROTH_40_40.ADT → WMO: OGRE_HUT.WMO → M2: OM_WEAPONS_04.MDX
    WORLD/EXPANSION01/DOODADS/NETHERSTORM/GOBLINBRIDGE/OL_GOBLINBRIDGE_GEARS01.MDX
      ↳ Chain: Area: Kezan → ADT: KALIMDOR_55_50.ADT → WMO: 8OR_WARFRONTS_WORKSHOP_V2.WMO → M2: OL_GOBLINBRIDGE_GEARS01.MDX
    WORLD/EXPANSION01/DOODADS/SILVERMOON/BUSHES/SILVERMOONBUSH05.MDX
      ↳ Chain: Area: Eversong Woods → ADT: AZEROTH_40_18.ADT → WMO: BE_ARCHBRIDGE01.WMO → M2: SILVERMOONBUSH05.MDX
    WORLD/EXPANSION01/DOODADS/SILVERMOON/BUSHES/SILVERMOONBUSH06.MDX
      ↳ Chain: Area: Eversong Woods → ADT: AZEROTH_40_18.ADT → WMO: BE_ARCHBRIDGE01.WMO → M2: SILVERMOONBUSH06.MDX
    WORLD/EXPANSION01/DOODADS/SILVERMOON/FLOATINGDANDELIONS/FLOATINGDANDELIONS01.MDX
      ↳ Chain: Area: Silvermoon City → ADT: AZEROTH_42_18.ADT → WMO: SILVERMOON_CITY_01.WMO → M2: FLOATINGDANDELIONS01.MDX
    WORLD/EXPANSION01/DOODADS/SILVERMOON/FLOWERS/SILVERMOONFLOWER01.MDX
      ↳ Chain: Area: Silvermoon City → ADT: AZEROTH_42_17.ADT → WMO: SILVERMOONZEPPLINTOWER.WMO → M2: SILVERMOONFLOWER01.MDX
    WORLD/EXPANSION01/DOODADS/SILVERMOON/FLOWERS/SILVERMOONFLOWER02.MDX
      ↳ Chain: Area: Eversong Woods → ADT: AZEROTH_40_18.ADT → WMO: BE_ARCHBRIDGE01.WMO → M2: SILVERMOONFLOWER02.MDX
    WORLD/EXPANSION01/DOODADS/SILVERMOON/FLOWERS/SILVERMOONFLOWER03.MDX
      ↳ Chain: Area: Eversong Woods → ADT: AZEROTH_40_18.ADT → WMO: BE_ARCHBRIDGE01.WMO → M2: SILVERMOONFLOWER03.MDX
    WORLD/EXPANSION01/DOODADS/SILVERMOON/FLOWERS/SILVERMOONFLOWER04.MDX
      ↳ Chain: Area: Silvermoon City → ADT: AZEROTH_42_17.ADT → WMO: SILVERMOONZEPPLINTOWER.WMO → M2: SILVERMOONFLOWER04.MDX
    WORLD/EXPANSION01/DOODADS/SILVERMOON/FLOWERS/SILVERMOONFLOWER05.MDX
      ↳ Chain: Area: Silvermoon City → ADT: AZEROTH_42_17.ADT → WMO: SILVERMOONZEPPLINTOWER.WMO → M2: SILVERMOONFLOWER05.MDX
    WORLD/EXPANSION01/DOODADS/SILVERMOON/FLOWERS/SILVERMOONFLOWER06.MDX
      ↳ Chain: Area: Silvermoon City → ADT: AZEROTH_42_17.ADT → WMO: SILVERMOONZEPPLINTOWER.WMO → M2: SILVERMOONFLOWER06.MDX
    WORLD/EXPANSION01/DOODADS/SILVERMOON/WATER/BIGFOUNTAINWATER.MDX
      ↳ Chain: Area: Silvermoon City → ADT: AZEROTH_42_18.ADT → WMO: SILVERMOON_CITY_01.WMO → M2: BIGFOUNTAINWATER.MDX
    WORLD/EXPANSION01/DOODADS/SILVERMYST/CRYSTALS/SILVERMYSTCRYSTAL01.MDX
      ↳ Chain: Area: Deepholm → ADT: DEEPHOME_33_31.ADT → WMO: DEEPHOLM_MERCURY_POOL01.WMO → M2: SILVERMYSTCRYSTAL01.MDX
    WORLD/EXPANSION01/DOODADS/SILVERMYST/CRYSTALS/SILVERMYSTCRYSTAL01_ORANGE.MDX
      ↳ Chain: Area: Deepholm → ADT: DEEPHOME_33_29.ADT → WMO: DEEPHOLM_MERCURY_POOL.WMO → M2: SILVERMYSTCRYSTAL01_ORANGE.MDX
    WORLD/EXPANSION01/DOODADS/SILVERMYST/CRYSTALS/SILVERMYSTCRYSTAL03.MDX
      ↳ Chain: Area: Deepholm → ADT: DEEPHOME_33_31.ADT → WMO: DEEPHOLM_MERCURY_POOL01.WMO → M2: SILVERMYSTCRYSTAL03.MDX
    WORLD/EXPANSION01/DOODADS/SILVERMYST/CRYSTALS/SILVERMYSTCRYSTAL03_ORANGE.MDX
      ↳ Chain: Area: Deepholm → ADT: DEEPHOME_33_29.ADT → WMO: DEEPHOLM_MERCURY_POOL.WMO → M2: SILVERMYSTCRYSTAL03_ORANGE.MDX
    WORLD/EXPANSION01/DOODADS/SILVERMYST/CRYSTALS/SILVERMYSTCRYSTALBIG01.MDX
      ↳ Chain: Area: Deepholm → ADT: DEEPHOME_33_31.ADT → WMO: DEEPHOLM_MERCURY_POOL01.WMO → M2: SILVERMYSTCRYSTALBIG01.MDX
    WORLD/EXPANSION01/DOODADS/SILVERMYST/CRYSTALS/SILVERMYSTCRYSTALBIG01_ORANGE.MDX
      ↳ Chain: Area: Deepholm → ADT: DEEPHOME_33_29.ADT → WMO: DEEPHOLM_MERCURY_POOL.WMO → M2: SILVERMYSTCRYSTALBIG01_ORANGE.MDX
    WORLD/EXPANSION01/DOODADS/SILVERMYST/CRYSTALS/SILVERMYSTCRYSTALBIG02.MDX
      ↳ Chain: Area: Deepholm → ADT: DEEPHOME_33_31.ADT → WMO: DEEPHOLM_MERCURY_POOL01.WMO → M2: SILVERMYSTCRYSTALBIG02.MDX
    WORLD/EXPANSION01/DOODADS/SILVERMYST/CRYSTALS/SILVERMYSTCRYSTALBIG02_ORANGE.MDX
      ↳ Chain: Area: Deepholm → ADT: DEEPHOME_33_29.ADT → WMO: DEEPHOLM_MERCURY_POOL.WMO → M2: SILVERMYSTCRYSTALBIG02_ORANGE.MDX
    WORLD/EXPANSION01/DOODADS/SILVERMYST/CRYSTALS/SILVERMYSTCRYSTALBIG03.MDX
      ↳ Chain: Area: Deepholm → ADT: DEEPHOME_33_31.ADT → WMO: DEEPHOLM_MERCURY_POOL01.WMO → M2: SILVERMYSTCRYSTALBIG03.MDX
    WORLD/EXPANSION01/DOODADS/SILVERMYST/CRYSTALS/SILVERMYSTCRYSTALBIG03_ORANGE.MDX
      ↳ Chain: Area: Deepholm → ADT: DEEPHOME_33_29.ADT → WMO: DEEPHOLM_MERCURY_POOL.WMO → M2: SILVERMYSTCRYSTALBIG03_ORANGE.MDX
    WORLD/EXPANSION01/DOODADS/SILVERMYST/CRYSTALS/SILVERMYSTCRYSTALSMALL01.MDX
      ↳ Chain: Area: Deepholm → ADT: DEEPHOME_33_31.ADT → WMO: DEEPHOLM_MERCURY_POOL01.WMO → M2: SILVERMYSTCRYSTALSMALL01.MDX
    WORLD/EXPANSION01/DOODADS/SILVERMYST/CRYSTALS/SILVERMYSTCRYSTALSMALL01_ORANGE.MDX
      ↳ Chain: Area: Deepholm → ADT: DEEPHOME_33_29.ADT → WMO: DEEPHOLM_MERCURY_POOL.WMO → M2: SILVERMYSTCRYSTALSMALL01_ORANGE.MDX
    WORLD/EXPANSION01/DOODADS/SILVERMYST/CRYSTALS/SILVERMYSTCRYSTALSMALL02.MDX
      ↳ Chain: Area: Deepholm → ADT: DEEPHOME_33_31.ADT → WMO: DEEPHOLM_MERCURY_POOL01.WMO → M2: SILVERMYSTCRYSTALSMALL02.MDX
    WORLD/EXPANSION01/DOODADS/SILVERMYST/CRYSTALS/SILVERMYSTCRYSTALSMALL02_ORANGE.MDX
      ↳ Chain: Area: Deepholm → ADT: DEEPHOME_33_29.ADT → WMO: DEEPHOLM_MERCURY_POOL.WMO → M2: SILVERMYSTCRYSTALSMALL02_ORANGE.MDX
    WORLD/EXPANSION01/DOODADS/SILVERMYST/CRYSTALS/SILVERMYSTCRYSTALSMALL03_ORANGE.MDX
      ↳ Chain: Area: Deepholm → ADT: DEEPHOME_33_29.ADT → WMO: DEEPHOLM_MERCURY_POOL.WMO → M2: SILVERMYSTCRYSTALSMALL03_ORANGE.MDX
    WORLD/EXPANSION01/DOODADS/SILVERMYST/CRYSTALS/SILVERMYST_ELFINN_CRYSTAL.MDX
      ↳ Chain: Area: Azuremyst Isle → ADT: KALIMDOR_18_23.ADT → WMO: SILVERMYST_ELFINN_RUINED.WMO → M2: SILVERMYST_ELFINN_CRYSTAL.MDX
    WORLD/EXPANSION01/DOODADS/TEROKKAR/LIGHTRAY/TEROKKAR_LIGHTRAY01.MDX
      ↳ Chain: Area: Deadwind Pass → ADT: AZEROTH_35_52.ADT → WMO: 7AF_ARTIFACT_SEWER.WMO → M2: TEROKKAR_LIGHTRAY01.MDX
    WORLD/EXPANSION01/DOODADS/TEROKKAR/WEBS/TEROKKARWEB01.MDX
      ↳ Chain: Area: Blasted Lands → ADT: AZEROTH_37_55.ADT → WMO: GILNEAS_HOUSE_A.WMO → M2: TEROKKARWEB01.MDX
    WORLD/EXPANSION01/DOODADS/TEROKKAR/WEBS/TEROKKARWEB02.MDX
      ↳ Chain: Area: Blasted Lands → ADT: AZEROTH_37_55.ADT → WMO: GILNEAS_HOUSE_A.WMO → M2: TEROKKARWEB02.MDX
    WORLD/EXPANSION01/DOODADS/TEROKKAR/WEBS/TEROKKARWEB03.MDX
      ↳ Chain: Area: Blasted Lands → ADT: AZEROTH_37_55.ADT → WMO: GILNEAS_HOUSE_A.WMO → M2: TEROKKARWEB03.MDX
    WORLD/EXPANSION01/DOODADS/TEROKKAR/WEBS/TEROKKARWEB04.MDX
      ↳ Chain: Area: Blasted Lands → ADT: AZEROTH_37_55.ADT → WMO: GILNEAS_HOUSE_A.WMO → M2: TEROKKARWEB04.MDX
    WORLD/EXPANSION01/DOODADS/THEEXODAR/PASSIVEDOODADS/CLOTHOBJECTS/EXODAR_THIN_BANNER_ANIM.MDX
      ↳ Chain: Area: Bloodmyst Isle → ADT: KALIMDOR_20_17.ADT → WMO: DRAENEI_BLOODWATCHTOWER.WMO → M2: EXODAR_THIN_BANNER_ANIM.MDX
    WORLD/EXPANSION01/DOODADS/THEEXODAR/PASSIVEDOODADS/LIGHT_SCONCES/EXODAR_SCONCE.MDX
      ↳ Chain: Area: Bloodmyst Isle → ADT: KALIMDOR_20_17.ADT → WMO: DRAENEI_BLOODWATCHTOWER.WMO → M2: EXODAR_SCONCE.MDX
    WORLD/EXPANSION01/DOODADS/ZANGAR/BUSH/ZANGARGRASS01.MDX
      ↳ Chain: Area: Azuremyst Isle → ADT: KALIMDOR_19_23.ADT → WMO: MD_NAGACAVE.WMO → M2: ZANGARGRASS01.MDX
    WORLD/EXPANSION01/DOODADS/ZANGAR/MUSHROOM/ZANGARMUSHROOM04.MDX
      ↳ Chain: Area: Highlands → ADT: AZEROTH_40_40.ADT → WMO: OGRE_HUT.WMO → Unknown: OGRE_HUT_MUSHROOM.WMO → M2: ZANGARMUSHROOM04.MDX
    WORLD/EXPANSION01/DOODADS/ZANGAR/MUSHROOM/ZANGARMUSHROOM05.MDX
      ↳ Chain: Area: Highlands → ADT: AZEROTH_40_40.ADT → WMO: OGRE_HUT.WMO → Unknown: OGRE_HUT_MUSHROOM.WMO → M2: ZANGARMUSHROOM05.MDX
    WORLD/EXPANSION01/DOODADS/ZANGAR/MUSHROOM/ZANGARMUSHROOM07_BLUE.MDX
      ↳ Chain: Area: Highlands → ADT: AZEROTH_40_40.ADT → WMO: OGRE_HUT.WMO → Unknown: OGRE_HUT_MUSHROOM.WMO → M2: ZANGARMUSHROOM07_BLUE.MDX
    WORLD/EXPANSION01/DOODADS/ZANGAR/MUSHROOM/ZANGARMUSHROOM07_ORANGE.MDX
      ↳ Chain: Area: Crestfall → ADT: AZEROTH_13_42.ADT → WMO: 8CRE_AMPTUNNEL01_2459264.WMO → M2: ZANGARMUSHROOM07_ORANGE.MDX
    WORLD/EXPANSION01/DOODADS/ZULAMAN/DOORS/ZULAMAN_ENTRANCEGATE.MDX
      ↳ Chain: Area: AZEROTH [44,23] → ADT: AZEROTH_44_23.ADT → WMO: ZULAMAN_ENTRANCEBACK.WMO → M2: ZULAMAN_ENTRANCEGATE.MDX
    WORLD/EXPANSION01/DOODADS/ZULAMAN/DOORS/ZULAMAN_FIREDOOR.MDX
      ↳ Chain: Area: AZEROTH [45,23] → ADT: AZEROTH_45_23.ADT → WMO: ZULAMAN_WARLORD_ZULJIN_TEMPLE.WMO → M2: ZULAMAN_FIREDOOR.MDX
    WORLD/EXPANSION01/DOODADS/ZULAMAN/DOORS/ZULAMAN_WINDDOOR.MDX
      ↳ Chain: Area: Ghostlands → ADT: AZEROTH_44_22.ADT → WMO: BEARGOD_HIGHPRIEST.WMO → M2: ZULAMAN_WINDDOOR.MDX
    WORLD/EXPANSION01/DOODADS/ZULAMAN/RUINS/TROLLRUINS_ZULAMAN_07.MDX
      ↳ Chain: Area: Ghostlands → ADT: AZEROTH_43_23.ADT → WMO: ZULAMAN_ENTRANCE.WMO → M2: TROLLRUINS_ZULAMAN_07.MDX
    WORLD/EXPANSION01/DOODADS/ZULAMAN/RUINS/TROLLRUINS_ZULAMAN_08.MDX
      ↳ Chain: Area: AZEROTH [44,23] → ADT: AZEROTH_44_23.ADT → WMO: ZULAMAN_FOUNTAIN.WMO → M2: TROLLRUINS_ZULAMAN_08.MDX
    WORLD/EXPANSION01/DOODADS/ZULAMAN/TIKI/TROLLSKULLTIKI.MDX
      ↳ Chain: Area: Ghostlands → ADT: AZEROTH_43_23.ADT → WMO: ZULAMAN_ENTRANCE.WMO → M2: TROLLSKULLTIKI.MDX
    WORLD/EXPANSION01/DOODADS/ZULAMAN/WALL/FORESTTROLLDUNGEONBASINWALL.MDX
      ↳ Chain: Area: Ghostlands → ADT: AZEROTH_43_23.ADT → WMO: ZULAMAN_ENTRANCE.WMO → M2: FORESTTROLLDUNGEONBASINWALL.MDX
    WORLD/EXPANSION02/DOODADS/ICECROWN/ALLIANCE_GUNSHIP/BRASSCANNON.MDX
      ↳ Chain: Area: Gilneas → ADT: AZEROTH_29_35.ADT → WMO: GILNEAS_PRISONQUARTER_ENTRANCE.WMO → M2: BRASSCANNON.MDX
    WORLD/EXPANSION03/DOODADS/ABYSSALMAW/CORAL/ABYSSAL_BUBBLES_01.MDX
      ↳ Chain: Area: Vashj'ir → ADT: AZEROTH_25_45.ADT → WMO: DEMIGOD_DOME_LIVING.WMO → M2: ABYSSAL_BUBBLES_01.MDX
    WORLD/EXPANSION03/DOODADS/ABYSSALMAW/CORAL/ABYSSAL_BUSHCORAL01.MDX
      ↳ Chain: Area: Vashj'ir → ADT: AZEROTH_22_42.ADT → WMO: VASHJIR_ANTICHAMBER.WMO → M2: ABYSSAL_BUSHCORAL01.MDX
    WORLD/EXPANSION03/DOODADS/ABYSSALMAW/CORAL/ABYSSAL_CORAL_05.MDX
      ↳ Chain: Area: Vashj'ir → ADT: AZEROTH_22_42.ADT → WMO: VASHJIR_ANTICHAMBER.WMO → M2: ABYSSAL_CORAL_05.MDX
    WORLD/EXPANSION03/DOODADS/ABYSSALMAW/CORAL/ABYSSAL_CORAL_06.MDX
      ↳ Chain: Area: Vashj'ir → ADT: AZEROTH_22_42.ADT → WMO: VASHJIR_ANTICHAMBER.WMO → M2: ABYSSAL_CORAL_06.MDX
    WORLD/EXPANSION03/DOODADS/ABYSSALMAW/CORAL/ABYSSAL_CORAL_CHUNK_CEILING03.MDX
      ↳ Chain: Area: Vashj'ir → ADT: AZEROTH_22_42.ADT → WMO: VASHJIR_ANTICHAMBER.WMO → M2: ABYSSAL_CORAL_CHUNK_CEILING03.MDX
    WORLD/EXPANSION03/DOODADS/ABYSSALMAW/CORAL/ABYSSAL_CORAL_ROCK_01.MDX
      ↳ Chain: Area: Vashj'ir → ADT: AZEROTH_22_42.ADT → WMO: VASHJIR_ANTICHAMBER.WMO → M2: ABYSSAL_CORAL_ROCK_01.MDX
    WORLD/EXPANSION03/DOODADS/ABYSSALMAW/CORAL/ABYSSAL_CORAL_ROCK_02.MDX
      ↳ Chain: Area: Vashj'ir → ADT: AZEROTH_22_42.ADT → WMO: VASHJIR_ANTICHAMBER.WMO → M2: ABYSSAL_CORAL_ROCK_02.MDX
    WORLD/EXPANSION03/DOODADS/ABYSSALMAW/CORAL/ABYSSAL_CORAL_SEAFAN.MDX
      ↳ Chain: Area: Vashj'ir → ADT: AZEROTH_22_42.ADT → WMO: VASHJIR_ANTICHAMBER.WMO → M2: ABYSSAL_CORAL_SEAFAN.MDX
    WORLD/EXPANSION03/DOODADS/ABYSSALMAW/CORAL/ABYSSAL_FISH01.MDX
      ↳ Chain: Area: Vashj'ir → ADT: AZEROTH_25_42.ADT → WMO: VASHJIR_EARTHEN_CAVE.WMO → M2: ABYSSAL_FISH01.MDX
    WORLD/EXPANSION03/DOODADS/ABYSSALMAW/CORAL/ABYSSAL_FISH02.MDX
      ↳ Chain: Area: Vashj'ir → ADT: AZEROTH_24_40.ADT → WMO: TRANSPORT_SHIP_UD_SUNKENSHIP.WMO → M2: ABYSSAL_FISH02.MDX
    WORLD/EXPANSION03/DOODADS/ABYSSALMAW/CORAL/ABYSSAL_JELLYFISH01.MDX
      ↳ Chain: Area: Vashj'ir → ADT: AZEROTH_22_42.ADT → WMO: VASHJIR_ANTICHAMBER.WMO → M2: ABYSSAL_JELLYFISH01.MDX
    WORLD/EXPANSION03/DOODADS/ABYSSALMAW/CORAL/ABYSSAL_MAW_SHELL_01.MDX
      ↳ Chain: Area: Vashj'ir → ADT: AZEROTH_22_42.ADT → WMO: VASHJIR_ANTICHAMBER.WMO → M2: ABYSSAL_MAW_SHELL_01.MDX
    WORLD/EXPANSION03/DOODADS/ABYSSALMAW/CORAL/ABYSSAL_SEAWEED_04.MDX
      ↳ Chain: Area: Vashj'ir → ADT: AZEROTH_22_42.ADT → WMO: VASHJIR_ANTICHAMBER.WMO → M2: ABYSSAL_SEAWEED_04.MDX
    WORLD/EXPANSION03/DOODADS/ABYSSALMAW/CORAL/ABYSSAL_SEA_SHELF.MDX
      ↳ Chain: Area: Vashj'ir → ADT: AZEROTH_22_42.ADT → WMO: VASHJIR_ANTICHAMBER.WMO → M2: ABYSSAL_SEA_SHELF.MDX
    WORLD/EXPANSION03/DOODADS/ABYSSALMAW/WATER/ABYSSAL_VORTEX_01.MDX
      ↳ Chain: Area: Vashj'ir → ADT: AZEROTH_22_42.ADT → WMO: VASHJIR_ANTICHAMBER.WMO → M2: ABYSSAL_VORTEX_01.MDX
    WORLD/EXPANSION03/DOODADS/DARKSHOREREWORK/DARKSHORE_WATERFALL_MIST01.MDX
      ↳ Chain: Area: Vashj'ir → ADT: AZEROTH_22_42.ADT → WMO: VASHJIR_ANTICHAMBER.WMO → M2: DARKSHORE_WATERFALL_MIST01.MDX
    WORLD/EXPANSION03/DOODADS/DEEPHOLM/CRYSTALS/DEEPHOLM_CRYSTALBLOCK01_BLUE.MDX
      ↳ Chain: Area: Deepholm → ADT: DEEPHOME_32_28.ADT → WMO: DEEPHOLM_WINDTUNNEL_01.WMO → M2: DEEPHOLM_CRYSTALBLOCK01_BLUE.MDX
    WORLD/EXPANSION03/DOODADS/DEEPHOLM/CRYSTALS/DEEPHOLM_CRYSTALBLOCK01_CHALK.MDX
      ↳ Chain: Area: Deepholm → ADT: DEEPHOME_32_28.ADT → WMO: DEEPHOLM_WINDTUNNEL_01.WMO → M2: DEEPHOLM_CRYSTALBLOCK01_CHALK.MDX
    WORLD/EXPANSION03/DOODADS/DEEPHOLM/CRYSTALS/DEEPHOLM_CRYSTALBLOCK01_SILVER.MDX
      ↳ Chain: Area: Deepholm → ADT: DEEPHOME_32_28.ADT → WMO: DEEPHOLM_WINDTUNNEL_01.WMO → M2: DEEPHOLM_CRYSTALBLOCK01_SILVER.MDX
    WORLD/EXPANSION03/DOODADS/DEEPHOLM/CRYSTALS/DEEPHOLM_CRYSTALBLOCK02_BLUE.MDX
      ↳ Chain: Area: Deepholm → ADT: DEEPHOME_32_28.ADT → WMO: DEEPHOLM_WINDTUNNEL_01.WMO → M2: DEEPHOLM_CRYSTALBLOCK02_BLUE.MDX
    WORLD/EXPANSION03/DOODADS/DEEPHOLM/CRYSTALS/DEEPHOLM_CRYSTALBLOCK02_CHALK.MDX
      ↳ Chain: Area: Deepholm → ADT: DEEPHOME_32_28.ADT → WMO: DEEPHOLM_WINDTUNNEL_01.WMO → M2: DEEPHOLM_CRYSTALBLOCK02_CHALK.MDX
    WORLD/EXPANSION03/DOODADS/DEEPHOLM/CRYSTALS/DEEPHOLM_CRYSTALBLOCK02_ORANGE.MDX
      ↳ Chain: Area: Deepholm → ADT: DEEPHOME_32_28.ADT → WMO: DEEPHOLM_WINDTUNNEL_01.WMO → M2: DEEPHOLM_CRYSTALBLOCK02_ORANGE.MDX
    WORLD/EXPANSION03/DOODADS/DEEPHOLM/CRYSTALS/DEEPHOLM_CRYSTALBLOCK02_RED.MDX
      ↳ Chain: Area: Deepholm → ADT: DEEPHOME_32_28.ADT → WMO: DEEPHOLM_WINDTUNNEL_01.WMO → M2: DEEPHOLM_CRYSTALBLOCK02_RED.MDX
    WORLD/EXPANSION03/DOODADS/DEEPHOLM/CRYSTALS/DEEPHOLM_CRYSTALBLOCK02_SILVER.MDX
      ↳ Chain: Area: Deepholm → ADT: DEEPHOME_32_28.ADT → WMO: DEEPHOLM_WINDTUNNEL_01.WMO → M2: DEEPHOLM_CRYSTALBLOCK02_SILVER.MDX
    WORLD/EXPANSION03/DOODADS/DEEPHOLM/CRYSTALS/DEEPHOLM_CRYSTALBLOCK03_BLUE.MDX
      ↳ Chain: Area: Deepholm → ADT: DEEPHOME_32_28.ADT → WMO: DEEPHOLM_WINDTUNNEL_01.WMO → M2: DEEPHOLM_CRYSTALBLOCK03_BLUE.MDX
    WORLD/EXPANSION03/DOODADS/DEEPHOLM/CRYSTALS/DEEPHOLM_CRYSTALBLOCK03_CHALK.MDX
      ↳ Chain: Area: Deepholm → ADT: DEEPHOME_32_28.ADT → WMO: DEEPHOLM_WINDTUNNEL_01.WMO → M2: DEEPHOLM_CRYSTALBLOCK03_CHALK.MDX
    WORLD/EXPANSION03/DOODADS/DEEPHOLM/CRYSTALS/DEEPHOLM_CRYSTALBLOCK03_ORANGE.MDX
      ↳ Chain: Area: Deepholm → ADT: DEEPHOME_32_28.ADT → WMO: DEEPHOLM_WINDTUNNEL_01.WMO → M2: DEEPHOLM_CRYSTALBLOCK03_ORANGE.MDX
    WORLD/EXPANSION03/DOODADS/DEEPHOLM/CRYSTALS/DEEPHOLM_CRYSTALBLOCK03_RED.MDX
      ↳ Chain: Area: Deepholm → ADT: DEEPHOME_32_28.ADT → WMO: DEEPHOLM_WINDTUNNEL_01.WMO → M2: DEEPHOLM_CRYSTALBLOCK03_RED.MDX
    WORLD/EXPANSION03/DOODADS/DEEPHOLM/CRYSTALS/DEEPHOLM_CRYSTALBLOCK03_SILVER.MDX
      ↳ Chain: Area: Deepholm → ADT: DEEPHOME_32_28.ADT → WMO: DEEPHOLM_WINDTUNNEL_01.WMO → M2: DEEPHOLM_CRYSTALBLOCK03_SILVER.MDX
    WORLD/EXPANSION03/DOODADS/DEEPHOLM/CRYSTALS/DEEPHOLM_CRYSTALBLOCK04_CHALK.MDX
      ↳ Chain: Area: Deepholm → ADT: DEEPHOME_32_28.ADT → WMO: DEEPHOLM_WINDTUNNEL_01.WMO → M2: DEEPHOLM_CRYSTALBLOCK04_CHALK.MDX
    WORLD/EXPANSION03/DOODADS/DEEPHOLM/CRYSTALS/DEEPHOLM_CRYSTALBLOCK04_SILVER.MDX
      ↳ Chain: Area: Deepholm → ADT: DEEPHOME_32_28.ADT → WMO: DEEPHOLM_WINDTUNNEL_01.WMO → M2: DEEPHOLM_CRYSTALBLOCK04_SILVER.MDX
    WORLD/EXPANSION03/DOODADS/DEEPHOLM/CRYSTALS/DEEPHOLM_CRYSTALROCK01_BLUE.MDX
      ↳ Chain: Area: Deepholm → ADT: DEEPHOME_33_29.ADT → WMO: DEEPHOLM_MERCURY_POOL.WMO → M2: DEEPHOLM_CRYSTALROCK01_BLUE.MDX
    WORLD/EXPANSION03/DOODADS/DEEPHOLM/CRYSTALS/DEEPHOLM_CRYSTALROCK01_GREEN.MDX
      ↳ Chain: Area: Deepholm → ADT: DEEPHOME_33_31.ADT → WMO: DEEPHOLM_MERCURY_POOL01.WMO → M2: DEEPHOLM_CRYSTALROCK01_GREEN.MDX
    WORLD/EXPANSION03/DOODADS/DEEPHOLM/CRYSTALS/DEEPHOLM_CRYSTALROCK02_BLUE.MDX
      ↳ Chain: Area: Deepholm → ADT: DEEPHOME_33_29.ADT → WMO: DEEPHOLM_MERCURY_POOL.WMO → M2: DEEPHOLM_CRYSTALROCK02_BLUE.MDX
    WORLD/EXPANSION03/DOODADS/DEEPHOLM/CRYSTALS/DEEPHOLM_CRYSTALROCK02_GREEN.MDX
      ↳ Chain: Area: Deepholm → ADT: DEEPHOME_33_31.ADT → WMO: DEEPHOLM_MERCURY_POOL01.WMO → M2: DEEPHOLM_CRYSTALROCK02_GREEN.MDX
    WORLD/EXPANSION03/DOODADS/DEEPHOLM/CRYSTALS/DEEPHOLM_CRYSTALROCK03_BLUE.MDX
      ↳ Chain: Area: Deepholm → ADT: DEEPHOME_33_29.ADT → WMO: DEEPHOLM_MERCURY_POOL.WMO → M2: DEEPHOLM_CRYSTALROCK03_BLUE.MDX
    WORLD/EXPANSION03/DOODADS/DEEPHOLM/CRYSTALS/DEEPHOLM_CRYSTALROCK03_GREEN.MDX
      ↳ Chain: Area: Deepholm → ADT: DEEPHOME_33_31.ADT → WMO: DEEPHOLM_MERCURY_POOL01.WMO → M2: DEEPHOLM_CRYSTALROCK03_GREEN.MDX
    WORLD/EXPANSION03/DOODADS/DEEPHOLM/CRYSTALS/DEEPHOLM_CRYSTALROCK04_BLUE.MDX
      ↳ Chain: Area: Deepholm → ADT: DEEPHOME_33_29.ADT → WMO: DEEPHOLM_MERCURY_POOL.WMO → M2: DEEPHOLM_CRYSTALROCK04_BLUE.MDX
    WORLD/EXPANSION03/DOODADS/DEEPHOLM/CRYSTALS/DEEPHOLM_CRYSTALROCK04_GREEN.MDX
      ↳ Chain: Area: Deepholm → ADT: DEEPHOME_33_31.ADT → WMO: DEEPHOLM_MERCURY_POOL01.WMO → M2: DEEPHOLM_CRYSTALROCK04_GREEN.MDX
    WORLD/EXPANSION03/DOODADS/DEEPHOLM/CRYSTALS/DEEPHOLM_CRYSTALROCK05_BLUE.MDX
      ↳ Chain: Area: Deepholm → ADT: DEEPHOME_33_29.ADT → WMO: DEEPHOLM_MERCURY_POOL.WMO → M2: DEEPHOLM_CRYSTALROCK05_BLUE.MDX
    WORLD/EXPANSION03/DOODADS/DEEPHOLM/CRYSTALS/DEEPHOLM_CRYSTALROCK05_GREEN.MDX
      ↳ Chain: Area: Deepholm → ADT: DEEPHOME_33_31.ADT → WMO: DEEPHOLM_MERCURY_POOL01.WMO → M2: DEEPHOLM_CRYSTALROCK05_GREEN.MDX
    WORLD/EXPANSION03/DOODADS/DEEPHOLM/DEEPHOLM_CLUSTER.MDX
      ↳ Chain: Area: Deepholm → ADT: DEEPHOME_32_31.ADT → WMO: DEEPHOLMEEXT_LIT.WMO → M2: DEEPHOLM_CLUSTER.MDX
    WORLD/EXPANSION03/DOODADS/DEEPHOLM/DEEPHOLM_MINERALCOLUMN01.MDX
      ↳ Chain: Area: Deepholm → ADT: DEEPHOME_32_32.ADT → WMO: TWILIGHTSHAMMER_MINE.WMO → M2: DEEPHOLM_MINERALCOLUMN01.MDX
    WORLD/EXPANSION03/DOODADS/DEEPHOLM/DEEPHOLM_MINERALCOLUMN02.MDX
      ↳ Chain: Area: Deepholm → ADT: DEEPHOME_32_32.ADT → WMO: TWILIGHTSHAMMER_MINE.WMO → M2: DEEPHOLM_MINERALCOLUMN02.MDX
    WORLD/EXPANSION03/DOODADS/DEEPHOLM/DEEPHOLM_MINERALCOLUMN03.MDX
      ↳ Chain: Area: Deepholm → ADT: DEEPHOME_32_32.ADT → WMO: TWILIGHTSHAMMER_MINE.WMO → M2: DEEPHOLM_MINERALCOLUMN03.MDX
    WORLD/EXPANSION03/DOODADS/DEEPHOLM/DEEPHOLM_MINERALCOLUMN04.MDX
      ↳ Chain: Area: Deepholm → ADT: DEEPHOME_32_32.ADT → WMO: TWILIGHTSHAMMER_MINE.WMO → M2: DEEPHOLM_MINERALCOLUMN04.MDX
    WORLD/EXPANSION03/DOODADS/DEEPHOLM/DEEPHOLM_MINERALCOLUMN06.MDX
      ↳ Chain: Area: Deepholm → ADT: DEEPHOME_32_32.ADT → WMO: TWILIGHTSHAMMER_MINE.WMO → M2: DEEPHOLM_MINERALCOLUMN06.MDX
    WORLD/EXPANSION03/DOODADS/DEEPHOLM/GEMS/DEEPHOLM_GEMS01.MDX
      ↳ Chain: Area: Deepholm → ADT: DEEPHOME_32_31.ADT → WMO: DEEPHOLMEEXT_LIT.WMO → M2: DEEPHOLM_GEMS01.MDX
    WORLD/EXPANSION03/DOODADS/DEEPHOLM/GEMS/DEEPHOLM_GEMS02.MDX
      ↳ Chain: Area: Deepholm → ADT: DEEPHOME_32_32.ADT → WMO: TWILIGHTSHAMMER_MINE.WMO → M2: DEEPHOLM_GEMS02.MDX
    WORLD/EXPANSION03/DOODADS/DEEPHOLM/GEMS/DEEPHOLM_GEMS03.MDX
      ↳ Chain: Area: Deepholm → ADT: DEEPHOME_32_32.ADT → WMO: TWILIGHTSHAMMER_MINE.WMO → M2: DEEPHOLM_GEMS03.MDX
    WORLD/EXPANSION03/DOODADS/DEEPHOLM/GEMS/DEEPHOLM_GEMS04.MDX
      ↳ Chain: Area: Deepholm → ADT: DEEPHOME_32_31.ADT → WMO: DEEPHOLMEEXT_LIT.WMO → M2: DEEPHOLM_GEMS04.MDX
    WORLD/EXPANSION03/DOODADS/DEEPHOLM/GLOW/DEEPHOLM_BLUEGLOW_01.MDX
      ↳ Chain: Area: Deadwind Pass → ADT: AZEROTH_35_52.ADT → WMO: 7AF_ARTIFACT_SEWER.WMO → M2: DEEPHOLM_BLUEGLOW_01.MDX
    WORLD/EXPANSION03/DOODADS/DEEPHOLM/GLOW/DEEPHOLM_BLUGRENBRTGLOW_01.MDX
      ↳ Chain: Area: Deadwind Pass → ADT: AZEROTH_35_52.ADT → WMO: 7AF_ARTIFACT_SEWER.WMO → M2: DEEPHOLM_BLUGRENBRTGLOW_01.MDX
    WORLD/EXPANSION03/DOODADS/DEEPHOLM/GLOW/DEEPHOLM_PURPLEGLOW_01.MDX
      ↳ Chain: Area: Deepholm → ADT: DEEPHOME_32_32.ADT → WMO: TWILIGHTSHAMMER_MINE.WMO → M2: DEEPHOLM_PURPLEGLOW_01.MDX
    WORLD/EXPANSION03/DOODADS/DEEPHOLM/MERCURYPOOLS/DEEPHOLM_MERCURYPOOL01.MDX
      ↳ Chain: Area: Highlands → ADT: AZEROTH_42_41.ADT → WMO: TH_OBSIDIAN_LAIR.WMO → M2: DEEPHOLM_MERCURYPOOL01.MDX
    WORLD/EXPANSION03/DOODADS/DEEPHOLM/MERCURYPOOLS/DEEPHOLM_MERCURYPOOL08.MDX
      ↳ Chain: Area: Highlands → ADT: AZEROTH_42_41.ADT → WMO: TH_OBSIDIAN_LAIR.WMO → M2: DEEPHOLM_MERCURYPOOL08.MDX
    WORLD/EXPANSION03/DOODADS/DEEPHOLM/MINERALS/DEEPHOLM_MINERALCRYSTAL01_BLUE.MDX
      ↳ Chain: Area: Deepholm → ADT: DEEPHOME_32_32.ADT → WMO: TWILIGHTSHAMMER_MINE.WMO → M2: DEEPHOLM_MINERALCRYSTAL01_BLUE.MDX
    WORLD/EXPANSION03/DOODADS/DEEPHOLM/MINERALS/DEEPHOLM_MINERALCRYSTAL01_GREEN.MDX
      ↳ Chain: Area: Deepholm → ADT: DEEPHOME_32_28.ADT → WMO: DEEPHOLM_WINDTUNNEL_01.WMO → M2: DEEPHOLM_MINERALCRYSTAL01_GREEN.MDX
    WORLD/EXPANSION03/DOODADS/DEEPHOLM/MINERALS/DEEPHOLM_MINERALCRYSTAL01_ORANGE.MDX
      ↳ Chain: Area: Deepholm → ADT: DEEPHOME_32_28.ADT → WMO: DEEPHOLM_WINDTUNNEL_01.WMO → M2: DEEPHOLM_MINERALCRYSTAL01_ORANGE.MDX
    WORLD/EXPANSION03/DOODADS/DEEPHOLM/MINERALS/DEEPHOLM_MINERALCRYSTAL01_RED.MDX
      ↳ Chain: Area: Deepholm → ADT: DEEPHOME_32_32.ADT → WMO: TWILIGHTSHAMMER_MINE.WMO → M2: DEEPHOLM_MINERALCRYSTAL01_RED.MDX
    WORLD/EXPANSION03/DOODADS/DEEPHOLM/MINERALS/DEEPHOLM_MINERALCRYSTAL01_SILVER.MDX
      ↳ Chain: Area: Deepholm → ADT: DEEPHOME_32_32.ADT → WMO: TWILIGHTSHAMMER_MINE.WMO → M2: DEEPHOLM_MINERALCRYSTAL01_SILVER.MDX
    WORLD/EXPANSION03/DOODADS/DEEPHOLM/MINERALS/DEEPHOLM_MINERALROCKS16.MDX
      ↳ Chain: Area: Deepholm → ADT: DEEPHOME_33_31.ADT → WMO: DEEPHOLM_MERCURY_POOL01.WMO → M2: DEEPHOLM_MINERALROCKS16.MDX
    WORLD/EXPANSION03/DOODADS/DEEPHOLM/MINERALS/DEEPHOLM_MINERALROCKS17.MDX
      ↳ Chain: Area: Deepholm → ADT: DEEPHOME_33_31.ADT → WMO: DEEPHOLM_MERCURY_POOL01.WMO → M2: DEEPHOLM_MINERALROCKS17.MDX
    WORLD/EXPANSION03/DOODADS/DEEPHOLM/MINERALS/DEEPHOLM_MINERALROCKS21.MDX
      ↳ Chain: Area: Deepholm → ADT: DEEPHOME_32_28.ADT → WMO: DEEPHOLM_WINDTUNNEL_01.WMO → M2: DEEPHOLM_MINERALROCKS21.MDX
    WORLD/EXPANSION03/DOODADS/DEEPHOLM/MINERALS/DEEPHOLM_MINERALROCKS22.MDX
      ↳ Chain: Area: Deepholm → ADT: DEEPHOME_32_28.ADT → WMO: DEEPHOLM_WINDTUNNEL_01.WMO → M2: DEEPHOLM_MINERALROCKS22.MDX
    WORLD/EXPANSION03/DOODADS/DEEPHOLM/MINERALS/DEEPHOLM_MINERALROCKS26.MDX
      ↳ Chain: Area: Deepholm → ADT: DEEPHOME_33_29.ADT → WMO: DEEPHOLM_MERCURY_POOL.WMO → M2: DEEPHOLM_MINERALROCKS26.MDX
    WORLD/EXPANSION03/DOODADS/DEEPHOLM/MINERALS/DEEPHOLM_MINERALROCKS27.MDX
      ↳ Chain: Area: Deepholm → ADT: DEEPHOME_33_29.ADT → WMO: DEEPHOLM_MERCURY_POOL.WMO → M2: DEEPHOLM_MINERALROCKS27.MDX
    WORLD/EXPANSION03/DOODADS/DEEPHOLM/MINERALS/DEEPHOLM_MINERALROCKS32.MDX
      ↳ Chain: Area: Deepholm → ADT: DEEPHOME_32_28.ADT → WMO: DEEPHOLM_WINDTUNNEL_01.WMO → M2: DEEPHOLM_MINERALROCKS32.MDX
    WORLD/EXPANSION03/DOODADS/DEEPHOLM/MOTHS/DEEPHOLM_SMALL_MOTH_01.MDX
      ↳ Chain: Area: Deepholm → ADT: DEEPHOME_32_28.ADT → WMO: DEEPHOLM_WINDTUNNEL_01.WMO → M2: DEEPHOLM_SMALL_MOTH_01.MDX
    WORLD/EXPANSION03/DOODADS/DEEPHOLM/MUSHROOMS/DEEPHOLM_MOSSYMUSHROOM01.MDX
      ↳ Chain: Area: Deepholm → ADT: DEEPHOME_32_28.ADT → WMO: DEEPHOLM_WINDTUNNEL_01.WMO → M2: DEEPHOLM_MOSSYMUSHROOM01.MDX
    WORLD/EXPANSION03/DOODADS/DEEPHOLM/MUSHROOMS/DEEPHOLM_MOSSYMUSHROOM02.MDX
      ↳ Chain: Area: Deepholm → ADT: DEEPHOME_32_28.ADT → WMO: DEEPHOLM_WINDTUNNEL_01.WMO → M2: DEEPHOLM_MOSSYMUSHROOM02.MDX
    WORLD/EXPANSION03/DOODADS/DEEPHOLM/MUSHROOMS/DEEPHOLM_MUSHROOMGROUP01.MDX
      ↳ Chain: Area: Deepholm → ADT: DEEPHOME_32_32.ADT → WMO: TWILIGHTSHAMMER_MINE.WMO → M2: DEEPHOLM_MUSHROOMGROUP01.MDX
    WORLD/EXPANSION03/DOODADS/DEEPHOLM/MUSHROOMS/DEEPHOLM_MUSHROOMGROUP04.MDX
      ↳ Chain: Area: Deepholm → ADT: DEEPHOME_32_31.ADT → WMO: DEEPHOLMEEXT_LIT.WMO → M2: DEEPHOLM_MUSHROOMGROUP04.MDX
    WORLD/EXPANSION03/DOODADS/DEEPHOLM/MUSHROOMS/DEEPHOLM_MUSHROOMGROUP05.MDX
      ↳ Chain: Area: Deepholm → ADT: DEEPHOME_32_32.ADT → WMO: TWILIGHTSHAMMER_MINE.WMO → M2: DEEPHOLM_MUSHROOMGROUP05.MDX
    WORLD/EXPANSION03/DOODADS/DEEPHOLM/MUSHROOMS/DEEPHOLM_MUSHROOMGROUP06.MDX
      ↳ Chain: Area: Deepholm → ADT: DEEPHOME_32_31.ADT → WMO: DEEPHOLMEEXT_LIT.WMO → M2: DEEPHOLM_MUSHROOMGROUP06.MDX
    WORLD/EXPANSION03/DOODADS/DEEPHOLM/MUSHROOMS/DEEPHOLM_MUSHROOMS01.MDX
      ↳ Chain: Area: Deepholm → ADT: DEEPHOME_32_32.ADT → WMO: TWILIGHTSHAMMER_MINE.WMO → M2: DEEPHOLM_MUSHROOMS01.MDX
    WORLD/EXPANSION03/DOODADS/DEEPHOLM/MUSHROOMS/DEEPHOLM_MUSHROOMS04.MDX
      ↳ Chain: Area: Deepholm → ADT: DEEPHOME_32_31.ADT → WMO: DEEPHOLMEEXT_LIT.WMO → M2: DEEPHOLM_MUSHROOMS04.MDX
    WORLD/EXPANSION03/DOODADS/DEEPHOLM/MUSHROOMS/DEEPHOLM_MUSHROOMS05.MDX
      ↳ Chain: Area: Deepholm → ADT: DEEPHOME_32_32.ADT → WMO: TWILIGHTSHAMMER_MINE.WMO → M2: DEEPHOLM_MUSHROOMS05.MDX
    WORLD/EXPANSION03/DOODADS/DEEPHOLM/MUSHROOMS/DEEPHOLM_MUSHROOMS06.MDX
      ↳ Chain: Area: Deepholm → ADT: DEEPHOME_32_32.ADT → WMO: TWILIGHTSHAMMER_MINE.WMO → M2: DEEPHOLM_MUSHROOMS06.MDX
    WORLD/EXPANSION03/DOODADS/DEEPHOLM/MUSHROOMS/DEEPHOLM_MUSHROOMS09.MDX
      ↳ Chain: Area: Deepholm → ADT: DEEPHOME_32_32.ADT → WMO: TWILIGHTSHAMMER_MINE.WMO → M2: DEEPHOLM_MUSHROOMS09.MDX
    WORLD/EXPANSION03/DOODADS/DEEPHOLM/MUSHROOMS/DEEPHOLM_SKINNYSHROOM05_SILVER.MDX
      ↳ Chain: Area: Deepholm → ADT: DEEPHOME_32_32.ADT → WMO: TWILIGHTSHAMMER_MINE.WMO → M2: DEEPHOLM_SKINNYSHROOM05_SILVER.MDX
    WORLD/EXPANSION03/DOODADS/DEEPHOLM/MUSHROOMS/DEEPHOLM_SKINNYSHROOM06_SILVER.MDX
      ↳ Chain: Area: Deepholm → ADT: DEEPHOME_32_32.ADT → WMO: TWILIGHTSHAMMER_MINE.WMO → M2: DEEPHOLM_SKINNYSHROOM06_SILVER.MDX
    WORLD/EXPANSION03/DOODADS/DEEPHOLM/MUSHROOMS/DEEPHOLM_SKINNYSHROOM07_SILVER.MDX
      ↳ Chain: Area: Deepholm → ADT: DEEPHOME_32_32.ADT → WMO: TWILIGHTSHAMMER_MINE.WMO → M2: DEEPHOLM_SKINNYSHROOM07_SILVER.MDX
    WORLD/EXPANSION03/DOODADS/DEEPHOLM/MUSHROOMS/DEEPHOLM_SKINNYSHROOM08_SILVER.MDX
      ↳ Chain: Area: Deepholm → ADT: DEEPHOME_32_32.ADT → WMO: TWILIGHTSHAMMER_MINE.WMO → M2: DEEPHOLM_SKINNYSHROOM08_SILVER.MDX
    WORLD/EXPANSION03/DOODADS/DEEPHOLM/MUSHROOMS/DEEPHOLM_SKINNYSHROOMGROUP04_SILVER.MDX
      ↳ Chain: Area: Deepholm → ADT: DEEPHOME_32_32.ADT → WMO: TWILIGHTSHAMMER_MINE.WMO → M2: DEEPHOLM_SKINNYSHROOMGROUP04_SILVER.MDX
    WORLD/EXPANSION03/DOODADS/DEEPHOLM/MUSHROOMS/DEEPHOLM_SKINNYSHROOMGROUP05_SILVER.MDX
      ↳ Chain: Area: Deepholm → ADT: DEEPHOME_32_32.ADT → WMO: TWILIGHTSHAMMER_MINE.WMO → M2: DEEPHOLM_SKINNYSHROOMGROUP05_SILVER.MDX
    WORLD/EXPANSION03/DOODADS/DEEPHOLM/MUSHROOMS/DEEPHOLM_SKINNYSHROOMGROUP06_SILVER.MDX
      ↳ Chain: Area: Deepholm → ADT: DEEPHOME_32_31.ADT → WMO: DEEPHOLMEEXT_LIT.WMO → M2: DEEPHOLM_SKINNYSHROOMGROUP06_SILVER.MDX
    WORLD/EXPANSION03/DOODADS/DEEPHOLM/ROCKS/DEEPHOLM_FLOATINGSMALL02_RED.MDX
      ↳ Chain: Area: Highlands → ADT: AZEROTH_39_37.ADT → WMO: TH_REDDRAGONSHRINE.WMO → M2: DEEPHOLM_FLOATINGSMALL02_RED.MDX
    WORLD/EXPANSION03/DOODADS/DEEPHOLM/ROCKS/DEEPHOLM_FLOATINGSMALL03_CHALK.MDX
      ↳ Chain: Area: Deepholm → ADT: DEEPHOME_32_28.ADT → WMO: DEEPHOLM_WINDTUNNEL_01.WMO → M2: DEEPHOLM_FLOATINGSMALL03_CHALK.MDX
    WORLD/EXPANSION03/DOODADS/DEEPHOLM/ROCKS/DEEPHOLM_FLOATINGSMALL03_RED.MDX
      ↳ Chain: Area: Highlands → ADT: AZEROTH_39_37.ADT → WMO: TH_REDDRAGONSHRINE.WMO → M2: DEEPHOLM_FLOATINGSMALL03_RED.MDX
    WORLD/EXPANSION03/DOODADS/DEEPHOLM/ROCKS/DEEPHOLM_FLOATINGSMALL03_SILVER.MDX
      ↳ Chain: Area: Deepholm → ADT: DEEPHOME_32_28.ADT → WMO: DEEPHOLM_WINDTUNNEL_01.WMO → M2: DEEPHOLM_FLOATINGSMALL03_SILVER.MDX
    WORLD/EXPANSION03/DOODADS/DEEPHOLM/SHELLSPIKES/DEEPHOLM_SHELLSPIKE_01.MDX
      ↳ Chain: Area: Deepholm → ADT: DEEPHOME_32_32.ADT → WMO: TWILIGHTSHAMMER_MINE.WMO → M2: DEEPHOLM_SHELLSPIKE_01.MDX
    WORLD/EXPANSION03/DOODADS/DEEPHOLM/SHELLSPIKES/DEEPHOLM_SHELLSPIKE_02.MDX
      ↳ Chain: Area: Deepholm → ADT: DEEPHOME_32_32.ADT → WMO: TWILIGHTSHAMMER_MINE.WMO → M2: DEEPHOLM_SHELLSPIKE_02.MDX
    WORLD/EXPANSION03/DOODADS/DEEPHOLM/SPARKLES/DEEPHOLM_SPARKLES01.MDX
      ↳ Chain: Area: Deepholm → ADT: DEEPHOME_32_31.ADT → WMO: DEEPHOLMEEXT_LIT.WMO → M2: DEEPHOLM_SPARKLES01.MDX
    WORLD/EXPANSION03/DOODADS/DEEPHOLM/STALAGMITES/DEEPHOLM_STALAGMITE01.MDX
      ↳ Chain: Area: Deepholm → ADT: DEEPHOME_33_29.ADT → WMO: DEEPHOLM_MERCURY_POOL.WMO → M2: DEEPHOLM_STALAGMITE01.MDX
    WORLD/EXPANSION03/DOODADS/DEEPHOLM/STALAGMITES/DEEPHOLM_STALAGMITE02.MDX
      ↳ Chain: Area: Deepholm → ADT: DEEPHOME_33_29.ADT → WMO: DEEPHOLM_MERCURY_POOL.WMO → M2: DEEPHOLM_STALAGMITE02.MDX
    WORLD/EXPANSION03/DOODADS/DEEPHOLM/STALAGMITES/DEEPHOLM_STALAGMITE03.MDX
      ↳ Chain: Area: Deepholm → ADT: DEEPHOME_33_29.ADT → WMO: DEEPHOLM_MERCURY_POOL.WMO → M2: DEEPHOLM_STALAGMITE03.MDX
    WORLD/EXPANSION03/DOODADS/DEEPHOLM/STRIATIONS/DEEPHOLM_STRIATIONS01.MDX
      ↳ Chain: Area: Deepholm → ADT: DEEPHOME_32_32.ADT → WMO: TWILIGHTSHAMMER_MINE.WMO → M2: DEEPHOLM_STRIATIONS01.MDX
    WORLD/EXPANSION03/DOODADS/DRAGONMAW/BANNERS/DRAGONMAW_BANNER01.MDX
      ↳ Chain: Area: Crestfall → ADT: AZEROTH_13_42.ADT → WMO: 8CRE_AMPTUNNEL01_2459264.WMO → M2: DRAGONMAW_BANNER01.MDX
    WORLD/EXPANSION03/DOODADS/DRAGONMAW/WEAPONS/DRAGONMAW_WEAPON01.MDX
      ↳ Chain: Area: Uldum → ADT: KALIMDOR_35_50.ADT → WMO: ULDUM_ENEMY_VILLAGE.WMO → M2: DRAGONMAW_WEAPON01.MDX
    WORLD/EXPANSION03/DOODADS/DRAGONMAW/WEAPONS/DRAGONMAW_WEAPON02.MDX
      ↳ Chain: Area: Uldum → ADT: KALIMDOR_35_50.ADT → WMO: ULDUM_ENEMY_VILLAGE.WMO → M2: DRAGONMAW_WEAPON02.MDX
    WORLD/EXPANSION03/DOODADS/DRAGONMAW/WEAPONS/DRAGONMAW_WEAPON03.MDX
      ↳ Chain: Area: Uldum → ADT: KALIMDOR_35_50.ADT → WMO: ULDUM_ENEMY_VILLAGE.WMO → M2: DRAGONMAW_WEAPON03.MDX
    WORLD/EXPANSION03/DOODADS/EARTHEN/TWILIGHTSHAMMER_EARTHEN_FLOOR_01.MDX
      ↳ Chain: Area: Deepholm → ADT: DEEPHOME_32_31.ADT → WMO: TWILIGHTSHAMMER_ELEMENTAL_RING.WMO → M2: TWILIGHTSHAMMER_EARTHEN_FLOOR_01.MDX
    WORLD/EXPANSION03/DOODADS/EARTHEN/TWILIGHTSHAMMER_EARTHEN_PYLON_01.MDX
      ↳ Chain: Area: Deepholm → ADT: DEEPHOME_32_32.ADT → WMO: TWILIGHTSHAMMER_MINE.WMO → M2: TWILIGHTSHAMMER_EARTHEN_PYLON_01.MDX
    WORLD/EXPANSION03/DOODADS/EARTHEN/TWILIGHTSHAMMER_EARTHEN_PYLON_04.MDX
      ↳ Chain: Area: Deepholm → ADT: DEEPHOME_32_31.ADT → WMO: TWILIGHTSHAMMER_ELEMENTAL_RING.WMO → M2: TWILIGHTSHAMMER_EARTHEN_PYLON_04.MDX
    WORLD/EXPANSION03/DOODADS/GENERIC/ALLIANCE_SUBMARINE_ANIMATIONS.MDX
      ↳ Chain: Area: Vashj'ir → ADT: AZEROTH_21_44.ADT → WMO: ALLIANCE_SUBMARINE_SEALED.WMO → M2: ALLIANCE_SUBMARINE_ANIMATIONS.MDX
    WORLD/EXPANSION03/DOODADS/GENERIC/GOBLIN_TESLA.MDX
      ↳ Chain: Area: Vashj'ir → ADT: AZEROTH_21_44.ADT → WMO: HORDE_SUBMARINE_CLOSED.WMO → M2: GOBLIN_TESLA.MDX
    WORLD/EXPANSION03/DOODADS/GENERIC/HORDE_SUBMARINE_TAIL.MDX
      ↳ Chain: Area: Vashj'ir → ADT: AZEROTH_21_44.ADT → WMO: HORDE_SUBMARINE_CLOSED.WMO → M2: HORDE_SUBMARINE_TAIL.MDX
    WORLD/EXPANSION03/DOODADS/GENERIC/SEAHORSESTAND.MDX
      ↳ Chain: Area: Vashj'ir → ADT: AZEROTH_21_45.ADT → WMO: VASHJIR_LARGE_CAVE.WMO → M2: SEAHORSESTAND.MDX
    WORLD/EXPANSION03/DOODADS/GENERIC/TRANSPORT_PIRATE_SHIP_SAILS.MDX
      ↳ Chain: Area: Vashj'ir → ADT: AZEROTH_24_40.ADT → WMO: TRANSPORT_PIRATE_SHIP02.WMO → Unknown: TRANSPORT_PIRATE_SHIP02_ALLIANCE.WMO → M2: TRANSPORT_PIRATE_SHIP_SAILS.MDX
    WORLD/EXPANSION03/DOODADS/GILNEAS/BUSHES/GILNEAS_BUSH_DARK_01.MDX
      ↳ Chain: Area: Tol Barad → ADT: AZEROTH_19_35.ADT → WMO: TB_MICRO01.WMO → M2: GILNEAS_BUSH_DARK_01.MDX
    WORLD/EXPANSION03/DOODADS/GILNEAS/BUSHES/GILNEAS_BUSH_DARK_02.MDX
      ↳ Chain: Area: Tol Barad → ADT: AZEROTH_19_35.ADT → WMO: TB_MICRO01.WMO → M2: GILNEAS_BUSH_DARK_02.MDX
    WORLD/EXPANSION03/DOODADS/GILNEAS/BUSHES/GILNEAS_GROUNDFOG_01.MDX
      ↳ Chain: Area: Hillsbrad Foothills → ADT: AZEROTH_30_34.ADT → WMO: AZ_WORGENMINE.WMO → M2: GILNEAS_GROUNDFOG_01.MDX
    WORLD/EXPANSION03/DOODADS/GILNEAS/BUSHES/GILNEAS_GROUNDFOG_02.MDX
      ↳ Chain: Area: Tol Barad → ADT: AZEROTH_19_35.ADT → WMO: TB_TOWER.WMO → M2: GILNEAS_GROUNDFOG_02.MDX
    WORLD/EXPANSION03/DOODADS/GILNEAS/BUSHES/GILNEAS_ROSE_01.MDX
      ↳ Chain: Area: Blasted Lands → ADT: AZEROTH_37_55.ADT → WMO: GILNEAS_HOUSE_A.WMO → M2: GILNEAS_ROSE_01.MDX
    WORLD/EXPANSION03/DOODADS/GILNEAS/BUSHES/GILNEAS_ROSE_02.MDX
      ↳ Chain: Area: Blasted Lands → ADT: AZEROTH_37_55.ADT → WMO: GILNEAS_HOUSE_A.WMO → M2: GILNEAS_ROSE_02.MDX
    WORLD/EXPANSION03/DOODADS/GILNEAS/GILNEAS_BARRICADE_COLLISION.MDX
      ↳ Chain: Area: Gilneas → ADT: AZEROTH_29_35.ADT → WMO: GILNEAS_CATHEDRAL.WMO → M2: GILNEAS_BARRICADE_COLLISION.MDX
    WORLD/EXPANSION03/DOODADS/GILNEAS/ROCKS/GN_ROCKS_01.MDX
      ↳ Chain: Area: Winterspring → ADT: KALIMDOR_41_24.ADT → WMO: TIMBERMAWHOLD2.WMO → M2: GN_ROCKS_01.MDX
    WORLD/EXPANSION03/DOODADS/GRIMBATOL/RUBBLE/GRIMBATOL_RUBBLE02.MDX
      ↳ Chain: Area: Winterspring → ADT: KALIMDOR_39_15.ADT → WMO: MD_SHA_CAVE01.WMO → M2: GRIMBATOL_RUBBLE02.MDX
    WORLD/EXPANSION03/DOODADS/LOSTISLES/BUSHES/LI_IVY01.MDX
      ↳ Chain: Area: The Lost Isles → ADT: KALIMDOR_52_29.ADT → WMO: LOSTISLES_GOBLINMINE.WMO → M2: LI_IVY01.MDX
    WORLD/EXPANSION03/DOODADS/LOSTISLES/BUSHES/LI_IVY02.MDX
      ↳ Chain: Area: The Lost Isles → ADT: KALIMDOR_52_29.ADT → WMO: LOSTISLES_GOBLINMINE.WMO → M2: LI_IVY02.MDX
    WORLD/EXPANSION03/DOODADS/LOSTISLES/BUSHES/LOSTISLES_CARNIVOROUSPLANT01.MDX
      ↳ Chain: Area: KALIMDOR [53,53] → ADT: KALIMDOR_53_53.ADT → WMO: HORDE_GOBLIN_LAB_01.WMO → M2: LOSTISLES_CARNIVOROUSPLANT01.MDX
    WORLD/EXPANSION03/DOODADS/LOSTISLES/BUSHES/LOSTISLES_CARNIVOROUSPLANT_02.MDX
      ↳ Chain: Area: The Lost Isles → ADT: KALIMDOR_52_29.ADT → WMO: LOSTISLES_GOBLINMINE.WMO → M2: LOSTISLES_CARNIVOROUSPLANT_02.MDX
    WORLD/EXPANSION03/DOODADS/LOSTISLES/BUSHES/LOSTISLES_GIANTFLOWER_01.MDX
      ↳ Chain: Area: The Lost Isles → ADT: KALIMDOR_52_29.ADT → WMO: LOSTISLES_GOBLINMINE.WMO → M2: LOSTISLES_GIANTFLOWER_01.MDX
    WORLD/EXPANSION03/DOODADS/LOSTISLES/BUSHES/LOSTISLES_GIANTFLOWER_02.MDX
      ↳ Chain: Area: The Lost Isles → ADT: KALIMDOR_52_29.ADT → WMO: LOSTISLES_GOBLINMINE.WMO → M2: LOSTISLES_GIANTFLOWER_02.MDX
    WORLD/EXPANSION03/DOODADS/LOSTISLES/BUSHES/LOSTISLES_GIANTFLOWER_03.MDX
      ↳ Chain: Area: Highlands → ADT: AZEROTH_42_39.ADT → WMO: WILDHAMMERDWARF_TWOSTORYB.WMO → M2: LOSTISLES_GIANTFLOWER_03.MDX
    WORLD/EXPANSION03/DOODADS/LOSTISLES/BUSHES/LOSTISLES_GIANTFLOWER_04.MDX
      ↳ Chain: Area: Highlands → ADT: AZEROTH_42_39.ADT → WMO: WILDHAMMERDWARF_TWOSTORYB.WMO → M2: LOSTISLES_GIANTFLOWER_04.MDX
    WORLD/EXPANSION03/DOODADS/LOSTISLES/INSECTS/LOSTISLES_DRAGONFLY_01.MDX
      ↳ Chain: Area: The Lost Isles → ADT: KALIMDOR_52_29.ADT → WMO: LOSTISLES_GOBLINMINE.WMO → M2: LOSTISLES_DRAGONFLY_01.MDX
    WORLD/EXPANSION03/DOODADS/LOSTISLES/ROCKS/LOSTISLES_MOSSYROCK_03.MDX
      ↳ Chain: Area: The Lost Isles → ADT: KALIMDOR_52_29.ADT → WMO: LOSTISLES_GOBLINMINE.WMO → M2: LOSTISLES_MOSSYROCK_03.MDX
    WORLD/EXPANSION03/DOODADS/LOSTISLES/TREES/LOSTISLES_TREEROOT_01.MDX
      ↳ Chain: Area: The Lost Isles → ADT: KALIMDOR_52_29.ADT → WMO: LOSTISLES_GOBLINMINE.WMO → M2: LOSTISLES_TREEROOT_01.MDX
    WORLD/EXPANSION03/DOODADS/LOSTISLES/TREES/LOSTISLES_TREEROOT_02.MDX
      ↳ Chain: Area: Hyjal → ADT: KALIMDOR_38_21.ADT → WMO: HYJAL_BARROW_DEN.WMO → M2: LOSTISLES_TREEROOT_02.MDX
    WORLD/EXPANSION03/DOODADS/LOSTISLES/TREES/LOSTISLES_TREEROOT_04.MDX
      ↳ Chain: Area: The Lost Isles → ADT: KALIMDOR_52_29.ADT → WMO: LOSTISLES_GOBLINMINE.WMO → M2: LOSTISLES_TREEROOT_04.MDX
    WORLD/EXPANSION03/DOODADS/LOSTISLES/TREES/LOSTISLES_VINE01.MDX
      ↳ Chain: Area: The Lost Isles → ADT: KALIMDOR_52_29.ADT → WMO: LOSTISLES_GOBLINMINE.WMO → M2: LOSTISLES_VINE01.MDX
    WORLD/EXPANSION03/DOODADS/LOSTISLES/TREES/LOSTISLES_VINE02.MDX
      ↳ Chain: Area: The Lost Isles → ADT: KALIMDOR_52_29.ADT → WMO: LOSTISLES_GOBLINMINE.WMO → M2: LOSTISLES_VINE02.MDX
    WORLD/EXPANSION03/DOODADS/LOSTISLES/WATERFALLS/LOSTISLES_WATERFALL02.MDX
      ↳ Chain: Area: Vashj'ir → ADT: AZEROTH_22_42.ADT → WMO: VASHJIR_ANTICHAMBER.WMO → M2: LOSTISLES_WATERFALL02.MDX
    WORLD/EXPANSION03/DOODADS/PYGMY/COOKPOT/PYGMY_BOWL_01.MDX
      ↳ Chain: Area: The Lost Isles → ADT: KALIMDOR_50_32.ADT → WMO: MD_PYGMYCAVE1.WMO → M2: PYGMY_BOWL_01.MDX
    WORLD/EXPANSION03/DOODADS/PYGMY/IDOLS/PYGMY_IDOL_01.MDX
      ↳ Chain: Area: The Lost Isles → ADT: KALIMDOR_50_32.ADT → WMO: MD_PYGMYCAVE1.WMO → M2: PYGMY_IDOL_01.MDX
    WORLD/EXPANSION03/DOODADS/PYGMY/ITEMS/PYGMY_DRUMS_02.MDX
      ↳ Chain: Area: The Lost Isles → ADT: KALIMDOR_50_32.ADT → WMO: MD_PYGMYCAVE1.WMO → M2: PYGMY_DRUMS_02.MDX
    WORLD/EXPANSION03/DOODADS/PYGMY/ITEMS/PYGMY_SCONCE_BASE.MDX
      ↳ Chain: Area: The Lost Isles → ADT: KALIMDOR_50_32.ADT → WMO: MD_PYGMYCAVE1.WMO → M2: PYGMY_SCONCE_BASE.MDX
    WORLD/EXPANSION03/DOODADS/PYGMY/ITEMS/PYGMY_TORCH_01.MDX
      ↳ Chain: Area: The Lost Isles → ADT: KALIMDOR_50_32.ADT → WMO: MD_PYGMYCAVE1.WMO → M2: PYGMY_TORCH_01.MDX
    WORLD/EXPANSION03/DOODADS/PYGMY/ITEMS/PYGMY_TOTEM_ANIMATIONS.MDX
      ↳ Chain: Area: The Lost Isles → ADT: KALIMDOR_52_30.ADT → WMO: PYGMY_TOTEM.WMO → M2: PYGMY_TOTEM_ANIMATIONS.MDX
    WORLD/EXPANSION03/DOODADS/PYGMY/ITEMS/PYGMY_WEAPONRACK_01.MDX
      ↳ Chain: Area: The Lost Isles → ADT: KALIMDOR_50_32.ADT → WMO: MD_PYGMYCAVE1.WMO → M2: PYGMY_WEAPONRACK_01.MDX
    WORLD/EXPANSION03/DOODADS/PYGMY/ITEMS/PYGMY_WEAPONRACK_02.MDX
      ↳ Chain: Area: The Lost Isles → ADT: KALIMDOR_50_32.ADT → WMO: MD_PYGMYCAVE1.WMO → M2: PYGMY_WEAPONRACK_02.MDX
    WORLD/EXPANSION03/DOODADS/PYGMY/ITEMS/PYGMY_WEAPON_01.MDX
      ↳ Chain: Area: Uldum → ADT: KALIMDOR_33_50.ADT → WMO: VASHJIR_SMALL_CAVE_A.WMO → M2: PYGMY_WEAPON_01.MDX
    WORLD/EXPANSION03/DOODADS/SKYWALL/LAMPS/SKYWALL_ORANGE_LAMP_01.MDX
      ↳ Chain: Area: Uldum → ADT: KALIMDOR_36_53.ADT → WMO: KL_SKYWALL_ENTRANCE.WMO → M2: SKYWALL_ORANGE_LAMP_01.MDX
    WORLD/EXPANSION03/DOODADS/SKYWALL/SKYWALL_LIGHTBALL_02.MDX
      ↳ Chain: Area: Uldum → ADT: KALIMDOR_32_53.ADT → WMO: KL_SKYWALL_RAID_ENTRANCE.WMO → M2: SKYWALL_LIGHTBALL_02.MDX
    WORLD/EXPANSION03/DOODADS/SKYWALL/STEAM/SKYWALL_CLOUD_STEAM_01.MDX
      ↳ Chain: Area: Uldum → ADT: KALIMDOR_32_53.ADT → WMO: KL_SKYWALL_RAID_ENTRANCE.WMO → M2: SKYWALL_CLOUD_STEAM_01.MDX
    WORLD/EXPANSION03/DOODADS/SKYWALL/STEAM/SKYWALL_CLOUD_STEAM_02.MDX
      ↳ Chain: Area: Uldum → ADT: KALIMDOR_36_53.ADT → WMO: KL_SKYWALL_ENTRANCE.WMO → Unknown: KL_SKYWALL_ENTRANCE_BUILDING_02.WMO → M2: SKYWALL_CLOUD_STEAM_02.MDX
    WORLD/EXPANSION03/DOODADS/SKYWALL/STEAM/SKYWALL_CLOUD_STEAM_04.MDX
      ↳ Chain: Area: Uldum → ADT: KALIMDOR_36_53.ADT → WMO: KL_SKYWALL_ENTRANCE.WMO → M2: SKYWALL_CLOUD_STEAM_04.MDX
    WORLD/EXPANSION03/DOODADS/TOLBARAD/BARBEDWIREFENCES/TOLBARAD_BARBEDWIREFENCE_CORNERPIECE_01.MDX
      ↳ Chain: Area: Tol Barad → ADT: AZEROTH_19_35.ADT → WMO: TB_TOWER.WMO → M2: TOLBARAD_BARBEDWIREFENCE_CORNERPIECE_01.MDX
    WORLD/EXPANSION03/DOODADS/TOLBARAD/BARBEDWIREFENCES/TOLBARAD_BARBEDWIREFENCE_CORNERPIECE_DESTROYED_01.MDX
      ↳ Chain: Area: Kezan → ADT: KALIMDOR_55_51.ADT → WMO: HORDE_GOBLIN_BANK.WMO → M2: TOLBARAD_BARBEDWIREFENCE_CORNERPIECE_DESTROYED_01.MDX
    WORLD/EXPANSION03/DOODADS/TOLBARAD/BARBEDWIREFENCES/TOLBARAD_BARBEDWIREFENCE_ENDPIECE_01.MDX
      ↳ Chain: Area: Tol Barad → ADT: AZEROTH_19_36.ADT → WMO: TB_MICRO03.WMO → M2: TOLBARAD_BARBEDWIREFENCE_ENDPIECE_01.MDX
    WORLD/EXPANSION03/DOODADS/TOLBARAD/BARBEDWIREFENCES/TOLBARAD_BARBEDWIREFENCE_ENDPIECE_DESTROYED_01.MDX
      ↳ Chain: Area: Tol Barad → ADT: AZEROTH_19_35.ADT → WMO: TB_TOWER.WMO → M2: TOLBARAD_BARBEDWIREFENCE_ENDPIECE_DESTROYED_01.MDX
    WORLD/EXPANSION03/DOODADS/TOLBARAD/BARBEDWIREFENCES/TOLBARAD_BARBEDWIREFENCE_MIDDLEPIECE_01.MDX
      ↳ Chain: Area: Tol Barad → ADT: AZEROTH_19_35.ADT → WMO: TB_TOWER.WMO → M2: TOLBARAD_BARBEDWIREFENCE_MIDDLEPIECE_01.MDX
    WORLD/EXPANSION03/DOODADS/TOLBARAD/BARBEDWIREFENCES/TOLBARAD_BARBEDWIREFENCE_MIDDLEPIECE_02.MDX
      ↳ Chain: Area: Tol Barad → ADT: AZEROTH_19_35.ADT → WMO: TB_MICRO01.WMO → M2: TOLBARAD_BARBEDWIREFENCE_MIDDLEPIECE_02.MDX
    WORLD/EXPANSION03/DOODADS/TOLBARAD/BARBEDWIREFENCES/TOLBARAD_BARBEDWIREFENCE_MIDDLEPIECE_DESTROYED_01.MDX
      ↳ Chain: Area: Kezan → ADT: KALIMDOR_55_51.ADT → WMO: HORDE_GOBLIN_BANK.WMO → M2: TOLBARAD_BARBEDWIREFENCE_MIDDLEPIECE_DESTROYED_01.MDX
    WORLD/EXPANSION03/DOODADS/TOLBARAD/BARBEDWIREFENCES/TOLBARAD_BARBEDWIREFENCE_MIDDLEPIECE_DESTROYED_02.MDX
      ↳ Chain: Area: Kezan → ADT: KALIMDOR_55_51.ADT → WMO: HORDE_GOBLIN_BANK.WMO → M2: TOLBARAD_BARBEDWIREFENCE_MIDDLEPIECE_DESTROYED_02.MDX
    WORLD/EXPANSION03/DOODADS/TOLBARAD/BARBEDWIREFENCES/TOLBARAD_BARBEDWIREFENCE_MIDDLEPIECE_DESTROYED_03.MDX
      ↳ Chain: Area: Tol Barad → ADT: AZEROTH_19_35.ADT → WMO: TB_TOWER.WMO → M2: TOLBARAD_BARBEDWIREFENCE_MIDDLEPIECE_DESTROYED_03.MDX
    WORLD/EXPANSION03/DOODADS/TOLBARAD/BARRICADE/TOLBARAD_BARRICADE_ENDPIECE_01.MDX
      ↳ Chain: Area: Tol Barad → ADT: AZEROTH_19_35.ADT → WMO: TB_TOWER.WMO → M2: TOLBARAD_BARRICADE_ENDPIECE_01.MDX
    WORLD/EXPANSION03/DOODADS/TOLBARAD/BARRICADE/TOLBARAD_BARRICADE_MIDDLEPIECE_01.MDX
      ↳ Chain: Area: Tol Barad → ADT: AZEROTH_19_35.ADT → WMO: TB_TOWER.WMO → M2: TOLBARAD_BARRICADE_MIDDLEPIECE_01.MDX
    WORLD/EXPANSION03/DOODADS/TOLBARAD/CAGES/TOLBARAD_CAGE_01.MDX
      ↳ Chain: Area: Tol Barad → ADT: AZEROTH_19_36.ADT → WMO: TB_MICRO03.WMO → M2: TOLBARAD_CAGE_01.MDX
    WORLD/EXPANSION03/DOODADS/TOLBARAD/CAGES/TOLBARAD_CAGE_02.MDX
      ↳ Chain: Area: Tol Barad → ADT: AZEROTH_19_35.ADT → WMO: TB_TOWER.WMO → M2: TOLBARAD_CAGE_02.MDX
    WORLD/EXPANSION03/DOODADS/TOLBARAD/CHAINFENCE/TOLBARAD_CHAIN_FENCE_01.MDX
      ↳ Chain: Area: Tol Barad → ADT: AZEROTH_19_36.ADT → WMO: TB_MICRO03.WMO → M2: TOLBARAD_CHAIN_FENCE_01.MDX
    WORLD/EXPANSION03/DOODADS/TOLBARAD/DOORS/TOLBARAD_DOOR_01.MDX
      ↳ Chain: Area: Tol Barad → ADT: AZEROTH_19_35.ADT → WMO: TB_TOWER.WMO → M2: TOLBARAD_DOOR_01.MDX
    WORLD/EXPANSION03/DOODADS/TOLBARAD/DOORS/TOLBARAD_DOOR_02.MDX
      ↳ Chain: Area: Tol Barad → ADT: AZEROTH_19_36.ADT → WMO: TB_MICRO03.WMO → M2: TOLBARAD_DOOR_02.MDX
    WORLD/EXPANSION03/DOODADS/TOLBARAD/DOORS/TOLBARAD_DOOR_03.MDX
      ↳ Chain: Area: Tol Barad → ADT: AZEROTH_19_36.ADT → WMO: TB_MICRO03.WMO → M2: TOLBARAD_DOOR_03.MDX
    WORLD/EXPANSION03/DOODADS/TOLBARAD/PIPES/TOLBARAD_PIPE_01.MDX
      ↳ Chain: Area: Tol Barad → ADT: AZEROTH_19_36.ADT → WMO: TB_MICRO03.WMO → M2: TOLBARAD_PIPE_01.MDX
    WORLD/EXPANSION03/DOODADS/TOLBARAD/PIPES/TOLBARAD_PIPE_02.MDX
      ↳ Chain: Area: Tol Barad → ADT: AZEROTH_19_36.ADT → WMO: TB_MICRO03.WMO → M2: TOLBARAD_PIPE_02.MDX
    WORLD/EXPANSION03/DOODADS/TOLBARAD/PIPES/TOLBARAD_PIPE_03.MDX
      ↳ Chain: Area: Tol Barad → ADT: AZEROTH_19_36.ADT → WMO: TB_MICRO03.WMO → M2: TOLBARAD_PIPE_03.MDX
    WORLD/EXPANSION03/DOODADS/TOLBARAD/PIPES/TOLBARAD_PIPE_04.MDX
      ↳ Chain: Area: Tol Barad → ADT: AZEROTH_19_36.ADT → WMO: TB_MICRO03.WMO → M2: TOLBARAD_PIPE_04.MDX
    WORLD/EXPANSION03/DOODADS/TOLBARAD/PIPES/TOLBARAD_PIPE_05.MDX
      ↳ Chain: Area: Tol Barad → ADT: AZEROTH_19_36.ADT → WMO: TB_MICRO03.WMO → M2: TOLBARAD_PIPE_05.MDX
    WORLD/EXPANSION03/DOODADS/TOLBARAD/PIPES/TOLBARAD_PIPE_06.MDX
      ↳ Chain: Area: Tol Barad → ADT: AZEROTH_19_36.ADT → WMO: TB_MICRO03.WMO → M2: TOLBARAD_PIPE_06.MDX
    WORLD/EXPANSION03/DOODADS/TOLBARAD/PIPES/TOLBARAD_PIPE_07.MDX
      ↳ Chain: Area: Tol Barad → ADT: AZEROTH_19_36.ADT → WMO: TB_MICRO03.WMO → M2: TOLBARAD_PIPE_07.MDX
    WORLD/EXPANSION03/DOODADS/TOLBARAD/PIPES/TOLBARAD_PIPE_08.MDX
      ↳ Chain: Area: Tol Barad → ADT: AZEROTH_19_36.ADT → WMO: TB_MICRO03.WMO → M2: TOLBARAD_PIPE_08.MDX
    WORLD/EXPANSION03/DOODADS/TOLBARAD/PIPES/TOLBARAD_PIPE_CONNECTER_01.MDX
      ↳ Chain: Area: Tol Barad → ADT: AZEROTH_19_36.ADT → WMO: TB_MICRO03.WMO → M2: TOLBARAD_PIPE_CONNECTER_01.MDX
    WORLD/EXPANSION03/DOODADS/TOLBARAD/PIPES/TOLBARAD_PIPE_CONNECTER_02.MDX
      ↳ Chain: Area: Tol Barad → ADT: AZEROTH_19_36.ADT → WMO: TB_MICRO03.WMO → M2: TOLBARAD_PIPE_CONNECTER_02.MDX
    WORLD/EXPANSION03/DOODADS/TOLBARAD/RUBBLE/TOLBARAD_RUBBLE_01.MDX
      ↳ Chain: Area: Tol Barad → ADT: AZEROTH_19_35.ADT → WMO: TB_MICRO01.WMO → M2: TOLBARAD_RUBBLE_01.MDX
    WORLD/EXPANSION03/DOODADS/TOLBARAD/RUBBLE/TOLBARAD_RUBBLE_02.MDX
      ↳ Chain: Area: Tol Barad → ADT: AZEROTH_19_35.ADT → WMO: TB_MICRO02.WMO → M2: TOLBARAD_RUBBLE_02.MDX
    WORLD/EXPANSION03/DOODADS/TOLBARAD/RUBBLE/TOLBARAD_RUBBLE_03.MDX
      ↳ Chain: Area: Deadwind Pass → ADT: AZEROTH_35_52.ADT → WMO: 7AF_ARTIFACT_SEWER.WMO → M2: TOLBARAD_RUBBLE_03.MDX
    WORLD/EXPANSION03/DOODADS/TOLBARAD/RUBBLE/TOLBARAD_RUBBLE_04.MDX
      ↳ Chain: Area: Tol Barad → ADT: AZEROTH_19_36.ADT → WMO: TB_MICRO03.WMO → M2: TOLBARAD_RUBBLE_04.MDX
    WORLD/EXPANSION03/DOODADS/TOLBARAD/RUBBLE/TOLBARAD_RUBBLE_05.MDX
      ↳ Chain: Area: Deadwind Pass → ADT: AZEROTH_35_52.ADT → WMO: 7AF_ARTIFACT_SEWER.WMO → M2: TOLBARAD_RUBBLE_05.MDX
    WORLD/EXPANSION03/DOODADS/TOLBARAD/RUBBLE/TOLBARAD_RUBBLE_06.MDX
      ↳ Chain: Area: Deadwind Pass → ADT: AZEROTH_35_52.ADT → WMO: 7AF_ARTIFACT_SEWER.WMO → M2: TOLBARAD_RUBBLE_06.MDX
    WORLD/EXPANSION03/DOODADS/TOLBARAD/RUBBLE/TOLBARAD_RUBBLE_07.MDX
      ↳ Chain: Area: Tol Barad → ADT: AZEROTH_19_35.ADT → WMO: TB_MICRO02.WMO → M2: TOLBARAD_RUBBLE_07.MDX
    WORLD/EXPANSION03/DOODADS/TOLBARAD/RUBBLE/TOLBARAD_RUBBLE_08.MDX
      ↳ Chain: Area: Tol Barad → ADT: AZEROTH_19_35.ADT → WMO: TB_MICRO02.WMO → M2: TOLBARAD_RUBBLE_08.MDX
    WORLD/EXPANSION03/DOODADS/TOLBARAD/TOLBARAD_GATES_01.MDX
      ↳ Chain: Area: Tol Barad Peninsula → ADT: AZEROTH_18_34.ADT → WMO: TB_LONGBRIDGE.WMO → M2: TOLBARAD_GATES_01.MDX
    WORLD/EXPANSION03/DOODADS/TOLBARAD/TOLBARAD_GATES_02.MDX
      ↳ Chain: Area: Tol Barad → ADT: AZEROTH_19_35.ADT → WMO: TB_MICRO01.WMO → M2: TOLBARAD_GATES_02.MDX
    WORLD/EXPANSION03/DOODADS/TOLBARAD/TOLBARAD_GEARBOX_01.MDX
      ↳ Chain: Area: Tol Barad → ADT: AZEROTH_19_35.ADT → WMO: TB_TOWER.WMO → M2: TOLBARAD_GEARBOX_01.MDX
    WORLD/EXPANSION03/DOODADS/TOLBARAD/TOLBARAD_GEARBOX_02.MDX
      ↳ Chain: Area: Tol Barad → ADT: AZEROTH_19_36.ADT → WMO: TB_MICRO03.WMO → M2: TOLBARAD_GEARBOX_02.MDX
    WORLD/EXPANSION03/DOODADS/TOLBARAD/TOLBARAD_LAMP_01.MDX
      ↳ Chain: Area: Tol Barad → ADT: AZEROTH_19_35.ADT → WMO: TB_MICRO01.WMO → M2: TOLBARAD_LAMP_01.MDX
    WORLD/EXPANSION03/DOODADS/TOLBARAD/TOLBARAD_LAMP_02.MDX
      ↳ Chain: Area: Tol Barad → ADT: AZEROTH_19_36.ADT → WMO: TB_MICRO03.WMO → M2: TOLBARAD_LAMP_02.MDX
    WORLD/EXPANSION03/DOODADS/TOLBARAD/TOLBARAD_LAMP_03.MDX
      ↳ Chain: Area: Tol Barad → ADT: AZEROTH_19_36.ADT → WMO: TB_MICRO03.WMO → M2: TOLBARAD_LAMP_03.MDX
    WORLD/EXPANSION03/DOODADS/TOLBARAD/TOLBARAD_RIPPED_FABRIC_01.MDX
      ↳ Chain: Area: Tol Barad → ADT: AZEROTH_19_35.ADT → WMO: TB_MICRO01.WMO → M2: TOLBARAD_RIPPED_FABRIC_01.MDX
    WORLD/EXPANSION03/DOODADS/TOLBARAD/TOLBARAD_SEARCHLIGHT_01.MDX
      ↳ Chain: Area: Tol Barad → ADT: AZEROTH_19_35.ADT → WMO: TB_MICRO01.WMO → M2: TOLBARAD_SEARCHLIGHT_01.MDX
    WORLD/EXPANSION03/DOODADS/TOLBARAD/TOLBARAD_SEARCHLIGHT_02.MDX
      ↳ Chain: Area: Tol Barad → ADT: AZEROTH_19_35.ADT → WMO: TB_MICRO01.WMO → M2: TOLBARAD_SEARCHLIGHT_02.MDX
    WORLD/EXPANSION03/DOODADS/TOLVIR/TOLVIR_BACKARMOR_JACKEL.MDX
      ↳ Chain: Area: Uldum → ADT: KALIMDOR_35_50.ADT → WMO: ULDUM_ENEMY_VILLAGE.WMO → M2: TOLVIR_BACKARMOR_JACKEL.MDX
    WORLD/EXPANSION03/DOODADS/TOLVIR/TOLVIR_BACKARMOR_RAM.MDX
      ↳ Chain: Area: Uldum → ADT: KALIMDOR_35_50.ADT → WMO: ULDUM_ENEMY_VILLAGE.WMO → M2: TOLVIR_BACKARMOR_RAM.MDX
    WORLD/EXPANSION03/DOODADS/TOLVIR/TOLVIR_BACKARMOR_RAVEN.MDX
      ↳ Chain: Area: Uldum → ADT: KALIMDOR_35_50.ADT → WMO: ULDUM_ENEMY_VILLAGE.WMO → M2: TOLVIR_BACKARMOR_RAVEN.MDX
    WORLD/EXPANSION03/DOODADS/TOLVIR/TOLVIR_CENTRAL_BUILDING_01_FX.MDX
      ↳ Chain: Area: Uldum → ADT: KALIMDOR_34_52.ADT → WMO: TOLVIR_CENTRAL_BUILDING_01.WMO → Unknown: TOLVIR_CENTRAL_BUILDING_01_C.WMO → M2: TOLVIR_CENTRAL_BUILDING_01_FX.MDX
    WORLD/EXPANSION03/DOODADS/TOLVIR/TOLVIR_CENTRAL_BUILDING_02_FX.MDX
      ↳ Chain: Area: Uldum → ADT: KALIMDOR_34_52.ADT → WMO: TOLVIR_CENTRAL_BUILDING_01.WMO → Unknown: TOLVIR_CENTRAL_BUILDING_01_C.WMO → M2: TOLVIR_CENTRAL_BUILDING_02_FX.MDX
    WORLD/EXPANSION03/DOODADS/TOLVIR/TOLVIR_CITY_DOME01.MDX
      ↳ Chain: Area: Uldum → ADT: KALIMDOR_34_53.ADT → WMO: TOLVIR_CITY_01.WMO → M2: TOLVIR_CITY_DOME01.MDX
    WORLD/EXPANSION03/DOODADS/TOLVIR/TOLVIR_GODSTATUE_01.MDX
      ↳ Chain: Area: Uldum → ADT: KALIMDOR_32_49.ADT → WMO: ULDUM_AQUEDUCT_MICRO.WMO → M2: TOLVIR_GODSTATUE_01.MDX
    WORLD/EXPANSION03/DOODADS/TOLVIR/TOLVIR_GODSTATUE_02.MDX
      ↳ Chain: Area: Uldum → ADT: KALIMDOR_32_49.ADT → WMO: ULDUM_AQUEDUCT_MICRO.WMO → M2: TOLVIR_GODSTATUE_02.MDX
    WORLD/EXPANSION03/DOODADS/TOLVIR/TOLVIR_HELM_JACKEL.MDX
      ↳ Chain: Area: Uldum → ADT: KALIMDOR_35_50.ADT → WMO: ULDUM_ENEMY_VILLAGE.WMO → M2: TOLVIR_HELM_JACKEL.MDX
    WORLD/EXPANSION03/DOODADS/TOLVIR/TOLVIR_HELM_RAM.MDX
      ↳ Chain: Area: Uldum → ADT: KALIMDOR_35_50.ADT → WMO: ULDUM_ENEMY_VILLAGE.WMO → M2: TOLVIR_HELM_RAM.MDX
    WORLD/EXPANSION03/DOODADS/TOLVIR/TOLVIR_HELM_RAVEN.MDX
      ↳ Chain: Area: Uldum → ADT: KALIMDOR_35_50.ADT → WMO: ULDUM_ENEMY_VILLAGE.WMO → M2: TOLVIR_HELM_RAVEN.MDX
    WORLD/EXPANSION03/DOODADS/TOLVIR/TOLVIR_POOL.MDX
      ↳ Chain: Area: Uldum → ADT: KALIMDOR_34_53.ADT → WMO: TOLVIR_CITY_01.WMO → M2: TOLVIR_POOL.MDX
    WORLD/EXPANSION03/DOODADS/TROGG/CRATES/TROG_CRATE_01.MDX
      ↳ Chain: Area: Deepholm → ADT: DEEPHOME_29_29.ADT → WMO: DEEPHOLM_TROGGTOWN.WMO → M2: TROG_CRATE_01.MDX
    WORLD/EXPANSION03/DOODADS/TROGG/CRATES/TROG_CRATE_02.MDX
      ↳ Chain: Area: Deepholm → ADT: DEEPHOME_29_29.ADT → WMO: DEEPHOLM_TROGGTOWN.WMO → M2: TROG_CRATE_02.MDX
    WORLD/EXPANSION03/DOODADS/TROGG/DWELINGS/DEEPHOLM_TROGDWELLING01.MDX
      ↳ Chain: Area: Deepholm → ADT: DEEPHOME_29_29.ADT → WMO: DEEPHOLM_TROGGTOWN.WMO → M2: DEEPHOLM_TROGDWELLING01.MDX
    WORLD/EXPANSION03/DOODADS/TROGG/DWELINGS/DEEPHOLM_TROGDWELLING02.MDX
      ↳ Chain: Area: Deepholm → ADT: DEEPHOME_29_29.ADT → WMO: DEEPHOLM_TROGGTOWN.WMO → M2: DEEPHOLM_TROGDWELLING02.MDX
    WORLD/EXPANSION03/DOODADS/TROGG/DWELINGS/DEEPHOLM_TROGDWELLING03.MDX
      ↳ Chain: Area: Deepholm → ADT: DEEPHOME_29_29.ADT → WMO: DEEPHOLM_TROGGTOWN.WMO → M2: DEEPHOLM_TROGDWELLING03.MDX
    WORLD/EXPANSION03/DOODADS/TROGG/FENCES/TROGG_FENCE_01.MDX
      ↳ Chain: Area: Deepholm → ADT: DEEPHOME_29_29.ADT → WMO: DEEPHOLM_TROGGTOWN.WMO → M2: TROGG_FENCE_01.MDX
    WORLD/EXPANSION03/DOODADS/TROGG/ITEMS/TROG_MUSHROOMSHIELD_03.MDX
      ↳ Chain: Area: Deepholm → ADT: DEEPHOME_29_29.ADT → WMO: DEEPHOLM_TROGGTOWN.WMO → M2: TROG_MUSHROOMSHIELD_03.MDX
    WORLD/EXPANSION03/DOODADS/TROGG/ITEMS/TROG_SLINGSHOT_02.MDX
      ↳ Chain: Area: Deepholm → ADT: DEEPHOME_29_29.ADT → WMO: DEEPHOLM_TROGGTOWN.WMO → M2: TROG_SLINGSHOT_02.MDX
    WORLD/EXPANSION03/DOODADS/TROGG/ITEMS/TROG_WEAPONRACK_01.MDX
      ↳ Chain: Area: Deepholm → ADT: DEEPHOME_29_29.ADT → WMO: DEEPHOLM_TROGGTOWN.WMO → M2: TROG_WEAPONRACK_01.MDX
    WORLD/EXPANSION03/DOODADS/TROGG/ITEMS/TROG_WEAPONRACK_03.MDX
      ↳ Chain: Area: Deepholm → ADT: DEEPHOME_29_29.ADT → WMO: DEEPHOLM_TROGGTOWN.WMO → M2: TROG_WEAPONRACK_03.MDX
    WORLD/EXPANSION03/DOODADS/TROGG/ITEMS/TROG_WEAPON_02.MDX
      ↳ Chain: Area: Deepholm → ADT: DEEPHOME_29_29.ADT → WMO: DEEPHOLM_TROGGTOWN.WMO → M2: TROG_WEAPON_02.MDX
    WORLD/EXPANSION03/DOODADS/TROGG/ITEMS/TROG_WEAPON_03.MDX
      ↳ Chain: Area: Deepholm → ADT: DEEPHOME_29_29.ADT → WMO: DEEPHOLM_TROGGTOWN.WMO → M2: TROG_WEAPON_03.MDX
    WORLD/EXPANSION03/DOODADS/TROGG/LIGHTS/TROG_LIGHT_01.MDX
      ↳ Chain: Area: Deepholm → ADT: DEEPHOME_29_29.ADT → WMO: DEEPHOLM_TROGGTOWN.WMO → M2: TROG_LIGHT_01.MDX
    WORLD/EXPANSION03/DOODADS/TROGG/ROPES/TROG_ROPES_02.MDX
      ↳ Chain: Area: Deepholm → ADT: DEEPHOME_29_29.ADT → WMO: DEEPHOLM_TROGGTOWN.WMO → M2: TROG_ROPES_02.MDX
    WORLD/EXPANSION03/DOODADS/TROGG/ROPES/TROG_ROPES_03.MDX
      ↳ Chain: Area: Deepholm → ADT: DEEPHOME_29_29.ADT → WMO: DEEPHOLM_TROGGTOWN.WMO → M2: TROG_ROPES_03.MDX
    WORLD/EXPANSION03/DOODADS/TROGG/SKELETON/TROG_SKELETON_01.MDX
      ↳ Chain: Area: Deepholm → ADT: DEEPHOME_29_29.ADT → WMO: DEEPHOLM_TROGGTOWN.WMO → M2: TROG_SKELETON_01.MDX
    WORLD/EXPANSION03/DOODADS/TWILIGHTHAMMER/BRAZIER/TWILIGHTSHAMMER_BRAZIER_01.MDX
      ↳ Chain: Area: Deepholm → ADT: DEEPHOME_32_32.ADT → WMO: TWILIGHTSHAMMER_MINE.WMO → M2: TWILIGHTSHAMMER_BRAZIER_01.MDX
    WORLD/EXPANSION03/DOODADS/TWILIGHTHAMMER/LAMPPOST/TWILIGHTSHAMMER_LAMPPOST_01.MDX
      ↳ Chain: Area: Deepholm → ADT: DEEPHOME_32_28.ADT → WMO: TWILIGHTSHAMMER_GREATTEMPLE.WMO → M2: TWILIGHTSHAMMER_LAMPPOST_01.MDX
    WORLD/EXPANSION03/DOODADS/TWILIGHTHAMMER/LAMPS/TWILIGHTSHAMMER_HANGINGLAMP_01.MDX
      ↳ Chain: Area: Deepholm → ADT: DEEPHOME_32_31.ADT → WMO: TWILIGHTSHAMMER_ELEMENTAL_RING.WMO → M2: TWILIGHTSHAMMER_HANGINGLAMP_01.MDX
    WORLD/EXPANSION03/DOODADS/TWILIGHTHAMMER/LAMPS/TWILIGHTSHAMMER_LAMPWALL_01.MDX
      ↳ Chain: Area: Deepholm → ADT: DEEPHOME_32_28.ADT → WMO: TWILIGHTSHAMMER_GREATTEMPLE.WMO → M2: TWILIGHTSHAMMER_LAMPWALL_01.MDX
    WORLD/EXPANSION03/DOODADS/TWILIGHTHAMMER/MAGICALDEVICES/TWILIGHTSHAMMER_MAGICALDEVICE_02AIR.MDX
      ↳ Chain: Area: Deepholm → ADT: DEEPHOME_32_28.ADT → WMO: TWILIGHTSHAMMER_GREATTEMPLE.WMO → M2: TWILIGHTSHAMMER_MAGICALDEVICE_02AIR.MDX
    WORLD/EXPANSION03/DOODADS/TWILIGHTHAMMER/MAGICALDEVICES/TWILIGHTSHAMMER_MAGICALDEVICE_02EARTH.MDX
      ↳ Chain: Area: Deepholm → ADT: DEEPHOME_33_31.ADT → WMO: TWILIGHTSHAMMER_BARRACKS.WMO → M2: TWILIGHTSHAMMER_MAGICALDEVICE_02EARTH.MDX
    WORLD/EXPANSION03/DOODADS/TWILIGHTHAMMER/RUGS/TWILIGHTSHAMMER_RUG02.MDX
      ↳ Chain: Area: Highlands → ADT: AZEROTH_42_41.ADT → WMO: TH_OBSIDIAN_LAIR.WMO → M2: TWILIGHTSHAMMER_RUG02.MDX
    WORLD/EXPANSION03/DOODADS/TWILIGHTHAMMER/SIGNPOST/TWILIGHTSHAMMER_SIGNPOST_01.MDX
      ↳ Chain: Area: Highlands → ADT: AZEROTH_42_41.ADT → WMO: TH_OBSIDIAN_LAIR.WMO → M2: TWILIGHTSHAMMER_SIGNPOST_01.MDX
    WORLD/EXPANSION03/DOODADS/TWILIGHTHAMMER/TABLES/TWILIGHTSHAMMER_TABLE02.MDX
      ↳ Chain: Area: Highlands → ADT: AZEROTH_42_41.ADT → WMO: TH_OBSIDIAN_LAIR.WMO → M2: TWILIGHTSHAMMER_TABLE02.MDX
    WORLD/EXPANSION03/DOODADS/TWILIGHTHAMMER/TABLES/TWILIGHTSHAMMER_TABLE03.MDX
      ↳ Chain: Area: Highlands → ADT: AZEROTH_42_41.ADT → WMO: TH_OBSIDIAN_LAIR.WMO → M2: TWILIGHTSHAMMER_TABLE03.MDX
    WORLD/EXPANSION03/DOODADS/TWILIGHTHAMMER/TWILIGHTMAGICVORTEX_LESSER.MDX
      ↳ Chain: Area: Deepholm → ADT: DEEPHOME_32_32.ADT → WMO: TWILIGHTSHAMMER_MINE.WMO → M2: TWILIGHTMAGICVORTEX_LESSER.MDX
    WORLD/EXPANSION03/DOODADS/TWILIGHTHIGHLANDS/BUSHES/TH_BUSH05.MDX
      ↳ Chain: Area: Highlands → ADT: AZEROTH_39_37.ADT → WMO: TH_REDDRAGONSHRINE.WMO → M2: TH_BUSH05.MDX
    WORLD/EXPANSION03/DOODADS/TWILIGHTHIGHLANDS/BUSHES/TH_OBSIDIANBUSH01.MDX
      ↳ Chain: Area: Highlands → ADT: AZEROTH_42_41.ADT → WMO: TH_OBSIDIAN_LAIR.WMO → M2: TH_OBSIDIANBUSH01.MDX
    WORLD/EXPANSION03/DOODADS/TWILIGHTHIGHLANDS/BUSHES/TH_OBSIDIANBUSH02.MDX
      ↳ Chain: Area: Highlands → ADT: AZEROTH_42_41.ADT → WMO: TH_OBSIDIAN_LAIR.WMO → M2: TH_OBSIDIANBUSH02.MDX
    WORLD/EXPANSION03/DOODADS/TWILIGHTHIGHLANDS/FLOWERS/TH_LOWLANDFLOWER01.MDX
      ↳ Chain: Area: Highlands → ADT: AZEROTH_39_37.ADT → WMO: TH_REDDRAGONSHRINE.WMO → M2: TH_LOWLANDFLOWER01.MDX
    WORLD/EXPANSION03/DOODADS/TWILIGHTHIGHLANDS/GRASS/TH_LOWLNDGRASS01.MDX
      ↳ Chain: Area: Highlands → ADT: AZEROTH_39_37.ADT → WMO: TH_REDDRAGONSHRINE.WMO → M2: TH_LOWLNDGRASS01.MDX
    WORLD/EXPANSION03/DOODADS/TWILIGHTHIGHLANDS/GRASS/TH_LOWLNDGRASS02.MDX
      ↳ Chain: Area: Highlands → ADT: AZEROTH_42_39.ADT → WMO: WILDHAMMERDWARF_COTTAGEA.WMO → M2: TH_LOWLNDGRASS02.MDX
    WORLD/EXPANSION03/DOODADS/TWILIGHTHIGHLANDS/GRASS/TH_LOWLNDGRASS03.MDX
      ↳ Chain: Area: Highlands → ADT: AZEROTH_42_39.ADT → WMO: WILDHAMMERDWARF_COTTAGEA.WMO → M2: TH_LOWLNDGRASS03.MDX
    WORLD/EXPANSION03/DOODADS/TWILIGHTHIGHLANDS/GRASS/TH_LOWLNDGRASS04.MDX
      ↳ Chain: Area: Highlands → ADT: AZEROTH_39_37.ADT → WMO: TH_REDDRAGONSHRINE.WMO → M2: TH_LOWLNDGRASS04.MDX
    WORLD/EXPANSION03/DOODADS/TWILIGHTHIGHLANDS/ROCKS/TH_OBSIDIANROCK01.MDX
      ↳ Chain: Area: Highlands → ADT: AZEROTH_42_41.ADT → WMO: TH_OBSIDIAN_LAIR.WMO → M2: TH_OBSIDIANROCK01.MDX
    WORLD/EXPANSION03/DOODADS/TWILIGHTHIGHLANDS/ROCKS/TH_OBSIDIANROCK02.MDX
      ↳ Chain: Area: Highlands → ADT: AZEROTH_42_41.ADT → WMO: TH_OBSIDIAN_LAIR.WMO → M2: TH_OBSIDIANROCK02.MDX
    WORLD/EXPANSION03/DOODADS/TWILIGHTHIGHLANDS/ROCKS/TH_OBSIDIANROCK03.MDX
      ↳ Chain: Area: Highlands → ADT: AZEROTH_42_41.ADT → WMO: TH_OBSIDIAN_LAIR.WMO → M2: TH_OBSIDIANROCK03.MDX
    WORLD/EXPANSION03/DOODADS/TWILIGHTHIGHLANDS/ROCKS/TH_OBSIDIANROCK04.MDX
      ↳ Chain: Area: Highlands → ADT: AZEROTH_42_41.ADT → WMO: TH_OBSIDIAN_LAIR.WMO → M2: TH_OBSIDIANROCK04.MDX
    WORLD/EXPANSION03/DOODADS/TWILIGHTHIGHLANDS/ROCKS/TH_ROCKA.MDX
      ↳ Chain: Area: Highlands → ADT: AZEROTH_39_37.ADT → WMO: TH_REDDRAGONSHRINE.WMO → M2: TH_ROCKA.MDX
    WORLD/EXPANSION03/DOODADS/TWILIGHTHIGHLANDS/ROCKS/TH_ROCKC.MDX
      ↳ Chain: Area: Highlands → ADT: AZEROTH_39_37.ADT → WMO: TH_REDDRAGONSHRINE.WMO → M2: TH_ROCKC.MDX
    WORLD/EXPANSION03/DOODADS/TWILIGHTHIGHLANDS/ROCKS/TH_ROCKE.MDX
      ↳ Chain: Area: Highlands → ADT: AZEROTH_39_37.ADT → WMO: TH_REDDRAGONSHRINE.WMO → M2: TH_ROCKE.MDX
    WORLD/EXPANSION03/DOODADS/TWILIGHTHIGHLANDS/ROCKS/TH_ROCKPLINTH03.MDX
      ↳ Chain: Area: Highlands → ADT: AZEROTH_42_37.ADT → WMO: WILDHAMMERDWARF_COTTAGEB.WMO → M2: TH_ROCKPLINTH03.MDX
    WORLD/EXPANSION03/DOODADS/TWILIGHTHIGHLANDS/ROCKS/TH_SMALL_ROCKC.MDX
      ↳ Chain: Area: Highlands → ADT: AZEROTH_39_37.ADT → WMO: TH_REDDRAGONSHRINE.WMO → M2: TH_SMALL_ROCKC.MDX
    WORLD/EXPANSION03/DOODADS/TWILIGHTHIGHLANDS/ROCKS/TH_SMALL_ROCKD.MDX
      ↳ Chain: Area: Highlands → ADT: AZEROTH_39_37.ADT → WMO: TH_REDDRAGONSHRINE.WMO → M2: TH_SMALL_ROCKD.MDX
    WORLD/EXPANSION03/DOODADS/TWILIGHTHIGHLANDS/ROCKS/TH_SMALL_ROCKE.MDX
      ↳ Chain: Area: Highlands → ADT: AZEROTH_39_37.ADT → WMO: TH_REDDRAGONSHRINE.WMO → M2: TH_SMALL_ROCKE.MDX
    WORLD/EXPANSION03/DOODADS/TWILIGHTHIGHLANDS/ROCKS/TH_SMALL_ROCKF.MDX
      ↳ Chain: Area: Highlands → ADT: AZEROTH_39_37.ADT → WMO: TH_REDDRAGONSHRINE.WMO → M2: TH_SMALL_ROCKF.MDX
    WORLD/EXPANSION03/DOODADS/TWILIGHTHIGHLANDS/TREES/TH_TREESAPLING_01.MDX
      ↳ Chain: Area: Highlands → ADT: AZEROTH_39_37.ADT → WMO: TH_REDDRAGONSHRINE.WMO → M2: TH_TREESAPLING_01.MDX
    WORLD/EXPANSION03/DOODADS/TWILIGHTHIGHLANDS/TRUNKS/TH_OBSIDIANTRUNK01.MDX
      ↳ Chain: Area: Highlands → ADT: AZEROTH_42_41.ADT → WMO: TH_OBSIDIAN_LAIR.WMO → M2: TH_OBSIDIANTRUNK01.MDX
    WORLD/EXPANSION03/DOODADS/TWILIGHTHIGHLANDS/TRUNKS/TH_OBSIDIANTRUNK04.MDX
      ↳ Chain: Area: Highlands → ADT: AZEROTH_42_41.ADT → WMO: TH_OBSIDIAN_LAIR.WMO → M2: TH_OBSIDIANTRUNK04.MDX
    WORLD/EXPANSION03/DOODADS/ULDUM/BASKETS/ULDUM_BASKET_02.MDX
      ↳ Chain: Area: Uldum → ADT: KALIMDOR_31_49.ADT → WMO: ULDUM_MOUNTAIN_WALLS03.WMO → M2: ULDUM_BASKET_02.MDX
    WORLD/EXPANSION03/DOODADS/ULDUM/BASKETS/ULDUM_BASKET_03.MDX
      ↳ Chain: Area: Uldum → ADT: KALIMDOR_35_52.ADT → WMO: TOLVIR_BUILDING_08.WMO → M2: ULDUM_BASKET_03.MDX
    WORLD/EXPANSION03/DOODADS/ULDUM/BASKETS/ULDUM_BASKET_04.MDX
      ↳ Chain: Area: Uldum → ADT: KALIMDOR_35_50.ADT → WMO: ULDUM_ENEMY_VILLAGE.WMO → M2: ULDUM_BASKET_04.MDX
    WORLD/EXPANSION03/DOODADS/ULDUM/BASKETS/ULDUM_BASKET_05.MDX
      ↳ Chain: Area: Uldum → ADT: KALIMDOR_35_52.ADT → WMO: TOLVIR_BUILDING_09.WMO → M2: ULDUM_BASKET_05.MDX
    WORLD/EXPANSION03/DOODADS/ULDUM/BASKETS/ULDUM_BASKET_06.MDX
      ↳ Chain: Area: Uldum → ADT: KALIMDOR_35_52.ADT → WMO: TOLVIR_BUILDING_09.WMO → M2: ULDUM_BASKET_06.MDX
    WORLD/EXPANSION03/DOODADS/ULDUM/BASKETS/ULDUM_BASKET_07.MDX
      ↳ Chain: Area: Uldum → ADT: KALIMDOR_35_52.ADT → WMO: TOLVIR_BUILDING_09.WMO → M2: ULDUM_BASKET_07.MDX
    WORLD/EXPANSION03/DOODADS/ULDUM/BASKETS/ULDUM_BASKET_08.MDX
      ↳ Chain: Area: Uldum → ADT: KALIMDOR_35_50.ADT → WMO: ULDUM_ENEMY_VILLAGE.WMO → M2: ULDUM_BASKET_08.MDX
    WORLD/EXPANSION03/DOODADS/ULDUM/BASKETS/ULDUM_BASKET_09.MDX
      ↳ Chain: Area: Uldum → ADT: KALIMDOR_35_52.ADT → WMO: TOLVIR_BUILDING_09.WMO → M2: ULDUM_BASKET_09.MDX
    WORLD/EXPANSION03/DOODADS/ULDUM/BASKETS/ULDUM_BASKET_LID_01.MDX
      ↳ Chain: Area: Uldum → ADT: KALIMDOR_35_52.ADT → WMO: TOLVIR_BUILDING_09.WMO → M2: ULDUM_BASKET_LID_01.MDX
    WORLD/EXPANSION03/DOODADS/ULDUM/BASKETS/ULDUM_BASKET_LIGHT_01.MDX
      ↳ Chain: Area: Uldum → ADT: KALIMDOR_35_52.ADT → WMO: TOLVIR_BUILDING_09.WMO → M2: ULDUM_BASKET_LIGHT_01.MDX
    WORLD/EXPANSION03/DOODADS/ULDUM/BASKETS/ULDUM_BASKET_LIGHT_02.MDX
      ↳ Chain: Area: Uldum → ADT: KALIMDOR_31_49.ADT → WMO: ULDUM_MOUNTAIN_WALLS03.WMO → M2: ULDUM_BASKET_LIGHT_02.MDX
    WORLD/EXPANSION03/DOODADS/ULDUM/BASKETS/ULDUM_BASKET_LIGHT_03.MDX
      ↳ Chain: Area: Uldum → ADT: KALIMDOR_31_49.ADT → WMO: ULDUM_MOUNTAIN_WALLS03.WMO → M2: ULDUM_BASKET_LIGHT_03.MDX
    WORLD/EXPANSION03/DOODADS/ULDUM/BASKETS/ULDUM_BASKET_LIGHT_04.MDX
      ↳ Chain: Area: Uldum → ADT: KALIMDOR_35_50.ADT → WMO: ULDUM_ENEMY_VILLAGE.WMO → M2: ULDUM_BASKET_LIGHT_04.MDX
    WORLD/EXPANSION03/DOODADS/ULDUM/BASKETS/ULDUM_BASKET_LIGHT_06.MDX
      ↳ Chain: Area: Uldum → ADT: KALIMDOR_35_52.ADT → WMO: TOLVIR_BUILDING_09.WMO → M2: ULDUM_BASKET_LIGHT_06.MDX
    WORLD/EXPANSION03/DOODADS/ULDUM/BASKETS/ULDUM_BASKET_LIGHT_07.MDX
      ↳ Chain: Area: Uldum → ADT: KALIMDOR_35_52.ADT → WMO: TOLVIR_BUILDING_09.WMO → M2: ULDUM_BASKET_LIGHT_07.MDX
    WORLD/EXPANSION03/DOODADS/ULDUM/BASKETS/ULDUM_BASKET_LIGHT_09.MDX
      ↳ Chain: Area: Uldum → ADT: KALIMDOR_35_52.ADT → WMO: TOLVIR_BUILDING_09.WMO → M2: ULDUM_BASKET_LIGHT_09.MDX
    WORLD/EXPANSION03/DOODADS/ULDUM/BASKETS/ULDUM_FOOD_BUNDLE_01.MDX
      ↳ Chain: Area: Uldum → ADT: KALIMDOR_35_52.ADT → WMO: TOLVIR_BUILDING_09.WMO → M2: ULDUM_FOOD_BUNDLE_01.MDX
    WORLD/EXPANSION03/DOODADS/ULDUM/BASKETS/ULDUM_MICRO_FENCE_01.MDX
      ↳ Chain: Area: Tanaris → ADT: KALIMDOR_35_49.ADT → WMO: ULDUM_TITAN_MICRO.WMO → M2: ULDUM_MICRO_FENCE_01.MDX
    WORLD/EXPANSION03/DOODADS/ULDUM/BASKETS/ULDUM_MICRO_FENCE_02.MDX
      ↳ Chain: Area: Tanaris → ADT: KALIMDOR_35_49.ADT → WMO: ULDUM_TITAN_MICRO.WMO → M2: ULDUM_MICRO_FENCE_02.MDX
    WORLD/EXPANSION03/DOODADS/ULDUM/BASKETS/ULDUM_MICRO_LAMPBASE_01.MDX
      ↳ Chain: Area: Tanaris → ADT: KALIMDOR_35_49.ADT → WMO: ULDUM_TITAN_MICRO.WMO → M2: ULDUM_MICRO_LAMPBASE_01.MDX
    WORLD/EXPANSION03/DOODADS/ULDUM/BEAMS/ULDUM_MICRO_LASERBEAMS.MDX
      ↳ Chain: Area: Uldum → ADT: KALIMDOR_32_49.ADT → WMO: ULDUM_AQUEDUCT_MICRO.WMO → M2: ULDUM_MICRO_LASERBEAMS.MDX
    WORLD/EXPANSION03/DOODADS/ULDUM/BEAMS/ULDUM_TITAN_MICRO_SUN_BEAM.MDX
      ↳ Chain: Area: Uldum → ADT: KALIMDOR_33_51.ADT → WMO: ULDUM_NATURAL_DESERT_CAVE.WMO → M2: ULDUM_TITAN_MICRO_SUN_BEAM.MDX
    WORLD/EXPANSION03/DOODADS/ULDUM/BEAMS/ULDUM_WINDOW_BEAM02_AQUA.MDX
      ↳ Chain: Area: Uldum → ADT: KALIMDOR_34_53.ADT → WMO: TOLVIR_CITY_01.WMO → M2: ULDUM_WINDOW_BEAM02_AQUA.MDX
    WORLD/EXPANSION03/DOODADS/ULDUM/BEAMS/ULDUM_WINDOW_BEAM_AQUA.MDX
      ↳ Chain: Area: Uldum → ADT: KALIMDOR_34_53.ADT → WMO: TOLVIR_CITY_01.WMO → M2: ULDUM_WINDOW_BEAM_AQUA.MDX
    WORLD/EXPANSION03/DOODADS/ULDUM/BENCHES/ULDUM_BENCH_01.MDX
      ↳ Chain: Area: Uldum → ADT: KALIMDOR_33_49.ADT → WMO: ULDUM_RIVERCITY_CENTRAL.WMO → M2: ULDUM_BENCH_01.MDX
    WORLD/EXPANSION03/DOODADS/ULDUM/BREAD/ULDUM_BREAD_PADDLE.MDX
      ↳ Chain: Area: Uldum → ADT: KALIMDOR_35_50.ADT → WMO: ULDUM_ENEMY_VILLAGE.WMO → M2: ULDUM_BREAD_PADDLE.MDX
    WORLD/EXPANSION03/DOODADS/ULDUM/BULRUSHES/ULDUM_BULRUSHES_GREEN01.MDX
      ↳ Chain: Area: Uldum → ADT: KALIMDOR_31_49.ADT → WMO: ULDUM_MOUNTAIN_WALLS03.WMO → M2: ULDUM_BULRUSHES_GREEN01.MDX
    WORLD/EXPANSION03/DOODADS/ULDUM/BULRUSHES/ULDUM_BULRUSHES_GREEN06.MDX
      ↳ Chain: Area: Uldum → ADT: KALIMDOR_35_52.ADT → WMO: TOLVIR_BUILDING_09.WMO → M2: ULDUM_BULRUSHES_GREEN06.MDX
    WORLD/EXPANSION03/DOODADS/ULDUM/CHICKENS/ULDUM_DEAD_CHICKENS_01.MDX
      ↳ Chain: Area: Uldum → ADT: KALIMDOR_33_53.ADT → WMO: TOLVIR_BUILDING_10.WMO → M2: ULDUM_DEAD_CHICKENS_01.MDX
    WORLD/EXPANSION03/DOODADS/ULDUM/CHICKENS/ULDUM_DEAD_CHICKENS_02.MDX
      ↳ Chain: Area: Uldum → ADT: KALIMDOR_33_53.ADT → WMO: TOLVIR_BUILDING_10.WMO → M2: ULDUM_DEAD_CHICKENS_02.MDX
    WORLD/EXPANSION03/DOODADS/ULDUM/COFFINS/ULDUM_CRYPT_COFFIN_01.MDX
      ↳ Chain: Area: Uldum → ADT: KALIMDOR_33_49.ADT → WMO: ULDUM_RIVERCITY_CENTRAL.WMO → M2: ULDUM_CRYPT_COFFIN_01.MDX
    WORLD/EXPANSION03/DOODADS/ULDUM/COFFINS/ULDUM_CRYPT_COFFIN_02.MDX
      ↳ Chain: Area: Uldum → ADT: KALIMDOR_35_50.ADT → WMO: ULDUM_ENEMY_VILLAGE.WMO → M2: ULDUM_CRYPT_COFFIN_02.MDX
    WORLD/EXPANSION03/DOODADS/ULDUM/COFFINS/ULDUM_CRYPT_COFFIN_03.MDX
      ↳ Chain: Area: Uldum → ADT: KALIMDOR_32_50.ADT → WMO: ULDUM_PYRAMIDCITY3WALLS.WMO → M2: ULDUM_CRYPT_COFFIN_03.MDX
    WORLD/EXPANSION03/DOODADS/ULDUM/CRATES/ULDUM_CRATE_02.MDX
      ↳ Chain: Area: Uldum → ADT: KALIMDOR_33_53.ADT → WMO: TOLVIR_BUILDING_10.WMO → M2: ULDUM_CRATE_02.MDX
    WORLD/EXPANSION03/DOODADS/ULDUM/CRATES/ULDUM_CRATE_03.MDX
      ↳ Chain: Area: Uldum → ADT: KALIMDOR_33_53.ADT → WMO: TOLVIR_BUILDING_10.WMO → M2: ULDUM_CRATE_03.MDX
    WORLD/EXPANSION03/DOODADS/ULDUM/DOORS/ULDUM_DOOR_01.MDX
      ↳ Chain: Area: Uldum → ADT: KALIMDOR_32_52.ADT → WMO: ULDUM_CRADLEOFANCIENTS_FACADE.WMO → M2: ULDUM_DOOR_01.MDX
    WORLD/EXPANSION03/DOODADS/ULDUM/DOORS/ULDUM_DOOR_GEM_AQUA.MDX
      ↳ Chain: Area: Uldum → ADT: KALIMDOR_34_53.ADT → WMO: TOLVIR_CITY_01.WMO → M2: ULDUM_DOOR_GEM_AQUA.MDX
    WORLD/EXPANSION03/DOODADS/ULDUM/FARMING/ULDUM_FARMING_02.MDX
      ↳ Chain: Area: Uldum → ADT: KALIMDOR_33_50.ADT → WMO: ULDUM_FISHING_VILLAGE.WMO → M2: ULDUM_FARMING_02.MDX
    WORLD/EXPANSION03/DOODADS/ULDUM/GRASS/ULDUM_GRASS01_DRY.MDX
      ↳ Chain: Area: Uldum → ADT: KALIMDOR_33_51.ADT → WMO: ULDUM_NATURAL_DESERT_CAVE.WMO → M2: ULDUM_GRASS01_DRY.MDX
    WORLD/EXPANSION03/DOODADS/ULDUM/GRASS/ULDUM_GRASS02_DRY.MDX
      ↳ Chain: Area: Uldum → ADT: KALIMDOR_33_51.ADT → WMO: ULDUM_NATURAL_DESERT_CAVE.WMO → M2: ULDUM_GRASS02_DRY.MDX
    WORLD/EXPANSION03/DOODADS/ULDUM/GRASS/ULDUM_GRASS04_DRY.MDX
      ↳ Chain: Area: Uldum → ADT: KALIMDOR_33_51.ADT → WMO: ULDUM_NATURAL_DESERT_CAVE.WMO → M2: ULDUM_GRASS04_DRY.MDX
    WORLD/EXPANSION03/DOODADS/ULDUM/HEADS/ULDUM_HEAD_WALL_01.MDX
      ↳ Chain: Area: Uldum → ADT: KALIMDOR_31_49.ADT → WMO: ULDUM_MOUNTAIN_WALLS03.WMO → M2: ULDUM_HEAD_WALL_01.MDX
    WORLD/EXPANSION03/DOODADS/ULDUM/LAMPS/ULDUM_FLOOR_LAMP_01.MDX
      ↳ Chain: Area: Uldum → ADT: KALIMDOR_35_51.ADT → WMO: ULDUM_LARGE_PYRAMID_01.WMO → M2: ULDUM_FLOOR_LAMP_01.MDX
    WORLD/EXPANSION03/DOODADS/ULDUM/LAMPS/ULDUM_LAMP_01.MDX
      ↳ Chain: Area: Uldum → ADT: KALIMDOR_35_50.ADT → WMO: ULDUM_ENEMY_VILLAGE.WMO → M2: ULDUM_LAMP_01.MDX
    WORLD/EXPANSION03/DOODADS/ULDUM/LAMPS/ULDUM_LATTICE_LAMP_01.MDX
      ↳ Chain: Area: Uldum → ADT: KALIMDOR_35_50.ADT → WMO: ULDUM_ENEMY_VILLAGE.WMO → M2: ULDUM_LATTICE_LAMP_01.MDX
    WORLD/EXPANSION03/DOODADS/ULDUM/LAMPS/ULDUM_LATTICE_LAMP_02.MDX
      ↳ Chain: Area: Uldum → ADT: KALIMDOR_31_49.ADT → WMO: ULDUM_MOUNTAIN_WALLS03.WMO → M2: ULDUM_LATTICE_LAMP_02.MDX
    WORLD/EXPANSION03/DOODADS/ULDUM/LAMPS/ULDUM_OIL_LAMP_01.MDX
      ↳ Chain: Area: Uldum → ADT: KALIMDOR_31_49.ADT → WMO: ULDUM_MOUNTAIN_WALLS03.WMO → M2: ULDUM_OIL_LAMP_01.MDX
    WORLD/EXPANSION03/DOODADS/ULDUM/LAMPS/ULDUM_SCARAB_SCONCE_01.MDX
      ↳ Chain: Area: Uldum → ADT: KALIMDOR_32_49.ADT → WMO: ULDUM_AQUEDUCT_MICRO.WMO → M2: ULDUM_SCARAB_SCONCE_01.MDX
    WORLD/EXPANSION03/DOODADS/ULDUM/LAMPS/ULDUM_WALL_SCONCE_01.MDX
      ↳ Chain: Area: Uldum → ADT: KALIMDOR_35_51.ADT → WMO: ULDUM_LARGE_PYRAMID_01.WMO → M2: ULDUM_WALL_SCONCE_01.MDX
    WORLD/EXPANSION03/DOODADS/ULDUM/LASERMACHINE/ULDUM_LASERLENSE.MDX
      ↳ Chain: Area: Uldum → ADT: KALIMDOR_33_51.ADT → WMO: ULDUM_NATURAL_DESERT_CAVE.WMO → M2: ULDUM_LASERLENSE.MDX
    WORLD/EXPANSION03/DOODADS/ULDUM/LASERMACHINE/ULDUM_LASERMACHINE.MDX
      ↳ Chain: Area: Uldum → ADT: KALIMDOR_32_49.ADT → WMO: ULDUM_AQUEDUCT_MICRO.WMO → M2: ULDUM_LASERMACHINE.MDX
    WORLD/EXPANSION03/DOODADS/ULDUM/LIGHTSHAFT/ULDUM_LIGHTSHAFT_01.MDX
      ↳ Chain: Area: Uldum → ADT: KALIMDOR_35_51.ADT → WMO: ULDUM_LARGE_PYRAMID_01.WMO → M2: ULDUM_LIGHTSHAFT_01.MDX
    WORLD/EXPANSION03/DOODADS/ULDUM/MARKETSTAND/ULDUM_MARKET_POST_01.MDX
      ↳ Chain: Area: Uldum → ADT: KALIMDOR_33_50.ADT → WMO: ULDUM_FISHING_VILLAGE.WMO → M2: ULDUM_MARKET_POST_01.MDX
    WORLD/EXPANSION03/DOODADS/ULDUM/MARKETSTAND/ULDUM_MARKET_STAND_04.MDX
      ↳ Chain: Area: Uldum → ADT: KALIMDOR_33_50.ADT → WMO: ULDUM_FISHING_VILLAGE.WMO → M2: ULDUM_MARKET_STAND_04.MDX
    WORLD/EXPANSION03/DOODADS/ULDUM/MARKETSTAND/ULDUM_MARKET_STAND_07.MDX
      ↳ Chain: Area: Uldum → ADT: KALIMDOR_35_50.ADT → WMO: ULDUM_ENEMY_VILLAGE.WMO → M2: ULDUM_MARKET_STAND_07.MDX
    WORLD/EXPANSION03/DOODADS/ULDUM/MARKETSTAND/ULDUM_MARKET_STAND_08.MDX
      ↳ Chain: Area: Uldum → ADT: KALIMDOR_33_50.ADT → WMO: ULDUM_FISHING_VILLAGE.WMO → M2: ULDUM_MARKET_STAND_08.MDX
    WORLD/EXPANSION03/DOODADS/ULDUM/MARKETSTAND/ULDUM_MARKET_STAND_10.MDX
      ↳ Chain: Area: Uldum → ADT: KALIMDOR_33_50.ADT → WMO: ULDUM_FISHING_VILLAGE.WMO → M2: ULDUM_MARKET_STAND_10.MDX
    WORLD/EXPANSION03/DOODADS/ULDUM/MARKETSTAND/ULDUM_MARKET_TABLE_01.MDX
      ↳ Chain: Area: Uldum → ADT: KALIMDOR_35_50.ADT → WMO: ULDUM_ENEMY_VILLAGE.WMO → M2: ULDUM_MARKET_TABLE_01.MDX
    WORLD/EXPANSION03/DOODADS/ULDUM/MOVINGMACHINES/ULDUM_MOVINGMACHINES_02.MDX
      ↳ Chain: Area: Tanaris → ADT: KALIMDOR_37_50.ADT → WMO: TANARIS_ULDUM_ENTRANCE_OPEN.WMO → M2: ULDUM_MOVINGMACHINES_02.MDX
    WORLD/EXPANSION03/DOODADS/ULDUM/MOVINGMACHINES/ULDUM_MOVINGMACHINES_03.MDX
      ↳ Chain: Area: Tanaris → ADT: KALIMDOR_37_50.ADT → WMO: TANARIS_ULDUM_ENTRANCE_OPEN.WMO → M2: ULDUM_MOVINGMACHINES_03.MDX
    WORLD/EXPANSION03/DOODADS/ULDUM/MOVINGMACHINES/ULDUM_MOVINGMACHINES_04.MDX
      ↳ Chain: Area: Tanaris → ADT: KALIMDOR_37_50.ADT → WMO: TANARIS_ULDUM_ENTRANCE_OPEN.WMO → M2: ULDUM_MOVINGMACHINES_04.MDX
    WORLD/EXPANSION03/DOODADS/ULDUM/MOVINGMACHINES/ULDUM_MOVINGMACHINES_05.MDX
      ↳ Chain: Area: Uldum → ADT: KALIMDOR_32_49.ADT → WMO: ULDUM_AQUEDUCT_MICRO.WMO → M2: ULDUM_MOVINGMACHINES_05.MDX
    WORLD/EXPANSION03/DOODADS/ULDUM/MOVINGMACHINES/ULDUM_MOVINGMACHINES_06.MDX
      ↳ Chain: Area: Tanaris → ADT: KALIMDOR_37_50.ADT → WMO: TANARIS_ULDUM_ENTRANCE_OPEN.WMO → M2: ULDUM_MOVINGMACHINES_06.MDX
    WORLD/EXPANSION03/DOODADS/ULDUM/OBELISKS/ULDUM_OBELISK_02.MDX
      ↳ Chain: Area: Uldum → ADT: KALIMDOR_31_49.ADT → WMO: ULDUM_MOUNTAIN_WALLS03.WMO → M2: ULDUM_OBELISK_02.MDX
    WORLD/EXPANSION03/DOODADS/ULDUM/PILLARS/ULDUM_PILLAR_BRICK_01.MDX
      ↳ Chain: Area: Uldum → ADT: KALIMDOR_35_50.ADT → WMO: ULDUM_ENEMY_VILLAGE.WMO → M2: ULDUM_PILLAR_BRICK_01.MDX
    WORLD/EXPANSION03/DOODADS/ULDUM/PILLARS/ULDUM_PILLAR_BRICK_02.MDX
      ↳ Chain: Area: Uldum → ADT: KALIMDOR_35_50.ADT → WMO: ULDUM_ENEMY_VILLAGE.WMO → M2: ULDUM_PILLAR_BRICK_02.MDX
    WORLD/EXPANSION03/DOODADS/ULDUM/PILLARS/ULDUM_PILLAR_BRICK_03.MDX
      ↳ Chain: Area: Uldum → ADT: KALIMDOR_35_50.ADT → WMO: ULDUM_ENEMY_VILLAGE.WMO → M2: ULDUM_PILLAR_BRICK_03.MDX
    WORLD/EXPANSION03/DOODADS/ULDUM/PILLARS/ULDUM_PILLAR_BRICK_04.MDX
      ↳ Chain: Area: Uldum → ADT: KALIMDOR_35_50.ADT → WMO: ULDUM_ENEMY_VILLAGE.WMO → M2: ULDUM_PILLAR_BRICK_04.MDX
    WORLD/EXPANSION03/DOODADS/ULDUM/POTS/ULDUM_POT_01.MDX
      ↳ Chain: Area: Uldum → ADT: KALIMDOR_33_50.ADT → WMO: ULDUM_FISHING_VILLAGE.WMO → M2: ULDUM_POT_01.MDX
    WORLD/EXPANSION03/DOODADS/ULDUM/POTS/ULDUM_POT_02.MDX
      ↳ Chain: Area: Uldum → ADT: KALIMDOR_33_50.ADT → WMO: ULDUM_FISHING_VILLAGE.WMO → M2: ULDUM_POT_02.MDX
    WORLD/EXPANSION03/DOODADS/ULDUM/POTS/ULDUM_POT_03.MDX
      ↳ Chain: Area: Uldum → ADT: KALIMDOR_33_50.ADT → WMO: ULDUM_FISHING_VILLAGE.WMO → M2: ULDUM_POT_03.MDX
    WORLD/EXPANSION03/DOODADS/ULDUM/REEDS/ULDUM_REEDS_GREEN05.MDX
      ↳ Chain: Area: Uldum → ADT: KALIMDOR_35_52.ADT → WMO: TOLVIR_BUILDING_09.WMO → M2: ULDUM_REEDS_GREEN05.MDX
    WORLD/EXPANSION03/DOODADS/ULDUM/RUGS/ULDUM_RUG_01.MDX
      ↳ Chain: Area: Uldum → ADT: KALIMDOR_35_52.ADT → WMO: TOLVIR_BUILDING_09.WMO → M2: ULDUM_RUG_01.MDX
    WORLD/EXPANSION03/DOODADS/ULDUM/RUGS/ULDUM_RUG_02.MDX
      ↳ Chain: Area: Uldum → ADT: KALIMDOR_33_53.ADT → WMO: TOLVIR_BUILDING_10.WMO → M2: ULDUM_RUG_02.MDX
    WORLD/EXPANSION03/DOODADS/ULDUM/RUGS/ULDUM_RUG_03.MDX
      ↳ Chain: Area: Uldum → ADT: KALIMDOR_35_50.ADT → WMO: ULDUM_ENEMY_VILLAGE.WMO → M2: ULDUM_RUG_03.MDX
    WORLD/EXPANSION03/DOODADS/ULDUM/RUGS/ULDUM_RUG_04.MDX
      ↳ Chain: Area: Uldum → ADT: KALIMDOR_35_50.ADT → WMO: ULDUM_ENEMY_VILLAGE.WMO → M2: ULDUM_RUG_04.MDX
    WORLD/EXPANSION03/DOODADS/ULDUM/RUGS/ULDUM_RUG_05.MDX
      ↳ Chain: Area: Uldum → ADT: KALIMDOR_35_50.ADT → WMO: ULDUM_ENEMY_VILLAGE.WMO → M2: ULDUM_RUG_05.MDX
    WORLD/EXPANSION03/DOODADS/ULDUM/RUGS/ULDUM_RUG_06.MDX
      ↳ Chain: Area: Uldum → ADT: KALIMDOR_35_52.ADT → WMO: TOLVIR_BUILDING_09.WMO → M2: ULDUM_RUG_06.MDX
    WORLD/EXPANSION03/DOODADS/ULDUM/RUGS/ULDUM_RUG_07.MDX
      ↳ Chain: Area: Uldum → ADT: KALIMDOR_33_49.ADT → WMO: ULDUM_RIVERCITY_CENTRAL.WMO → M2: ULDUM_RUG_07.MDX
    WORLD/EXPANSION03/DOODADS/ULDUM/RUGS/ULDUM_RUG_09.MDX
      ↳ Chain: Area: Uldum → ADT: KALIMDOR_31_49.ADT → WMO: ULDUM_MOUNTAIN_WALLS03.WMO → M2: ULDUM_RUG_09.MDX
    WORLD/EXPANSION03/DOODADS/ULDUM/RUGS/ULDUM_RUG_10.MDX
      ↳ Chain: Area: Uldum → ADT: KALIMDOR_31_49.ADT → WMO: ULDUM_MOUNTAIN_WALLS03.WMO → M2: ULDUM_RUG_10.MDX
    WORLD/EXPANSION03/DOODADS/ULDUM/SACKS/ULDUM_SACK_01.MDX
      ↳ Chain: Area: Uldum → ADT: KALIMDOR_31_49.ADT → WMO: ULDUM_MOUNTAIN_WALLS03.WMO → M2: ULDUM_SACK_01.MDX
    WORLD/EXPANSION03/DOODADS/ULDUM/SACKS/ULDUM_SACK_02.MDX
      ↳ Chain: Area: Uldum → ADT: KALIMDOR_31_49.ADT → WMO: ULDUM_MOUNTAIN_WALLS03.WMO → M2: ULDUM_SACK_02.MDX
    WORLD/EXPANSION03/DOODADS/ULDUM/SACKS/ULDUM_SACK_07.MDX
      ↳ Chain: Area: Uldum → ADT: KALIMDOR_31_49.ADT → WMO: ULDUM_MOUNTAIN_WALLS03.WMO → M2: ULDUM_SACK_07.MDX
    WORLD/EXPANSION03/DOODADS/ULDUM/SACKS/ULDUM_SACK_08.MDX
      ↳ Chain: Area: Uldum → ADT: KALIMDOR_31_49.ADT → WMO: ULDUM_MOUNTAIN_WALLS03.WMO → M2: ULDUM_SACK_08.MDX
    WORLD/EXPANSION03/DOODADS/ULDUM/SACKS/ULDUM_SACK_09.MDX
      ↳ Chain: Area: Uldum → ADT: KALIMDOR_35_52.ADT → WMO: TOLVIR_BUILDING_08.WMO → M2: ULDUM_SACK_09.MDX
    WORLD/EXPANSION03/DOODADS/ULDUM/SACKS/ULDUM_SACK_10.MDX
      ↳ Chain: Area: Uldum → ADT: KALIMDOR_31_49.ADT → WMO: ULDUM_MOUNTAIN_WALLS03.WMO → M2: ULDUM_SACK_10.MDX
    WORLD/EXPANSION03/DOODADS/ULDUM/SACKS/ULDUM_SACK_11.MDX
      ↳ Chain: Area: Uldum → ADT: KALIMDOR_33_53.ADT → WMO: TOLVIR_BUILDING_10.WMO → M2: ULDUM_SACK_11.MDX
    WORLD/EXPANSION03/DOODADS/ULDUM/SACKS/ULDUM_SACK_SIGN_02.MDX
      ↳ Chain: Area: Uldum → ADT: KALIMDOR_35_52.ADT → WMO: TOLVIR_BUILDING_09.WMO → M2: ULDUM_SACK_SIGN_02.MDX
    WORLD/EXPANSION03/DOODADS/ULDUM/SACKS/ULDUM_SACK_SIGN_03.MDX
      ↳ Chain: Area: Uldum → ADT: KALIMDOR_35_52.ADT → WMO: TOLVIR_BUILDING_09.WMO → M2: ULDUM_SACK_SIGN_03.MDX
    WORLD/EXPANSION03/DOODADS/ULDUM/SANDFALLS/ULDUM_SANDFALL_01.MDX
      ↳ Chain: Area: Tanaris → ADT: KALIMDOR_37_50.ADT → WMO: TANARIS_ULDUM_ENTRANCE_OPEN.WMO → M2: ULDUM_SANDFALL_01.MDX
    WORLD/EXPANSION03/DOODADS/ULDUM/SLIDINGFLOOR/ULDUM_SLIDINGFLOOR.MDX
      ↳ Chain: Area: Uldum → ADT: KALIMDOR_32_49.ADT → WMO: ULDUM_AQUEDUCT_MICRO.WMO → M2: ULDUM_SLIDINGFLOOR.MDX
    WORLD/EXPANSION03/DOODADS/ULDUM/STATUES/ULDUM_AMMUNAE_STATUE_02.MDX
      ↳ Chain: Area: Uldum → ADT: KALIMDOR_33_49.ADT → WMO: ULDUM_RIVERCITY_CENTRAL.WMO → M2: ULDUM_AMMUNAE_STATUE_02.MDX
    WORLD/EXPANSION03/DOODADS/ULDUM/STATUES/ULDUM_FALCON_01.MDX
      ↳ Chain: Area: Uldum → ADT: KALIMDOR_31_49.ADT → WMO: ULDUM_MOUNTAIN_WALLS03.WMO → M2: ULDUM_FALCON_01.MDX
    WORLD/EXPANSION03/DOODADS/ULDUM/STATUES/ULDUM_FALCON_STATUE_02.MDX
      ↳ Chain: Area: Uldum → ADT: KALIMDOR_33_49.ADT → WMO: ULDUM_RIVERCITY_CENTRAL.WMO → M2: ULDUM_FALCON_STATUE_02.MDX
    WORLD/EXPANSION03/DOODADS/ULDUM/STATUES/ULDUM_FALCON_STATUE_03.MDX
      ↳ Chain: Area: Uldum → ADT: KALIMDOR_31_48.ADT → WMO: ULDUM_MOUNTAIN_WALLS02.WMO → M2: ULDUM_FALCON_STATUE_03.MDX
    WORLD/EXPANSION03/DOODADS/ULDUM/STATUES/ULDUM_FALCON_STATUE_04.MDX
      ↳ Chain: Area: Uldum → ADT: KALIMDOR_35_52.ADT → WMO: TOLVIR_BUILDING_09.WMO → M2: ULDUM_FALCON_STATUE_04.MDX
    WORLD/EXPANSION03/DOODADS/ULDUM/STATUES/ULDUM_JACKAL_STATUE_01.MDX
      ↳ Chain: Area: Uldum → ADT: KALIMDOR_36_51.ADT → WMO: TOLVIR_GRAVE_TOMB.WMO → M2: ULDUM_JACKAL_STATUE_01.MDX
    WORLD/EXPANSION03/DOODADS/ULDUM/STATUES/ULDUM_JACKAL_STATUE_02.MDX
      ↳ Chain: Area: Uldum → ADT: KALIMDOR_34_52.ADT → WMO: TOLVIR_GRAVE_TOMB_JUNGLE.WMO → M2: ULDUM_JACKAL_STATUE_02.MDX
    WORLD/EXPANSION03/DOODADS/ULDUM/STATUES/ULDUM_RAM_STATUE_02.MDX
      ↳ Chain: Area: Uldum → ADT: KALIMDOR_31_49.ADT → WMO: ULDUM_MOUNTAIN_WALLS03.WMO → M2: ULDUM_RAM_STATUE_02.MDX
    WORLD/EXPANSION03/DOODADS/ULDUM/TEAPOTS/ULDUM_TEAPOT_01.MDX
      ↳ Chain: Area: Uldum → ADT: KALIMDOR_33_50.ADT → WMO: ULDUM_FISHING_VILLAGE.WMO → M2: ULDUM_TEAPOT_01.MDX
    WORLD/EXPANSION03/DOODADS/ULDUM/TITAN/ULDUM_TITAN_CHEST02.MDX
      ↳ Chain: Area: Uldum → ADT: KALIMDOR_31_49.ADT → WMO: ULDUM_MOUNTAIN_WALLS03.WMO → M2: ULDUM_TITAN_CHEST02.MDX
    WORLD/EXPANSION03/DOODADS/ULDUM/TITAN/ULDUM_TITAN_DOORWAY01.MDX
      ↳ Chain: Area: Uldum → ADT: KALIMDOR_34_48.ADT → WMO: ULDUM_C_TOMB.WMO → M2: ULDUM_TITAN_DOORWAY01.MDX
    WORLD/EXPANSION03/DOODADS/ULDUM/TITAN/ULDUM_TITAN_DOORWAY02.MDX
      ↳ Chain: Area: Uldum → ADT: KALIMDOR_33_52.ADT → WMO: ULDUM_PYRAMIDCITYTWO_01.WMO → M2: ULDUM_TITAN_DOORWAY02.MDX
    WORLD/EXPANSION03/DOODADS/ULDUM/TITAN/ULDUM_TITAN_RAILING01.MDX
      ↳ Chain: Area: Uldum → ADT: KALIMDOR_31_49.ADT → WMO: ULDUM_MOUNTAIN_WALLS03.WMO → M2: ULDUM_TITAN_RAILING01.MDX
    WORLD/EXPANSION03/DOODADS/ULDUM/TITAN/ULDUM_TITAN_STATUE01.MDX
      ↳ Chain: Area: Uldum → ADT: KALIMDOR_34_53.ADT → WMO: TOLVIR_CITY_01.WMO → M2: ULDUM_TITAN_STATUE01.MDX
    WORLD/EXPANSION03/DOODADS/ULDUM/TITAN/ULDUM_TITAN_STATUE03.MDX
      ↳ Chain: Area: Uldum → ADT: KALIMDOR_34_53.ADT → WMO: TOLVIR_CITY_01.WMO → M2: ULDUM_TITAN_STATUE03.MDX
    WORLD/EXPANSION03/DOODADS/ULDUM/TITAN/ULDUM_TITAN_STATUE05.MDX
      ↳ Chain: Area: Uldum → ADT: KALIMDOR_34_53.ADT → WMO: TOLVIR_CITY_01.WMO → M2: ULDUM_TITAN_STATUE05.MDX
    WORLD/EXPANSION03/DOODADS/ULDUM/TITAN/ULDUM_TITAN_WALL01.MDX
      ↳ Chain: Area: Uldum → ADT: KALIMDOR_31_49.ADT → WMO: ULDUM_MOUNTAIN_WALLS03.WMO → M2: ULDUM_TITAN_WALL01.MDX
    WORLD/EXPANSION03/DOODADS/ULDUM/TORCHES/ULDUM_TORCH_01.MDX
      ↳ Chain: Area: Uldum → ADT: KALIMDOR_31_49.ADT → WMO: ULDUM_MOUNTAIN_WALLS03.WMO → M2: ULDUM_TORCH_01.MDX
    WORLD/EXPANSION03/DOODADS/ULDUM/TORCHES/ULDUM_TORCH_01_FRAME.MDX
      ↳ Chain: Area: Uldum → ADT: KALIMDOR_35_52.ADT → WMO: TOLVIR_BUILDING_08.WMO → M2: ULDUM_TORCH_01_FRAME.MDX
    WORLD/EXPANSION03/DOODADS/ULDUM/TORCHES/ULDUM_TORCH_03.MDX
      ↳ Chain: Area: Uldum → ADT: KALIMDOR_35_50.ADT → WMO: ULDUM_ENEMY_VILLAGE.WMO → M2: ULDUM_TORCH_03.MDX
    WORLD/EXPANSION03/DOODADS/ULDUM/TORCHES/ULDUM_TORCH_04.MDX
      ↳ Chain: Area: Uldum → ADT: KALIMDOR_35_50.ADT → WMO: ULDUM_ENEMY_VILLAGE.WMO → M2: ULDUM_TORCH_04.MDX
    WORLD/EXPANSION03/DOODADS/ULDUM/TREES/ULDUM_PALMDEBRIS05.MDX
      ↳ Chain: Area: Uldum → ADT: KALIMDOR_35_52.ADT → WMO: TOLVIR_BUILDING_09.WMO → M2: ULDUM_PALMDEBRIS05.MDX
    WORLD/EXPANSION03/DOODADS/ULDUM/ULDUM_ANVIL.MDX
      ↳ Chain: Area: Uldum → ADT: KALIMDOR_35_50.ADT → WMO: ULDUM_ENEMY_VILLAGE.WMO → M2: ULDUM_ANVIL.MDX
    WORLD/EXPANSION03/DOODADS/ULDUM/ULDUM_ANVIL_02.MDX
      ↳ Chain: Area: Uldum → ADT: KALIMDOR_35_50.ADT → WMO: ULDUM_ENEMY_VILLAGE.WMO → M2: ULDUM_ANVIL_02.MDX
    WORLD/EXPANSION03/DOODADS/ULDUM/ULDUM_ANVIL_HAMMER.MDX
      ↳ Chain: Area: Uldum → ADT: KALIMDOR_35_50.ADT → WMO: ULDUM_ENEMY_VILLAGE.WMO → M2: ULDUM_ANVIL_HAMMER.MDX
    WORLD/EXPANSION03/DOODADS/ULDUM/ULDUM_FLOATING_LAMP_01.MDX
      ↳ Chain: Area: Uldum → ADT: KALIMDOR_34_53.ADT → WMO: TOLVIR_CITY_01.WMO → M2: ULDUM_FLOATING_LAMP_01.MDX
    WORLD/EXPANSION03/DOODADS/ULDUM/ULDUM_INCENSE_BURNER_01.MDX
      ↳ Chain: Area: Uldum → ADT: KALIMDOR_35_50.ADT → WMO: ULDUM_ENEMY_VILLAGE.WMO → M2: ULDUM_INCENSE_BURNER_01.MDX
    WORLD/EXPANSION03/DOODADS/ULDUM/ULDUM_SUNSIGIL_BEAM.MDX
      ↳ Chain: Area: Uldum → ADT: KALIMDOR_34_53.ADT → WMO: TOLVIR_CITY_01.WMO → M2: ULDUM_SUNSIGIL_BEAM.MDX
    WORLD/EXPANSION03/DOODADS/ULDUM/URNS/ULDUM_URN_01.MDX
      ↳ Chain: Area: Uldum → ADT: KALIMDOR_35_50.ADT → WMO: ULDUM_ENEMY_VILLAGE.WMO → M2: ULDUM_URN_01.MDX
    WORLD/EXPANSION03/DOODADS/ULDUM/URNS/ULDUM_URN_02.MDX
      ↳ Chain: Area: Uldum → ADT: KALIMDOR_35_50.ADT → WMO: ULDUM_ENEMY_VILLAGE.WMO → M2: ULDUM_URN_02.MDX
    WORLD/EXPANSION03/DOODADS/ULDUM/WATERFALLS/ULDUM_DAM_WATERFALLS_03.MDX
      ↳ Chain: Area: Uldum → ADT: KALIMDOR_32_49.ADT → WMO: ULDUM_AQUEDUCT_MICRO.WMO → M2: ULDUM_DAM_WATERFALLS_03.MDX
    WORLD/EXPANSION03/DOODADS/VASHJIR/ANEMONE/VJ_ANEMONESM01.MDX
      ↳ Chain: Area: Vashj'ir → ADT: AZEROTH_25_42.ADT → WMO: VASHJIR_EARTHEN_CAVE.WMO → M2: VJ_ANEMONESM01.MDX
    WORLD/EXPANSION03/DOODADS/VASHJIR/ANEMONE/VJ_ANEMONESM02.MDX
      ↳ Chain: Area: Vashj'ir → ADT: AZEROTH_25_42.ADT → WMO: VASHJIR_EARTHEN_CAVE.WMO → M2: VJ_ANEMONESM02.MDX
    WORLD/EXPANSION03/DOODADS/VASHJIR/CORALS/VJ_BUSHCORALBROWN01.MDX
      ↳ Chain: Area: Vashj'ir → ADT: AZEROTH_25_42.ADT → WMO: VASHJIR_EARTHEN_CAVE.WMO → M2: VJ_BUSHCORALBROWN01.MDX
    WORLD/EXPANSION03/DOODADS/VASHJIR/CORALS/VJ_CORALBUSH_BLUEGREEN01.MDX
      ↳ Chain: Area: Vashj'ir → ADT: AZEROTH_25_42.ADT → WMO: VASHJIR_EARTHEN_CAVE.WMO → M2: VJ_CORALBUSH_BLUEGREEN01.MDX
    WORLD/EXPANSION03/DOODADS/VASHJIR/CORALS/VJ_CORALBUSH_GRAY01.MDX
      ↳ Chain: Area: Vashj'ir → ADT: AZEROTH_22_42.ADT → WMO: VASHJIR_ANTICHAMBER.WMO → M2: VJ_CORALBUSH_GRAY01.MDX
    WORLD/EXPANSION03/DOODADS/VASHJIR/CORALS/VJ_CORALBUSH_GREEN01.MDX
      ↳ Chain: Area: Vashj'ir → ADT: AZEROTH_22_42.ADT → WMO: VASHJIR_ANTICHAMBER.WMO → M2: VJ_CORALBUSH_GREEN01.MDX
    WORLD/EXPANSION03/DOODADS/VASHJIR/CORALS/VJ_CORALBUSH_PURPLE01.MDX
      ↳ Chain: Area: Vashj'ir → ADT: AZEROTH_22_42.ADT → WMO: VASHJIR_ANTICHAMBER.WMO → M2: VJ_CORALBUSH_PURPLE01.MDX
    WORLD/EXPANSION03/DOODADS/VASHJIR/CORALS/VJ_CORALBUSH_RED02.MDX
      ↳ Chain: Area: Vashj'ir → ADT: AZEROTH_22_42.ADT → WMO: VASHJIR_ANTICHAMBER.WMO → M2: VJ_CORALBUSH_RED02.MDX
    WORLD/EXPANSION03/DOODADS/VASHJIR/CORALS/VJ_CORALCLUSTERTOP01.MDX
      ↳ Chain: Area: Vashj'ir → ADT: AZEROTH_25_42.ADT → WMO: VASHJIR_EARTHEN_CAVE.WMO → M2: VJ_CORALCLUSTERTOP01.MDX
    WORLD/EXPANSION03/DOODADS/VASHJIR/CORALS/VJ_CORALCLUSTERTOP02.MDX
      ↳ Chain: Area: Vashj'ir → ADT: AZEROTH_25_42.ADT → WMO: VASHJIR_EARTHEN_CAVE.WMO → M2: VJ_CORALCLUSTERTOP02.MDX
    WORLD/EXPANSION03/DOODADS/VASHJIR/CORALS/VJ_CORALFLATGOLD_02.MDX
      ↳ Chain: Area: Vashj'ir → ADT: AZEROTH_22_42.ADT → WMO: VASHJIR_ANTICHAMBER.WMO → M2: VJ_CORALFLATGOLD_02.MDX
    WORLD/EXPANSION03/DOODADS/VASHJIR/CORALS/VJ_CORALFLATGREEN_01.MDX
      ↳ Chain: Area: Vashj'ir → ADT: AZEROTH_22_42.ADT → WMO: VASHJIR_ANTICHAMBER.WMO → M2: VJ_CORALFLATGREEN_01.MDX
    WORLD/EXPANSION03/DOODADS/VASHJIR/CORALS/VJ_CORALFLAT_01.MDX
      ↳ Chain: Area: Vashj'ir → ADT: AZEROTH_25_42.ADT → WMO: VASHJIR_EARTHEN_CAVE.WMO → M2: VJ_CORALFLAT_01.MDX
    WORLD/EXPANSION03/DOODADS/VASHJIR/CORALS/VJ_CORALTABLETOP01.MDX
      ↳ Chain: Area: Vashj'ir → ADT: AZEROTH_22_42.ADT → WMO: VASHJIR_ANTICHAMBER.WMO → M2: VJ_CORALTABLETOP01.MDX
    WORLD/EXPANSION03/DOODADS/VASHJIR/CORALS/VJ_CORALTABLETOP02.MDX
      ↳ Chain: Area: Vashj'ir → ADT: AZEROTH_22_42.ADT → WMO: VASHJIR_ANTICHAMBER.WMO → M2: VJ_CORALTABLETOP02.MDX
    WORLD/EXPANSION03/DOODADS/VASHJIR/CORALS/VJ_CORALTABLETOP03.MDX
      ↳ Chain: Area: Vashj'ir → ADT: AZEROTH_25_42.ADT → WMO: VASHJIR_EARTHEN_CAVE.WMO → M2: VJ_CORALTABLETOP03.MDX
    WORLD/EXPANSION03/DOODADS/VASHJIR/CORALS/VJ_CORALTABLETOP05.MDX
      ↳ Chain: Area: Vashj'ir → ADT: AZEROTH_25_42.ADT → WMO: VASHJIR_EARTHEN_CAVE.WMO → M2: VJ_CORALTABLETOP05.MDX
    WORLD/EXPANSION03/DOODADS/VASHJIR/CORALS/VJ_CORALTHICK_01.MDX
      ↳ Chain: Area: Vashj'ir → ADT: AZEROTH_25_42.ADT → WMO: VASHJIR_EARTHEN_CAVE.WMO → M2: VJ_CORALTHICK_01.MDX
    WORLD/EXPANSION03/DOODADS/VASHJIR/CORALS/VJ_CORALTHICK_02.MDX
      ↳ Chain: Area: Vashj'ir → ADT: AZEROTH_25_42.ADT → WMO: VASHJIR_EARTHEN_CAVE.WMO → M2: VJ_CORALTHICK_02.MDX
    WORLD/EXPANSION03/DOODADS/VASHJIR/CORALS/VJ_CUCUMBERCORALGREEN01.MDX
      ↳ Chain: Area: Vashj'ir → ADT: AZEROTH_25_42.ADT → WMO: VASHJIR_EARTHEN_CAVE.WMO → M2: VJ_CUCUMBERCORALGREEN01.MDX
    WORLD/EXPANSION03/DOODADS/VASHJIR/CORALS/VJ_MUSHROOMCORALGREEN01.MDX
      ↳ Chain: Area: Vashj'ir → ADT: AZEROTH_25_42.ADT → WMO: VASHJIR_EARTHEN_CAVE.WMO → M2: VJ_MUSHROOMCORALGREEN01.MDX
    WORLD/EXPANSION03/DOODADS/VASHJIR/CORALS/VJ_SEAGRASSGREEN01.MDX
      ↳ Chain: Area: Vashj'ir → ADT: AZEROTH_22_42.ADT → WMO: VASHJIR_ANTICHAMBER.WMO → M2: VJ_SEAGRASSGREEN01.MDX
    WORLD/EXPANSION03/DOODADS/VASHJIR/CORALS/VJ_SEASPONGEBROWN01.MDX
      ↳ Chain: Area: Vashj'ir → ADT: AZEROTH_25_42.ADT → WMO: VASHJIR_EARTHEN_CAVE.WMO → M2: VJ_SEASPONGEBROWN01.MDX
    WORLD/EXPANSION03/DOODADS/VASHJIR/CORALS/VJ_SPIKEDTREECORAL07.MDX
      ↳ Chain: Area: Vashj'ir → ADT: AZEROTH_22_42.ADT → WMO: VASHJIR_ANTICHAMBER.WMO → M2: VJ_SPIKEDTREECORAL07.MDX
    WORLD/EXPANSION03/DOODADS/VASHJIR/DEMIGOD/VJ_DEMIGOD_DOOR.MDX
      ↳ Chain: Area: Vashj'ir → ADT: AZEROTH_20_45.ADT → WMO: DEMIGOD_DOME_DEAD.WMO → M2: VJ_DEMIGOD_DOOR.MDX
    WORLD/EXPANSION03/DOODADS/VASHJIR/DEMIGOD/VJ_DEMIGOD_HEART1.MDX
      ↳ Chain: Area: Vashj'ir → ADT: AZEROTH_25_45.ADT → WMO: DEMIGOD_DOME_LIVING.WMO → M2: VJ_DEMIGOD_HEART1.MDX
    WORLD/EXPANSION03/DOODADS/VASHJIR/DEMIGOD/VJ_DEMIGOD_LIGHTSHAFT_01.MDX
      ↳ Chain: Area: Crestfall → ADT: AZEROTH_13_42.ADT → WMO: 8CRE_AMPTUNNEL01_2459264.WMO → M2: VJ_DEMIGOD_LIGHTSHAFT_01.MDX
    WORLD/EXPANSION03/DOODADS/VASHJIR/DEMIGOD/VJ_DEMIGOD_ORGAN1.MDX
      ↳ Chain: Area: Vashj'ir → ADT: AZEROTH_25_45.ADT → WMO: DEMIGOD_DOME_LIVING.WMO → M2: VJ_DEMIGOD_ORGAN1.MDX
    WORLD/EXPANSION03/DOODADS/VASHJIR/DOMES/VJ_DOME_EYE_01.MDX
      ↳ Chain: Area: Vashj'ir → ADT: AZEROTH_25_45.ADT → WMO: DEMIGOD_DOME_LIVING.WMO → M2: VJ_DOME_EYE_01.MDX
    WORLD/EXPANSION03/DOODADS/VASHJIR/DOMES/VJ_DOME_GLOWCARDS.MDX
      ↳ Chain: Area: Vashj'ir → ADT: AZEROTH_25_45.ADT → WMO: DEMIGOD_DOME_LIVING.WMO → M2: VJ_DOME_GLOWCARDS.MDX
    WORLD/EXPANSION03/DOODADS/VASHJIR/DRAPES/VJ_DRAPES_01.MDX
      ↳ Chain: Area: Vashj'ir → ADT: AZEROTH_25_45.ADT → WMO: DEMIGOD_DOME_LIVING.WMO → M2: VJ_DRAPES_01.MDX
    WORLD/EXPANSION03/DOODADS/VASHJIR/DRAPES/VJ_DRAPES_02.MDX
      ↳ Chain: Area: Vashj'ir → ADT: AZEROTH_25_45.ADT → WMO: DEMIGOD_DOME_LIVING.WMO → M2: VJ_DRAPES_02.MDX
    WORLD/EXPANSION03/DOODADS/VASHJIR/DRAPES/VJ_DRAPES_03.MDX
      ↳ Chain: Area: Vashj'ir → ADT: AZEROTH_25_45.ADT → WMO: DEMIGOD_DOME_LIVING.WMO → M2: VJ_DRAPES_03.MDX
    WORLD/EXPANSION03/DOODADS/VASHJIR/KELP/VJ_KELP01.MDX
      ↳ Chain: Area: Vashj'ir → ADT: AZEROTH_25_42.ADT → WMO: VASHJIR_EARTHEN_CAVE.WMO → M2: VJ_KELP01.MDX
    WORLD/EXPANSION03/DOODADS/VASHJIR/KELP/VJ_KELPBLUE01.MDX
      ↳ Chain: Area: Vashj'ir → ADT: AZEROTH_25_42.ADT → WMO: VASHJIR_EARTHEN_CAVE.WMO → M2: VJ_KELPBLUE01.MDX
    WORLD/EXPANSION03/DOODADS/VASHJIR/PEARL/VJ_GIANTPEARL.MDX
      ↳ Chain: Area: Vashj'ir → ADT: AZEROTH_25_45.ADT → WMO: DEMIGOD_DOME_LIVING.WMO → M2: VJ_GIANTPEARL.MDX
    WORLD/EXPANSION03/DOODADS/VASHJIR/SEAMONSTER/VJ_SEAMONSTER_BONESSKULL_01.MDX
      ↳ Chain: Area: Vashj'ir → ADT: AZEROTH_22_42.ADT → WMO: VASHJIR_ANTICHAMBER.WMO → M2: VJ_SEAMONSTER_BONESSKULL_01.MDX
    WORLD/EXPANSION03/DOODADS/VASHJIR/SEAMONSTER/VJ_SEAMONSTER_BONESSKULL_02.MDX
      ↳ Chain: Area: Vashj'ir → ADT: AZEROTH_22_42.ADT → WMO: VASHJIR_ANTICHAMBER.WMO → M2: VJ_SEAMONSTER_BONESSKULL_02.MDX
    WORLD/EXPANSION03/DOODADS/VASHJIR/TENTACLES/VJ_DOME_TENTACLES_01.MDX
      ↳ Chain: Area: Vashj'ir → ADT: AZEROTH_20_45.ADT → WMO: DEMIGOD_DOME_DEAD.WMO → M2: VJ_DOME_TENTACLES_01.MDX
    WORLD/EXPANSION03/DOODADS/WILDHAMMER/BANNER/WILDHAMMER_BANNER_02.MDX
      ↳ Chain: Area: Highlands → ADT: AZEROTH_42_37.ADT → WMO: WILDHAMMERDWARF_COTTAGEB.WMO → M2: WILDHAMMER_BANNER_02.MDX
    WORLD/EXPANSION03/DOODADS/WILDHAMMER/GRYPHONCHICKS/WILDHAMMER_GRYPHON_CHICKS.MDX
      ↳ Chain: Area: Highlands → ADT: AZEROTH_42_37.ADT → WMO: WILDHAMMERDWARF_COTTAGEB.WMO → M2: WILDHAMMER_GRYPHON_CHICKS.MDX
    WORLD/EXPANSION03/DOODADS/WILDHAMMER/GRYPHONINCUBATOR/WILDHAMMER_GRYPHON_INCUBATOR.MDX
      ↳ Chain: Area: Highlands → ADT: AZEROTH_42_39.ADT → WMO: WILDHAMMERDWARF_COTTAGEA.WMO → M2: WILDHAMMER_GRYPHON_INCUBATOR.MDX
    WORLD/EXPANSION03/DOODADS/WILDHAMMER/SHELF/WILDHAMMER_SHELF_01.MDX
      ↳ Chain: Area: Highlands → ADT: AZEROTH_42_39.ADT → WMO: WILDHAMMERDWARF_COTTAGEA.WMO → M2: WILDHAMMER_SHELF_01.MDX
    WORLD/EXPANSION03/DOODADS/WILDHAMMER/STORMHAMMER/WILDHAMMER_STORMHAMMER_01.MDX
      ↳ Chain: Area: Highlands → ADT: AZEROTH_42_39.ADT → WMO: WILDHAMMERDWARF_TWOSTORYA.WMO → M2: WILDHAMMER_STORMHAMMER_01.MDX
    WORLD/EXPANSION03/DOODADS/WILDHAMMER/STOVE/WILDHAMMER_STOVE.MDX
      ↳ Chain: Area: Highlands → ADT: AZEROTH_42_37.ADT → WMO: WILDHAMMERDWARF_COTTAGEB.WMO → M2: WILDHAMMER_STOVE.MDX
    WORLD/EXPANSION03/DOODADS/WILDHAMMER/WILDHAMMER_FOG.MDX
      ↳ Chain: Area: Hyjal → ADT: KALIMDOR_38_21.ADT → WMO: HYJAL_BARROW_DEN.WMO → M2: WILDHAMMER_FOG.MDX
    WORLD/EXPANSION03/DOODADS/WORGEN/EFFECTS/GILNEAS_DWELLINGWATER_01.MDX
      ↳ Chain: Area: Gilneas → ADT: AZEROTH_29_36.ADT → WMO: GILNEAS_WORGENDWELLINGWMO.WMO → M2: GILNEAS_DWELLINGWATER_01.MDX
    WORLD/EXPANSION03/DOODADS/WORGEN/EFFECTS/WORGEN_PUDDLESPLASH_01.MDX
      ↳ Chain: Area: Tol Barad → ADT: AZEROTH_19_36.ADT → WMO: TB_MICRO03.WMO → M2: WORGEN_PUDDLESPLASH_01.MDX
    WORLD/EXPANSION03/DOODADS/WORGEN/EFFECTS/WORGEN_RAINDRIPS_01.MDX
      ↳ Chain: Area: Vashj'ir → ADT: AZEROTH_24_40.ADT → WMO: TRANSPORT_SHIP_UD_SUNKENSHIP.WMO → M2: WORGEN_RAINDRIPS_01.MDX
    WORLD/EXPANSION03/DOODADS/WORGEN/FARM/WORGEN_CHICKENCOUP_01.MDX
      ↳ Chain: Area: Uldum → ADT: KALIMDOR_33_53.ADT → WMO: TOLVIR_BUILDING_10.WMO → M2: WORGEN_CHICKENCOUP_01.MDX
    WORLD/EXPANSION03/DOODADS/WORGEN/FENCES/WORGEN_TOWNLAMP_01.MDX
      ↳ Chain: Area: Hillsbrad Foothills → ADT: AZEROTH_30_34.ADT → WMO: GILNEAS_GREYMANE_WALL_OPENED.WMO → M2: WORGEN_TOWNLAMP_01.MDX
    WORLD/EXPANSION03/DOODADS/WORGEN/FENCES/WORGEN_TOWNLAMP_02.MDX
      ↳ Chain: Area: Hillsbrad Foothills → ADT: AZEROTH_30_34.ADT → WMO: AZ_WORGENMINE.WMO → M2: WORGEN_TOWNLAMP_02.MDX
    WORLD/EXPANSION03/DOODADS/WORGEN/ITEMS/WORGEN_AFGAN_01.MDX
      ↳ Chain: Area: Highlands → ADT: AZEROTH_42_39.ADT → WMO: WILDHAMMERDWARF_COTTAGEA.WMO → M2: WORGEN_AFGAN_01.MDX
    WORLD/EXPANSION03/DOODADS/WORGEN/ITEMS/WORGEN_AFGAN_02.MDX
      ↳ Chain: Area: Blasted Lands → ADT: AZEROTH_37_55.ADT → WMO: GILNEAS_HOUSE_A.WMO → M2: WORGEN_AFGAN_02.MDX
    WORLD/EXPANSION03/DOODADS/WORGEN/ITEMS/WORGEN_BARREL_01.MDX
      ↳ Chain: Area: Kezan → ADT: KALIMDOR_56_52.ADT → WMO: BARGE_DOCK.WMO → M2: WORGEN_BARREL_01.MDX
    WORLD/EXPANSION03/DOODADS/WORGEN/ITEMS/WORGEN_BARREL_APPLE_01.MDX
      ↳ Chain: Area: Highlands → ADT: AZEROTH_42_39.ADT → WMO: WILDHAMMERDWARF_COTTAGEA.WMO → M2: WORGEN_BARREL_APPLE_01.MDX
    WORLD/EXPANSION03/DOODADS/WORGEN/ITEMS/WORGEN_BARREL_BROKEN.MDX
      ↳ Chain: Area: Hillsbrad Foothills → ADT: AZEROTH_30_34.ADT → WMO: AZ_WORGENMINE.WMO → M2: WORGEN_BARREL_BROKEN.MDX
    WORLD/EXPANSION03/DOODADS/WORGEN/ITEMS/WORGEN_BARREL_CORN_01.MDX
      ↳ Chain: Area: Highlands → ADT: AZEROTH_42_39.ADT → WMO: WILDHAMMERDWARF_COTTAGEA.WMO → M2: WORGEN_BARREL_CORN_01.MDX
    WORLD/EXPANSION03/DOODADS/WORGEN/ITEMS/WORGEN_BEDBUNK_02.MDX
      ↳ Chain: Area: Gilneas → ADT: AZEROTH_27_35.ADT → WMO: GILNEAS_HOUSE_B.WMO → M2: WORGEN_BEDBUNK_02.MDX
    WORLD/EXPANSION03/DOODADS/WORGEN/ITEMS/WORGEN_BEDLADDER.MDX
      ↳ Chain: Area: Gilneas → ADT: AZEROTH_27_35.ADT → WMO: GILNEAS_HOUSE_B.WMO → M2: WORGEN_BEDLADDER.MDX
    WORLD/EXPANSION03/DOODADS/WORGEN/ITEMS/WORGEN_BED_KID_01.MDX
      ↳ Chain: Area: Gilneas → ADT: AZEROTH_27_35.ADT → WMO: GILNEAS_HOUSE_B.WMO → M2: WORGEN_BED_KID_01.MDX
    WORLD/EXPANSION03/DOODADS/WORGEN/ITEMS/WORGEN_BED_KID_02.MDX
      ↳ Chain: Area: Gilneas → ADT: AZEROTH_27_35.ADT → WMO: GILNEAS_HOUSE_B.WMO → M2: WORGEN_BED_KID_02.MDX
    WORLD/EXPANSION03/DOODADS/WORGEN/ITEMS/WORGEN_BED_LARGE_01.MDX
      ↳ Chain: Area: Blasted Lands → ADT: AZEROTH_37_55.ADT → WMO: GILNEAS_HOUSE_A.WMO → M2: WORGEN_BED_LARGE_01.MDX
    WORLD/EXPANSION03/DOODADS/WORGEN/ITEMS/WORGEN_BED_LARGE_02.MDX
      ↳ Chain: Area: Gilneas → ADT: AZEROTH_27_35.ADT → WMO: GILNEAS_HOUSE_B.WMO → M2: WORGEN_BED_LARGE_02.MDX
    WORLD/EXPANSION03/DOODADS/WORGEN/ITEMS/WORGEN_BED_MID_01.MDX
      ↳ Chain: Area: Blasted Lands → ADT: AZEROTH_37_55.ADT → WMO: GILNEAS_HOUSE_A.WMO → M2: WORGEN_BED_MID_01.MDX
    WORLD/EXPANSION03/DOODADS/WORGEN/ITEMS/WORGEN_BED_MID_02.MDX
      ↳ Chain: Area: Blasted Lands → ADT: AZEROTH_37_55.ADT → WMO: GILNEAS_HOUSE_A.WMO → M2: WORGEN_BED_MID_02.MDX
    WORLD/EXPANSION03/DOODADS/WORGEN/ITEMS/WORGEN_BENCH_01.MDX
      ↳ Chain: Area: Vashj'ir → ADT: AZEROTH_24_43.ADT → WMO: VASHJIR_TOWER_CAVE.WMO → M2: WORGEN_BENCH_01.MDX
    WORLD/EXPANSION03/DOODADS/WORGEN/ITEMS/WORGEN_BENCH_02.MDX
      ↳ Chain: Area: Gilneas → ADT: AZEROTH_29_35.ADT → WMO: GILNEAS_CATHEDRAL.WMO → M2: WORGEN_BENCH_02.MDX
    WORLD/EXPANSION03/DOODADS/WORGEN/ITEMS/WORGEN_BOTTLE_01.MDX
      ↳ Chain: Area: Vashj'ir → ADT: AZEROTH_24_43.ADT → WMO: VASHJIR_TOWER_CAVE.WMO → M2: WORGEN_BOTTLE_01.MDX
    WORLD/EXPANSION03/DOODADS/WORGEN/ITEMS/WORGEN_BOTTLE_02.MDX
      ↳ Chain: Area: Highlands → ADT: AZEROTH_42_39.ADT → WMO: WILDHAMMERDWARF_COTTAGEA.WMO → M2: WORGEN_BOTTLE_02.MDX
    WORLD/EXPANSION03/DOODADS/WORGEN/ITEMS/WORGEN_BOTTLE_03.MDX
      ↳ Chain: Area: Hillsbrad Foothills → ADT: AZEROTH_30_34.ADT → WMO: AZ_WORGENMINE.WMO → M2: WORGEN_BOTTLE_03.MDX
    WORLD/EXPANSION03/DOODADS/WORGEN/ITEMS/WORGEN_BOTTLE_04.MDX
      ↳ Chain: Area: Kezan → ADT: KALIMDOR_56_52.ADT → WMO: THOUSANDNEEDLES_RACERBARGE.WMO → M2: WORGEN_BOTTLE_04.MDX
    WORLD/EXPANSION03/DOODADS/WORGEN/ITEMS/WORGEN_BOTTLE_05.MDX
      ↳ Chain: Area: Hillsbrad Foothills → ADT: AZEROTH_30_34.ADT → WMO: AZ_WORGENMINE.WMO → M2: WORGEN_BOTTLE_05.MDX
    WORLD/EXPANSION03/DOODADS/WORGEN/ITEMS/WORGEN_BOTTLE_06.MDX
      ↳ Chain: Area: Highlands → ADT: AZEROTH_42_39.ADT → WMO: WILDHAMMERDWARF_COTTAGEA.WMO → M2: WORGEN_BOTTLE_06.MDX
    WORLD/EXPANSION03/DOODADS/WORGEN/ITEMS/WORGEN_BOTTLE_07.MDX
      ↳ Chain: Area: Kezan → ADT: KALIMDOR_56_52.ADT → WMO: THOUSANDNEEDLES_RACERBARGE.WMO → M2: WORGEN_BOTTLE_07.MDX
    WORLD/EXPANSION03/DOODADS/WORGEN/ITEMS/WORGEN_BOTTLE_08.MDX
      ↳ Chain: Area: Highlands → ADT: AZEROTH_42_39.ADT → WMO: WILDHAMMERDWARF_COTTAGEA.WMO → M2: WORGEN_BOTTLE_08.MDX
    WORLD/EXPANSION03/DOODADS/WORGEN/ITEMS/WORGEN_BOTTLE_09.MDX
      ↳ Chain: Area: Highlands → ADT: AZEROTH_42_39.ADT → WMO: WILDHAMMERDWARF_COTTAGEA.WMO → M2: WORGEN_BOTTLE_09.MDX
    WORLD/EXPANSION03/DOODADS/WORGEN/ITEMS/WORGEN_BOTTLE_10.MDX
      ↳ Chain: Area: Kezan → ADT: KALIMDOR_56_52.ADT → WMO: THOUSANDNEEDLES_RACERBARGE.WMO → M2: WORGEN_BOTTLE_10.MDX
    WORLD/EXPANSION03/DOODADS/WORGEN/ITEMS/WORGEN_BRAZIER_01.MDX
      ↳ Chain: Area: Hillsbrad Foothills → ADT: AZEROTH_30_34.ADT → WMO: AZ_WORGENMINE.WMO → M2: WORGEN_BRAZIER_01.MDX
    WORLD/EXPANSION03/DOODADS/WORGEN/ITEMS/WORGEN_BRICK02.MDX
      ↳ Chain: Area: Gilneas → ADT: AZEROTH_27_35.ADT → WMO: GILNEAS_HOUSE_B.WMO → M2: WORGEN_BRICK02.MDX
    WORLD/EXPANSION03/DOODADS/WORGEN/ITEMS/WORGEN_CANDLE.MDX
      ↳ Chain: Area: Hillsbrad Foothills → ADT: AZEROTH_30_34.ADT → WMO: AZ_WORGENMINE.WMO → M2: WORGEN_CANDLE.MDX
    WORLD/EXPANSION03/DOODADS/WORGEN/ITEMS/WORGEN_CAULDRON_01.MDX
      ↳ Chain: Area: Gilneas → ADT: AZEROTH_30_35.ADT → WMO: GILNEAS_HOUSE_E.WMO → M2: WORGEN_CAULDRON_01.MDX
    WORLD/EXPANSION03/DOODADS/WORGEN/ITEMS/WORGEN_CELLAR_DOOR_01.MDX
      ↳ Chain: Area: Gilneas → ADT: AZEROTH_27_35.ADT → WMO: GILNEAS_HOUSE_F.WMO → M2: WORGEN_CELLAR_DOOR_01.MDX
    WORLD/EXPANSION03/DOODADS/WORGEN/ITEMS/WORGEN_CHAIR_01.MDX
      ↳ Chain: Area: Hillsbrad Foothills → ADT: AZEROTH_30_34.ADT → WMO: AZ_WORGENMINE.WMO → M2: WORGEN_CHAIR_01.MDX
    WORLD/EXPANSION03/DOODADS/WORGEN/ITEMS/WORGEN_CHARM.MDX
      ↳ Chain: Area: Blasted Lands → ADT: AZEROTH_37_55.ADT → WMO: GILNEAS_HOUSE_A.WMO → M2: WORGEN_CHARM.MDX
    WORLD/EXPANSION03/DOODADS/WORGEN/ITEMS/WORGEN_CLOTHES_02.MDX
      ↳ Chain: Area: Gilneas → ADT: AZEROTH_30_35.ADT → WMO: GILNEAS_HOUSE_E.WMO → M2: WORGEN_CLOTHES_02.MDX
    WORLD/EXPANSION03/DOODADS/WORGEN/ITEMS/WORGEN_CLOTHES_03.MDX
      ↳ Chain: Area: Vashj'ir → ADT: AZEROTH_21_45.ADT → WMO: VASHJIR_LARGE_CAVE.WMO → M2: WORGEN_CLOTHES_03.MDX
    WORLD/EXPANSION03/DOODADS/WORGEN/ITEMS/WORGEN_CLOTHES_04.MDX
      ↳ Chain: Area: Highlands → ADT: AZEROTH_42_39.ADT → WMO: WILDHAMMERDWARF_COTTAGEA.WMO → M2: WORGEN_CLOTHES_04.MDX
    WORLD/EXPANSION03/DOODADS/WORGEN/ITEMS/WORGEN_CLOTHES_05.MDX
      ↳ Chain: Area: Vashj'ir → ADT: AZEROTH_21_45.ADT → WMO: VASHJIR_LARGE_CAVE.WMO → M2: WORGEN_CLOTHES_05.MDX
    WORLD/EXPANSION03/DOODADS/WORGEN/ITEMS/WORGEN_CLOTHES_06.MDX
      ↳ Chain: Area: Blasted Lands → ADT: AZEROTH_37_55.ADT → WMO: GILNEAS_HOUSE_A.WMO → M2: WORGEN_CLOTHES_06.MDX
    WORLD/EXPANSION03/DOODADS/WORGEN/ITEMS/WORGEN_CLOTHES_07.MDX
      ↳ Chain: Area: Blasted Lands → ADT: AZEROTH_37_55.ADT → WMO: GILNEAS_HOUSE_A.WMO → M2: WORGEN_CLOTHES_07.MDX
    WORLD/EXPANSION03/DOODADS/WORGEN/ITEMS/WORGEN_CRATE01.MDX
      ↳ Chain: Area: Hillsbrad Foothills → ADT: AZEROTH_30_34.ADT → WMO: AZ_WORGENMINE.WMO → M2: WORGEN_CRATE01.MDX
    WORLD/EXPANSION03/DOODADS/WORGEN/ITEMS/WORGEN_CRATE_BROKEN_01.MDX
      ↳ Chain: Area: Hillsbrad Foothills → ADT: AZEROTH_30_34.ADT → WMO: AZ_WORGENMINE.WMO → M2: WORGEN_CRATE_BROKEN_01.MDX
    WORLD/EXPANSION03/DOODADS/WORGEN/ITEMS/WORGEN_CRATE_BROKEN_02.MDX
      ↳ Chain: Area: Hillsbrad Foothills → ADT: AZEROTH_30_34.ADT → WMO: AZ_WORGENMINE.WMO → M2: WORGEN_CRATE_BROKEN_02.MDX
    WORLD/EXPANSION03/DOODADS/WORGEN/ITEMS/WORGEN_CRATE_BROKEN_03.MDX
      ↳ Chain: Area: Hillsbrad Foothills → ADT: AZEROTH_30_34.ADT → WMO: AZ_WORGENMINE.WMO → M2: WORGEN_CRATE_BROKEN_03.MDX
    WORLD/EXPANSION03/DOODADS/WORGEN/ITEMS/WORGEN_DOOR_01.MDX
      ↳ Chain: Area: Havenswood → ADT: AZEROTH_21_28.ADT → WMO: GILNEAS_HOUSE_A_CLOSED.WMO → M2: WORGEN_DOOR_01.MDX
    WORLD/EXPANSION03/DOODADS/WORGEN/ITEMS/WORGEN_DOOR_02.MDX
      ↳ Chain: Area: Gilneas → ADT: AZEROTH_27_35.ADT → WMO: GILNEAS_HOUSE_B.WMO → M2: WORGEN_DOOR_02.MDX
    WORLD/EXPANSION03/DOODADS/WORGEN/ITEMS/WORGEN_FISHING_RACK_01.MDX
      ↳ Chain: Area: Vashj'ir → ADT: AZEROTH_21_45.ADT → WMO: VASHJIR_LARGE_CAVE.WMO → M2: WORGEN_FISHING_RACK_01.MDX
    WORLD/EXPANSION03/DOODADS/WORGEN/ITEMS/WORGEN_FISH_BARREL.MDX
      ↳ Chain: Area: Vashj'ir → ADT: AZEROTH_21_45.ADT → WMO: VASHJIR_LARGE_CAVE.WMO → M2: WORGEN_FISH_BARREL.MDX
    WORLD/EXPANSION03/DOODADS/WORGEN/ITEMS/WORGEN_FLOWERSDRY_01.MDX
      ↳ Chain: Area: Highlands → ADT: AZEROTH_42_39.ADT → WMO: WILDHAMMERDWARF_TWOSTORYA.WMO → M2: WORGEN_FLOWERSDRY_01.MDX
    WORLD/EXPANSION03/DOODADS/WORGEN/ITEMS/WORGEN_INNTABLE.MDX
      ↳ Chain: Area: Blasted Lands → ADT: AZEROTH_37_55.ADT → WMO: GILNEAS_HOUSE_A.WMO → M2: WORGEN_INNTABLE.MDX
    WORLD/EXPANSION03/DOODADS/WORGEN/ITEMS/WORGEN_KEG_01.MDX
      ↳ Chain: Area: Highlands → ADT: AZEROTH_42_39.ADT → WMO: WILDHAMMERDWARF_COTTAGEA.WMO → M2: WORGEN_KEG_01.MDX
    WORLD/EXPANSION03/DOODADS/WORGEN/ITEMS/WORGEN_LAMP_02.MDX
      ↳ Chain: Area: Gilneas → ADT: AZEROTH_29_35.ADT → WMO: GILNEAS_CATHEDRAL.WMO → M2: WORGEN_LAMP_02.MDX
    WORLD/EXPANSION03/DOODADS/WORGEN/ITEMS/WORGEN_LAMP_03.MDX
      ↳ Chain: Area: Gilneas → ADT: AZEROTH_27_35.ADT → WMO: GILNEAS_HOUSE_B.WMO → M2: WORGEN_LAMP_03.MDX
    WORLD/EXPANSION03/DOODADS/WORGEN/ITEMS/WORGEN_LAMP_04.MDX
      ↳ Chain: Area: Gilneas → ADT: AZEROTH_29_35.ADT → WMO: GILNEAS_CATHEDRAL.WMO → M2: WORGEN_LAMP_04.MDX
    WORLD/EXPANSION03/DOODADS/WORGEN/ITEMS/WORGEN_LAMP_05.MDX
      ↳ Chain: Area: Gilneas → ADT: AZEROTH_29_35.ADT → WMO: GILNEAS_CATHEDRAL.WMO → M2: WORGEN_LAMP_05.MDX
    WORLD/EXPANSION03/DOODADS/WORGEN/ITEMS/WORGEN_LUGGAGE_01.MDX
      ↳ Chain: Area: Vashj'ir → ADT: AZEROTH_21_45.ADT → WMO: VASHJIR_LARGE_CAVE.WMO → M2: WORGEN_LUGGAGE_01.MDX
    WORLD/EXPANSION03/DOODADS/WORGEN/ITEMS/WORGEN_LUGGAGE_02.MDX
      ↳ Chain: Area: Vashj'ir → ADT: AZEROTH_24_43.ADT → WMO: VASHJIR_TOWER_CAVE.WMO → M2: WORGEN_LUGGAGE_02.MDX
    WORLD/EXPANSION03/DOODADS/WORGEN/ITEMS/WORGEN_LUGGAGE_03.MDX
      ↳ Chain: Area: Highlands → ADT: AZEROTH_42_39.ADT → WMO: WILDHAMMERDWARF_COTTAGEA.WMO → M2: WORGEN_LUGGAGE_03.MDX
    WORLD/EXPANSION03/DOODADS/WORGEN/ITEMS/WORGEN_LUGGAGE_04.MDX
      ↳ Chain: Area: Highlands → ADT: AZEROTH_42_39.ADT → WMO: WILDHAMMERDWARF_COTTAGEA.WMO → M2: WORGEN_LUGGAGE_04.MDX
    WORLD/EXPANSION03/DOODADS/WORGEN/ITEMS/WORGEN_LUGGAGE_05.MDX
      ↳ Chain: Area: Highlands → ADT: AZEROTH_42_39.ADT → WMO: WILDHAMMERDWARF_COTTAGEA.WMO → M2: WORGEN_LUGGAGE_05.MDX
    WORLD/EXPANSION03/DOODADS/WORGEN/ITEMS/WORGEN_LUGGAGE_06.MDX
      ↳ Chain: Area: Vashj'ir → ADT: AZEROTH_24_43.ADT → WMO: VASHJIR_TOWER_CAVE.WMO → M2: WORGEN_LUGGAGE_06.MDX
    WORLD/EXPANSION03/DOODADS/WORGEN/ITEMS/WORGEN_NAIL.MDX
      ↳ Chain: Area: Uldum → ADT: KALIMDOR_35_50.ADT → WMO: ULDUM_ENEMY_VILLAGE.WMO → M2: WORGEN_NAIL.MDX
    WORLD/EXPANSION03/DOODADS/WORGEN/ITEMS/WORGEN_NAIL_02.MDX
      ↳ Chain: Area: Blasted Lands → ADT: AZEROTH_37_55.ADT → WMO: GILNEAS_HOUSE_A.WMO → M2: WORGEN_NAIL_02.MDX
    WORLD/EXPANSION03/DOODADS/WORGEN/ITEMS/WORGEN_PADDLE.MDX
      ↳ Chain: Area: Highlands → ADT: AZEROTH_42_39.ADT → WMO: WILDHAMMERDWARF_LONGHOUSE.WMO → M2: WORGEN_PADDLE.MDX
    WORLD/EXPANSION03/DOODADS/WORGEN/ITEMS/WORGEN_PAPER_01.MDX
      ↳ Chain: Area: Uldum → ADT: KALIMDOR_33_50.ADT → WMO: VASHJIR_SMALL_CAVE_A.WMO → M2: WORGEN_PAPER_01.MDX
    WORLD/EXPANSION03/DOODADS/WORGEN/ITEMS/WORGEN_PAPER_02.MDX
      ↳ Chain: Area: Blasted Lands → ADT: AZEROTH_37_55.ADT → WMO: GILNEAS_HOUSE_A.WMO → M2: WORGEN_PAPER_02.MDX
    WORLD/EXPANSION03/DOODADS/WORGEN/ITEMS/WORGEN_PAPER_03.MDX
      ↳ Chain: Area: Blasted Lands → ADT: AZEROTH_37_55.ADT → WMO: GILNEAS_HOUSE_A.WMO → M2: WORGEN_PAPER_03.MDX
    WORLD/EXPANSION03/DOODADS/WORGEN/ITEMS/WORGEN_PAPER_04.MDX
      ↳ Chain: Area: Uldum → ADT: KALIMDOR_33_50.ADT → WMO: VASHJIR_SMALL_CAVE_A.WMO → M2: WORGEN_PAPER_04.MDX
    WORLD/EXPANSION03/DOODADS/WORGEN/ITEMS/WORGEN_PAPER_05.MDX
      ↳ Chain: Area: Blasted Lands → ADT: AZEROTH_37_55.ADT → WMO: GILNEAS_HOUSE_A.WMO → M2: WORGEN_PAPER_05.MDX
    WORLD/EXPANSION03/DOODADS/WORGEN/ITEMS/WORGEN_PAPER_06.MDX
      ↳ Chain: Area: Uldum → ADT: KALIMDOR_33_50.ADT → WMO: VASHJIR_SMALL_CAVE_A.WMO → M2: WORGEN_PAPER_06.MDX
    WORLD/EXPANSION03/DOODADS/WORGEN/ITEMS/WORGEN_PAPER_07.MDX
      ↳ Chain: Area: Blasted Lands → ADT: AZEROTH_37_55.ADT → WMO: GILNEAS_HOUSE_A.WMO → M2: WORGEN_PAPER_07.MDX
    WORLD/EXPANSION03/DOODADS/WORGEN/ITEMS/WORGEN_PAPER_09.MDX
      ↳ Chain: Area: Blasted Lands → ADT: AZEROTH_37_55.ADT → WMO: GILNEAS_HOUSE_A.WMO → M2: WORGEN_PAPER_09.MDX
    WORLD/EXPANSION03/DOODADS/WORGEN/ITEMS/WORGEN_PAPER_10.MDX
      ↳ Chain: Area: Blasted Lands → ADT: AZEROTH_37_55.ADT → WMO: GILNEAS_HOUSE_A.WMO → M2: WORGEN_PAPER_10.MDX
    WORLD/EXPANSION03/DOODADS/WORGEN/ITEMS/WORGEN_PAPER_11.MDX
      ↳ Chain: Area: Highlands → ADT: AZEROTH_42_39.ADT → WMO: WILDHAMMERDWARF_TWOSTORYA.WMO → M2: WORGEN_PAPER_11.MDX
    WORLD/EXPANSION03/DOODADS/WORGEN/ITEMS/WORGEN_PAPER_12.MDX
      ↳ Chain: Area: Highlands → ADT: AZEROTH_42_39.ADT → WMO: WILDHAMMERDWARF_TWOSTORYA.WMO → M2: WORGEN_PAPER_12.MDX
    WORLD/EXPANSION03/DOODADS/WORGEN/ITEMS/WORGEN_PAPER_PILE.MDX
      ↳ Chain: Area: Highlands → ADT: AZEROTH_42_39.ADT → WMO: WILDHAMMERDWARF_COTTAGEA.WMO → M2: WORGEN_PAPER_PILE.MDX
    WORLD/EXPANSION03/DOODADS/WORGEN/ITEMS/WORGEN_PAPER_PILE_02.MDX
      ↳ Chain: Area: Kezan → ADT: KALIMDOR_56_52.ADT → WMO: THOUSANDNEEDLES_RACERBARGE.WMO → M2: WORGEN_PAPER_PILE_02.MDX
    WORLD/EXPANSION03/DOODADS/WORGEN/ITEMS/WORGEN_PILLOW_01.MDX
      ↳ Chain: Area: Vashj'ir → ADT: AZEROTH_24_43.ADT → WMO: VASHJIR_TOWER_CAVE.WMO → M2: WORGEN_PILLOW_01.MDX
    WORLD/EXPANSION03/DOODADS/WORGEN/ITEMS/WORGEN_PILLOW_02.MDX
      ↳ Chain: Area: Blasted Lands → ADT: AZEROTH_37_55.ADT → WMO: GILNEAS_HOUSE_A.WMO → M2: WORGEN_PILLOW_02.MDX
    WORLD/EXPANSION03/DOODADS/WORGEN/ITEMS/WORGEN_PILLOW_03.MDX
      ↳ Chain: Area: Highlands → ADT: AZEROTH_42_39.ADT → WMO: WILDHAMMERDWARF_COTTAGEA.WMO → M2: WORGEN_PILLOW_03.MDX
    WORLD/EXPANSION03/DOODADS/WORGEN/ITEMS/WORGEN_PILLOW_04.MDX
      ↳ Chain: Area: Highlands → ADT: AZEROTH_42_39.ADT → WMO: WILDHAMMERDWARF_COTTAGEA.WMO → M2: WORGEN_PILLOW_04.MDX
    WORLD/EXPANSION03/DOODADS/WORGEN/ITEMS/WORGEN_PITCHFORK_01.MDX
      ↳ Chain: Area: Highlands → ADT: AZEROTH_42_39.ADT → WMO: WILDHAMMERDWARF_COTTAGEA.WMO → M2: WORGEN_PITCHFORK_01.MDX
    WORLD/EXPANSION03/DOODADS/WORGEN/ITEMS/WORGEN_PLANK_01.MDX
      ↳ Chain: Area: Gilneas → ADT: AZEROTH_27_35.ADT → WMO: GILNEAS_HOUSE_B.WMO → M2: WORGEN_PLANK_01.MDX
    WORLD/EXPANSION03/DOODADS/WORGEN/ITEMS/WORGEN_POODAD_HORSE.MDX
      ↳ Chain: Area: Highlands → ADT: AZEROTH_42_39.ADT → WMO: WILDHAMMERDWARF_COTTAGEA.WMO → M2: WORGEN_POODAD_HORSE.MDX
    WORLD/EXPANSION03/DOODADS/WORGEN/ITEMS/WORGEN_ROCKINGCHAIR.MDX
      ↳ Chain: Area: Blasted Lands → ADT: AZEROTH_37_55.ADT → WMO: GILNEAS_HOUSE_A.WMO → M2: WORGEN_ROCKINGCHAIR.MDX
    WORLD/EXPANSION03/DOODADS/WORGEN/ITEMS/WORGEN_ROWBOAT01.MDX
      ↳ Chain: Area: Blasted Lands → ADT: AZEROTH_37_55.ADT → WMO: GILNEAS_HOUSE_A.WMO → M2: WORGEN_ROWBOAT01.MDX
    WORLD/EXPANSION03/DOODADS/WORGEN/ITEMS/WORGEN_ROWBOAT03.MDX
      ↳ Chain: Area: Vashj'ir → ADT: AZEROTH_21_45.ADT → WMO: VASHJIR_LARGE_CAVE.WMO → M2: WORGEN_ROWBOAT03.MDX
    WORLD/EXPANSION03/DOODADS/WORGEN/ITEMS/WORGEN_SADDLE_01.MDX
      ↳ Chain: Area: Blasted Lands → ADT: AZEROTH_37_55.ADT → WMO: GILNEAS_HOUSE_C.WMO → M2: WORGEN_SADDLE_01.MDX
    WORLD/EXPANSION03/DOODADS/WORGEN/ITEMS/WORGEN_SCARECROW.MDX
      ↳ Chain: Area: Blasted Lands → ADT: AZEROTH_37_55.ADT → WMO: GILNEAS_HOUSE_A.WMO → M2: WORGEN_SCARECROW.MDX
    WORLD/EXPANSION03/DOODADS/WORGEN/ITEMS/WORGEN_SHEERS_01.MDX
      ↳ Chain: Area: Gilneas → ADT: AZEROTH_27_35.ADT → WMO: GILNEAS_HOUSE_B.WMO → M2: WORGEN_SHEERS_01.MDX
    WORLD/EXPANSION03/DOODADS/WORGEN/ITEMS/WORGEN_SHELF_01.MDX
      ↳ Chain: Area: Blasted Lands → ADT: AZEROTH_37_55.ADT → WMO: GILNEAS_HOUSE_A.WMO → M2: WORGEN_SHELF_01.MDX
    WORLD/EXPANSION03/DOODADS/WORGEN/ITEMS/WORGEN_SHELF_02.MDX
      ↳ Chain: Area: Highlands → ADT: AZEROTH_42_39.ADT → WMO: WILDHAMMERDWARF_COTTAGEA.WMO → M2: WORGEN_SHELF_02.MDX
    WORLD/EXPANSION03/DOODADS/WORGEN/ITEMS/WORGEN_STOCKS_02.MDX
      ↳ Chain: Area: Tol Barad → ADT: AZEROTH_19_36.ADT → WMO: TB_MICRO03.WMO → M2: WORGEN_STOCKS_02.MDX
    WORLD/EXPANSION03/DOODADS/WORGEN/ITEMS/WORGEN_TABLELAMP_01.MDX
      ↳ Chain: Area: Hillsbrad Foothills → ADT: AZEROTH_30_34.ADT → WMO: AZ_WORGENMINE.WMO → M2: WORGEN_TABLELAMP_01.MDX
    WORLD/EXPANSION03/DOODADS/WORGEN/ITEMS/WORGEN_TABLE_01.MDX
      ↳ Chain: Area: Hillsbrad Foothills → ADT: AZEROTH_30_34.ADT → WMO: AZ_WORGENMINE.WMO → M2: WORGEN_TABLE_01.MDX
    WORLD/EXPANSION03/DOODADS/WORGEN/ITEMS/WORGEN_TABLE_02.MDX
      ↳ Chain: Area: Blasted Lands → ADT: AZEROTH_37_55.ADT → WMO: GILNEAS_HOUSE_A.WMO → M2: WORGEN_TABLE_02.MDX
    WORLD/EXPANSION03/DOODADS/WORGEN/ITEMS/WORGEN_TACKLEBOX_01.MDX
      ↳ Chain: Area: Vashj'ir → ADT: AZEROTH_21_45.ADT → WMO: VASHJIR_LARGE_CAVE.WMO → M2: WORGEN_TACKLEBOX_01.MDX
    WORLD/EXPANSION03/DOODADS/WORGEN/ITEMS/WORGEN_TAPESTRY_01.MDX
      ↳ Chain: Area: Blasted Lands → ADT: AZEROTH_37_55.ADT → WMO: GILNEAS_HOUSE_A.WMO → M2: WORGEN_TAPESTRY_01.MDX
    WORLD/EXPANSION03/DOODADS/WORGEN/ITEMS/WORGEN_TAPESTRY_02.MDX
      ↳ Chain: Area: Blasted Lands → ADT: AZEROTH_37_55.ADT → WMO: GILNEAS_HOUSE_A.WMO → M2: WORGEN_TAPESTRY_02.MDX
    WORLD/EXPANSION03/DOODADS/WORGEN/ITEMS/WORGEN_TRAINTRACK_CURVE_01.MDX
      ↳ Chain: Area: Hillsbrad Foothills → ADT: AZEROTH_30_34.ADT → WMO: AZ_WORGENMINE.WMO → M2: WORGEN_TRAINTRACK_CURVE_01.MDX
    WORLD/EXPANSION03/DOODADS/WORGEN/ITEMS/WORGEN_TRAINTRACK_STRAIGHT_01.MDX
      ↳ Chain: Area: Hillsbrad Foothills → ADT: AZEROTH_30_34.ADT → WMO: AZ_WORGENMINE.WMO → M2: WORGEN_TRAINTRACK_STRAIGHT_01.MDX
    WORLD/EXPANSION03/DOODADS/WORGEN/ITEMS/WORGEN_TRAINTRACK_STRAIGHT_02.MDX
      ↳ Chain: Area: Hillsbrad Foothills → ADT: AZEROTH_30_34.ADT → WMO: AZ_WORGENMINE.WMO → M2: WORGEN_TRAINTRACK_STRAIGHT_02.MDX
    WORLD/EXPANSION03/DOODADS/WORGEN/ITEMS/WORGEN_TROUGH.MDX
      ↳ Chain: Area: Hillsbrad Foothills → ADT: AZEROTH_30_34.ADT → WMO: AZ_WORGENMINE.WMO → M2: WORGEN_TROUGH.MDX
    WORLD/EXPANSION03/DOODADS/WORGEN/ITEMS/WORGEN_WAGON_01.MDX
      ↳ Chain: Area: Gilneas → ADT: AZEROTH_27_35.ADT → WMO: GILNEAS_HOUSE_F.WMO → M2: WORGEN_WAGON_01.MDX
    WORLD/EXPANSION03/DOODADS/WORGEN/ITEMS/WORGEN_WARNING_SIGN01.MDX
      ↳ Chain: Area: Hillsbrad Foothills → ADT: AZEROTH_30_34.ADT → WMO: AZ_WORGENMINE.WMO → M2: WORGEN_WARNING_SIGN01.MDX
    WORLD/EXPANSION03/DOODADS/WORGEN/ITEMS/WORGEN_WARNING_SIGN02.MDX
      ↳ Chain: Area: Hillsbrad Foothills → ADT: AZEROTH_30_34.ADT → WMO: AZ_WORGENMINE.WMO → M2: WORGEN_WARNING_SIGN02.MDX
    WORLD/EXPANSION03/DOODADS/WORGEN/ITEMS/WORGEN_WHEEL.MDX
      ↳ Chain: Area: Deepholm → ADT: DEEPHOME_32_32.ADT → WMO: TWILIGHTSHAMMER_MINE.WMO → M2: WORGEN_WHEEL.MDX
    WORLD/EXPANSION03/DOODADS/WORGEN/ITEMS/WORGEN_WHEELBARROW01.MDX
      ↳ Chain: Area: Hillsbrad Foothills → ADT: AZEROTH_30_34.ADT → WMO: AZ_WORGENMINE.WMO → M2: WORGEN_WHEELBARROW01.MDX
    WORLD/EXPANSION03/DOODADS/WORGEN/PAINTINGS/WORGEN_PAINTING_01.MDX
      ↳ Chain: Area: Gilneas → ADT: AZEROTH_27_35.ADT → WMO: GILNEAS_HOUSE_B.WMO → M2: WORGEN_PAINTING_01.MDX
    WORLD/EXPANSION03/DOODADS/WORGEN/PAINTINGS/WORGEN_PAINTING_02.MDX
      ↳ Chain: Area: Gilneas → ADT: AZEROTH_29_35.ADT → WMO: GILNEAS_CATHEDRAL.WMO → M2: WORGEN_PAINTING_02.MDX
    WORLD/EXPANSION03/DOODADS/WORGEN/PAINTINGS/WORGEN_PAINTING_03.MDX
      ↳ Chain: Area: Blasted Lands → ADT: AZEROTH_37_55.ADT → WMO: GILNEAS_HOUSE_C.WMO → M2: WORGEN_PAINTING_03.MDX
    WORLD/EXPANSION03/DOODADS/WORGEN/PAINTINGS/WORGEN_PAINTING_04.MDX
      ↳ Chain: Area: Gilneas → ADT: AZEROTH_27_35.ADT → WMO: GILNEAS_HOUSE_F.WMO → M2: WORGEN_PAINTING_04.MDX
    WORLD/EXPANSION03/DOODADS/WORGEN/PAINTINGS/WORGEN_PAINTING_05.MDX
      ↳ Chain: Area: Gilneas → ADT: AZEROTH_29_35.ADT → WMO: GILNEAS_CATHEDRAL.WMO → M2: WORGEN_PAINTING_05.MDX
    WORLD/EXPANSION03/DOODADS/WORGEN/PAINTINGS/WORGEN_PAINTING_06.MDX
      ↳ Chain: Area: Gilneas → ADT: AZEROTH_27_35.ADT → WMO: GILNEAS_HOUSE_B.WMO → M2: WORGEN_PAINTING_06.MDX
    WORLD/EXPANSION03/DOODADS/WORGEN/PAINTINGS/WORGEN_PAINTING_07.MDX
      ↳ Chain: Area: Blasted Lands → ADT: AZEROTH_37_55.ADT → WMO: GILNEAS_HOUSE_A.WMO → M2: WORGEN_PAINTING_07.MDX
    WORLD/EXPANSION03/DOODADS/WORGEN/PAINTINGS/WORGEN_PAINTING_08.MDX
      ↳ Chain: Area: Blasted Lands → ADT: AZEROTH_37_55.ADT → WMO: GILNEAS_HOUSE_A.WMO → M2: WORGEN_PAINTING_08.MDX
    WORLD/EXPANSION03/DOODADS/WORGEN/PAINTINGS/WORGEN_PAINTING_09.MDX
      ↳ Chain: Area: Blasted Lands → ADT: AZEROTH_37_55.ADT → WMO: GILNEAS_HOUSE_A.WMO → M2: WORGEN_PAINTING_09.MDX
    WORLD/EXPANSION03/DOODADS/WORGEN/PAINTINGS/WORGEN_PAINTING_10.MDX
      ↳ Chain: Area: Gilneas → ADT: AZEROTH_29_35.ADT → WMO: GILNEAS_CATHEDRAL.WMO → M2: WORGEN_PAINTING_10.MDX
    WORLD/EXPANSION03/DOODADS/WORGEN/PAINTINGS/WORGEN_PAINTING_11.MDX
      ↳ Chain: Area: Highlands → ADT: AZEROTH_42_39.ADT → WMO: WILDHAMMERDWARF_TWOSTORYB.WMO → M2: WORGEN_PAINTING_11.MDX
    WORLD/EXPANSION03/DOODADS/WORGEN/PAINTINGS/WORGEN_PAINTING_12.MDX
      ↳ Chain: Area: Blasted Lands → ADT: AZEROTH_37_55.ADT → WMO: GILNEAS_HOUSE_A.WMO → M2: WORGEN_PAINTING_12.MDX
    WORLD/EXPANSION03/DOODADS/WORGEN/SHEDS/WORGEN_SHED_01.MDX
      ↳ Chain: Area: Hillsbrad Foothills → ADT: AZEROTH_30_34.ADT → WMO: AZ_WORGENMINE.WMO → M2: WORGEN_SHED_01.MDX
    WORLD/EXPANSION03/DOODADS/WORGEN/WALLS/WORGEN_CITYGATE01.MDX
      ↳ Chain: Area: Gilneas → ADT: AZEROTH_29_35.ADT → WMO: GILNEAS_PRISONQUARTER_ENTRANCE.WMO → Unknown: GILNEAS_PRISONQUARTER_ENTRANCE_BG.WMO → M2: WORGEN_CITYGATE01.MDX
    WORLD/EXPANSION03/DOODADS/WORGEN/WALLS/WORGEN_CITYGATE01OPENED.M2
      ↳ Chain: Area: Gilneas → ADT: AZEROTH_29_34.ADT → M2: WORGEN_CITYGATE01OPENED.M2
    WORLD/EXPANSION03/DOODADS/WORGEN/WALLS/WORGEN_CITYGATE02.MDX
      ↳ Chain: Area: Gilneas → ADT: AZEROTH_29_35.ADT → WMO: GILNEAS_CATHEDRAL.WMO → Unknown: GILNEAS_CATHEDRALQUARTER_BG.WMO → M2: WORGEN_CITYGATE02.MDX
    WORLD/EXPANSION03/DOODADS/WORGEN/WALLS/WORGEN_CITYGATE02OPENED.M2
      ↳ Chain: Area: Gilneas → ADT: AZEROTH_29_35.ADT → M2: WORGEN_CITYGATE02OPENED.M2
    WORLD/EXPANSION03/DOODADS/WORGEN/WALLS/WORGEN_GATEWALL01.MDX
      ↳ Chain: Area: Gilneas → ADT: AZEROTH_29_35.ADT → WMO: GILNEAS_CATHEDRAL.WMO → Unknown: GILNEAS_CATHEDRALQUARTER_BG.WMO → M2: WORGEN_GATEWALL01.MDX
    WORLD/EXPANSION03/DOODADS/WORGEN/WINDOWS/WORGEN_HOUSEWINDOW_01.MDX
      ↳ Chain: Area: Blasted Lands → ADT: AZEROTH_37_55.ADT → WMO: GILNEAS_HOUSE_A.WMO → M2: WORGEN_HOUSEWINDOW_01.MDX
    WORLD/EXPANSION03/DOODADS/WORGEN/WINDOWS/WORGEN_MANORWINDOW_01.MDX
      ↳ Chain: Area: Gilneas → ADT: AZEROTH_27_35.ADT → WMO: GILNEAS_MANOR.WMO → M2: WORGEN_MANORWINDOW_01.MDX
    WORLD/EXPANSION03/DOODADS/WORGEN/WORGENMICRO/WORGEN_MINECAR_01.MDX
      ↳ Chain: Area: Hillsbrad Foothills → ADT: AZEROTH_30_34.ADT → WMO: AZ_WORGENMINE.WMO → M2: WORGEN_MINECAR_01.MDX
    WORLD/EXPANSION04/DOODADS/MANTID/MANTID_WORKER_IDLE.MDX
      ↳ Chain: Area: Winterspring → ADT: KALIMDOR_39_15.ADT → WMO: MD_SHA_CAVE01.WMO → M2: MANTID_WORKER_IDLE.MDX
    WORLD/EXPANSION04/DOODADS/MOGU/MOGU_RUBBLE_1.MDX
      ↳ Chain: Area: Winterspring → ADT: KALIMDOR_39_15.ADT → WMO: MD_SHA_CAVE01.WMO → M2: MOGU_RUBBLE_1.MDX
    WORLD/EXPANSION04/DOODADS/PANDAREN/KEG/PA_KEG_01.MDX
      ↳ Chain: Area: Stormwind City → ADT: AZEROTH_30_47.ADT → WMO: 6HU_GARRISON_BLACKSMITHING_HUB.WMO → M2: PA_KEG_01.MDX
    WORLD/EXPANSION04/DOODADS/PANDAREN/KEG/PA_KEG_STAND02.MDX
      ↳ Chain: Area: Stormwind City → ADT: AZEROTH_30_47.ADT → WMO: 6HU_GARRISON_BLACKSMITHING_HUB.WMO → M2: PA_KEG_STAND02.MDX
    WORLD/EXPANSION04/DOODADS/THUNDERISLE/DOODADS/ITK_DARKFOREST_ROOT02.MDX
      ↳ Chain: Area: Crestfall → ADT: AZEROTH_13_42.ADT → WMO: 8CRE_AMPTUNNEL01_2459264.WMO → M2: ITK_DARKFOREST_ROOT02.MDX
    WORLD/EXPANSION04/DOODADS/THUNDERISLE/DOODADS/ITK_DARKFOREST_ROOT06.MDX
      ↳ Chain: Area: Crestfall → ADT: AZEROTH_13_42.ADT → WMO: 8CRE_AMPTUNNEL01_2459264.WMO → M2: ITK_DARKFOREST_ROOT06.MDX
    WORLD/EXPANSION04/DOODADS/THUNDERISLE/DOODADS/ITK_DARKFOREST_ROOT07.MDX
      ↳ Chain: Area: Crestfall → ADT: AZEROTH_13_42.ADT → WMO: 8CRE_AMPTUNNEL01_2459264.WMO → M2: ITK_DARKFOREST_ROOT07.MDX
    WORLD/EXPANSION04/DOODADS/THUNDERISLE/DOODADS/ITK_TALLGRASS01.MDX
      ↳ Chain: Area: Crestfall → ADT: AZEROTH_13_42.ADT → WMO: 8CRE_AMPTUNNEL01_2459264.WMO → M2: ITK_TALLGRASS01.MDX
    WORLD/EXPANSION04/DOODADS/TOWNLONG/GIANTTREE/MZ_ROCK16.MDX
      ↳ Chain: Area: Uldum → ADT: KALIMDOR_33_50.ADT → WMO: VASHJIR_SMALL_CAVE_A.WMO → M2: MZ_ROCK16.MDX
    WORLD/EXPANSION04/DOODADS/TURTLEZONE/WATERFALLS/TU_WATERFALLS_POOLS_SIGHT_03.MDX
      ↳ Chain: Area: Crestfall → ADT: AZEROTH_13_42.ADT → WMO: 8CRE_AMPTUNNEL01_2459264.WMO → M2: TU_WATERFALLS_POOLS_SIGHT_03.MDX
    WORLD/EXPANSION04/DOODADS/VALLEYOFFOURWINDS/BUGS/VFW_BUG_01.MDX
      ↳ Chain: Area: Crestfall → ADT: AZEROTH_13_42.ADT → WMO: 8CRE_AMPTUNNEL01_2459264.WMO → M2: VFW_BUG_01.MDX
    WORLD/EXPANSION04/DOODADS/VALLEYOFFOURWINDS/JUNGLEFLOWER/V4W_JUNGLEFLOWER03.MDX
      ↳ Chain: Area: Crestfall → ADT: AZEROTH_13_42.ADT → WMO: 8CRE_AMPTUNNEL01_2459264.WMO → M2: V4W_JUNGLEFLOWER03.MDX
    WORLD/EXPANSION04/DOODADS/VALLEYOFFOURWINDS/WATERFALL/VFW_CUSTOMWATERFALL07.MDX
      ↳ Chain: Area: Crestfall → ADT: AZEROTH_13_42.ADT → WMO: 8CRE_AMPTUNNEL01_2459264.WMO → M2: VFW_CUSTOMWATERFALL07.MDX
    WORLD/EXPANSION04/DOODADS/VALLEYOFFOURWINDS/WATERFALL/VFW_CUSTOMWATERFALL15.MDX
      ↳ Chain: Area: Crestfall → ADT: AZEROTH_13_42.ADT → WMO: 8CRE_AMPTUNNEL01_2459264.WMO → M2: VFW_CUSTOMWATERFALL15.MDX
    WORLD/EXPANSION04/DOODADS/ZANDALARI/ZANDALARI_BANNER_WALL_01.MDX
      ↳ Chain: Area: The North Sea → ADT: AZEROTH_45_19.ADT → WMO: ZANDALARI_BOAT_TRANSPORT.WMO → M2: ZANDALARI_BANNER_WALL_01.MDX
    WORLD/EXPANSION04/DOODADS/ZANDALARI/ZANDALARI_BLOODVIAL_1.MDX
      ↳ Chain: Area: The North Sea → ADT: AZEROTH_45_19.ADT → WMO: ZANDALARI_BOAT_TRANSPORT.WMO → M2: ZANDALARI_BLOODVIAL_1.MDX
    WORLD/EXPANSION04/DOODADS/ZANDALARI/ZANDALARI_BLOODVIAL_2.MDX
      ↳ Chain: Area: The North Sea → ADT: AZEROTH_45_19.ADT → WMO: ZANDALARI_BOAT_TRANSPORT.WMO → M2: ZANDALARI_BLOODVIAL_2.MDX
    WORLD/EXPANSION04/DOODADS/ZANDALARI/ZANDALARI_BOWL_3.MDX
      ↳ Chain: Area: The North Sea → ADT: AZEROTH_45_19.ADT → WMO: ZANDALARI_BOAT_TRANSPORT.WMO → M2: ZANDALARI_BOWL_3.MDX
    WORLD/EXPANSION04/DOODADS/ZANDALARI/ZANDALARI_BRAZIER_01.MDX
      ↳ Chain: Area: The North Sea → ADT: AZEROTH_45_19.ADT → WMO: ZANDALARI_BOAT_TRANSPORT.WMO → M2: ZANDALARI_BRAZIER_01.MDX
    WORLD/EXPANSION04/DOODADS/ZANDALARI/ZANDALARI_CAGE_01.MDX
      ↳ Chain: Area: The North Sea → ADT: AZEROTH_45_19.ADT → WMO: ZANDALARI_BOAT_TRANSPORT.WMO → M2: ZANDALARI_CAGE_01.MDX
    WORLD/EXPANSION04/DOODADS/ZANDALARI/ZANDALARI_CAULDRON_COOKING.MDX
      ↳ Chain: Area: The North Sea → ADT: AZEROTH_45_19.ADT → WMO: ZANDALARI_BOAT_TRANSPORT.WMO → M2: ZANDALARI_CAULDRON_COOKING.MDX
    WORLD/EXPANSION04/DOODADS/ZANDALARI/ZANDALARI_CRATE_01.MDX
      ↳ Chain: Area: The North Sea → ADT: AZEROTH_45_19.ADT → WMO: ZANDALARI_BOAT_TRANSPORT.WMO → M2: ZANDALARI_CRATE_01.MDX
    WORLD/EXPANSION04/DOODADS/ZANDALARI/ZANDALARI_CRATE_03.MDX
      ↳ Chain: Area: The North Sea → ADT: AZEROTH_45_19.ADT → WMO: ZANDALARI_BOAT_TRANSPORT.WMO → M2: ZANDALARI_CRATE_03.MDX
    WORLD/EXPANSION04/DOODADS/ZANDALARI/ZANDALARI_CRATE_03_OPEN.MDX
      ↳ Chain: Area: The North Sea → ADT: AZEROTH_45_19.ADT → WMO: ZANDALARI_BOAT_TRANSPORT.WMO → M2: ZANDALARI_CRATE_03_OPEN.MDX
    WORLD/EXPANSION04/DOODADS/ZANDALARI/ZANDALARI_DRUM_01.MDX
      ↳ Chain: Area: The North Sea → ADT: AZEROTH_45_19.ADT → WMO: ZANDALARI_BOAT_TRANSPORT.WMO → M2: ZANDALARI_DRUM_01.MDX
    WORLD/EXPANSION04/DOODADS/ZANDALARI/ZANDALARI_FLAVORDOODADS_01.MDX
      ↳ Chain: Area: The North Sea → ADT: AZEROTH_45_19.ADT → WMO: ZANDALARI_BOAT_TRANSPORT.WMO → M2: ZANDALARI_FLAVORDOODADS_01.MDX
    WORLD/EXPANSION04/DOODADS/ZANDALARI/ZANDALARI_LAMP.MDX
      ↳ Chain: Area: The North Sea → ADT: AZEROTH_45_19.ADT → WMO: ZANDALARI_BOAT_TRANSPORT.WMO → M2: ZANDALARI_LAMP.MDX
    WORLD/EXPANSION04/DOODADS/ZANDALARI/ZANDALARI_LAMP_WALL.MDX
      ↳ Chain: Area: The North Sea → ADT: AZEROTH_45_19.ADT → WMO: ZANDALARI_BOAT_TRANSPORT.WMO → M2: ZANDALARI_LAMP_WALL.MDX
    WORLD/EXPANSION04/DOODADS/ZANDALARI/ZANDALARI_MAP_2.MDX
      ↳ Chain: Area: The North Sea → ADT: AZEROTH_45_19.ADT → WMO: ZANDALARI_BOAT_TRANSPORT.WMO → M2: ZANDALARI_MAP_2.MDX
    WORLD/EXPANSION04/DOODADS/ZANDALARI/ZANDALARI_ORNAMENT1.MDX
      ↳ Chain: Area: The North Sea → ADT: AZEROTH_45_19.ADT → WMO: ZANDALARI_BOAT_TRANSPORT.WMO → M2: ZANDALARI_ORNAMENT1.MDX
    WORLD/EXPANSION04/DOODADS/ZANDALARI/ZANDALARI_POWDER_BOWL_2.MDX
      ↳ Chain: Area: The North Sea → ADT: AZEROTH_45_19.ADT → WMO: ZANDALARI_BOAT_TRANSPORT.WMO → M2: ZANDALARI_POWDER_BOWL_2.MDX
    WORLD/EXPANSION04/DOODADS/ZANDALARI/ZANDALARI_SIEGEWEAPON_01.MDX
      ↳ Chain: Area: The North Sea → ADT: AZEROTH_45_19.ADT → WMO: ZANDALARI_BOAT_TRANSPORT.WMO → M2: ZANDALARI_SIEGEWEAPON_01.MDX
    WORLD/EXPANSION04/DOODADS/ZANDALARI/ZANDALARI_TABLE_LONG.MDX
      ↳ Chain: Area: The North Sea → ADT: AZEROTH_45_19.ADT → WMO: ZANDALARI_BOAT_TRANSPORT.WMO → M2: ZANDALARI_TABLE_LONG.MDX
    WORLD/EXPANSION04/DOODADS/ZANDALARI/ZANDALARI_TALL_BRAZIER_01.MDX
      ↳ Chain: Area: The North Sea → ADT: AZEROTH_45_19.ADT → WMO: ZANDALARI_BOAT_TRANSPORT.WMO → M2: ZANDALARI_TALL_BRAZIER_01.MDX
    WORLD/EXPANSION04/DOODADS/ZANDALARI/ZANDALARI_TREETORCH_01.MDX
      ↳ Chain: Area: The North Sea → ADT: AZEROTH_45_19.ADT → WMO: ZANDALARI_BOAT_TRANSPORT.WMO → M2: ZANDALARI_TREETORCH_01.MDX
    WORLD/EXPANSION04/DOODADS/ZANDALARI/ZANDALARI_WEAPONRACK_02.MDX
      ↳ Chain: Area: The North Sea → ADT: AZEROTH_45_19.ADT → WMO: ZANDALARI_BOAT_TRANSPORT.WMO → M2: ZANDALARI_WEAPONRACK_02.MDX
    WORLD/EXPANSION05/DOODADS/DUNGEON/DOODADS/6DU_MOONCULTIST_SKELETON_ORCMALE01.MDX
      ↳ Chain: Area: Crestfall → ADT: AZEROTH_13_42.ADT → WMO: 8CRE_AMPTUNNEL01_2459264.WMO → M2: 6DU_MOONCULTIST_SKELETON_ORCMALE01.MDX
    WORLD/EXPANSION05/DOODADS/DUNGEON/DOODADS/6DU_MOONCULTIST_SKELETON_ORCMALE02.MDX
      ↳ Chain: Area: Crestfall → ADT: AZEROTH_13_42.ADT → WMO: 8CRE_AMPTUNNEL01_2459264.WMO → M2: 6DU_MOONCULTIST_SKELETON_ORCMALE02.MDX
    WORLD/EXPANSION05/DOODADS/DUNGEON/DOODADS/6DU_MOONCULTIST_SKELETON_ORCMALE03.MDX
      ↳ Chain: Area: Crestfall → ADT: AZEROTH_13_42.ADT → WMO: 8CRE_AMPTUNNEL01_2459264.WMO → M2: 6DU_MOONCULTIST_SKELETON_ORCMALE03.MDX
    WORLD/EXPANSION05/DOODADS/FROSTWINDDESERT/DOODADS/6FW_BONE_RIBCAGE_01.MDX
      ↳ Chain: Area: Crestfall → ADT: AZEROTH_13_42.ADT → WMO: 8CRE_AMPTUNNEL01_2459264.WMO → M2: 6FW_BONE_RIBCAGE_01.MDX
    WORLD/EXPANSION05/DOODADS/FROSTWINDDESERT/DOODADS/6FW_BONE_RIBS_01.MDX
      ↳ Chain: Area: Crestfall → ADT: AZEROTH_13_42.ADT → WMO: 8CRE_AMPTUNNEL01_2459264.WMO → M2: 6FW_BONE_RIBS_01.MDX
    WORLD/EXPANSION05/DOODADS/FX/6FX_WATERFALL_MIST01.MDX
      ↳ Chain: Area: Crestfall → ADT: AZEROTH_13_42.ADT → WMO: 8CRE_AMPTUNNEL01_2459264.WMO → M2: 6FX_WATERFALL_MIST01.MDX
    WORLD/EXPANSION05/DOODADS/HUMAN/DOODADS/6HU_BARRACKS_BUNKBED01.MDX
      ↳ Chain: Area: Dustwallow Marsh → ADT: KALIMDOR_40_39.ADT → WMO: WALLPOST_TUNNEL03_225DEG.WMO → M2: 6HU_BARRACKS_BUNKBED01.MDX
    WORLD/EXPANSION05/DOODADS/HUMAN/DOODADS/6HU_BARRACKS_CANDLE01.MDX
      ↳ Chain: Area: Dustwallow Marsh → ADT: KALIMDOR_40_39.ADT → WMO: WALLPOST_TUNNEL03_225DEG.WMO → M2: 6HU_BARRACKS_CANDLE01.MDX
    WORLD/EXPANSION05/DOODADS/HUMAN/DOODADS/6HU_BARRACKS_GUARDBOOT.MDX
      ↳ Chain: Area: Stormwind City → ADT: AZEROTH_30_47.ADT → WMO: 6HU_GARRISON_BLACKSMITHING_HUB.WMO → M2: 6HU_BARRACKS_GUARDBOOT.MDX
    WORLD/EXPANSION05/DOODADS/HUMAN/DOODADS/6HU_BARRACKS_SLEEPINGCOT02.MDX
      ↳ Chain: Area: Dustwallow Marsh → ADT: KALIMDOR_40_39.ADT → WMO: WALLPOST_TUNNEL03_225DEG.WMO → M2: 6HU_BARRACKS_SLEEPINGCOT02.MDX
    WORLD/EXPANSION05/DOODADS/HUMAN/DOODADS/6HU_BARRACKS_WALLSHACKLES01.MDX
      ↳ Chain: Area: Crestfall → ADT: AZEROTH_13_42.ADT → WMO: 8CRE_AMPTUNNEL01_2459264.WMO → M2: 6HU_BARRACKS_WALLSHACKLES01.MDX
    WORLD/EXPANSION05/DOODADS/HUMAN/DOODADS/6HU_BARRACKS_WALLSHACKLES02.MDX
      ↳ Chain: Area: Crestfall → ADT: AZEROTH_13_42.ADT → WMO: 8CRE_AMPTUNNEL01_2459264.WMO → M2: 6HU_BARRACKS_WALLSHACKLES02.MDX
    WORLD/EXPANSION05/DOODADS/HUMAN/DOODADS/6HU_BARRACKS_WARDROBECLOSET.MDX
      ↳ Chain: Area: Dustwallow Marsh → ADT: KALIMDOR_40_39.ADT → WMO: WALLPOST_TUNNEL03_225DEG.WMO → M2: 6HU_BARRACKS_WARDROBECLOSET.MDX
    WORLD/EXPANSION05/DOODADS/HUMAN/DOODADS/6HU_BARRACKS_WATERSKINHANGING.MDX
      ↳ Chain: Area: Stormwind City → ADT: AZEROTH_30_47.ADT → WMO: 6HU_GARRISON_BLACKSMITHING_HUB.WMO → M2: 6HU_BARRACKS_WATERSKINHANGING.MDX
    WORLD/EXPANSION05/DOODADS/HUMAN/DOODADS/6HU_BARRACKS_WEAPONRACK01.MDX
      ↳ Chain: Area: Dustwallow Marsh → ADT: KALIMDOR_40_39.ADT → WMO: WALLPOST_TUNNEL03_225DEG.WMO → M2: 6HU_BARRACKS_WEAPONRACK01.MDX
    WORLD/EXPANSION05/DOODADS/HUMAN/DOODADS/6HU_BARRACKS_WOODBENCHLARGE.MDX
      ↳ Chain: Area: Dustwallow Marsh → ADT: KALIMDOR_40_39.ADT → WMO: WALLPOST_TUNNEL03_225DEG.WMO → M2: 6HU_BARRACKS_WOODBENCHLARGE.MDX
    WORLD/EXPANSION05/DOODADS/HUMAN/DOODADS/6HU_BARRACKS_WOODSTOOLSMALL.MDX
      ↳ Chain: Area: Dustwallow Marsh → ADT: KALIMDOR_40_39.ADT → WMO: WALLPOST_TUNNEL03_225DEG.WMO → M2: 6HU_BARRACKS_WOODSTOOLSMALL.MDX
    WORLD/EXPANSION05/DOODADS/HUMAN/DOODADS/6HU_BARRACKS_WOODTABLESMALL.MDX
      ↳ Chain: Area: Dustwallow Marsh → ADT: KALIMDOR_40_39.ADT → WMO: WALLPOST_TUNNEL03_225DEG.WMO → M2: 6HU_BARRACKS_WOODTABLESMALL.MDX
    WORLD/EXPANSION05/DOODADS/HUMAN/DOODADS/6HU_BLACKSMITH_ANVIL.MDX
      ↳ Chain: Area: Stormwind City → ADT: AZEROTH_30_47.ADT → WMO: 6HU_GARRISON_BLACKSMITHING_HUB.WMO → M2: 6HU_BLACKSMITH_ANVIL.MDX
    WORLD/EXPANSION05/DOODADS/HUMAN/DOODADS/6HU_BLACKSMITH_AXE.MDX
      ↳ Chain: Area: Stormwind City → ADT: AZEROTH_30_47.ADT → WMO: 6HU_GARRISON_BLACKSMITHING_HUB.WMO → M2: 6HU_BLACKSMITH_AXE.MDX
    WORLD/EXPANSION05/DOODADS/HUMAN/DOODADS/6HU_BLACKSMITH_AXEPARTS.MDX
      ↳ Chain: Area: Stormwind City → ADT: AZEROTH_30_47.ADT → WMO: 6HU_GARRISON_BLACKSMITHING_HUB.WMO → M2: 6HU_BLACKSMITH_AXEPARTS.MDX
    WORLD/EXPANSION05/DOODADS/HUMAN/DOODADS/6HU_BLACKSMITH_BOOK_01.MDX
      ↳ Chain: Area: Stormwind City → ADT: AZEROTH_30_47.ADT → WMO: 6HU_GARRISON_BLACKSMITHING_HUB.WMO → M2: 6HU_BLACKSMITH_BOOK_01.MDX
    WORLD/EXPANSION05/DOODADS/HUMAN/DOODADS/6HU_BLACKSMITH_BOOK_02.MDX
      ↳ Chain: Area: Stormwind City → ADT: AZEROTH_30_47.ADT → WMO: 6HU_GARRISON_BLACKSMITHING_HUB.WMO → M2: 6HU_BLACKSMITH_BOOK_02.MDX
    WORLD/EXPANSION05/DOODADS/HUMAN/DOODADS/6HU_BLACKSMITH_BOOK_03.MDX
      ↳ Chain: Area: Stormwind City → ADT: AZEROTH_30_47.ADT → WMO: 6HU_GARRISON_BLACKSMITHING_HUB.WMO → M2: 6HU_BLACKSMITH_BOOK_03.MDX
    WORLD/EXPANSION05/DOODADS/HUMAN/DOODADS/6HU_BLACKSMITH_BOOK_04.MDX
      ↳ Chain: Area: Stormwind City → ADT: AZEROTH_30_47.ADT → WMO: 6HU_GARRISON_BLACKSMITHING_HUB.WMO → M2: 6HU_BLACKSMITH_BOOK_04.MDX
    WORLD/EXPANSION05/DOODADS/HUMAN/DOODADS/6HU_BLACKSMITH_BUCKET.MDX
      ↳ Chain: Area: Stormwind City → ADT: AZEROTH_30_47.ADT → WMO: 6HU_GARRISON_BLACKSMITHING_HUB.WMO → M2: 6HU_BLACKSMITH_BUCKET.MDX
    WORLD/EXPANSION05/DOODADS/HUMAN/DOODADS/6HU_BLACKSMITH_CHAINS_01.MDX
      ↳ Chain: Area: Stormwind City → ADT: AZEROTH_30_47.ADT → WMO: 6HU_GARRISON_BLACKSMITHING_HUB.WMO → M2: 6HU_BLACKSMITH_CHAINS_01.MDX
    WORLD/EXPANSION05/DOODADS/HUMAN/DOODADS/6HU_BLACKSMITH_CHAINS_02.MDX
      ↳ Chain: Area: Stormwind City → ADT: AZEROTH_30_47.ADT → WMO: 6HU_GARRISON_BLACKSMITHING_HUB.WMO → M2: 6HU_BLACKSMITH_CHAINS_02.MDX
    WORLD/EXPANSION05/DOODADS/HUMAN/DOODADS/6HU_BLACKSMITH_CHISEL.MDX
      ↳ Chain: Area: Stormwind City → ADT: AZEROTH_30_47.ADT → WMO: 6HU_GARRISON_BLACKSMITHING_HUB.WMO → M2: 6HU_BLACKSMITH_CHISEL.MDX
    WORLD/EXPANSION05/DOODADS/HUMAN/DOODADS/6HU_BLACKSMITH_COPPERBAR.MDX
      ↳ Chain: Area: Stormwind City → ADT: AZEROTH_30_47.ADT → WMO: 6HU_GARRISON_BLACKSMITHING_HUB.WMO → M2: 6HU_BLACKSMITH_COPPERBAR.MDX
    WORLD/EXPANSION05/DOODADS/HUMAN/DOODADS/6HU_BLACKSMITH_COPPERBARSTACK_01.MDX
      ↳ Chain: Area: Stormwind City → ADT: AZEROTH_30_47.ADT → WMO: 6HU_GARRISON_BLACKSMITHING_HUB.WMO → M2: 6HU_BLACKSMITH_COPPERBARSTACK_01.MDX
    WORLD/EXPANSION05/DOODADS/HUMAN/DOODADS/6HU_BLACKSMITH_FLOORPLATE.MDX
      ↳ Chain: Area: Stormwind City → ADT: AZEROTH_30_47.ADT → WMO: 6HU_GARRISON_BLACKSMITHING_HUB.WMO → M2: 6HU_BLACKSMITH_FLOORPLATE.MDX
    WORLD/EXPANSION05/DOODADS/HUMAN/DOODADS/6HU_BLACKSMITH_FORGE03.MDX
      ↳ Chain: Area: Stormwind City → ADT: AZEROTH_30_47.ADT → WMO: 6HU_GARRISON_BLACKSMITHING_HUB.WMO → M2: 6HU_BLACKSMITH_FORGE03.MDX
    WORLD/EXPANSION05/DOODADS/HUMAN/DOODADS/6HU_BLACKSMITH_HAMMER.MDX
      ↳ Chain: Area: Stormwind City → ADT: AZEROTH_30_47.ADT → WMO: 6HU_GARRISON_BLACKSMITHING_HUB.WMO → M2: 6HU_BLACKSMITH_HAMMER.MDX
    WORLD/EXPANSION05/DOODADS/HUMAN/DOODADS/6HU_BLACKSMITH_HORSESHOE.MDX
      ↳ Chain: Area: Stormwind City → ADT: AZEROTH_30_47.ADT → WMO: 6HU_GARRISON_BLACKSMITHING_HUB.WMO → M2: 6HU_BLACKSMITH_HORSESHOE.MDX
    WORLD/EXPANSION05/DOODADS/HUMAN/DOODADS/6HU_BLACKSMITH_IRONBAR.MDX
      ↳ Chain: Area: Stormwind City → ADT: AZEROTH_30_47.ADT → WMO: 6HU_GARRISON_BLACKSMITHING_HUB.WMO → M2: 6HU_BLACKSMITH_IRONBAR.MDX
    WORLD/EXPANSION05/DOODADS/HUMAN/DOODADS/6HU_BLACKSMITH_IRONBARSTACK_01.MDX
      ↳ Chain: Area: Stormwind City → ADT: AZEROTH_30_47.ADT → WMO: 6HU_GARRISON_BLACKSMITHING_HUB.WMO → M2: 6HU_BLACKSMITH_IRONBARSTACK_01.MDX
    WORLD/EXPANSION05/DOODADS/HUMAN/DOODADS/6HU_BLACKSMITH_IRONBARSTACK_02.MDX
      ↳ Chain: Area: Stormwind City → ADT: AZEROTH_30_47.ADT → WMO: 6HU_GARRISON_BLACKSMITHING_HUB.WMO → M2: 6HU_BLACKSMITH_IRONBARSTACK_02.MDX
    WORLD/EXPANSION05/DOODADS/HUMAN/DOODADS/6HU_BLACKSMITH_KEGSTAND.MDX
      ↳ Chain: Area: Stormwind City → ADT: AZEROTH_30_47.ADT → WMO: 6HU_GARRISON_BLACKSMITHING_HUB.WMO → M2: 6HU_BLACKSMITH_KEGSTAND.MDX
    WORLD/EXPANSION05/DOODADS/HUMAN/DOODADS/6HU_BLACKSMITH_LOG.MDX
      ↳ Chain: Area: Stormwind City → ADT: AZEROTH_30_47.ADT → WMO: 6HU_GARRISON_BLACKSMITHING_HUB.WMO → M2: 6HU_BLACKSMITH_LOG.MDX
    WORLD/EXPANSION05/DOODADS/HUMAN/DOODADS/6HU_BLACKSMITH_LOGBUNDLE.MDX
      ↳ Chain: Area: Stormwind City → ADT: AZEROTH_30_47.ADT → WMO: 6HU_GARRISON_BLACKSMITHING_HUB.WMO → M2: 6HU_BLACKSMITH_LOGBUNDLE.MDX
    WORLD/EXPANSION05/DOODADS/HUMAN/DOODADS/6HU_BLACKSMITH_METALNAIL.MDX
      ↳ Chain: Area: KALIMDOR [54,53] → ADT: KALIMDOR_54_53.ADT → WMO: 6AS_ORCMINE.WMO → M2: 6HU_BLACKSMITH_METALNAIL.MDX
    WORLD/EXPANSION05/DOODADS/HUMAN/DOODADS/6HU_BLACKSMITH_METALROD_02.MDX
      ↳ Chain: Area: Stormwind City → ADT: AZEROTH_30_47.ADT → WMO: 6HU_GARRISON_BLACKSMITHING_HUB.WMO → M2: 6HU_BLACKSMITH_METALROD_02.MDX
    WORLD/EXPANSION05/DOODADS/HUMAN/DOODADS/6HU_BLACKSMITH_MUG.MDX
      ↳ Chain: Area: Stormwind City → ADT: AZEROTH_30_47.ADT → WMO: 6HU_GARRISON_BLACKSMITHING_HUB.WMO → M2: 6HU_BLACKSMITH_MUG.MDX
    WORLD/EXPANSION05/DOODADS/HUMAN/DOODADS/6HU_BLACKSMITH_PAPERSTACK_01.MDX
      ↳ Chain: Area: Stormwind City → ADT: AZEROTH_30_47.ADT → WMO: 6HU_GARRISON_BLACKSMITHING_HUB.WMO → M2: 6HU_BLACKSMITH_PAPERSTACK_01.MDX
    WORLD/EXPANSION05/DOODADS/HUMAN/DOODADS/6HU_BLACKSMITH_PAPERSTACK_02.MDX
      ↳ Chain: Area: Stormwind City → ADT: AZEROTH_30_47.ADT → WMO: 6HU_GARRISON_BLACKSMITHING_HUB.WMO → M2: 6HU_BLACKSMITH_PAPERSTACK_02.MDX
    WORLD/EXPANSION05/DOODADS/HUMAN/DOODADS/6HU_BLACKSMITH_PAPER_01.MDX
      ↳ Chain: Area: Stormwind City → ADT: AZEROTH_30_47.ADT → WMO: 6HU_GARRISON_BLACKSMITHING_HUB.WMO → M2: 6HU_BLACKSMITH_PAPER_01.MDX
    WORLD/EXPANSION05/DOODADS/HUMAN/DOODADS/6HU_BLACKSMITH_PAPER_02.MDX
      ↳ Chain: Area: Stormwind City → ADT: AZEROTH_30_47.ADT → WMO: 6HU_GARRISON_BLACKSMITHING_HUB.WMO → M2: 6HU_BLACKSMITH_PAPER_02.MDX
    WORLD/EXPANSION05/DOODADS/HUMAN/DOODADS/6HU_BLACKSMITH_PAPER_03.MDX
      ↳ Chain: Area: Stormwind City → ADT: AZEROTH_30_47.ADT → WMO: 6HU_GARRISON_BLACKSMITHING_HUB.WMO → M2: 6HU_BLACKSMITH_PAPER_03.MDX
    WORLD/EXPANSION05/DOODADS/HUMAN/DOODADS/6HU_BLACKSMITH_PAPER_05.MDX
      ↳ Chain: Area: Stormwind City → ADT: AZEROTH_30_47.ADT → WMO: 6HU_GARRISON_BLACKSMITHING_HUB.WMO → M2: 6HU_BLACKSMITH_PAPER_05.MDX
    WORLD/EXPANSION05/DOODADS/HUMAN/DOODADS/6HU_BLACKSMITH_PAPER_06.MDX
      ↳ Chain: Area: Stormwind City → ADT: AZEROTH_30_47.ADT → WMO: 6HU_GARRISON_BLACKSMITHING_HUB.WMO → M2: 6HU_BLACKSMITH_PAPER_06.MDX
    WORLD/EXPANSION05/DOODADS/HUMAN/DOODADS/6HU_BLACKSMITH_SHIELD_01.MDX
      ↳ Chain: Area: Stormwind City → ADT: AZEROTH_30_47.ADT → WMO: 6HU_GARRISON_BLACKSMITHING_HUB.WMO → M2: 6HU_BLACKSMITH_SHIELD_01.MDX
    WORLD/EXPANSION05/DOODADS/HUMAN/DOODADS/6HU_BLACKSMITH_SHIELD_02.MDX
      ↳ Chain: Area: Stormwind City → ADT: AZEROTH_30_47.ADT → WMO: 6HU_GARRISON_BLACKSMITHING_HUB.WMO → M2: 6HU_BLACKSMITH_SHIELD_02.MDX
    WORLD/EXPANSION05/DOODADS/HUMAN/DOODADS/6HU_BLACKSMITH_SHOVEL.MDX
      ↳ Chain: Area: Stormwind City → ADT: AZEROTH_30_47.ADT → WMO: 6HU_GARRISON_BLACKSMITHING_HUB.WMO → M2: 6HU_BLACKSMITH_SHOVEL.MDX
    WORLD/EXPANSION05/DOODADS/HUMAN/DOODADS/6HU_BLACKSMITH_SILVERBAR.MDX
      ↳ Chain: Area: Stormwind City → ADT: AZEROTH_30_47.ADT → WMO: 6HU_GARRISON_BLACKSMITHING_HUB.WMO → M2: 6HU_BLACKSMITH_SILVERBAR.MDX
    WORLD/EXPANSION05/DOODADS/HUMAN/DOODADS/6HU_BLACKSMITH_STUMP.MDX
      ↳ Chain: Area: Stormwind City → ADT: AZEROTH_30_47.ADT → WMO: 6HU_GARRISON_BLACKSMITHING_HUB.WMO → M2: 6HU_BLACKSMITH_STUMP.MDX
    WORLD/EXPANSION05/DOODADS/HUMAN/DOODADS/6HU_BLACKSMITH_SWORD.MDX
      ↳ Chain: Area: Stormwind City → ADT: AZEROTH_30_47.ADT → WMO: 6HU_GARRISON_BLACKSMITHING_HUB.WMO → M2: 6HU_BLACKSMITH_SWORD.MDX
    WORLD/EXPANSION05/DOODADS/HUMAN/DOODADS/6HU_BLACKSMITH_TABLE.MDX
      ↳ Chain: Area: Stormwind City → ADT: AZEROTH_30_47.ADT → WMO: 6HU_GARRISON_BLACKSMITHING_HUB.WMO → M2: 6HU_BLACKSMITH_TABLE.MDX
    WORLD/EXPANSION05/DOODADS/HUMAN/DOODADS/6HU_BLACKSMITH_TONGS.MDX
      ↳ Chain: Area: Stormwind City → ADT: AZEROTH_30_47.ADT → WMO: 6HU_GARRISON_BLACKSMITHING_HUB.WMO → M2: 6HU_BLACKSMITH_TONGS.MDX
    WORLD/EXPANSION05/DOODADS/HUMAN/DOODADS/6HU_BLACKSMITH_TUB.MDX
      ↳ Chain: Area: Stormwind City → ADT: AZEROTH_30_47.ADT → WMO: 6HU_GARRISON_BLACKSMITHING_HUB.WMO → M2: 6HU_BLACKSMITH_TUB.MDX
    WORLD/EXPANSION05/DOODADS/HUMAN/DOODADS/6HU_BLACKSMITH_WEAPONRACK.MDX
      ↳ Chain: Area: Stormwind City → ADT: AZEROTH_30_47.ADT → WMO: 6HU_GARRISON_BLACKSMITHING_HUB.WMO → M2: 6HU_BLACKSMITH_WEAPONRACK.MDX
    WORLD/EXPANSION05/DOODADS/HUMAN/DOODADS/6HU_BLACKSMITH_WHETSTONE.MDX
      ↳ Chain: Area: Stormwind City → ADT: AZEROTH_30_47.ADT → WMO: 6HU_GARRISON_BLACKSMITHING_HUB.WMO → M2: 6HU_BLACKSMITH_WHETSTONE.MDX
    WORLD/EXPANSION05/DOODADS/HUMAN/DOODADS/6HU_ENCHANTING_CANDLE01.MDX
      ↳ Chain: Area: Stormwind City → ADT: AZEROTH_30_47.ADT → WMO: 6HU_GARRISON_BLACKSMITHING_HUB.WMO → M2: 6HU_ENCHANTING_CANDLE01.MDX
    WORLD/EXPANSION05/DOODADS/HUMAN/DOODADS/6HU_ENCHANTING_CANDLE02.MDX
      ↳ Chain: Area: Stormwind City → ADT: AZEROTH_30_47.ADT → WMO: 6HU_GARRISON_BLACKSMITHING_HUB.WMO → M2: 6HU_ENCHANTING_CANDLE02.MDX
    WORLD/EXPANSION05/DOODADS/HUMAN/DOODADS/6HU_ENCHANTING_CHEST01.MDX
      ↳ Chain: Area: Stormwind City → ADT: AZEROTH_30_47.ADT → WMO: 6HU_GARRISON_BLACKSMITHING_HUB.WMO → M2: 6HU_ENCHANTING_CHEST01.MDX
    WORLD/EXPANSION05/DOODADS/HUMAN/DOODADS/6HU_ENCHANTING_TABLE02.MDX
      ↳ Chain: Area: Stormwind City → ADT: AZEROTH_30_47.ADT → WMO: 6HU_GARRISON_BLACKSMITHING_HUB.WMO → M2: 6HU_ENCHANTING_TABLE02.MDX
    WORLD/EXPANSION05/DOODADS/HUMAN/DOODADS/6HU_GARRISON_HAMMOCK.MDX
      ↳ Chain: Area: Stormwind City → ADT: AZEROTH_30_47.ADT → WMO: 6HU_GARRISON_BLACKSMITHING_HUB.WMO → M2: 6HU_GARRISON_HAMMOCK.MDX
    WORLD/EXPANSION05/DOODADS/HUMAN/DOODADS/6HU_GARRISON_MINE_LANTERN01.MDX
      ↳ Chain: Area: Dustwallow Marsh → ADT: KALIMDOR_40_39.ADT → WMO: WALLPOST_TUNNEL03_225DEG.WMO → M2: 6HU_GARRISON_MINE_LANTERN01.MDX
    WORLD/EXPANSION05/DOODADS/HUMAN/DOODADS/6HU_INN_FOODPLATE01.MDX
      ↳ Chain: Area: Dustwallow Marsh → ADT: KALIMDOR_40_39.ADT → WMO: WALLPOST_TUNNEL03_225DEG.WMO → M2: 6HU_INN_FOODPLATE01.MDX
    WORLD/EXPANSION05/DOODADS/HUMAN/DOODADS/6HU_INN_ORANGE02.MDX
      ↳ Chain: Area: Dustwallow Marsh → ADT: KALIMDOR_40_39.ADT → WMO: WALLPOST_TUNNEL03_225DEG.WMO → M2: 6HU_INN_ORANGE02.MDX
    WORLD/EXPANSION05/DOODADS/HUMAN/DOODADS/6HU_INN_SMALLCHAIR01.MDX
      ↳ Chain: Area: Dustwallow Marsh → ADT: KALIMDOR_40_39.ADT → WMO: WALLPOST_TUNNEL03_225DEG.WMO → M2: 6HU_INN_SMALLCHAIR01.MDX
    WORLD/EXPANSION05/DOODADS/HUMAN/DOODADS/6HU_INN_SMALLTABLE02.MDX
      ↳ Chain: Area: Dustwallow Marsh → ADT: KALIMDOR_40_39.ADT → WMO: WALLPOST_TUNNEL03_225DEG.WMO → M2: 6HU_INN_SMALLTABLE02.MDX
    WORLD/EXPANSION05/DOODADS/HUMAN/DOODADS/6HU_LUMBERMILL_CHISEL02.MDX
      ↳ Chain: Area: Stormwind City → ADT: AZEROTH_30_47.ADT → WMO: 6HU_GARRISON_BLACKSMITHING_HUB.WMO → M2: 6HU_LUMBERMILL_CHISEL02.MDX
    WORLD/EXPANSION05/DOODADS/HUMAN/DOODADS/6HU_MAGETOWER_BANNER02.MDX
      ↳ Chain: Area: Stormwind City → ADT: AZEROTH_30_47.ADT → WMO: 7HU_GARRISON_BARRACKS_V2_EMBASSY.WMO → M2: 6HU_MAGETOWER_BANNER02.MDX
    WORLD/EXPANSION05/DOODADS/HUMAN/DOODADS/6HU_SALVAGEYARD_JUNKSHIELD01.MDX
      ↳ Chain: Area: Crestfall → ADT: AZEROTH_13_42.ADT → WMO: 8CRE_AMPTUNNEL01_2459264.WMO → M2: 6HU_SALVAGEYARD_JUNKSHIELD01.MDX
    WORLD/EXPANSION05/DOODADS/IRONHORDE/6IH_IRONHORDE_BARREL01.MDX
      ↳ Chain: Area: Kezan → ADT: KALIMDOR_51_49.ADT → WMO: GOBLIN_OIL_TANKER.WMO → M2: 6IH_IRONHORDE_BARREL01.MDX
    WORLD/EXPANSION05/DOODADS/IRONHORDE/6IH_IRONHORDE_CRATE01.MDX
      ↳ Chain: Area: Kezan → ADT: KALIMDOR_51_49.ADT → WMO: GOBLIN_OIL_TANKER.WMO → M2: 6IH_IRONHORDE_CRATE01.MDX
    WORLD/EXPANSION05/DOODADS/IRONHORDE/6IH_IRONHORDE_CRATE04.MDX
      ↳ Chain: Area: Kezan → ADT: KALIMDOR_51_49.ADT → WMO: GOBLIN_OIL_TANKER.WMO → M2: 6IH_IRONHORDE_CRATE04.MDX
    WORLD/EXPANSION05/DOODADS/IRONHORDE/6IH_IRONHORDE_FENCE01.MDX
      ↳ Chain: Area: Kezan → ADT: KALIMDOR_51_49.ADT → WMO: GOBLIN_OIL_TANKER.WMO → M2: 6IH_IRONHORDE_FENCE01.MDX
    WORLD/EXPANSION05/DOODADS/IRONHORDE/6IH_IRONHORDE_FENCE02.MDX
      ↳ Chain: Area: Kezan → ADT: KALIMDOR_51_49.ADT → WMO: GOBLIN_OIL_TANKER.WMO → M2: 6IH_IRONHORDE_FENCE02.MDX
    WORLD/EXPANSION05/DOODADS/IRONHORDE/6IH_IRONHORDE_JUG01.MDX
      ↳ Chain: Area: Kezan → ADT: KALIMDOR_51_49.ADT → WMO: GOBLIN_OIL_TANKER.WMO → M2: 6IH_IRONHORDE_JUG01.MDX
    WORLD/EXPANSION05/DOODADS/IRONHORDE/6IH_IRONHORDE_JUG02.MDX
      ↳ Chain: Area: Kezan → ADT: KALIMDOR_51_49.ADT → WMO: GOBLIN_OIL_TANKER.WMO → M2: 6IH_IRONHORDE_JUG02.MDX
    WORLD/EXPANSION05/DOODADS/IRONHORDE/6IH_IRONHORDE_SHIPCANNON03.MDX
      ↳ Chain: Area: Kezan → ADT: KALIMDOR_51_49.ADT → WMO: GOBLIN_OIL_TANKER.WMO → M2: 6IH_IRONHORDE_SHIPCANNON03.MDX
    WORLD/EXPANSION05/DOODADS/IRONHORDE/6IH_IRONHORDE_SHIPPADDLEWHEEL01.MDX
      ↳ Chain: Area: Kezan → ADT: KALIMDOR_51_49.ADT → WMO: GOBLIN_OIL_TANKER.WMO → M2: 6IH_IRONHORDE_SHIPPADDLEWHEEL01.MDX
    WORLD/EXPANSION05/DOODADS/IRONHORDE/6IH_IRONHORDE_SHIPPADDLEWHEEL02.MDX
      ↳ Chain: Area: Kezan → ADT: KALIMDOR_51_49.ADT → WMO: GOBLIN_OIL_TANKER.WMO → M2: 6IH_IRONHORDE_SHIPPADDLEWHEEL02.MDX
    WORLD/EXPANSION05/DOODADS/IRONHORDE/6IH_IRONHORDE_TRAINTRACKS_PILLAR02.MDX
      ↳ Chain: Area: Kezan → ADT: KALIMDOR_51_49.ADT → WMO: GOBLIN_OIL_TANKER.WMO → M2: 6IH_IRONHORDE_TRAINTRACKS_PILLAR02.MDX
    WORLD/EXPANSION05/DOODADS/OGRE/6OG_OGRE_CRITTERCAGE_01.MDX
      ↳ Chain: Area: Crestfall → ADT: AZEROTH_13_42.ADT → WMO: 8CRE_AMPTUNNEL01_2459264.WMO → M2: 6OG_OGRE_CRITTERCAGE_01.MDX
    WORLD/EXPANSION05/DOODADS/ORC/DOODADS/6OR_BARRACKS_AXE03.MDX
      ↳ Chain: Area: Crestfall → ADT: AZEROTH_13_42.ADT → WMO: 8CRE_AMPTUNNEL01_2459264.WMO → M2: 6OR_BARRACKS_AXE03.MDX
    WORLD/EXPANSION05/DOODADS/ORC/DOODADS/6OR_GARRISON_SPIKES02.MDX
      ↳ Chain: Area: Crestfall → ADT: AZEROTH_13_42.ADT → WMO: 8CRE_AMPTUNNEL01_2459264.WMO → M2: 6OR_GARRISON_SPIKES02.MDX
    WORLD/EXPANSION05/DOODADS/ORC/DOODADS/6OR_GARRISON_SPIKESBIG03.MDX
      ↳ Chain: Area: Crestfall → ADT: AZEROTH_13_42.ADT → WMO: 8CRE_AMPTUNNEL01_2459264.WMO → M2: 6OR_GARRISON_SPIKESBIG03.MDX
    WORLD/EXPANSION05/DOODADS/ORC/DOODADS/6OR_JEWELCRAFTING_TOOL02.MDX
      ↳ Chain: Area: KALIMDOR [53,54] → ADT: KALIMDOR_53_54.ADT → WMO: 6OR_GARRISON_WORKSHOP_V3.WMO → M2: 6OR_JEWELCRAFTING_TOOL02.MDX
    WORLD/EXPANSION05/DOODADS/ORC/DOODADS/6OR_JEWELCRAFTING_TOOL05.MDX
      ↳ Chain: Area: KALIMDOR [53,54] → ADT: KALIMDOR_53_54.ADT → WMO: 6OR_GARRISON_WORKSHOP_V3.WMO → M2: 6OR_JEWELCRAFTING_TOOL05.MDX
    WORLD/EXPANSION05/DOODADS/ORC/DOODADS/6OR_MAGETOWER_CHAIN02.MDX
      ↳ Chain: Area: Crestfall → ADT: AZEROTH_13_42.ADT → WMO: 8CRE_AMPTUNNEL01_2459264.WMO → M2: 6OR_MAGETOWER_CHAIN02.MDX
    WORLD/EXPANSION05/DOODADS/ORC/DOODADS/6OR_SALVAGEYARD_JUNKSHIELD01.MDX
      ↳ Chain: Area: Crestfall → ADT: AZEROTH_13_42.ADT → WMO: 8CRE_AMPTUNNEL01_2459264.WMO → M2: 6OR_SALVAGEYARD_JUNKSHIELD01.MDX
    WORLD/EXPANSION05/DOODADS/ORC/DOODADS/6OR_TOWNHALL_ARCHITECT_GOBSCREW.MDX
      ↳ Chain: Area: Kezan → ADT: KALIMDOR_55_50.ADT → WMO: 8OR_WARFRONTS_WORKSHOP_V2.WMO → M2: 6OR_TOWNHALL_ARCHITECT_GOBSCREW.MDX
    WORLD/EXPANSION05/DOODADS/ORC/DOODADS/6OR_TRADINGPOST_CRATE02.MDX
      ↳ Chain: Area: Crestfall → ADT: AZEROTH_13_42.ADT → WMO: 8CRE_AMPTUNNEL01_2459264.WMO → M2: 6OR_TRADINGPOST_CRATE02.MDX
    WORLD/EXPANSION05/DOODADS/ORC/DOODADS/6OR_TRADINGPOST_CRATELID01.MDX
      ↳ Chain: Area: Crestfall → ADT: AZEROTH_13_42.ADT → WMO: 8CRE_AMPTUNNEL01_2459264.WMO → M2: 6OR_TRADINGPOST_CRATELID01.MDX
    WORLD/EXPANSION05/DOODADS/ORCCLANS/6OC_ORCCLANS_CANDLE01.MDX
      ↳ Chain: Area: Stormwind City → ADT: AZEROTH_31_46.ADT → WMO: 6NG_SMALL_CAVE.WMO → M2: 6OC_ORCCLANS_CANDLE01.MDX
    WORLD/EXPANSION05/DOODADS/ORCCLANS/6OC_ORCCLANS_CANDLE02.MDX
      ↳ Chain: Area: Stormwind City → ADT: AZEROTH_31_46.ADT → WMO: 6NG_SMALL_CAVE.WMO → M2: 6OC_ORCCLANS_CANDLE02.MDX
    WORLD/EXPANSION05/DOODADS/ORCCLANS/6OC_ORCCLANS_CANDLE03.MDX
      ↳ Chain: Area: Stormwind City → ADT: AZEROTH_31_46.ADT → WMO: 6NG_SMALL_CAVE.WMO → M2: 6OC_ORCCLANS_CANDLE03.MDX
    WORLD/EXPANSION05/DOODADS/ORCCLANS/6OC_ORCCLANS_SPEAR01.MDX
      ↳ Chain: Area: Crestfall → ADT: AZEROTH_13_42.ADT → WMO: 8CRE_AMPTUNNEL01_2459264.WMO → M2: 6OC_ORCCLANS_SPEAR01.MDX
    WORLD/EXPANSION05/DOODADS/ORCCLANS/6OC_ORCCLANS_SPEARPOLE02.MDX
      ↳ Chain: Area: Crestfall → ADT: AZEROTH_13_42.ADT → WMO: 8CRE_AMPTUNNEL01_2459264.WMO → M2: 6OC_ORCCLANS_SPEARPOLE02.MDX
    WORLD/EXPANSION05/DOODADS/ORCCLANS/6OC_ORCCLANS_SPEARPOLE03.MDX
      ↳ Chain: Area: Crestfall → ADT: AZEROTH_13_42.ADT → WMO: 8CRE_AMPTUNNEL01_2459264.WMO → M2: 6OC_ORCCLANS_SPEARPOLE03.MDX
    WORLD/EXPANSION05/DOODADS/ORCCLANS/6OC_ORCCLANS_TONGS.MDX
      ↳ Chain: Area: KALIMDOR [53,54] → ADT: KALIMDOR_53_54.ADT → WMO: 6OR_GARRISON_WORKSHOP_V3.WMO → M2: 6OC_ORCCLANS_TONGS.MDX
    WORLD/EXPANSION05/DOODADS/ORCCLANS/6OC_SHADOWMOON_WALL03.MDX
      ↳ Chain: Area: Stormwind City → ADT: AZEROTH_31_46.ADT → WMO: 6NG_SMALL_CAVE.WMO → M2: 6OC_SHADOWMOON_WALL03.MDX
    WORLD/EXPANSION05/DOODADS/ORCCLANS/6OC_THUNDERLORD_WALL04.MDX
      ↳ Chain: Area: Stormwind City → ADT: AZEROTH_31_46.ADT → WMO: 6NG_SMALL_CAVE.WMO → M2: 6OC_THUNDERLORD_WALL04.MDX
    WORLD/EXPANSION05/DOODADS/SHADOWMOON/DOODADS/6SM_CELESTIALCROP01.MDX
      ↳ Chain: Area: Crestfall → ADT: AZEROTH_13_42.ADT → WMO: 8CRE_AMPTUNNEL01_2459264.WMO → M2: 6SM_CELESTIALCROP01.MDX
    WORLD/EXPANSION05/DOODADS/SHADOWMOON/DOODADS/6SM_MUSHROOM_B01.MDX
      ↳ Chain: Area: Crestfall → ADT: AZEROTH_13_42.ADT → WMO: 8CRE_AMPTUNNEL01_2459264.WMO → M2: 6SM_MUSHROOM_B01.MDX
    WORLD/EXPANSION05/DOODADS/SHADOWMOON/DOODADS/6SM_MUSHROOM_B02.MDX
      ↳ Chain: Area: Crestfall → ADT: AZEROTH_13_42.ADT → WMO: 8CRE_AMPTUNNEL01_2459264.WMO → M2: 6SM_MUSHROOM_B02.MDX
    WORLD/EXPANSION05/DOODADS/SHADOWMOON/DOODADS/6SM_ROCKMOSS_A01.MDX
      ↳ Chain: Area: Stormwind City → ADT: AZEROTH_31_46.ADT → WMO: 6NG_SMALL_CAVE.WMO → M2: 6SM_ROCKMOSS_A01.MDX
    WORLD/EXPANSION05/DOODADS/SHADOWMOON/DOODADS/6SM_ROCKMOSS_A02.MDX
      ↳ Chain: Area: Stormwind City → ADT: AZEROTH_31_46.ADT → WMO: 6NG_SMALL_CAVE.WMO → M2: 6SM_ROCKMOSS_A02.MDX
    WORLD/EXPANSION05/DOODADS/SHADOWMOON/DOODADS/6SM_ROCKMOSS_B01.MDX
      ↳ Chain: Area: Stormwind City → ADT: AZEROTH_31_46.ADT → WMO: 6NG_SMALL_CAVE.WMO → M2: 6SM_ROCKMOSS_B01.MDX
    WORLD/EXPANSION05/DOODADS/SHADOWMOON/DOODADS/6SM_ROCKMOSS_B02.MDX
      ↳ Chain: Area: Stormwind City → ADT: AZEROTH_31_46.ADT → WMO: 6NG_SMALL_CAVE.WMO → M2: 6SM_ROCKMOSS_B02.MDX
    WORLD/EXPANSION05/DOODADS/SHADOWMOON/DOODADS/6SM_ROCKMOSS_C01.MDX
      ↳ Chain: Area: Stormwind City → ADT: AZEROTH_31_46.ADT → WMO: 6NG_SMALL_CAVE.WMO → M2: 6SM_ROCKMOSS_C01.MDX
    WORLD/EXPANSION05/DOODADS/SHADOWMOON/DOODADS/6SM_ROCK_A01.MDX
      ↳ Chain: Area: Stormwind City → ADT: AZEROTH_31_46.ADT → WMO: 6NG_SMALL_CAVE.WMO → M2: 6SM_ROCK_A01.MDX
    WORLD/EXPANSION05/DOODADS/SHADOWMOON/DOODADS/6SM_ROCK_A02.MDX
      ↳ Chain: Area: Stormwind City → ADT: AZEROTH_31_46.ADT → WMO: 6NG_SMALL_CAVE.WMO → M2: 6SM_ROCK_A02.MDX
    WORLD/EXPANSION05/DOODADS/SHADOWMOON/DOODADS/6SM_ROCK_B01.MDX
      ↳ Chain: Area: Crestfall → ADT: AZEROTH_13_42.ADT → WMO: 8CRE_AMPTUNNEL01_2459264.WMO → M2: 6SM_ROCK_B01.MDX
    WORLD/EXPANSION05/DOODADS/SHADOWMOON/DOODADS/6SM_ROCK_B02.MDX
      ↳ Chain: Area: Stormwind City → ADT: AZEROTH_31_46.ADT → WMO: 6NG_SMALL_CAVE.WMO → M2: 6SM_ROCK_B02.MDX
    WORLD/EXPANSION05/DOODADS/SHADOWMOON/DOODADS/6SM_ROCK_C01.MDX
      ↳ Chain: Area: Stormwind City → ADT: AZEROTH_31_46.ADT → WMO: 6NG_SMALL_CAVE.WMO → M2: 6SM_ROCK_C01.MDX
    WORLD/EXPANSION05/DOODADS/SHADOWMOON/DOODADS/6SM_SEAWEED_A01.MDX
      ↳ Chain: Area: Stormwind City → ADT: AZEROTH_31_46.ADT → WMO: 6NG_SMALL_CAVE.WMO → M2: 6SM_SEAWEED_A01.MDX
    WORLD/EXPANSION05/DOODADS/SHADOWMOON/DOODADS/6SM_SEAWEED_B01.MDX
      ↳ Chain: Area: Stormwind City → ADT: AZEROTH_31_46.ADT → WMO: 6NG_SMALL_CAVE.WMO → M2: 6SM_SEAWEED_B01.MDX
    WORLD/EXPANSION05/DOODADS/SHADOWMOON/DOODADS/6SM_SMALLROCK_B01.MDX
      ↳ Chain: Area: Stormwind City → ADT: AZEROTH_31_46.ADT → WMO: 6NG_SMALL_CAVE.WMO → M2: 6SM_SMALLROCK_B01.MDX
    WORLD/EXPANSION05/DOODADS/SHADOWMOON/DOODADS/6SM_SMALLROCK_B02.MDX
      ↳ Chain: Area: Stormwind City → ADT: AZEROTH_31_46.ADT → WMO: 6NG_SMALL_CAVE.WMO → M2: 6SM_SMALLROCK_B02.MDX
    WORLD/EXPANSION05/DOODADS/SPIRESOFARRAK/DOODADS/6SA_SHRUB_B03.MDX
      ↳ Chain: Area: Crestfall → ADT: AZEROTH_13_42.ADT → WMO: 8CRE_AMPTUNNEL01_2459264.WMO → M2: 6SA_SHRUB_B03.MDX
    WORLD/EXPANSION05/DOODADS/TALADOR/DOODADS/6TD_WEB_A01.MDX
      ↳ Chain: Area: Crestfall → ADT: AZEROTH_13_42.ADT → WMO: 8CRE_AMPTUNNEL01_2459264.WMO → M2: 6TD_WEB_A01.MDX
    WORLD/EXPANSION05/DOODADS/TALADOR/DOODADS/6TD_WEB_A02.MDX
      ↳ Chain: Area: Crestfall → ADT: AZEROTH_13_42.ADT → WMO: 8CRE_AMPTUNNEL01_2459264.WMO → M2: 6TD_WEB_A02.MDX
    WORLD/EXPANSION05/DOODADS/TALADOR/DOODADS/6TD_WEB_A03.MDX
      ↳ Chain: Area: Crestfall → ADT: AZEROTH_13_42.ADT → WMO: 8CRE_AMPTUNNEL01_2459264.WMO → M2: 6TD_WEB_A03.MDX
    WORLD/EXPANSION05/DOODADS/TALADOR/DOODADS/6TD_WEB_A04.MDX
      ↳ Chain: Area: Crestfall → ADT: AZEROTH_13_42.ADT → WMO: 8CRE_AMPTUNNEL01_2459264.WMO → M2: 6TD_WEB_A04.MDX
    WORLD/EXPANSION05/DOODADS/TANAANJUNGLE/DOODADS/6TJ_PATCHTALLGRASS_A01.MDX
      ↳ Chain: Area: Crestfall → ADT: AZEROTH_13_42.ADT → WMO: 8CRE_AMPTUNNEL01_2459264.WMO → M2: 6TJ_PATCHTALLGRASS_A01.MDX
    WORLD/EXPANSION05/DOODADS/TANAANJUNGLE/DOODADS/6TJ_PATCHTALLGRASS_B01.MDX
      ↳ Chain: Area: Crestfall → ADT: AZEROTH_13_42.ADT → WMO: 8CRE_AMPTUNNEL01_2459264.WMO → M2: 6TJ_PATCHTALLGRASS_B01.MDX
    WORLD/EXPANSION06/DOODADS/ARAKNASHAL/7AN_FUNGUS_A01.MDX
      ↳ Chain: Area: Crestfall → ADT: AZEROTH_13_42.ADT → WMO: 8CRE_AMPTUNNEL01_2459264.WMO → M2: 7AN_FUNGUS_A01.MDX
    WORLD/EXPANSION06/DOODADS/ARAKNASHAL/7AN_FUNGUS_B01.MDX
      ↳ Chain: Area: Crestfall → ADT: AZEROTH_13_42.ADT → WMO: 8CRE_AMPTUNNEL01_2459264.WMO → M2: 7AN_FUNGUS_B01.MDX
    WORLD/EXPANSION06/DOODADS/ARAKNASHAL/7AN_FUNGUS_C01.MDX
      ↳ Chain: Area: Crestfall → ADT: AZEROTH_13_42.ADT → WMO: 8CRE_AMPTUNNEL01_2459264.WMO → M2: 7AN_FUNGUS_C01.MDX
    WORLD/EXPANSION06/DOODADS/ARAKNASHAL/7AN_HANGINGMOSS_A02.MDX
      ↳ Chain: Area: Crestfall → ADT: AZEROTH_13_42.ADT → WMO: 8CRE_AMPTUNNEL01_2459264.WMO → M2: 7AN_HANGINGMOSS_A02.MDX
    WORLD/EXPANSION06/DOODADS/ARAKNASHAL/7AN_HANGINGMOSS_B01.MDX
      ↳ Chain: Area: Crestfall → ADT: AZEROTH_13_42.ADT → WMO: 8CRE_AMPTUNNEL01_2459264.WMO → M2: 7AN_HANGINGMOSS_B01.MDX
    WORLD/EXPANSION06/DOODADS/ARAKNASHAL/7AN_MUSHROOMCLUMP_A01.MDX
      ↳ Chain: Area: Crestfall → ADT: AZEROTH_13_42.ADT → WMO: 8CRE_AMPTUNNEL01_2459264.WMO → M2: 7AN_MUSHROOMCLUMP_A01.MDX
    WORLD/EXPANSION06/DOODADS/ARAKNASHAL/7AN_MUSHROOMCLUMP_B01.MDX
      ↳ Chain: Area: Crestfall → ADT: AZEROTH_13_42.ADT → WMO: 8CRE_AMPTUNNEL01_2459264.WMO → M2: 7AN_MUSHROOMCLUMP_B01.MDX
    WORLD/EXPANSION06/DOODADS/ARAKNASHAL/7AN_MUSHROOMCLUMP_C01.MDX
      ↳ Chain: Area: Crestfall → ADT: AZEROTH_13_42.ADT → WMO: 8CRE_AMPTUNNEL01_2459264.WMO → M2: 7AN_MUSHROOMCLUMP_C01.MDX
    WORLD/EXPANSION06/DOODADS/ARAKNASHAL/7AN_SWAMPFLOWER_B02.MDX
      ↳ Chain: Area: Crestfall → ADT: AZEROTH_13_42.ADT → WMO: 8CRE_AMPTUNNEL01_2459264.WMO → M2: 7AN_SWAMPFLOWER_B02.MDX
    WORLD/EXPANSION06/DOODADS/ARGUS/7ARG_BONE_CLAW_C01.MDX
      ↳ Chain: Area: Crestfall → ADT: AZEROTH_13_42.ADT → WMO: 8CRE_AMPTUNNEL01_2459264.WMO → M2: 7ARG_BONE_CLAW_C01.MDX
    WORLD/EXPANSION06/DOODADS/ARTIFACT/7AF_HUNTER_DRAGONHEAD_BROKEN_JAW.MDX
      ↳ Chain: Area: Crestfall → ADT: AZEROTH_13_42.ADT → WMO: 8CRE_AMPTUNNEL01_2459264.WMO → M2: 7AF_HUNTER_DRAGONHEAD_BROKEN_JAW.MDX
    WORLD/EXPANSION06/DOODADS/ARTIFACT/7AF_HUNTER_DRAGONHEAD_BROKEN_SKULL.MDX
      ↳ Chain: Area: Crestfall → ADT: AZEROTH_13_42.ADT → WMO: 8CRE_AMPTUNNEL01_2459264.WMO → M2: 7AF_HUNTER_DRAGONHEAD_BROKEN_SKULL.MDX
    WORLD/EXPANSION06/DOODADS/ARTIFACT/7AF_HUNTER_DRAGONHEAD_BROKEN_SPINE.MDX
      ↳ Chain: Area: Crestfall → ADT: AZEROTH_13_42.ADT → WMO: 8CRE_AMPTUNNEL01_2459264.WMO → M2: 7AF_HUNTER_DRAGONHEAD_BROKEN_SPINE.MDX
    WORLD/EXPANSION06/DOODADS/ORC/7OR_ORC_BROKENCRATE01.MDX
      ↳ Chain: Area: Crestfall → ADT: AZEROTH_13_42.ADT → WMO: 8CRE_AMPTUNNEL01_2459264.WMO → M2: 7OR_ORC_BROKENCRATE01.MDX
    WORLD/EXPANSION06/DOODADS/ORC/7OR_PVP_NAGRANDARENA_HANGINGCAGE01.MDX
      ↳ Chain: Area: Crestfall → ADT: AZEROTH_13_42.ADT → WMO: 8CRE_AMPTUNNEL01_2459264.WMO → M2: 7OR_PVP_NAGRANDARENA_HANGINGCAGE01.MDX
    WORLD/EXPANSION06/DOODADS/SURAMAR/7SR_CRAGVINES_A01.MDX
      ↳ Chain: Area: Crestfall → ADT: AZEROTH_13_42.ADT → WMO: 8CRE_AMPTUNNEL01_2459264.WMO → M2: 7SR_CRAGVINES_A01.MDX
    WORLD/EXPANSION06/DOODADS/SURAMAR/7SR_CRAGVINES_A02.MDX
      ↳ Chain: Area: Crestfall → ADT: AZEROTH_13_42.ADT → WMO: 8CRE_AMPTUNNEL01_2459264.WMO → M2: 7SR_CRAGVINES_A02.MDX
    WORLD/EXPANSION06/DOODADS/SURAMAR/7SR_WATERBUSH_B01.MDX
      ↳ Chain: Area: Crestfall → ADT: AZEROTH_13_42.ADT → WMO: 8CRE_AMPTUNNEL01_2459264.WMO → M2: 7SR_WATERBUSH_B01.MDX
    WORLD/EXPANSION06/DOODADS/SURAMAR/7SR_WATERBUSH_C01.MDX
      ↳ Chain: Area: Crestfall → ADT: AZEROTH_13_42.ADT → WMO: 8CRE_AMPTUNNEL01_2459264.WMO → M2: 7SR_WATERBUSH_C01.MDX
    WORLD/EXPANSION06/DOODADS/VALSHARAH/7VS_NIGHTMARERAYSLONG01.MDX
      ↳ Chain: Area: Crestfall → ADT: AZEROTH_13_42.ADT → WMO: 8CRE_AMPTUNNEL01_2459264.WMO → M2: 7VS_NIGHTMARERAYSLONG01.MDX
    WORLD/EXPANSION06/DOODADS/VRYKUL/7VR_VRYKUL_BONEPILE02.MDX
      ↳ Chain: Area: Crestfall → ADT: AZEROTH_13_42.ADT → WMO: 8CRE_AMPTUNNEL01_2459264.WMO → M2: 7VR_VRYKUL_BONEPILE02.MDX
    WORLD/EXPANSION06/DOODADS/VRYKUL/7VR_VRYKUL_HOOK.MDX
      ↳ Chain: Area: Crestfall → ADT: AZEROTH_13_42.ADT → WMO: 8CRE_AMPTUNNEL01_2459264.WMO → M2: 7VR_VRYKUL_HOOK.MDX
    WORLD/EXPANSION07/DOODADS/8XP_FLYSWARMSLOW01.MDX
      ↳ Chain: Area: Crestfall → ADT: AZEROTH_13_42.ADT → WMO: 8CRE_AMPTUNNEL01_2459264.WMO → M2: 8XP_FLYSWARMSLOW01.MDX
    WORLD/EXPANSION07/DOODADS/8XP_KULTIRAS_GENERIC_WATER_DRIP02.MDX
      ↳ Chain: Area: Crestfall → ADT: AZEROTH_13_42.ADT → WMO: 8CRE_AMPTUNNEL01_2459264.WMO → M2: 8XP_KULTIRAS_GENERIC_WATER_DRIP02.MDX
    WORLD/EXPANSION07/DOODADS/BARBARIANZONE/8DRU_CRIMIVYBUSH_A01.MDX
      ↳ Chain: Area: Crestfall → ADT: AZEROTH_13_42.ADT → WMO: 8CRE_AMPTUNNEL01_2459264.WMO → M2: 8DRU_CRIMIVYBUSH_A01.MDX
    WORLD/EXPANSION07/DOODADS/BARBARIANZONE/8DRU_CRIMIVYBUSH_A02.MDX
      ↳ Chain: Area: Crestfall → ADT: AZEROTH_13_42.ADT → WMO: 8CRE_AMPTUNNEL01_2459264.WMO → M2: 8DRU_CRIMIVYBUSH_A02.MDX
    WORLD/EXPANSION07/DOODADS/BARBARIANZONE/8DRU_CRIMIVYBUSH_A03.MDX
      ↳ Chain: Area: Crestfall → ADT: AZEROTH_13_42.ADT → WMO: 8CRE_AMPTUNNEL01_2459264.WMO → M2: 8DRU_CRIMIVYBUSH_A03.MDX
    WORLD/EXPANSION07/DOODADS/BARBARIANZONE/8DRU_CRIMIVYBUSH_B01.MDX
      ↳ Chain: Area: Crestfall → ADT: AZEROTH_13_42.ADT → WMO: 8CRE_AMPTUNNEL01_2459264.WMO → M2: 8DRU_CRIMIVYBUSH_B01.MDX
    WORLD/EXPANSION07/DOODADS/BARBARIANZONE/8DRU_CRIMIVYBUSH_C01.MDX
      ↳ Chain: Area: Crestfall → ADT: AZEROTH_13_42.ADT → WMO: 8CRE_AMPTUNNEL01_2459264.WMO → M2: 8DRU_CRIMIVYBUSH_C01.MDX
    WORLD/EXPANSION07/DOODADS/BARBARIANZONE/8DRU_DEATHSHROOMCLUMP_A01.MDX
      ↳ Chain: Area: Crestfall → ADT: AZEROTH_13_42.ADT → WMO: 8CRE_AMPTUNNEL01_2459264.WMO → M2: 8DRU_DEATHSHROOMCLUMP_A01.MDX
    WORLD/EXPANSION07/DOODADS/BARBARIANZONE/8DRU_DEATHSHROOMCLUMP_A02.MDX
      ↳ Chain: Area: Crestfall → ADT: AZEROTH_13_42.ADT → WMO: 8CRE_AMPTUNNEL01_2459264.WMO → M2: 8DRU_DEATHSHROOMCLUMP_A02.MDX
    WORLD/EXPANSION07/DOODADS/BARBARIANZONE/8DRU_DEATHSHROOM_A01.MDX
      ↳ Chain: Area: Crestfall → ADT: AZEROTH_13_42.ADT → WMO: 8CRE_AMPTUNNEL01_2459264.WMO → M2: 8DRU_DEATHSHROOM_A01.MDX
    WORLD/EXPANSION07/DOODADS/BLOODTROLL/8TR_BLOOD_STAIN03.MDX
      ↳ Chain: Area: Crestfall → ADT: AZEROTH_13_42.ADT → WMO: 8CRE_AMPTUNNEL01_2459264.WMO → M2: 8TR_BLOOD_STAIN03.MDX
    WORLD/EXPANSION07/DOODADS/BLOODTROLL/8TR_BLOOD_STAIN04.MDX
      ↳ Chain: Area: Crestfall → ADT: AZEROTH_13_42.ADT → WMO: 8CRE_AMPTUNNEL01_2459264.WMO → M2: 8TR_BLOOD_STAIN04.MDX
    WORLD/EXPANSION07/DOODADS/DESERTZONE/8DES_BONES_ARMS01.MDX
      ↳ Chain: Area: Crestfall → ADT: AZEROTH_13_42.ADT → WMO: 8CRE_AMPTUNNEL01_2459264.WMO → M2: 8DES_BONES_ARMS01.MDX
    WORLD/EXPANSION07/DOODADS/DESERTZONE/8DES_BONES_ARMS02.MDX
      ↳ Chain: Area: Crestfall → ADT: AZEROTH_13_42.ADT → WMO: 8CRE_AMPTUNNEL01_2459264.WMO → M2: 8DES_BONES_ARMS02.MDX
    WORLD/EXPANSION07/DOODADS/DESERTZONE/8DES_BONES_RIBS02.MDX
      ↳ Chain: Area: Crestfall → ADT: AZEROTH_13_42.ADT → WMO: 8CRE_AMPTUNNEL01_2459264.WMO → M2: 8DES_BONES_RIBS02.MDX
    WORLD/EXPANSION07/DOODADS/DESERTZONE/8DES_BONES_SPINE01.MDX
      ↳ Chain: Area: Crestfall → ADT: AZEROTH_13_42.ADT → WMO: 8CRE_AMPTUNNEL01_2459264.WMO → M2: 8DES_BONES_SPINE01.MDX
    WORLD/EXPANSION07/DOODADS/DESERTZONE/8DES_BONES_TAIL01.MDX
      ↳ Chain: Area: Crestfall → ADT: AZEROTH_13_42.ADT → WMO: 8CRE_AMPTUNNEL01_2459264.WMO → M2: 8DES_BONES_TAIL01.MDX
    WORLD/EXPANSION07/DOODADS/DUNGEON/DOODADS/8DU_KULTIRASPRISON_FISHPIPE01.MDX
      ↳ Chain: Area: The Great Sea → ADT: AZEROTH_15_41.ADT → WMO: 8NZJ_NAZJATAR_EX01_2398163.WMO → M2: 8DU_KULTIRASPRISON_FISHPIPE01.MDX
    WORLD/EXPANSION07/DOODADS/HUMAN/8HU_KULTIRAS_CITYFENCE01.MDX
      ↳ Chain: Area: The Great Sea → ADT: AZEROTH_15_41.ADT → WMO: 8NZJ_NAZJATAR_EX01_2398163.WMO → M2: 8HU_KULTIRAS_CITYFENCE01.MDX
    WORLD/EXPANSION07/DOODADS/HUMAN/8HU_KULTIRAS_CITYFENCE01_POST.MDX
      ↳ Chain: Area: The Great Sea → ADT: AZEROTH_15_41.ADT → WMO: 8NZJ_NAZJATAR_EX01_2398163.WMO → M2: 8HU_KULTIRAS_CITYFENCE01_POST.MDX
    WORLD/EXPANSION07/DOODADS/HUMAN/8HU_KULTIRAS_DOCKS_PLANKNARROW01.MDX
      ↳ Chain: Area: Crestfall → ADT: AZEROTH_13_42.ADT → WMO: 8CRE_AMPTUNNEL01_2459264.WMO → M2: 8HU_KULTIRAS_DOCKS_PLANKNARROW01.MDX
    WORLD/EXPANSION07/DOODADS/HUMAN/8HU_KULTIRAS_DOCKS_PLANKNARROW01_NOCOLLISION.MDX
      ↳ Chain: Area: Crestfall → ADT: AZEROTH_13_42.ADT → WMO: 8CRE_AMPTUNNEL01_2459264.WMO → M2: 8HU_KULTIRAS_DOCKS_PLANKNARROW01_NOCOLLISION.MDX
    WORLD/EXPANSION07/DOODADS/HUMAN/8HU_KULTIRAS_HARPOON01.MDX
      ↳ Chain: Area: Crestfall → ADT: AZEROTH_13_42.ADT → WMO: 8CRE_AMPTUNNEL01_2459264.WMO → M2: 8HU_KULTIRAS_HARPOON01.MDX
    WORLD/EXPANSION07/DOODADS/HUMAN/8HU_KULTIRAS_MAUSOLEUMDECO01.MDX
      ↳ Chain: Area: The Great Sea → ADT: AZEROTH_15_41.ADT → WMO: 8NZJ_NAZJATAR_EX01_2398163.WMO → M2: 8HU_KULTIRAS_MAUSOLEUMDECO01.MDX
    WORLD/EXPANSION07/DOODADS/HUMAN/8HU_KULTIRAS_ROPEHANGING02.MDX
      ↳ Chain: Area: The Great Sea → ADT: AZEROTH_15_41.ADT → WMO: 8NZJ_NAZJATAR_EX01_2398163.WMO → M2: 8HU_KULTIRAS_ROPEHANGING02.MDX
    WORLD/EXPANSION07/DOODADS/HUMAN/8HU_KULTIRAS_SHIPLARGERIGGING02.MDX
      ↳ Chain: Area: The Great Sea → ADT: AZEROTH_15_41.ADT → WMO: 8NZJ_NAZJATAR_EX01_2398163.WMO → M2: 8HU_KULTIRAS_SHIPLARGERIGGING02.MDX
    WORLD/EXPANSION07/DOODADS/HUMAN/8HU_KULTIRAS_SHIPMEDIUMRIGGING01.MDX
      ↳ Chain: Area: The Great Sea → ADT: AZEROTH_15_41.ADT → WMO: 8NZJ_NAZJATAR_EX01_2398163.WMO → M2: 8HU_KULTIRAS_SHIPMEDIUMRIGGING01.MDX
    WORLD/EXPANSION07/DOODADS/HUMAN/8HU_KULTIRAS_WALLDECO01.MDX
      ↳ Chain: Area: The Great Sea → ADT: AZEROTH_15_41.ADT → WMO: 8NZJ_NAZJATAR_EX01_2398163.WMO → M2: 8HU_KULTIRAS_WALLDECO01.MDX
    WORLD/EXPANSION07/DOODADS/HUMAN/8HU_KULTIRAS_WALLLAMP01.MDX
      ↳ Chain: Area: The Great Sea → ADT: AZEROTH_15_41.ADT → WMO: 8NZJ_NAZJATAR_EX01_2398163.WMO → M2: 8HU_KULTIRAS_WALLLAMP01.MDX
    WORLD/EXPANSION07/DOODADS/HUMAN/8HU_KULTIRAS_WALLMAP01.MDX
      ↳ Chain: Area: Crestfall → ADT: AZEROTH_13_42.ADT → WMO: 8CRE_AMPTUNNEL01_2459264.WMO → M2: 8HU_KULTIRAS_WALLMAP01.MDX
    WORLD/EXPANSION07/DOODADS/HUMAN/8HU_KULTIRAS_WINDOW08.MDX
      ↳ Chain: Area: The Great Sea → ADT: AZEROTH_15_41.ADT → WMO: 8NZJ_NAZJATAR_EX01_2398163.WMO → M2: 8HU_KULTIRAS_WINDOW08.MDX
    WORLD/EXPANSION07/DOODADS/ZULDAZARZONE/8ZUL_BIGLEAFYBUSH_C01.MDX
      ↳ Chain: Area: Crestfall → ADT: AZEROTH_13_42.ADT → WMO: 8CRE_AMPTUNNEL01_2459264.WMO → M2: 8ZUL_BIGLEAFYBUSH_C01.MDX
    WORLD/EXPANSION07/DOODADS/ZULDAZARZONE/8ZUL_FERNBUSH_B01.MDX
      ↳ Chain: Area: Crestfall → ADT: AZEROTH_13_42.ADT → WMO: 8CRE_AMPTUNNEL01_2459264.WMO → M2: 8ZUL_FERNBUSH_B01.MDX
    WORLD/EXPANSION07/DOODADS/ZULDAZARZONE/8ZUL_FERNBUSH_B02.MDX
      ↳ Chain: Area: Crestfall → ADT: AZEROTH_13_42.ADT → WMO: 8CRE_AMPTUNNEL01_2459264.WMO → M2: 8ZUL_FERNBUSH_B02.MDX
    WORLD/EXPANSION07/DOODADS/ZULDAZARZONE/8ZUL_LEAFYBUSH_B01.MDX
      ↳ Chain: Area: Crestfall → ADT: AZEROTH_13_42.ADT → WMO: 8CRE_AMPTUNNEL01_2459264.WMO → M2: 8ZUL_LEAFYBUSH_B01.MDX
    WORLD/EXPANSION07/DOODADS/ZULDAZARZONE/8ZUL_LEAFYBUSH_B02.MDX
      ↳ Chain: Area: Crestfall → ADT: AZEROTH_13_42.ADT → WMO: 8CRE_AMPTUNNEL01_2459264.WMO → M2: 8ZUL_LEAFYBUSH_B02.MDX
    WORLD/GENERIC/BLOODELF/PASSIVE DOODADS/BE_LANTERN_BLUE_001.MDX
      ↳ Chain: Area: Isle of Quel'Danas → ADT: AZEROTH_40_12.ADT → WMO: BLOODELF_SMALLGAZEBO01.WMO → M2: BE_LANTERN_BLUE_001.MDX
    WORLD/GENERIC/BLOODELF/PASSIVE DOODADS/BE_LANTERN_BUSTED_001.MDX
      ↳ Chain: Area: Ghostlands → ADT: AZEROTH_38_22.ADT → WMO: WINDRUNNER_SPIRE.WMO → M2: BE_LANTERN_BUSTED_001.MDX
    WORLD/GENERIC/BLOODELF/PASSIVE DOODADS/BE_LANTERN_RED_001.MDX
      ↳ Chain: Area: Ghostlands → ADT: AZEROTH_38_22.ADT → WMO: WINDRUNNER_SPIRE.WMO → M2: BE_LANTERN_RED_001.MDX
    WORLD/GENERIC/BLOODELF/PASSIVE DOODADS/BL_ROUND_CRATE_001.MDX
      ↳ Chain: Area: Eversong Woods → ADT: AZEROTH_40_17.ADT → WMO: BLOODELF_SMALLHOUSE_ABAN01.WMO → M2: BL_ROUND_CRATE_001.MDX
    WORLD/GENERIC/BLOODELF/PASSIVE DOODADS/BL_ROUND_CRATE_002.MDX
      ↳ Chain: Area: Eversong Woods → ADT: AZEROTH_40_17.ADT → WMO: BLOODELF_SMALLHOUSE_ABAN01.WMO → M2: BL_ROUND_CRATE_002.MDX
    WORLD/GENERIC/BLOODELF/PASSIVE DOODADS/BL_ROUND_CRATE_003.MDX
      ↳ Chain: Area: Eversong Woods → ADT: AZEROTH_40_17.ADT → WMO: BLOODELF_SMALLHOUSE_ABAN01.WMO → M2: BL_ROUND_CRATE_003.MDX
    WORLD/GENERIC/BLOODELF/PASSIVE DOODADS/BL_SQ_CRATE_001.MDX
      ↳ Chain: Area: Eversong Woods → ADT: AZEROTH_40_17.ADT → WMO: BLOODELF_SMALLHOUSE_ABAN01.WMO → M2: BL_SQ_CRATE_001.MDX
    WORLD/GENERIC/BLOODELF/PASSIVE DOODADS/BL_SQ_CRATE_002.MDX
      ↳ Chain: Area: Eversong Woods → ADT: AZEROTH_40_17.ADT → WMO: BLOODELF_SMALLHOUSE_ABAN01.WMO → M2: BL_SQ_CRATE_002.MDX
    WORLD/GENERIC/BLOODELF/PASSIVE DOODADS/BL_SQ_CRATE_003.MDX
      ↳ Chain: Area: Eversong Woods → ADT: AZEROTH_39_20.ADT → WMO: BLOODELF_GUARDTOWER01.WMO → M2: BL_SQ_CRATE_003.MDX
    WORLD/GENERIC/BLOODELF/PASSIVE DOODADS/BL_SQ_CRATE_004_LID.MDX
      ↳ Chain: Area: Eversong Woods → ADT: AZEROTH_40_17.ADT → WMO: BLOODELF_SMALLHOUSE_ABAN01.WMO → M2: BL_SQ_CRATE_004_LID.MDX
    WORLD/GENERIC/BLOODELF/PASSIVE DOODADS/BL_SQ_CRATE_004_OPEN.MDX
      ↳ Chain: Area: Eversong Woods → ADT: AZEROTH_40_17.ADT → WMO: BLOODELF_SMALLHOUSE_ABAN01.WMO → M2: BL_SQ_CRATE_004_OPEN.MDX
    WORLD/GENERIC/DWARF/PASSIVE DOODADS/BRAZIERS/DWARVENBRAZIER02_BROKEN.MDX
      ↳ Chain: Area: Highlands → ADT: AZEROTH_42_39.ADT → WMO: WILDHAMMERDWARF_COTTAGEA.WMO → Unknown: WILDHAMMERDWARF_COTTAGEA_DESTROYED.WMO → M2: DWARVENBRAZIER02_BROKEN.MDX
    WORLD/GENERIC/DWARF/PASSIVE DOODADS/BRAZIERS/DWARVENBRAZIER02_OFF.MDX
      ↳ Chain: Area: Highlands → ADT: AZEROTH_42_39.ADT → WMO: WILDHAMMERDWARF_SMITHY.WMO → M2: DWARVENBRAZIER02_OFF.MDX
    WORLD/GENERIC/GNOME/PASSIVE DOODADS/PARTS/GNOME_ENGINE.MDX
      ↳ Chain: Area: Kezan → ADT: KALIMDOR_56_52.ADT → WMO: THOUSANDNEEDLES_RACERBARGE.WMO → M2: GNOME_ENGINE.MDX
    WORLD/GENERIC/GNOME/PASSIVE DOODADS/PARTS/GNOME_TESLA.MDX
      ↳ Chain: Area: Kezan → ADT: KALIMDOR_56_52.ADT → WMO: THOUSANDNEEDLES_RACERBARGE.WMO → M2: GNOME_TESLA.MDX
    WORLD/GENERIC/GOBLIN/PASSIVEDOODADS/BATTLEMAPS/GOBLIN_BATTLEMAP_01.MDX
      ↳ Chain: Area: KALIMDOR [53,54] → ADT: KALIMDOR_53_54.ADT → WMO: HORDE_GOBLIN_LAB_02.WMO → M2: GOBLIN_BATTLEMAP_01.MDX
    WORLD/GENERIC/GOBLIN/PASSIVEDOODADS/BATTLEMAPS/GOBLIN_BATTLEMAP_02.MDX
      ↳ Chain: Area: KALIMDOR [53,54] → ADT: KALIMDOR_53_54.ADT → WMO: HORDE_GOBLIN_LAB_02.WMO → M2: GOBLIN_BATTLEMAP_02.MDX
    WORLD/GENERIC/GOBLIN/PASSIVEDOODADS/BATTLEMAPS/GOBLIN_BATTLEMAP_04.MDX
      ↳ Chain: Area: Kezan → ADT: KALIMDOR_55_50.ADT → WMO: HORDE_GOBLIN_MANSION.WMO → M2: GOBLIN_BATTLEMAP_04.MDX
    WORLD/GENERIC/GOBLIN/PASSIVEDOODADS/BBQ/GOBLIN_BBQ_01.MDX
      ↳ Chain: Area: Kezan → ADT: KALIMDOR_56_52.ADT → WMO: THOUSANDNEEDLES_RACERBARGE.WMO → M2: GOBLIN_BBQ_01.MDX
    WORLD/GENERIC/GOBLIN/PASSIVEDOODADS/BBQ/GOBLIN_BBQ_02.MDX
      ↳ Chain: Area: Kezan → ADT: KALIMDOR_55_50.ADT → WMO: ZEPPELIN_TOWER_WALL.WMO → M2: GOBLIN_BBQ_02.MDX
    WORLD/GENERIC/GOBLIN/PASSIVEDOODADS/BBQ/GOBLIN_BBQ_03.MDX
      ↳ Chain: Area: Kezan → ADT: KALIMDOR_55_50.ADT → WMO: ZEPPELIN_TOWER_WALL.WMO → M2: GOBLIN_BBQ_03.MDX
    WORLD/GENERIC/GOBLIN/PASSIVEDOODADS/BEANBAGS/GOBLIN_BEANBAG_01.MDX
      ↳ Chain: Area: Kezan → ADT: KALIMDOR_55_50.ADT → WMO: HORDE_GOBLIN_MANSION.WMO → M2: GOBLIN_BEANBAG_01.MDX
    WORLD/GENERIC/GOBLIN/PASSIVEDOODADS/BEANBAGS/GOBLIN_BEANBAG_02.MDX
      ↳ Chain: Area: Highlands → ADT: AZEROTH_44_37.ADT → WMO: TH_GOBLIN_TOWN.WMO → M2: GOBLIN_BEANBAG_02.MDX
    WORLD/GENERIC/GOBLIN/PASSIVEDOODADS/BEANBAGS/GOBLIN_BEANBAG_03.MDX
      ↳ Chain: Area: Kezan → ADT: KALIMDOR_56_52.ADT → WMO: THOUSANDNEEDLES_RACERBARGE.WMO → M2: GOBLIN_BEANBAG_03.MDX
    WORLD/GENERIC/GOBLIN/PASSIVEDOODADS/BEANBAGS/GOBLIN_BEANBAG_04.MDX
      ↳ Chain: Area: Highlands → ADT: AZEROTH_44_37.ADT → WMO: TH_GOBLIN_TOWN.WMO → M2: GOBLIN_BEANBAG_04.MDX
    WORLD/GENERIC/GOBLIN/PASSIVEDOODADS/BEDS/GOBLIN_HORDE_BED_01.MDX
      ↳ Chain: Area: Kezan → ADT: KALIMDOR_56_52.ADT → WMO: THOUSANDNEEDLES_RACERBARGE.WMO → M2: GOBLIN_HORDE_BED_01.MDX
    WORLD/GENERIC/GOBLIN/PASSIVEDOODADS/BEDS/GOBLIN_HORDE_ORNATEBED_01.MDX
      ↳ Chain: Area: Kezan → ADT: KALIMDOR_55_50.ADT → WMO: HORDE_GOBLIN_MANSION.WMO → M2: GOBLIN_HORDE_ORNATEBED_01.MDX
    WORLD/GENERIC/GOBLIN/PASSIVEDOODADS/CEILINGFAN/GOBLIN_HORDE_CEILINGFAN_01.MDX
      ↳ Chain: Area: Kezan → ADT: KALIMDOR_55_50.ADT → WMO: 8OR_WARFRONTS_WORKSHOP_V2.WMO → M2: GOBLIN_HORDE_CEILINGFAN_01.MDX
    WORLD/GENERIC/GOBLIN/PASSIVEDOODADS/CEILINGFAN/GOBLIN_HORDE_CEILINGFAN_02.MDX
      ↳ Chain: Area: Kezan → ADT: KALIMDOR_55_50.ADT → WMO: 8OR_WARFRONTS_WORKSHOP_V2.WMO → M2: GOBLIN_HORDE_CEILINGFAN_02.MDX
    WORLD/GENERIC/GOBLIN/PASSIVEDOODADS/CLOTHES/GOBLIN_CLOTHES_02.MDX
      ↳ Chain: Area: Highlands → ADT: AZEROTH_44_37.ADT → WMO: TH_GOBLIN_TOWN.WMO → M2: GOBLIN_CLOTHES_02.MDX
    WORLD/GENERIC/GOBLIN/PASSIVEDOODADS/CRAZYMACHINES/GOBLIN_BATTERYMACHINE.MDX
      ↳ Chain: Area: Kezan → ADT: KALIMDOR_56_52.ADT → WMO: THOUSANDNEEDLES_RACERBARGE.WMO → M2: GOBLIN_BATTERYMACHINE.MDX
    WORLD/GENERIC/GOBLIN/PASSIVEDOODADS/CRAZYMACHINES/GOBLIN_COOKINGMACHINE.MDX
      ↳ Chain: Area: Kezan → ADT: KALIMDOR_55_50.ADT → WMO: ZEPPELIN_TOWER_WALL.WMO → M2: GOBLIN_COOKINGMACHINE.MDX
    WORLD/GENERIC/GOBLIN/PASSIVEDOODADS/CRAZYMACHINES/GOBLIN_CRAZYMACHINE_01.MDX
      ↳ Chain: Area: The Lost Isles → ADT: KALIMDOR_52_29.ADT → WMO: LOSTISLES_GOBLINMINE.WMO → M2: GOBLIN_CRAZYMACHINE_01.MDX
    WORLD/GENERIC/GOBLIN/PASSIVEDOODADS/CRAZYMACHINES/GOBLIN_CRAZYMACHINE_02.MDX
      ↳ Chain: Area: Kezan → ADT: KALIMDOR_55_50.ADT → WMO: 8OR_WARFRONTS_WORKSHOP_V2.WMO → M2: GOBLIN_CRAZYMACHINE_02.MDX
    WORLD/GENERIC/GOBLIN/PASSIVEDOODADS/CRAZYMACHINES/GOBLIN_CRAZYMACHINE_03.MDX
      ↳ Chain: Area: KALIMDOR [53,54] → ADT: KALIMDOR_53_54.ADT → WMO: AZSHARA_FREEWAY1.WMO → M2: GOBLIN_CRAZYMACHINE_03.MDX
    WORLD/GENERIC/GOBLIN/PASSIVEDOODADS/CRAZYMACHINES/GOBLIN_CRAZYMACHINE_07.MDX
      ↳ Chain: Area: KALIMDOR [53,55] → ADT: KALIMDOR_53_55.ADT → WMO: GOBLINSHIPFINAL.WMO → M2: GOBLIN_CRAZYMACHINE_07.MDX
    WORLD/GENERIC/GOBLIN/PASSIVEDOODADS/CRAZYMACHINES/GOBLIN_ROCKCUTTINGMACHINE_01.MDX
      ↳ Chain: Area: Kezan → ADT: KALIMDOR_54_49.ADT → WMO: GOBLIN_KEZAN_MINE_1ROOM.WMO → M2: GOBLIN_ROCKCUTTINGMACHINE_01.MDX
    WORLD/GENERIC/GOBLIN/PASSIVEDOODADS/DIAGRAMS/GOBLIN_DIAGRAM_01.MDX
      ↳ Chain: Area: KALIMDOR [53,53] → ADT: KALIMDOR_53_53.ADT → WMO: HORDE_GOBLIN_LAB_01.WMO → M2: GOBLIN_DIAGRAM_01.MDX
    WORLD/GENERIC/GOBLIN/PASSIVEDOODADS/DIAGRAMS/GOBLIN_DIAGRAM_02.MDX
      ↳ Chain: Area: Kezan → ADT: KALIMDOR_55_50.ADT → WMO: HORDE_GOBLIN_GARAGE.WMO → M2: GOBLIN_DIAGRAM_02.MDX
    WORLD/GENERIC/GOBLIN/PASSIVEDOODADS/DIAGRAMS/GOBLIN_DIAGRAM_03.MDX
      ↳ Chain: Area: Vashj'ir → ADT: AZEROTH_21_44.ADT → WMO: VASHJIR_LARGE_CAVE_B.WMO → M2: GOBLIN_DIAGRAM_03.MDX
    WORLD/GENERIC/GOBLIN/PASSIVEDOODADS/DIAGRAMS/GOBLIN_DIAGRAM_04.MDX
      ↳ Chain: Area: Vashj'ir → ADT: AZEROTH_21_44.ADT → WMO: VASHJIR_LARGE_CAVE_B.WMO → M2: GOBLIN_DIAGRAM_04.MDX
    WORLD/GENERIC/GOBLIN/PASSIVEDOODADS/ELEVATOR/GOBLIN_ELEVATOR.MDX
      ↳ Chain: Area: Kezan → ADT: KALIMDOR_51_49.ADT → WMO: GOBLIN_OIL_TANKER.WMO → M2: GOBLIN_ELEVATOR.MDX
    WORLD/GENERIC/GOBLIN/PASSIVEDOODADS/FOOD/GOBLIN_BUCKETOFOOD_01.MDX
      ↳ Chain: Area: Kezan → ADT: KALIMDOR_56_52.ADT → WMO: THOUSANDNEEDLES_RACERBARGE.WMO → M2: GOBLIN_BUCKETOFOOD_01.MDX
    WORLD/GENERIC/GOBLIN/PASSIVEDOODADS/FOOD/GOBLIN_BUCKETOFOOD_02.MDX
      ↳ Chain: Area: Kezan → ADT: KALIMDOR_55_50.ADT → WMO: ZEPPELIN_TOWER_WALL.WMO → M2: GOBLIN_BUCKETOFOOD_02.MDX
    WORLD/GENERIC/GOBLIN/PASSIVEDOODADS/FOOD/GOBLIN_FOOD_01.MDX
      ↳ Chain: Area: Kezan → ADT: KALIMDOR_55_50.ADT → WMO: ZEPPELIN_TOWER_WALL.WMO → M2: GOBLIN_FOOD_01.MDX
    WORLD/GENERIC/GOBLIN/PASSIVEDOODADS/FOOD/GOBLIN_FOOD_02.MDX
      ↳ Chain: Area: Kezan → ADT: KALIMDOR_55_50.ADT → WMO: ZEPPELIN_TOWER_WALL.WMO → M2: GOBLIN_FOOD_02.MDX
    WORLD/GENERIC/GOBLIN/PASSIVEDOODADS/FOOD/GOBLIN_FOOD_03.MDX
      ↳ Chain: Area: Kezan → ADT: KALIMDOR_55_50.ADT → WMO: ZEPPELIN_TOWER_WALL.WMO → M2: GOBLIN_FOOD_03.MDX
    WORLD/GENERIC/GOBLIN/PASSIVEDOODADS/FOOD/GOBLIN_FOOD_04.MDX
      ↳ Chain: Area: Kezan → ADT: KALIMDOR_55_50.ADT → WMO: ZEPPELIN_TOWER_WALL.WMO → M2: GOBLIN_FOOD_04.MDX
    WORLD/GENERIC/GOBLIN/PASSIVEDOODADS/FOOD/GOBLIN_FOOD_05.MDX
      ↳ Chain: Area: Kezan → ADT: KALIMDOR_56_52.ADT → WMO: THOUSANDNEEDLES_RACERBARGE.WMO → M2: GOBLIN_FOOD_05.MDX
    WORLD/GENERIC/GOBLIN/PASSIVEDOODADS/FOOD/GOBLIN_FOOD_06.MDX
      ↳ Chain: Area: Kezan → ADT: KALIMDOR_55_50.ADT → WMO: ZEPPELIN_TOWER_WALL.WMO → M2: GOBLIN_FOOD_06.MDX
    WORLD/GENERIC/GOBLIN/PASSIVEDOODADS/GOBLINPARTS/GOBLIN_NUT_01.MDX
      ↳ Chain: Area: KALIMDOR [53,53] → ADT: KALIMDOR_53_53.ADT → WMO: HORDE_GOBLIN_LAB_01.WMO → M2: GOBLIN_NUT_01.MDX
    WORLD/GENERIC/GOBLIN/PASSIVEDOODADS/GOBLINPARTS/GOBLIN_SPRING_01.MDX
      ↳ Chain: Area: Kezan → ADT: KALIMDOR_55_50.ADT → WMO: 8OR_WARFRONTS_WORKSHOP_V2.WMO → M2: GOBLIN_SPRING_01.MDX
    WORLD/GENERIC/GOBLIN/PASSIVEDOODADS/HANGINGLAMP/GOBLIN_HORDE_HANGINGLAMP_01.MDX
      ↳ Chain: Area: Kezan → ADT: KALIMDOR_55_50.ADT → WMO: ZEPPELIN_TOWER_WALL.WMO → M2: GOBLIN_HORDE_HANGINGLAMP_01.MDX
    WORLD/GENERIC/GOBLIN/PASSIVEDOODADS/HANGINGLAMP/GOBLIN_HORDE_HANGINGLAMP_02.MDX
      ↳ Chain: Area: KALIMDOR [53,54] → ADT: KALIMDOR_53_54.ADT → WMO: 6OR_GARRISON_WORKSHOP_V3.WMO → M2: GOBLIN_HORDE_HANGINGLAMP_02.MDX
    WORLD/GENERIC/GOBLIN/PASSIVEDOODADS/KEZAN/ASTROTURF/GOBLIN_KEZAN_ASTROTURF.MDX
      ↳ Chain: Area: Kezan → ADT: KALIMDOR_55_50.ADT → WMO: ZEPPELIN_TOWER_WALL.WMO → M2: GOBLIN_KEZAN_ASTROTURF.MDX
    WORLD/GENERIC/GOBLIN/PASSIVEDOODADS/KEZAN/ASTROTURF/GOBLIN_KEZAN_ASTROTURF_02.MDX
      ↳ Chain: Area: Kezan → ADT: KALIMDOR_55_50.ADT → WMO: ZEPPELIN_TOWER_WALL.WMO → M2: GOBLIN_KEZAN_ASTROTURF_02.MDX
    WORLD/GENERIC/GOBLIN/PASSIVEDOODADS/KEZAN/CHAIRS/GOBLIN_KEZAN_BEACHCHAIR_01.MDX
      ↳ Chain: Area: Highlands → ADT: AZEROTH_44_37.ADT → WMO: TH_GOBLIN_TOWN.WMO → M2: GOBLIN_KEZAN_BEACHCHAIR_01.MDX
    WORLD/GENERIC/GOBLIN/PASSIVEDOODADS/KEZAN/ITEMS/GOBLIN_ARROWYELLOW.MDX
      ↳ Chain: Area: Vashj'ir → ADT: AZEROTH_21_44.ADT → WMO: HORDE_SUBMARINE_CLOSED.WMO → M2: GOBLIN_ARROWYELLOW.MDX
    WORLD/GENERIC/GOBLIN/PASSIVEDOODADS/KEZAN/ITEMS/GOBLIN_BEACHBUCKET_01.MDX
      ↳ Chain: Area: Vashj'ir → ADT: AZEROTH_21_44.ADT → WMO: VASHJIR_LARGE_CAVE_B.WMO → M2: GOBLIN_BEACHBUCKET_01.MDX
    WORLD/GENERIC/GOBLIN/PASSIVEDOODADS/KEZAN/ITEMS/GOBLIN_BEACHBUCKET_02.MDX
      ↳ Chain: Area: Kezan → ADT: KALIMDOR_55_50.ADT → WMO: ZEPPELIN_TOWER_WALL.WMO → M2: GOBLIN_BEACHBUCKET_02.MDX
    WORLD/GENERIC/GOBLIN/PASSIVEDOODADS/KEZAN/ITEMS/GOBLIN_BEACHPARASOL_01.MDX
      ↳ Chain: Area: Highlands → ADT: AZEROTH_44_37.ADT → WMO: TH_GOBLIN_TOWN.WMO → M2: GOBLIN_BEACHPARASOL_01.MDX
    WORLD/GENERIC/GOBLIN/PASSIVEDOODADS/KEZAN/ITEMS/GOBLIN_BEACHSHOVEL_02.MDX
      ↳ Chain: Area: Kezan → ADT: KALIMDOR_53_49.ADT → WMO: GOBLIN_KEZAN_MINE.WMO → M2: GOBLIN_BEACHSHOVEL_02.MDX
    WORLD/GENERIC/GOBLIN/PASSIVEDOODADS/KEZAN/ITEMS/GOBLIN_BEACHTOWEL_01.MDX
      ↳ Chain: Area: Highlands → ADT: AZEROTH_44_37.ADT → WMO: TH_GOBLIN_TOWN.WMO → M2: GOBLIN_BEACHTOWEL_01.MDX
    WORLD/GENERIC/GOBLIN/PASSIVEDOODADS/KEZAN/ITEMS/GOBLIN_BEACHTOWEL_02.MDX
      ↳ Chain: Area: Highlands → ADT: AZEROTH_44_37.ADT → WMO: TH_GOBLIN_TOWN.WMO → M2: GOBLIN_BEACHTOWEL_02.MDX
    WORLD/GENERIC/GOBLIN/PASSIVEDOODADS/KEZAN/ITEMS/GOBLIN_CAN_01.MDX
      ↳ Chain: Area: Kezan → ADT: KALIMDOR_55_50.ADT → WMO: HORDE_GOBLIN_MANSION.WMO → M2: GOBLIN_CAN_01.MDX
    WORLD/GENERIC/GOBLIN/PASSIVEDOODADS/KEZAN/ITEMS/GOBLIN_CAN_02.MDX
      ↳ Chain: Area: Highlands → ADT: AZEROTH_44_37.ADT → WMO: TH_GOBLIN_TOWN.WMO → M2: GOBLIN_CAN_02.MDX
    WORLD/GENERIC/GOBLIN/PASSIVEDOODADS/KEZAN/ITEMS/GOBLIN_CAN_03.MDX
      ↳ Chain: Area: Highlands → ADT: AZEROTH_44_37.ADT → WMO: TH_GOBLIN_TOWN.WMO → M2: GOBLIN_CAN_03.MDX
    WORLD/GENERIC/GOBLIN/PASSIVEDOODADS/KEZAN/ITEMS/GOBLIN_CAN_STACK_01.MDX
      ↳ Chain: Area: Kezan → ADT: KALIMDOR_55_50.ADT → WMO: ZEPPELIN_TOWER_WALL.WMO → M2: GOBLIN_CAN_STACK_01.MDX
    WORLD/GENERIC/GOBLIN/PASSIVEDOODADS/KEZAN/ITEMS/GOBLIN_FORGE_01.MDX
      ↳ Chain: Area: Deepholm → ADT: DEEPHOME_32_31.ADT → WMO: DEEPHOLMEEXT_LIT.WMO → M2: GOBLIN_FORGE_01.MDX
    WORLD/GENERIC/GOBLIN/PASSIVEDOODADS/KEZAN/ITEMS/GOBLIN_HANKIE_01.MDX
      ↳ Chain: Area: Kezan → ADT: KALIMDOR_55_50.ADT → WMO: HORDE_GOBLIN_MANSION.WMO → M2: GOBLIN_HANKIE_01.MDX
    WORLD/GENERIC/GOBLIN/PASSIVEDOODADS/KEZAN/ITEMS/GOBLIN_HORDE_WAGON_03.MDX
      ↳ Chain: Area: Kezan → ADT: KALIMDOR_51_49.ADT → WMO: GOBLIN_OIL_TANKER.WMO → M2: GOBLIN_HORDE_WAGON_03.MDX
    WORLD/GENERIC/GOBLIN/PASSIVEDOODADS/KEZAN/ITEMS/GOBLIN_HORDE_WAGON_04.MDX
      ↳ Chain: Area: Kezan → ADT: KALIMDOR_55_50.ADT → WMO: ZEPPELIN_TOWER_WALL.WMO → M2: GOBLIN_HORDE_WAGON_04.MDX
    WORLD/GENERIC/GOBLIN/PASSIVEDOODADS/KEZAN/ITEMS/GOBLIN_KEZAN_ANVIL_01.MDX
      ↳ Chain: Area: Deepholm → ADT: DEEPHOME_32_31.ADT → WMO: DEEPHOLMEEXT_LIT.WMO → M2: GOBLIN_KEZAN_ANVIL_01.MDX
    WORLD/GENERIC/GOBLIN/PASSIVEDOODADS/KEZAN/ITEMS/GOBLIN_KEZAN_BEADDRAPE_02.MDX
      ↳ Chain: Area: Kezan → ADT: KALIMDOR_55_50.ADT → WMO: HORDE_GOBLIN_MANSION.WMO → M2: GOBLIN_KEZAN_BEADDRAPE_02.MDX
    WORLD/GENERIC/GOBLIN/PASSIVEDOODADS/KEZAN/ITEMS/GOBLIN_KEZAN_CHAIR_01.MDX
      ↳ Chain: Area: KALIMDOR [53,54] → ADT: KALIMDOR_53_54.ADT → WMO: AZSHARA_FREEWAY1.WMO → M2: GOBLIN_KEZAN_CHAIR_01.MDX
    WORLD/GENERIC/GOBLIN/PASSIVEDOODADS/KEZAN/ITEMS/GOBLIN_KEZAN_DRAPE_01.MDX
      ↳ Chain: Area: Vashj'ir → ADT: AZEROTH_21_44.ADT → WMO: HORDE_SUBMARINE_CLOSED.WMO → M2: GOBLIN_KEZAN_DRAPE_01.MDX
    WORLD/GENERIC/GOBLIN/PASSIVEDOODADS/KEZAN/ITEMS/GOBLIN_KEZAN_GASPUMP_01.MDX
      ↳ Chain: Area: Kezan → ADT: KALIMDOR_55_50.ADT → WMO: 8OR_WARFRONTS_WORKSHOP_V2.WMO → M2: GOBLIN_KEZAN_GASPUMP_01.MDX
    WORLD/GENERIC/GOBLIN/PASSIVEDOODADS/KEZAN/ITEMS/GOBLIN_KEZAN_HANGINGLAMP.MDX
      ↳ Chain: Area: KALIMDOR [53,54] → ADT: KALIMDOR_53_54.ADT → WMO: 6OR_GARRISON_WORKSHOP_V3.WMO → M2: GOBLIN_KEZAN_HANGINGLAMP.MDX
    WORLD/GENERIC/GOBLIN/PASSIVEDOODADS/KEZAN/ITEMS/GOBLIN_KEZAN_OILPUMP.MDX
      ↳ Chain: Area: Kezan → ADT: KALIMDOR_54_50.ADT → WMO: GOBLIN_PIPEROAD.WMO → M2: GOBLIN_KEZAN_OILPUMP.MDX
    WORLD/GENERIC/GOBLIN/PASSIVEDOODADS/KEZAN/ITEMS/GOBLIN_KEZAN_PAINTING_01.MDX
      ↳ Chain: Area: Kezan → ADT: KALIMDOR_56_52.ADT → WMO: THOUSANDNEEDLES_RACERBARGE.WMO → M2: GOBLIN_KEZAN_PAINTING_01.MDX
    WORLD/GENERIC/GOBLIN/PASSIVEDOODADS/KEZAN/ITEMS/GOBLIN_KEZAN_PAINTING_03.MDX
      ↳ Chain: Area: Kezan → ADT: KALIMDOR_56_52.ADT → WMO: THOUSANDNEEDLES_RACERBARGE.WMO → M2: GOBLIN_KEZAN_PAINTING_03.MDX
    WORLD/GENERIC/GOBLIN/PASSIVEDOODADS/KEZAN/ITEMS/GOBLIN_KEZAN_PAINTING_04.MDX
      ↳ Chain: Area: Kezan → ADT: KALIMDOR_55_51.ADT → WMO: HORDE_GOBLIN_BANK.WMO → M2: GOBLIN_KEZAN_PAINTING_04.MDX
    WORLD/GENERIC/GOBLIN/PASSIVEDOODADS/KEZAN/ITEMS/GOBLIN_KEZAN_RUG_01.MDX
      ↳ Chain: Area: Highlands → ADT: AZEROTH_44_37.ADT → WMO: TH_GOBLIN_TOWN.WMO → M2: GOBLIN_KEZAN_RUG_01.MDX
    WORLD/GENERIC/GOBLIN/PASSIVEDOODADS/KEZAN/ITEMS/GOBLIN_KEZAN_RUG_02.MDX
      ↳ Chain: Area: Kezan → ADT: KALIMDOR_56_52.ADT → WMO: THOUSANDNEEDLES_RACERBARGE.WMO → M2: GOBLIN_KEZAN_RUG_02.MDX
    WORLD/GENERIC/GOBLIN/PASSIVEDOODADS/KEZAN/ITEMS/GOBLIN_KEZAN_RUG_03.MDX
      ↳ Chain: Area: Kezan → ADT: KALIMDOR_56_52.ADT → WMO: THOUSANDNEEDLES_RACERBARGE.WMO → M2: GOBLIN_KEZAN_RUG_03.MDX
    WORLD/GENERIC/GOBLIN/PASSIVEDOODADS/KEZAN/ITEMS/GOBLIN_KEZAN_RUG_04.MDX
      ↳ Chain: Area: KALIMDOR [53,53] → ADT: KALIMDOR_53_53.ADT → WMO: HORDE_GOBLIN_LAB_01.WMO → M2: GOBLIN_KEZAN_RUG_04.MDX
    WORLD/GENERIC/GOBLIN/PASSIVEDOODADS/KEZAN/ITEMS/GOBLIN_KEZAN_RUG_05.MDX
      ↳ Chain: Area: KALIMDOR [53,53] → ADT: KALIMDOR_53_53.ADT → WMO: HORDE_GOBLIN_LAB_01.WMO → M2: GOBLIN_KEZAN_RUG_05.MDX
    WORLD/GENERIC/GOBLIN/PASSIVEDOODADS/KEZAN/ITEMS/GOBLIN_KEZAN_TABLELAMP_01.MDX
      ↳ Chain: Area: Kezan → ADT: KALIMDOR_56_52.ADT → WMO: THOUSANDNEEDLES_RACERBARGE.WMO → M2: GOBLIN_KEZAN_TABLELAMP_01.MDX
    WORLD/GENERIC/GOBLIN/PASSIVEDOODADS/KEZAN/ITEMS/GOBLIN_KEZAN_TABLELAMP_02.MDX
      ↳ Chain: Area: Vashj'ir → ADT: AZEROTH_21_44.ADT → WMO: HORDE_SUBMARINE_CLOSED.WMO → M2: GOBLIN_KEZAN_TABLELAMP_02.MDX
    WORLD/GENERIC/GOBLIN/PASSIVEDOODADS/KEZAN/ITEMS/GOBLIN_KEZAN_UNCLE_SAM_01.MDX
      ↳ Chain: Area: Kezan → ADT: KALIMDOR_55_50.ADT → WMO: HORDE_GOBLIN_DOCKS.WMO → M2: GOBLIN_KEZAN_UNCLE_SAM_01.MDX
    WORLD/GENERIC/GOBLIN/PASSIVEDOODADS/KEZAN/ITEMS/GOBLIN_KEZAN_WALLLAMP_01.MDX
      ↳ Chain: Area: Kezan → ADT: KALIMDOR_53_49.ADT → WMO: GOBLIN_KEZAN_MINE.WMO → M2: GOBLIN_KEZAN_WALLLAMP_01.MDX
    WORLD/GENERIC/GOBLIN/PASSIVEDOODADS/KEZAN/ITEMS/GOBLIN_KEZAN_WALLLAMP_02.MDX
      ↳ Chain: Area: Kezan → ADT: KALIMDOR_55_50.ADT → WMO: 8OR_WARFRONTS_WORKSHOP_V2.WMO → M2: GOBLIN_KEZAN_WALLLAMP_02.MDX
    WORLD/GENERIC/GOBLIN/PASSIVEDOODADS/KEZAN/ITEMS/GOBLIN_KEZAN_WALLLAMP_03.MDX
      ↳ Chain: Area: Kezan → ADT: KALIMDOR_51_49.ADT → WMO: GOBLIN_OIL_TANKER.WMO → M2: GOBLIN_KEZAN_WALLLAMP_03.MDX
    WORLD/GENERIC/GOBLIN/PASSIVEDOODADS/KEZAN/ITEMS/GOBLIN_KEZAN_WHEEL_02.MDX
      ↳ Chain: Area: Kezan → ADT: KALIMDOR_55_50.ADT → WMO: HORDE_GOBLIN_GARAGE.WMO → M2: GOBLIN_KEZAN_WHEEL_02.MDX
    WORLD/GENERIC/GOBLIN/PASSIVEDOODADS/KEZAN/ITEMS/GOBLIN_KEZAN_WHEEL_03.MDX
      ↳ Chain: Area: Kezan → ADT: KALIMDOR_55_50.ADT → WMO: HORDE_GOBLIN_GARAGE.WMO → M2: GOBLIN_KEZAN_WHEEL_03.MDX
    WORLD/GENERIC/GOBLIN/PASSIVEDOODADS/KEZAN/ITEMS/GOBLIN_KEZAN_WHEEL_04.MDX
      ↳ Chain: Area: Kezan → ADT: KALIMDOR_55_50.ADT → WMO: HORDE_GOBLIN_GARAGE.WMO → M2: GOBLIN_KEZAN_WHEEL_04.MDX
    WORLD/GENERIC/GOBLIN/PASSIVEDOODADS/KEZAN/ITEMS/GOBLIN_WINDSOCK_01.MDX
      ↳ Chain: Area: Kezan → ADT: KALIMDOR_55_50.ADT → WMO: ZEPPELIN_TOWER_WALL.WMO → M2: GOBLIN_WINDSOCK_01.MDX
    WORLD/GENERIC/GOBLIN/PASSIVEDOODADS/KEZAN/MINECART/GOBLIN_KEZAN_MINECART_01.MDX
      ↳ Chain: Area: Kezan → ADT: KALIMDOR_53_49.ADT → WMO: GOBLIN_KEZAN_MINE.WMO → M2: GOBLIN_KEZAN_MINECART_01.MDX
    WORLD/GENERIC/GOBLIN/PASSIVEDOODADS/KEZAN/MINECART/GOBLIN_KEZAN_MINECART_02.MDX
      ↳ Chain: Area: Kezan → ADT: KALIMDOR_53_49.ADT → WMO: GOBLIN_KEZAN_MINE.WMO → M2: GOBLIN_KEZAN_MINECART_02.MDX
    WORLD/GENERIC/GOBLIN/PASSIVEDOODADS/KEZAN/PINKFLAMINGO/GOBLIN_KEZAN_PINKFLAMINGO_01.MDX
      ↳ Chain: Area: Kezan → ADT: KALIMDOR_55_51.ADT → WMO: HORDE_GOBLIN_ONEROOM_01.WMO → M2: GOBLIN_KEZAN_PINKFLAMINGO_01.MDX
    WORLD/GENERIC/GOBLIN/PASSIVEDOODADS/KEZAN/POOLPONY/GOBLIN_KEZAN_POOLPONY_FLOATING_BLUE_01.MDX
      ↳ Chain: Area: Vashj'ir → ADT: AZEROTH_21_44.ADT → WMO: VASHJIR_LARGE_CAVE_B.WMO → M2: GOBLIN_KEZAN_POOLPONY_FLOATING_BLUE_01.MDX
    WORLD/GENERIC/GOBLIN/PASSIVEDOODADS/KEZAN/POOLPONY/GOBLIN_KEZAN_POOLPONY_FLOATING_GREEN_01.MDX
      ↳ Chain: Area: Vashj'ir → ADT: AZEROTH_21_44.ADT → WMO: VASHJIR_LARGE_CAVE_B.WMO → M2: GOBLIN_KEZAN_POOLPONY_FLOATING_GREEN_01.MDX
    WORLD/GENERIC/GOBLIN/PASSIVEDOODADS/KEZAN/POOLPONY/GOBLIN_KEZAN_POOLPONY_STATIONARY_BLUE_01.MDX
      ↳ Chain: Area: Kezan → ADT: KALIMDOR_56_52.ADT → WMO: THOUSANDNEEDLES_RACERBARGE.WMO → M2: GOBLIN_KEZAN_POOLPONY_STATIONARY_BLUE_01.MDX
    WORLD/GENERIC/GOBLIN/PASSIVEDOODADS/KEZAN/ROAD/GOBLIN_KEZAN_ROADSUPPORT_CLAMP.MDX
      ↳ Chain: Area: Kezan → ADT: KALIMDOR_55_50.ADT → WMO: HORDE_GOBLIN_GARAGE.WMO → M2: GOBLIN_KEZAN_ROADSUPPORT_CLAMP.MDX
    WORLD/GENERIC/GOBLIN/PASSIVEDOODADS/KEZAN/ROAD/GOBLIN_KEZAN_ROADSUPPORT_EXTRALONGSUPPORT.MDX
      ↳ Chain: Area: Kezan → ADT: KALIMDOR_55_50.ADT → WMO: HORDE_GOBLIN_GARAGE.WMO → M2: GOBLIN_KEZAN_ROADSUPPORT_EXTRALONGSUPPORT.MDX
    WORLD/GENERIC/GOBLIN/PASSIVEDOODADS/KEZAN/ROAD/GOBLIN_KEZAN_ROADSUPPORT_LONGSUPPORT.MDX
      ↳ Chain: Area: KALIMDOR [53,54] → ADT: KALIMDOR_53_54.ADT → WMO: 6OR_GARRISON_WORKSHOP_V3.WMO → M2: GOBLIN_KEZAN_ROADSUPPORT_LONGSUPPORT.MDX
    WORLD/GENERIC/GOBLIN/PASSIVEDOODADS/KEZAN/ROAD/GOBLIN_KEZAN_ROADSUPPORT_SINGLE.MDX
      ↳ Chain: Area: Kezan → ADT: KALIMDOR_55_50.ADT → WMO: 8OR_WARFRONTS_WORKSHOP_V2.WMO → M2: GOBLIN_KEZAN_ROADSUPPORT_SINGLE.MDX
    WORLD/GENERIC/GOBLIN/PASSIVEDOODADS/KEZAN/SIGNS/GOBLIN_KEZANBILLBOARD_02.MDX
      ↳ Chain: Area: Kezan → ADT: KALIMDOR_54_50.ADT → WMO: GOBLIN_PIPEROAD.WMO → M2: GOBLIN_KEZANBILLBOARD_02.MDX
    WORLD/GENERIC/GOBLIN/PASSIVEDOODADS/KEZAN/SIGNS/GOBLIN_KEZAN_SIGNPOST_02.MDX
      ↳ Chain: Area: Kezan → ADT: KALIMDOR_51_49.ADT → WMO: GOBLIN_OIL_TANKER.WMO → M2: GOBLIN_KEZAN_SIGNPOST_02.MDX
    WORLD/GENERIC/GOBLIN/PASSIVEDOODADS/KEZAN/SMOKE/GOBLIN_KEZAN_SMOKESTACKS_01.MDX
      ↳ Chain: Area: Kezan → ADT: KALIMDOR_51_49.ADT → WMO: GOBLIN_OIL_TANKER.WMO → M2: GOBLIN_KEZAN_SMOKESTACKS_01.MDX
    WORLD/GENERIC/GOBLIN/PASSIVEDOODADS/KEZAN/TENTS/GOBLIN_KEZAN_TELEGRAPHPOLE_01.MDX
      ↳ Chain: Area: Kezan → ADT: KALIMDOR_55_50.ADT → WMO: ZEPPELIN_TOWER_WALL.WMO → M2: GOBLIN_KEZAN_TELEGRAPHPOLE_01.MDX
    WORLD/GENERIC/GOBLIN/PASSIVEDOODADS/KEZAN/TENTS/GOBLIN_SLUMS_TENT_01.MDX
      ↳ Chain: Area: Highlands → ADT: AZEROTH_44_37.ADT → WMO: TH_GOBLIN_TOWN.WMO → M2: GOBLIN_SLUMS_TENT_01.MDX
    WORLD/GENERIC/GOBLIN/PASSIVEDOODADS/KEZAN/WALLS/GOBLIN_KEZANWALLCORNER_01.MDX
      ↳ Chain: Area: Kezan → ADT: KALIMDOR_55_51.ADT → WMO: HORDE_GOBLIN_CANNON_02.WMO → M2: GOBLIN_KEZANWALLCORNER_01.MDX
    WORLD/GENERIC/GOBLIN/PASSIVEDOODADS/KEZAN/WALLS/GOBLIN_KEZANWALLCORNER_02.MDX
      ↳ Chain: Area: Kezan → ADT: KALIMDOR_55_51.ADT → WMO: HORDE_GOBLIN_CANNON_02.WMO → M2: GOBLIN_KEZANWALLCORNER_02.MDX
    WORLD/GENERIC/GOBLIN/PASSIVEDOODADS/LAVALAMP/GOBLIN_LAVALAMP_01.MDX
      ↳ Chain: Area: Highlands → ADT: AZEROTH_44_37.ADT → WMO: TH_GOBLIN_TOWN.WMO → M2: GOBLIN_LAVALAMP_01.MDX
    WORLD/GENERIC/GOBLIN/PASSIVEDOODADS/LAVALAMP/GOBLIN_LAVALAMP_02.MDX
      ↳ Chain: Area: Kezan → ADT: KALIMDOR_55_51.ADT → WMO: HORDE_GOBLIN_ONEROOM_01.WMO → M2: GOBLIN_LAVALAMP_02.MDX
    WORLD/GENERIC/GOBLIN/PASSIVEDOODADS/LAVALAMP/GOBLIN_LAVALAMP_03.MDX
      ↳ Chain: Area: Kezan → ADT: KALIMDOR_56_52.ADT → WMO: THOUSANDNEEDLES_RACERBARGE.WMO → M2: GOBLIN_LAVALAMP_03.MDX
    WORLD/GENERIC/GOBLIN/PASSIVEDOODADS/LAVALAMP/GOBLIN_LAVALAMP_PLUG.MDX
      ↳ Chain: Area: KALIMDOR [53,54] → ADT: KALIMDOR_53_54.ADT → WMO: HORDE_GOBLIN_LAB_02.WMO → M2: GOBLIN_LAVALAMP_PLUG.MDX
    WORLD/GENERIC/GOBLIN/PASSIVEDOODADS/LOSTISLES/DIVINGHELM.MDX
      ↳ Chain: Area: KALIMDOR [53,55] → ADT: KALIMDOR_53_55.ADT → WMO: GOBLINSHIPFINAL.WMO → M2: DIVINGHELM.MDX
    WORLD/GENERIC/GOBLIN/PASSIVEDOODADS/LOSTISLES/GOBLINBATTERY_01.MDX
      ↳ Chain: Area: Kezan → ADT: KALIMDOR_55_50.ADT → WMO: 8OR_WARFRONTS_WORKSHOP_V2.WMO → M2: GOBLINBATTERY_01.MDX
    WORLD/GENERIC/GOBLIN/PASSIVEDOODADS/LOSTISLES/GOBLINBATTERY_02.MDX
      ↳ Chain: Area: Kezan → ADT: KALIMDOR_54_48.ADT → WMO: GOBLIN_SWINGBRIDGE_OPEN.WMO → M2: GOBLINBATTERY_02.MDX
    WORLD/GENERIC/GOBLIN/PASSIVEDOODADS/LOSTISLES/GOBLINBOTTLE_01.MDX
      ↳ Chain: Area: KALIMDOR [53,55] → ADT: KALIMDOR_53_55.ADT → WMO: GOBLINSHIPFINAL.WMO → M2: GOBLINBOTTLE_01.MDX
    WORLD/GENERIC/GOBLIN/PASSIVEDOODADS/LOSTISLES/GOBLINCUP_01.MDX
      ↳ Chain: Area: KALIMDOR [53,55] → ADT: KALIMDOR_53_55.ADT → WMO: GOBLINSHIPFINAL.WMO → M2: GOBLINCUP_01.MDX
    WORLD/GENERIC/GOBLIN/PASSIVEDOODADS/LOSTISLES/GOBLINCUP_02.MDX
      ↳ Chain: Area: KALIMDOR [53,55] → ADT: KALIMDOR_53_55.ADT → WMO: GOBLINSHIPFINAL.WMO → M2: GOBLINCUP_02.MDX
    WORLD/GENERIC/GOBLIN/PASSIVEDOODADS/LOSTISLES/GOBLIN_BAMBOO_LADDER_01.MDX
      ↳ Chain: Area: KALIMDOR [53,55] → ADT: KALIMDOR_53_55.ADT → WMO: GOBLINSHIPFINAL.WMO → M2: GOBLIN_BAMBOO_LADDER_01.MDX
    WORLD/GENERIC/GOBLIN/PASSIVEDOODADS/LOSTISLES/GOBLIN_BANNER_01.MDX
      ↳ Chain: Area: KALIMDOR [53,54] → ADT: KALIMDOR_53_54.ADT → WMO: AZSHARA_FREEWAY1.WMO → M2: GOBLIN_BANNER_01.MDX
    WORLD/GENERIC/GOBLIN/PASSIVEDOODADS/LOSTISLES/GOBLIN_BANNER_02.MDX
      ↳ Chain: Area: Highlands → ADT: AZEROTH_44_37.ADT → WMO: TH_GOBLIN_TOWN.WMO → M2: GOBLIN_BANNER_02.MDX
    WORLD/GENERIC/GOBLIN/PASSIVEDOODADS/LOSTISLES/GOBLIN_BARRICADE_02.MDX
      ↳ Chain: Area: KALIMDOR [53,55] → ADT: KALIMDOR_53_55.ADT → WMO: GOBLINSHIPFINAL.WMO → M2: GOBLIN_BARRICADE_02.MDX
    WORLD/GENERIC/GOBLIN/PASSIVEDOODADS/LOSTISLES/GOBLIN_CHRISTMASLIGHT_ALL.MDX
      ↳ Chain: Area: Highlands → ADT: AZEROTH_44_37.ADT → WMO: TH_GOBLIN_TOWN.WMO → M2: GOBLIN_CHRISTMASLIGHT_ALL.MDX
    WORLD/GENERIC/GOBLIN/PASSIVEDOODADS/LOSTISLES/GOBLIN_CHRISTMASLIGHT_ALL_LARGE.MDX
      ↳ Chain: Area: Kezan → ADT: KALIMDOR_55_50.ADT → WMO: ZEPPELIN_TOWER_WALL.WMO → M2: GOBLIN_CHRISTMASLIGHT_ALL_LARGE.MDX
    WORLD/GENERIC/GOBLIN/PASSIVEDOODADS/LOSTISLES/GOBLIN_CHRISTMASLIGHT_GREEN.MDX
      ↳ Chain: Area: Kezan → ADT: KALIMDOR_56_52.ADT → WMO: THOUSANDNEEDLES_RACERBARGE.WMO → M2: GOBLIN_CHRISTMASLIGHT_GREEN.MDX
    WORLD/GENERIC/GOBLIN/PASSIVEDOODADS/LOSTISLES/GOBLIN_CHRISTMASLIGHT_RED.MDX
      ↳ Chain: Area: Vashj'ir → ADT: AZEROTH_21_44.ADT → WMO: HORDE_SUBMARINE_CLOSED.WMO → M2: GOBLIN_CHRISTMASLIGHT_RED.MDX
    WORLD/GENERIC/GOBLIN/PASSIVEDOODADS/LOSTISLES/GOBLIN_CHRISTMASLIGHT_YELLOW.MDX
      ↳ Chain: Area: Kezan → ADT: KALIMDOR_55_50.ADT → WMO: ZEPPELIN_TOWER_WALL.WMO → M2: GOBLIN_CHRISTMASLIGHT_YELLOW.MDX
    WORLD/GENERIC/GOBLIN/PASSIVEDOODADS/LOSTISLES/GOBLIN_CRATE_01.MDX
      ↳ Chain: Area: KALIMDOR [53,55] → ADT: KALIMDOR_53_55.ADT → WMO: GOBLINSHIPFINAL.WMO → M2: GOBLIN_CRATE_01.MDX
    WORLD/GENERIC/GOBLIN/PASSIVEDOODADS/LOSTISLES/GOBLIN_CRATE_02.MDX
      ↳ Chain: Area: KALIMDOR [53,55] → ADT: KALIMDOR_53_55.ADT → WMO: GOBLINSHIPFINAL.WMO → M2: GOBLIN_CRATE_02.MDX
    WORLD/GENERIC/GOBLIN/PASSIVEDOODADS/LOSTISLES/GOBLIN_CRATE_03.MDX
      ↳ Chain: Area: Kezan → ADT: KALIMDOR_55_50.ADT → WMO: ZEPPELIN_TOWER_WALL.WMO → M2: GOBLIN_CRATE_03.MDX
    WORLD/GENERIC/GOBLIN/PASSIVEDOODADS/LOSTISLES/GOBLIN_CRATE_04.MDX
      ↳ Chain: Area: KALIMDOR [53,55] → ADT: KALIMDOR_53_55.ADT → WMO: GOBLINSHIPFINAL.WMO → M2: GOBLIN_CRATE_04.MDX
    WORLD/GENERIC/GOBLIN/PASSIVEDOODADS/LOSTISLES/GOBLIN_CRATE_05.MDX
      ↳ Chain: Area: KALIMDOR [53,55] → ADT: KALIMDOR_53_55.ADT → WMO: GOBLINSHIPFINAL.WMO → M2: GOBLIN_CRATE_05.MDX
    WORLD/GENERIC/GOBLIN/PASSIVEDOODADS/LOSTISLES/GOBLIN_CRATE_06.MDX
      ↳ Chain: Area: KALIMDOR [53,55] → ADT: KALIMDOR_53_55.ADT → WMO: GOBLINSHIPFINAL.WMO → M2: GOBLIN_CRATE_06.MDX
    WORLD/GENERIC/GOBLIN/PASSIVEDOODADS/LOSTISLES/GOBLIN_CRATE_07.MDX
      ↳ Chain: Area: KALIMDOR [53,55] → ADT: KALIMDOR_53_55.ADT → WMO: GOBLINSHIPFINAL.WMO → M2: GOBLIN_CRATE_07.MDX
    WORLD/GENERIC/GOBLIN/PASSIVEDOODADS/LOSTISLES/GOBLIN_ESCAPEPOD.MDX
      ↳ Chain: Area: Highlands → ADT: AZEROTH_44_37.ADT → WMO: TH_GOBLIN_TOWN.WMO → M2: GOBLIN_ESCAPEPOD.MDX
    WORLD/GENERIC/GOBLIN/PASSIVEDOODADS/LOSTISLES/GOBLIN_ESCAPEPOD_BLUE.MDX
      ↳ Chain: Area: KALIMDOR [53,54] → ADT: KALIMDOR_53_54.ADT → WMO: HORDE_GOBLIN_LAB_02.WMO → M2: GOBLIN_ESCAPEPOD_BLUE.MDX
    WORLD/GENERIC/GOBLIN/PASSIVEDOODADS/LOSTISLES/GOBLIN_ESCAPEPOD_GREEN.MDX
      ↳ Chain: Area: KALIMDOR [53,54] → ADT: KALIMDOR_53_54.ADT → WMO: HORDE_GOBLIN_LAB_02.WMO → M2: GOBLIN_ESCAPEPOD_GREEN.MDX
    WORLD/GENERIC/GOBLIN/PASSIVEDOODADS/LOSTISLES/GOBLIN_FENCE_BROWN_04.MDX
      ↳ Chain: Area: The Lost Isles → ADT: KALIMDOR_52_29.ADT → WMO: LOSTISLES_GOBLINMINE.WMO → M2: GOBLIN_FENCE_BROWN_04.MDX
    WORLD/GENERIC/GOBLIN/PASSIVEDOODADS/LOSTISLES/GOBLIN_FENCE_GREEN_01.MDX
      ↳ Chain: Area: KALIMDOR [53,55] → ADT: KALIMDOR_53_55.ADT → WMO: GOBLINSHIPFINAL.WMO → M2: GOBLIN_FENCE_GREEN_01.MDX
    WORLD/GENERIC/GOBLIN/PASSIVEDOODADS/LOSTISLES/GOBLIN_KEG_BROWN_01.MDX
      ↳ Chain: Area: Kezan → ADT: KALIMDOR_55_51.ADT → WMO: GOBLIN_RIVERBOAT.WMO → M2: GOBLIN_KEG_BROWN_01.MDX
    WORLD/GENERIC/GOBLIN/PASSIVEDOODADS/LOSTISLES/GOBLIN_KEG_BROWN_02.MDX
      ↳ Chain: Area: KALIMDOR [53,55] → ADT: KALIMDOR_53_55.ADT → WMO: GOBLINSHIPFINAL.WMO → M2: GOBLIN_KEG_BROWN_02.MDX
    WORLD/GENERIC/GOBLIN/PASSIVEDOODADS/LOSTISLES/GOBLIN_KEG_BROWN_03.MDX
      ↳ Chain: Area: Kezan → ADT: KALIMDOR_55_51.ADT → WMO: HORDE_GOBLIN_CANNON_02.WMO → M2: GOBLIN_KEG_BROWN_03.MDX
    WORLD/GENERIC/GOBLIN/PASSIVEDOODADS/LOSTISLES/GOBLIN_KEG_BROWN_04.MDX
      ↳ Chain: Area: Kezan → ADT: KALIMDOR_55_51.ADT → WMO: HORDE_GOBLIN_ONEROOM_03.WMO → M2: GOBLIN_KEG_BROWN_04.MDX
    WORLD/GENERIC/GOBLIN/PASSIVEDOODADS/LOSTISLES/GOBLIN_KEG_BROWN_05.MDX
      ↳ Chain: Area: KALIMDOR [53,55] → ADT: KALIMDOR_53_55.ADT → WMO: GOBLINSHIPFINAL.WMO → M2: GOBLIN_KEG_BROWN_05.MDX
    WORLD/GENERIC/GOBLIN/PASSIVEDOODADS/LOSTISLES/GOBLIN_KEG_GREEN_01.MDX
      ↳ Chain: Area: KALIMDOR [53,55] → ADT: KALIMDOR_53_55.ADT → WMO: GOBLINSHIPFINAL.WMO → M2: GOBLIN_KEG_GREEN_01.MDX
    WORLD/GENERIC/GOBLIN/PASSIVEDOODADS/LOSTISLES/GOBLIN_KEZAN_LAMP_01.MDX
      ↳ Chain: Area: Kezan → ADT: KALIMDOR_55_50.ADT → WMO: 8OR_WARFRONTS_WORKSHOP_V2.WMO → M2: GOBLIN_KEZAN_LAMP_01.MDX
    WORLD/GENERIC/GOBLIN/PASSIVEDOODADS/LOSTISLES/GOBLIN_KEZAN_OILPIPE.MDX
      ↳ Chain: Area: Highlands → ADT: AZEROTH_44_37.ADT → WMO: TH_GOBLIN_TOWN.WMO → M2: GOBLIN_KEZAN_OILPIPE.MDX
    WORLD/GENERIC/GOBLIN/PASSIVEDOODADS/LOSTISLES/GOBLIN_KEZAN_PIPE_01.MDX
      ↳ Chain: Area: Highlands → ADT: AZEROTH_44_37.ADT → WMO: TH_GOBLIN_TOWN.WMO → M2: GOBLIN_KEZAN_PIPE_01.MDX
    WORLD/GENERIC/GOBLIN/PASSIVEDOODADS/LOSTISLES/GOBLIN_KEZAN_PIPE_02.MDX
      ↳ Chain: Area: Kezan → ADT: KALIMDOR_55_50.ADT → WMO: 8OR_WARFRONTS_WORKSHOP_V2.WMO → M2: GOBLIN_KEZAN_PIPE_02.MDX
    WORLD/GENERIC/GOBLIN/PASSIVEDOODADS/LOSTISLES/GOBLIN_KEZAN_PIPE_03.MDX
      ↳ Chain: Area: Kezan → ADT: KALIMDOR_55_50.ADT → WMO: 8OR_WARFRONTS_WORKSHOP_V2.WMO → M2: GOBLIN_KEZAN_PIPE_03.MDX
    WORLD/GENERIC/GOBLIN/PASSIVEDOODADS/LOSTISLES/GOBLIN_KEZAN_PIPE_04.MDX
      ↳ Chain: Area: Kezan → ADT: KALIMDOR_55_50.ADT → WMO: 8OR_WARFRONTS_WORKSHOP_V2.WMO → M2: GOBLIN_KEZAN_PIPE_04.MDX
    WORLD/GENERIC/GOBLIN/PASSIVEDOODADS/LOSTISLES/GOBLIN_KEZAN_PIPE_05.MDX
      ↳ Chain: Area: KALIMDOR [53,54] → ADT: KALIMDOR_53_54.ADT → WMO: 6OR_GARRISON_WORKSHOP_V3.WMO → M2: GOBLIN_KEZAN_PIPE_05.MDX
    WORLD/GENERIC/GOBLIN/PASSIVEDOODADS/LOSTISLES/GOBLIN_KEZAN_PIPE_06.MDX
      ↳ Chain: Area: Kezan → ADT: KALIMDOR_55_50.ADT → WMO: 8OR_WARFRONTS_WORKSHOP_V2.WMO → M2: GOBLIN_KEZAN_PIPE_06.MDX
    WORLD/GENERIC/GOBLIN/PASSIVEDOODADS/LOSTISLES/GOBLIN_KEZAN_PIPE_CAP_01.MDX
      ↳ Chain: Area: Kezan → ADT: KALIMDOR_55_50.ADT → WMO: 8OR_WARFRONTS_WORKSHOP_V2.WMO → M2: GOBLIN_KEZAN_PIPE_CAP_01.MDX
    WORLD/GENERIC/GOBLIN/PASSIVEDOODADS/LOSTISLES/GOBLIN_KEZAN_PIPE_CAP_02.MDX
      ↳ Chain: Area: Kezan → ADT: KALIMDOR_54_48.ADT → WMO: GOBLIN_SWINGBRIDGE_OPEN.WMO → M2: GOBLIN_KEZAN_PIPE_CAP_02.MDX
    WORLD/GENERIC/GOBLIN/PASSIVEDOODADS/LOSTISLES/GOBLIN_KEZAN_PIPE_CAP_03.MDX
      ↳ Chain: Area: KALIMDOR [53,54] → ADT: KALIMDOR_53_54.ADT → WMO: 6OR_GARRISON_WORKSHOP_V3.WMO → M2: GOBLIN_KEZAN_PIPE_CAP_03.MDX
    WORLD/GENERIC/GOBLIN/PASSIVEDOODADS/LOSTISLES/GOBLIN_KEZAN_PIPE_CONNECTOR_01.MDX
      ↳ Chain: Area: Kezan → ADT: KALIMDOR_55_50.ADT → WMO: 8OR_WARFRONTS_WORKSHOP_V2.WMO → M2: GOBLIN_KEZAN_PIPE_CONNECTOR_01.MDX
    WORLD/GENERIC/GOBLIN/PASSIVEDOODADS/LOSTISLES/GOBLIN_KEZAN_PIPE_CONNECTOR_02.MDX
      ↳ Chain: Area: Kezan → ADT: KALIMDOR_55_50.ADT → WMO: 8OR_WARFRONTS_WORKSHOP_V2.WMO → M2: GOBLIN_KEZAN_PIPE_CONNECTOR_02.MDX
    WORLD/GENERIC/GOBLIN/PASSIVEDOODADS/LOSTISLES/GOBLIN_KEZAN_PIPE_TOP_01.MDX
      ↳ Chain: Area: Kezan → ADT: KALIMDOR_55_50.ADT → WMO: 8OR_WARFRONTS_WORKSHOP_V2.WMO → M2: GOBLIN_KEZAN_PIPE_TOP_01.MDX
    WORLD/GENERIC/GOBLIN/PASSIVEDOODADS/LOSTISLES/GOBLIN_KEZAN_PIPE_TOP_02.MDX
      ↳ Chain: Area: Kezan → ADT: KALIMDOR_56_52.ADT → WMO: THOUSANDNEEDLES_RACERBARGE.WMO → M2: GOBLIN_KEZAN_PIPE_TOP_02.MDX
    WORLD/GENERIC/GOBLIN/PASSIVEDOODADS/LOSTISLES/GOBLIN_KEZAN_PIPE_TOP_03.MDX
      ↳ Chain: Area: KALIMDOR [53,54] → ADT: KALIMDOR_53_54.ADT → WMO: 6OR_GARRISON_WORKSHOP_V3.WMO → M2: GOBLIN_KEZAN_PIPE_TOP_03.MDX
    WORLD/GENERIC/GOBLIN/PASSIVEDOODADS/LOSTISLES/GOBLIN_KEZAN_PIPE_TOP_04.MDX
      ↳ Chain: Area: Kezan → ADT: KALIMDOR_55_50.ADT → WMO: 8OR_WARFRONTS_WORKSHOP_V2.WMO → M2: GOBLIN_KEZAN_PIPE_TOP_04.MDX
    WORLD/GENERIC/GOBLIN/PASSIVEDOODADS/LOSTISLES/GOBLIN_KEZAN_ROAD_02.MDX
      ↳ Chain: Area: Kezan → ADT: KALIMDOR_54_50.ADT → WMO: GOBLIN_PIPEROAD.WMO → M2: GOBLIN_KEZAN_ROAD_02.MDX
    WORLD/GENERIC/GOBLIN/PASSIVEDOODADS/LOSTISLES/GOBLIN_KEZAN_WINDOW_01.MDX
      ↳ Chain: Area: Kezan → ADT: KALIMDOR_55_50.ADT → WMO: 8OR_WARFRONTS_WORKSHOP_V2.WMO → M2: GOBLIN_KEZAN_WINDOW_01.MDX
    WORLD/GENERIC/GOBLIN/PASSIVEDOODADS/LOSTISLES/GOBLIN_LAMPPOST_01.MDX
      ↳ Chain: Area: Kezan → ADT: KALIMDOR_55_49.ADT → WMO: GOBLINOILREFINERY.WMO → M2: GOBLIN_LAMPPOST_01.MDX
    WORLD/GENERIC/GOBLIN/PASSIVEDOODADS/LOSTISLES/GOBLIN_LAMPPOST_02.MDX
      ↳ Chain: Area: KALIMDOR [53,55] → ADT: KALIMDOR_53_55.ADT → WMO: GOBLINSHIPFINAL.WMO → M2: GOBLIN_LAMPPOST_02.MDX
    WORLD/GENERIC/GOBLIN/PASSIVEDOODADS/LOSTISLES/GOBLIN_LAMPPOST_04.MDX
      ↳ Chain: Area: KALIMDOR [53,55] → ADT: KALIMDOR_53_55.ADT → WMO: GOBLINSHIPFINAL.WMO → M2: GOBLIN_LAMPPOST_04.MDX
    WORLD/GENERIC/GOBLIN/PASSIVEDOODADS/LOSTISLES/GOBLIN_LOSTISLES_MINECART.MDX
      ↳ Chain: Area: The Lost Isles → ADT: KALIMDOR_52_29.ADT → WMO: LOSTISLES_GOBLINMINE.WMO → M2: GOBLIN_LOSTISLES_MINECART.MDX
    WORLD/GENERIC/GOBLIN/PASSIVEDOODADS/LOSTISLES/GOBLIN_LOSTISLES_MINECART_BROKEN.MDX
      ↳ Chain: Area: The Lost Isles → ADT: KALIMDOR_52_29.ADT → WMO: LOSTISLES_GOBLINMINE.WMO → M2: GOBLIN_LOSTISLES_MINECART_BROKEN.MDX
    WORLD/GENERIC/GOBLIN/PASSIVEDOODADS/LOSTISLES/GOBLIN_PAPER_01.MDX
      ↳ Chain: Area: KALIMDOR [53,55] → ADT: KALIMDOR_53_55.ADT → WMO: GOBLINSHIPFINAL.WMO → M2: GOBLIN_PAPER_01.MDX
    WORLD/GENERIC/GOBLIN/PASSIVEDOODADS/LOSTISLES/GOBLIN_PAPER_04.MDX
      ↳ Chain: Area: KALIMDOR [53,55] → ADT: KALIMDOR_53_55.ADT → WMO: GOBLINSHIPFINAL.WMO → M2: GOBLIN_PAPER_04.MDX
    WORLD/GENERIC/GOBLIN/PASSIVEDOODADS/LOSTISLES/GOBLIN_PAPER_05.MDX
      ↳ Chain: Area: Kezan → ADT: KALIMDOR_55_50.ADT → WMO: HORDE_GOBLIN_MANSION.WMO → M2: GOBLIN_PAPER_05.MDX
    WORLD/GENERIC/GOBLIN/PASSIVEDOODADS/LOSTISLES/GOBLIN_PAPER_06.MDX
      ↳ Chain: Area: KALIMDOR [53,55] → ADT: KALIMDOR_53_55.ADT → WMO: GOBLINSHIPFINAL.WMO → M2: GOBLIN_PAPER_06.MDX
    WORLD/GENERIC/GOBLIN/PASSIVEDOODADS/LOSTISLES/GOBLIN_POOLELEVATOR.MDX
      ↳ Chain: Area: Kezan → ADT: KALIMDOR_53_48.ADT → WMO: HORDE_GOBLIN_POOL.WMO → M2: GOBLIN_POOLELEVATOR.MDX
    WORLD/GENERIC/GOBLIN/PASSIVEDOODADS/LOSTISLES/GOBLIN_SIGNPOST_01.MDX
      ↳ Chain: Area: KALIMDOR [53,55] → ADT: KALIMDOR_53_55.ADT → WMO: GOBLINSHIPFINAL.WMO → M2: GOBLIN_SIGNPOST_01.MDX
    WORLD/GENERIC/GOBLIN/PASSIVEDOODADS/LOSTISLES/GOBLIN_SIGNPOST_02.MDX
      ↳ Chain: Area: KALIMDOR [53,55] → ADT: KALIMDOR_53_55.ADT → WMO: GOBLINSHIPFINAL.WMO → M2: GOBLIN_SIGNPOST_02.MDX
    WORLD/GENERIC/GOBLIN/PASSIVEDOODADS/LOSTISLES/GOBLIN_SIGNPOST_03.MDX
      ↳ Chain: Area: Kezan → ADT: KALIMDOR_56_52.ADT → WMO: THOUSANDNEEDLES_RACERBARGE.WMO → M2: GOBLIN_SIGNPOST_03.MDX
    WORLD/GENERIC/GOBLIN/PASSIVEDOODADS/LOSTISLES/GOBLIN_TABLE_GREEN.MDX
      ↳ Chain: Area: The Lost Isles → ADT: KALIMDOR_51_28.ADT → WMO: GOBLIN_DRYDOCK.WMO → M2: GOBLIN_TABLE_GREEN.MDX
    WORLD/GENERIC/GOBLIN/PASSIVEDOODADS/LOSTISLES/GOBLIN_TENT_01.MDX
      ↳ Chain: Area: KALIMDOR [53,55] → ADT: KALIMDOR_53_55.ADT → WMO: GOBLINSHIPFINAL.WMO → M2: GOBLIN_TENT_01.MDX
    WORLD/GENERIC/GOBLIN/PASSIVEDOODADS/LOSTISLES/GOBLIN_TENT_03.MDX
      ↳ Chain: Area: KALIMDOR [53,55] → ADT: KALIMDOR_53_55.ADT → WMO: GOBLINSHIPFINAL.WMO → M2: GOBLIN_TENT_03.MDX
    WORLD/GENERIC/GOBLIN/PASSIVEDOODADS/LOSTISLES/GOBLIN_TIRE_LARGE.MDX
      ↳ Chain: Area: Kezan → ADT: KALIMDOR_55_50.ADT → WMO: ZEPPELIN_TOWER_WALL.WMO → M2: GOBLIN_TIRE_LARGE.MDX
    WORLD/GENERIC/GOBLIN/PASSIVEDOODADS/LOSTISLES/GOBLIN_TIRE_PILE_LARGE.MDX
      ↳ Chain: Area: Kezan → ADT: KALIMDOR_56_52.ADT → WMO: THOUSANDNEEDLES_RACERBARGE.WMO → M2: GOBLIN_TIRE_PILE_LARGE.MDX
    WORLD/GENERIC/GOBLIN/PASSIVEDOODADS/LOSTISLES/GOBLIN_TIRE_PILE_SMALL.MDX
      ↳ Chain: Area: Kezan → ADT: KALIMDOR_55_50.ADT → WMO: HORDE_GOBLIN_GARAGE.WMO → M2: GOBLIN_TIRE_PILE_SMALL.MDX
    WORLD/GENERIC/GOBLIN/PASSIVEDOODADS/LOSTISLES/GOBLIN_WAGON_01.MDX
      ↳ Chain: Area: The Lost Isles → ADT: KALIMDOR_52_29.ADT → WMO: LOSTISLES_GOBLINMINE.WMO → M2: GOBLIN_WAGON_01.MDX
    WORLD/GENERIC/GOBLIN/PASSIVEDOODADS/LOSTISLES/POSTBOXGOBLIN.MDX
      ↳ Chain: Area: Highlands → ADT: AZEROTH_44_37.ADT → WMO: TH_GOBLIN_TOWN.WMO → M2: POSTBOXGOBLIN.MDX
    WORLD/GENERIC/GOBLIN/PASSIVEDOODADS/LOSTISLES/SPOOL/GOBLIN_SPOOL_01.MDX
      ↳ Chain: Area: Kezan → ADT: KALIMDOR_55_50.ADT → WMO: 8OR_WARFRONTS_WORKSHOP_V2.WMO → M2: GOBLIN_SPOOL_01.MDX
    WORLD/GENERIC/GOBLIN/PASSIVEDOODADS/LOSTISLES/SPOOL/GOBLIN_SPOOL_02.MDX
      ↳ Chain: Area: Kezan → ADT: KALIMDOR_55_50.ADT → WMO: 8OR_WARFRONTS_WORKSHOP_V2.WMO → M2: GOBLIN_SPOOL_02.MDX
    WORLD/GENERIC/GOBLIN/PASSIVEDOODADS/LOSTISLES/WIRE/GOBLIN_WIRE_01.MDX
      ↳ Chain: Area: The Lost Isles → ADT: KALIMDOR_52_29.ADT → WMO: LOSTISLES_GOBLINMINE.WMO → M2: GOBLIN_WIRE_01.MDX
    WORLD/GENERIC/GOBLIN/PASSIVEDOODADS/LOSTISLES/WIRE/GOBLIN_WIRE_02.MDX
      ↳ Chain: Area: Highlands → ADT: AZEROTH_44_37.ADT → WMO: TH_GOBLIN_TOWN.WMO → M2: GOBLIN_WIRE_02.MDX
    WORLD/GENERIC/GOBLIN/PASSIVEDOODADS/LOSTISLES/WIRE/GOBLIN_WIRE_03.MDX
      ↳ Chain: Area: The Lost Isles → ADT: KALIMDOR_52_29.ADT → WMO: LOSTISLES_GOBLINMINE.WMO → M2: GOBLIN_WIRE_03.MDX
    WORLD/GENERIC/GOBLIN/PASSIVEDOODADS/MINICANNON/HORDE_GOBLIN_MINICANNON01.MDX
      ↳ Chain: Area: Kezan → ADT: KALIMDOR_55_51.ADT → WMO: HORDE_GOBLIN_CANNONWALL_05.WMO → M2: HORDE_GOBLIN_MINICANNON01.MDX
    WORLD/GENERIC/GOBLIN/PASSIVEDOODADS/MINICANNON/HORDE_GOBLIN_MINICANNON02.MDX
      ↳ Chain: Area: Kezan → ADT: KALIMDOR_55_51.ADT → WMO: HORDE_GOBLIN_CANNON_02.WMO → M2: HORDE_GOBLIN_MINICANNON02.MDX
    WORLD/GENERIC/GOBLIN/PASSIVEDOODADS/MORTAR/GOBLIN_HORDE_MORTAR_01.MDX
      ↳ Chain: Area: Kezan → ADT: KALIMDOR_55_51.ADT → WMO: HORDE_GOBLIN_DOCKS2.WMO → M2: GOBLIN_HORDE_MORTAR_01.MDX
    WORLD/GENERIC/GOBLIN/PASSIVEDOODADS/OILDRUM/GOBLIN_FLOATINGOILDRUM_EXPLODER01.MDX
      ↳ Chain: Area: The Lost Isles → ADT: KALIMDOR_52_29.ADT → WMO: LOSTISLES_GOBLINMINE.WMO → M2: GOBLIN_FLOATINGOILDRUM_EXPLODER01.MDX
    WORLD/GENERIC/GOBLIN/PASSIVEDOODADS/OILDRUM/GOBLIN_OILDRUM_01.MDX
      ↳ Chain: Area: Kezan → ADT: KALIMDOR_55_50.ADT → WMO: 8OR_WARFRONTS_WORKSHOP_V2.WMO → M2: GOBLIN_OILDRUM_01.MDX
    WORLD/GENERIC/GOBLIN/PASSIVEDOODADS/PINUPCALENDAR/GOBLIN_HORDE_PINUPCALENDAR_01.MDX
      ↳ Chain: Area: Kezan → ADT: KALIMDOR_55_50.ADT → WMO: HORDE_GOBLIN_GARAGE.WMO → M2: GOBLIN_HORDE_PINUPCALENDAR_01.MDX
    WORLD/GENERIC/GOBLIN/PASSIVEDOODADS/PINUPCALENDAR/GOBLIN_HORDE_PINUPCALENDAR_02.MDX
      ↳ Chain: Area: Kezan → ADT: KALIMDOR_55_50.ADT → WMO: 8OR_WARFRONTS_WORKSHOP_V2.WMO → M2: GOBLIN_HORDE_PINUPCALENDAR_02.MDX
    WORLD/GENERIC/GOBLIN/PASSIVEDOODADS/PLUNGER/GOBLIN_PLUNGER.MDX
      ↳ Chain: Area: Kezan → ADT: KALIMDOR_55_51.ADT → WMO: HORDE_GOBLIN_CANNON_02.WMO → M2: GOBLIN_PLUNGER.MDX
    WORLD/GENERIC/GOBLIN/PASSIVEDOODADS/PONTOONS/GOBLIN_ENGINE_PONTOONS.MDX
      ↳ Chain: Area: KALIMDOR [53,55] → ADT: KALIMDOR_53_55.ADT → WMO: GOBLINSHIPFINAL.WMO → M2: GOBLIN_ENGINE_PONTOONS.MDX
    WORLD/GENERIC/GOBLIN/PASSIVEDOODADS/ROCKETS/GOBLIN_ROCKET_LIGHTLYSCORCHED.MDX
      ↳ Chain: Area: Kezan → ADT: KALIMDOR_55_51.ADT → WMO: HORDE_GOBLIN_CANNON_02.WMO → M2: GOBLIN_ROCKET_LIGHTLYSCORCHED.MDX
    WORLD/GENERIC/GOBLIN/PASSIVEDOODADS/ROCKETS/GOBLIN_ROCKET_SEATPILE.MDX
      ↳ Chain: Area: Kezan → ADT: KALIMDOR_55_51.ADT → WMO: HORDE_GOBLIN_ONEROOM_01.WMO → M2: GOBLIN_ROCKET_SEATPILE.MDX
    WORLD/GENERIC/GOBLIN/PASSIVEDOODADS/ROCKETS/GOBLIN_ROCKET_STANDING.MDX
      ↳ Chain: Area: Kezan → ADT: KALIMDOR_55_51.ADT → WMO: HORDE_GOBLIN_CANNON_02.WMO → M2: GOBLIN_ROCKET_STANDING.MDX
    WORLD/GENERIC/GOBLIN/PASSIVEDOODADS/RUGS/GOBLIN_HORDE_SHAGTHROWRUG_01.MDX
      ↳ Chain: Area: Kezan → ADT: KALIMDOR_56_52.ADT → WMO: THOUSANDNEEDLES_RACERBARGE.WMO → M2: GOBLIN_HORDE_SHAGTHROWRUG_01.MDX
    WORLD/GENERIC/GOBLIN/PASSIVEDOODADS/SHELF/GOBLIN_HORDE_SHELF_01.MDX
      ↳ Chain: Area: Kezan → ADT: KALIMDOR_55_50.ADT → WMO: 8OR_WARFRONTS_WORKSHOP_V2.WMO → M2: GOBLIN_HORDE_SHELF_01.MDX
    WORLD/GENERIC/GOBLIN/PASSIVEDOODADS/SHELF/GOBLIN_HORDE_SHELF_02.MDX
      ↳ Chain: Area: Kezan → ADT: KALIMDOR_55_50.ADT → WMO: 8OR_WARFRONTS_WORKSHOP_V2.WMO → M2: GOBLIN_HORDE_SHELF_02.MDX
    WORLD/GENERIC/GOBLIN/PASSIVEDOODADS/SKATEBOARDRAMP/GOBLIN_SKATEBOARDRAMP_01.MDX
      ↳ Chain: Area: Kezan → ADT: KALIMDOR_55_50.ADT → WMO: HORDE_GOBLIN_MANSION.WMO → M2: GOBLIN_SKATEBOARDRAMP_01.MDX
    WORLD/GENERIC/GOBLIN/PASSIVEDOODADS/TABLE/GOBLIN_TABLE_01.MDX
      ↳ Chain: Area: Kezan → ADT: KALIMDOR_55_50.ADT → WMO: 8OR_WARFRONTS_WORKSHOP_V2.WMO → M2: GOBLIN_TABLE_01.MDX
    WORLD/GENERIC/GOBLIN/PASSIVEDOODADS/TABLE/GOBLIN_TABLE_CLOTH_01.MDX
      ↳ Chain: Area: Kezan → ADT: KALIMDOR_56_52.ADT → WMO: THOUSANDNEEDLES_RACERBARGE.WMO → M2: GOBLIN_TABLE_CLOTH_01.MDX
    WORLD/GENERIC/GOBLIN/PASSIVEDOODADS/TABLE/GOBLIN_TABLE_SMALL_01.MDX
      ↳ Chain: Area: Kezan → ADT: KALIMDOR_55_51.ADT → WMO: HORDE_GOBLIN_BANK.WMO → M2: GOBLIN_TABLE_SMALL_01.MDX
    WORLD/GENERIC/GOBLIN/PASSIVEDOODADS/TOWNINABOX/GOBLIN_TOWNINABOX.MDX
      ↳ Chain: Area: Kezan → ADT: KALIMDOR_55_51.ADT → WMO: HORDE_GOBLIN_CANNON_02.WMO → M2: GOBLIN_TOWNINABOX.MDX
    WORLD/GENERIC/GOBLIN/PASSIVEDOODADS/TUB/GOBLIN_TUB_01.MDX
      ↳ Chain: Area: Kezan → ADT: KALIMDOR_56_52.ADT → WMO: THOUSANDNEEDLES_RACERBARGE.WMO → M2: GOBLIN_TUB_01.MDX
    WORLD/GENERIC/GOBLIN/PASSIVEDOODADS/WALLCOT/GOBLIN_HORDE_WALLCOT_01.MDX
      ↳ Chain: Area: Highlands → ADT: AZEROTH_44_37.ADT → WMO: TH_GOBLIN_TOWN.WMO → M2: GOBLIN_HORDE_WALLCOT_01.MDX
    WORLD/GENERIC/HUMAN/PASSIVE DOODADS/BANNERS/GILNEASWORGENBANNER.M2
      ↳ Chain: Area: Gilneas → ADT: AZEROTH_29_34.ADT → M2: GILNEASWORGENBANNER.M2
    WORLD/GENERIC/HUMAN/PASSIVE DOODADS/BOOKS/BOOK_DWARF_DARKIRON_01.MDX
      ↳ Chain: Area: Highlands → ADT: AZEROTH_42_37.ADT → WMO: WILDHAMMERDWARF_COTTAGEB.WMO → M2: BOOK_DWARF_DARKIRON_01.MDX
    WORLD/GENERIC/HUMAN/PASSIVE DOODADS/BOOKS/BOOK_DWARF_DARKIRON_02.MDX
      ↳ Chain: Area: Highlands → ADT: AZEROTH_42_39.ADT → WMO: WILDHAMMERDWARF_COTTAGEA.WMO → M2: BOOK_DWARF_DARKIRON_02.MDX
    WORLD/GENERIC/HUMAN/PASSIVE DOODADS/BOOKS/BOOK_DWARF_DARKIRON_03.MDX
      ↳ Chain: Area: Highlands → ADT: AZEROTH_42_39.ADT → WMO: WILDHAMMERDWARF_COTTAGEA.WMO → M2: BOOK_DWARF_DARKIRON_03.MDX
    WORLD/GENERIC/HUMAN/PASSIVE DOODADS/BOOKS/BOOK_DWARF_DARKIRON_04.MDX
      ↳ Chain: Area: Highlands → ADT: AZEROTH_42_39.ADT → WMO: WILDHAMMERDWARF_COTTAGEA.WMO → M2: BOOK_DWARF_DARKIRON_04.MDX
    WORLD/GENERIC/HUMAN/PASSIVE DOODADS/BOOKS/BOOK_DWARF_DARKIRON_BURNED_02.MDX
      ↳ Chain: Area: Highlands → ADT: AZEROTH_42_39.ADT → WMO: WILDHAMMERDWARF_COTTAGEA.WMO → Unknown: WILDHAMMERDWARF_COTTAGEA_DESTROYED.WMO → M2: BOOK_DWARF_DARKIRON_BURNED_02.MDX
    WORLD/GENERIC/HUMAN/PASSIVE DOODADS/BOOKS/BOOK_DWARF_DARKIRON_BURNED_03.MDX
      ↳ Chain: Area: Highlands → ADT: AZEROTH_42_39.ADT → WMO: WILDHAMMERDWARF_COTTAGEA.WMO → Unknown: WILDHAMMERDWARF_COTTAGEA_DESTROYED.WMO → M2: BOOK_DWARF_DARKIRON_BURNED_03.MDX
    WORLD/GENERIC/HUMAN/PASSIVE DOODADS/BOOKS/BOOK_DWARF_DARKIRON_BURNED_04.MDX
      ↳ Chain: Area: Highlands → ADT: AZEROTH_42_39.ADT → WMO: WILDHAMMERDWARF_COTTAGEA.WMO → Unknown: WILDHAMMERDWARF_COTTAGEA_DESTROYED.WMO → M2: BOOK_DWARF_DARKIRON_BURNED_04.MDX
    WORLD/GENERIC/HUMAN/PASSIVE DOODADS/BOOKS/BOOK_DWARF_DARKIRON_HUGE_01.MDX
      ↳ Chain: Area: Highlands → ADT: AZEROTH_42_39.ADT → WMO: WILDHAMMERDWARF_TWOSTORYA.WMO → M2: BOOK_DWARF_DARKIRON_HUGE_01.MDX
    WORLD/GENERIC/HUMAN/PASSIVE DOODADS/BOOKS/BOOK_DWARF_DARKIRON_HUGE_01OPEN.MDX
      ↳ Chain: Area: Highlands → ADT: AZEROTH_42_37.ADT → WMO: WILDHAMMERDWARF_COTTAGEB.WMO → M2: BOOK_DWARF_DARKIRON_HUGE_01OPEN.MDX
    WORLD/GENERIC/HUMAN/PASSIVE DOODADS/BOOKS/BOOK_DWARF_DARKIRON_HUGE_02.MDX
      ↳ Chain: Area: Highlands → ADT: AZEROTH_42_39.ADT → WMO: WILDHAMMERDWARF_TWOSTORYA.WMO → M2: BOOK_DWARF_DARKIRON_HUGE_02.MDX
    WORLD/GENERIC/HUMAN/PASSIVE DOODADS/BOOKS/BOOK_DWARF_DARKIRON_HUGE_02OPEN.MDX
      ↳ Chain: Area: Highlands → ADT: AZEROTH_42_37.ADT → WMO: WILDHAMMERDWARF_COTTAGEB.WMO → M2: BOOK_DWARF_DARKIRON_HUGE_02OPEN.MDX
    WORLD/GENERIC/HUMAN/PASSIVE DOODADS/FIREWOOD/FIREWOODPILE-INDOOR-ONLY.MDX
      ↳ Chain: Area: Highlands → ADT: AZEROTH_42_39.ADT → WMO: WILDHAMMERDWARF_COTTAGEA.WMO → M2: FIREWOODPILE-INDOOR-ONLY.MDX
    WORLD/GENERIC/HUMAN/PASSIVE DOODADS/MEAT/MEAT_01.MDX
      ↳ Chain: Area: Tol Barad → ADT: AZEROTH_19_35.ADT → WMO: TB_MICRO02.WMO → M2: MEAT_01.MDX
    WORLD/GENERIC/HUMAN/PASSIVE DOODADS/MEAT/MEAT_02.MDX
      ↳ Chain: Area: Highlands → ADT: AZEROTH_42_41.ADT → WMO: TH_OBSIDIAN_LAIR.WMO → M2: MEAT_02.MDX
    WORLD/GENERIC/HUMAN/PASSIVE DOODADS/MEAT/MEAT_03.MDX
      ↳ Chain: Area: Tol Barad → ADT: AZEROTH_19_35.ADT → WMO: TB_MICRO02.WMO → M2: MEAT_03.MDX
    WORLD/GENERIC/HUMAN/PASSIVE DOODADS/MEAT/MEAT_04.MDX
      ↳ Chain: Area: Tol Barad → ADT: AZEROTH_19_35.ADT → WMO: TB_MICRO02.WMO → M2: MEAT_04.MDX
    WORLD/GENERIC/HUMAN/PASSIVE DOODADS/MEAT/MEAT_05.MDX
      ↳ Chain: Area: Highlands → ADT: AZEROTH_42_41.ADT → WMO: TH_OBSIDIAN_LAIR.WMO → M2: MEAT_05.MDX
    WORLD/GENERIC/HUMAN/PASSIVE DOODADS/MEAT/MEAT_06.MDX
      ↳ Chain: Area: Highlands → ADT: AZEROTH_42_41.ADT → WMO: TH_OBSIDIAN_LAIR.WMO → M2: MEAT_06.MDX
    WORLD/GENERIC/HUMAN/PASSIVE DOODADS/MEAT/MEAT_07.MDX
      ↳ Chain: Area: Tol Barad → ADT: AZEROTH_19_35.ADT → WMO: TB_MICRO02.WMO → M2: MEAT_07.MDX
    WORLD/GENERIC/HUMAN/PASSIVE DOODADS/STORMWIND/STORMWIND_RUG_01.MDX
      ↳ Chain: Area: Elwynn Forest → ADT: AZEROTH_32_49.ADT → WMO: STORMWIND.WMO → M2: STORMWIND_RUG_01.MDX
    WORLD/GENERIC/HUMAN/PASSIVE DOODADS/STORMWIND/STORMWIND_WINDYPENNANT01.MDX
      ↳ Chain: Area: Elwynn Forest → ADT: AZEROTH_32_49.ADT → WMO: STORMWIND.WMO → M2: STORMWIND_WINDYPENNANT01.MDX
    WORLD/GENERIC/ORC/PASSIVE DOODADS/BARRELSANDCRATES/ORCCRATE03_FLOATING.MDX
      ↳ Chain: Area: Vashj'ir → ADT: AZEROTH_25_41.ADT → WMO: VASHJIR_SMALL_CAVE.WMO → M2: ORCCRATE03_FLOATING.MDX
    WORLD/GENERIC/ORC/PASSIVE DOODADS/TENTS/ORCTENT03.MDX
      ↳ Chain: Area: Vashj'ir → ADT: AZEROTH_21_44.ADT → WMO: VASHJIR_LARGE_CAVE_B.WMO → M2: ORCTENT03.MDX
    WORLD/GENERIC/OWLBEAR/OWLBEARSKULLS/OWLBEARSKULL01.MDX
      ↳ Chain: Area: Highlands → ADT: AZEROTH_42_39.ADT → WMO: WILDHAMMERDWARF_COTTAGEA.WMO → M2: OWLBEARSKULL01.MDX
    WORLD/GENERIC/PASSIVEDOODADS/COAL/COALPILELARGE_01.MDX
      ↳ Chain: Area: Hillsbrad Foothills → ADT: AZEROTH_30_34.ADT → WMO: AZ_WORGENMINE.WMO → M2: COALPILELARGE_01.MDX
    WORLD/GENERIC/PASSIVEDOODADS/COAL/COALPILEMEDIUM_01.MDX
      ↳ Chain: Area: Kezan → ADT: KALIMDOR_55_50.ADT → WMO: ZEPPELIN_TOWER_WALL.WMO → M2: COALPILEMEDIUM_01.MDX
    WORLD/GENERIC/PASSIVEDOODADS/COAL/COALPILESMALL_01.MDX
      ↳ Chain: Area: Kezan → ADT: KALIMDOR_55_50.ADT → WMO: ZEPPELIN_TOWER_WALL.WMO → M2: COALPILESMALL_01.MDX
    WORLD/GENERIC/PASSIVEDOODADS/DEATHSKELETONS/WORGENFEMALEDEATHSKELETON.MDX
      ↳ Chain: Area: Uldum → ADT: KALIMDOR_33_50.ADT → WMO: VASHJIR_SMALL_CAVE_A.WMO → M2: WORGENFEMALEDEATHSKELETON.MDX
    WORLD/GENERIC/PASSIVEDOODADS/DEATHSKELETONS/WORGENMALEDEATHSKELETON.MDX
      ↳ Chain: Area: Uldum → ADT: KALIMDOR_33_50.ADT → WMO: VASHJIR_SMALL_CAVE_A.WMO → M2: WORGENMALEDEATHSKELETON.MDX
    WORLD/GENERIC/PASSIVEDOODADS/FISH/FISHSCHOOL_01.MDX
      ↳ Chain: Area: Vashj'ir → ADT: AZEROTH_22_42.ADT → WMO: VASHJIR_ANTICHAMBER.WMO → M2: FISHSCHOOL_01.MDX
    WORLD/GENERIC/PASSIVEDOODADS/FISH/FISHSCHOOL_05.MDX
      ↳ Chain: Area: Vashj'ir → ADT: AZEROTH_22_42.ADT → WMO: VASHJIR_ANTICHAMBER.WMO → M2: FISHSCHOOL_05.MDX
    WORLD/GENERIC/PASSIVEDOODADS/FISH/FISH_FELBLOOD_SNAPPA.MDX
      ↳ Chain: Area: Vashj'ir → ADT: AZEROTH_22_42.ADT → WMO: VASHJIR_ANTICHAMBER.WMO → M2: FISH_FELBLOOD_SNAPPA.MDX
    WORLD/GENERIC/PASSIVEDOODADS/FISH/FISH_REDFLOATER.MDX
      ↳ Chain: Area: Vashj'ir → ADT: AZEROTH_24_40.ADT → WMO: TRANSPORT_SHIP_UD_SUNKENSHIP.WMO → M2: FISH_REDFLOATER.MDX
    WORLD/GENERIC/PASSIVEDOODADS/FISH/FISH_REDFLOATER_02.MDX
      ↳ Chain: Area: Vashj'ir → ADT: AZEROTH_24_40.ADT → WMO: TRANSPORT_SHIP_UD_SUNKENSHIP.WMO → M2: FISH_REDFLOATER_02.MDX
    WORLD/GENERIC/PASSIVEDOODADS/FISH/FISH_YELLOWFLOATER.MDX
      ↳ Chain: Area: Vashj'ir → ADT: AZEROTH_24_40.ADT → WMO: TRANSPORT_SHIP_UD_SUNKENSHIP.WMO → M2: FISH_YELLOWFLOATER.MDX
    WORLD/GENERIC/PASSIVEDOODADS/FRUITS/FRUIT_APPLE_02.MDX
      ↳ Chain: Area: Highlands → ADT: AZEROTH_42_37.ADT → WMO: WILDHAMMERDWARF_COTTAGEB.WMO → M2: FRUIT_APPLE_02.MDX
    WORLD/GENERIC/PASSIVEDOODADS/LIGHTS/GENERALTORCH03.MDX
      ↳ Chain: Area: Crestfall → ADT: AZEROTH_13_42.ADT → WMO: 8CRE_AMPTUNNEL01_2459264.WMO → M2: GENERALTORCH03.MDX
    WORLD/GENERIC/PASSIVEDOODADS/WEAPONS/NAGA_TRIDENT02.MDX
      ↳ Chain: Area: Uldum → ADT: KALIMDOR_33_50.ADT → WMO: VASHJIR_SMALL_CAVE_A.WMO → M2: NAGA_TRIDENT02.MDX
    WORLD/GENERIC/PASSIVEDOODADS/WEAPONS/NAGA_TRIDENT_HORIZONTAL.MDX
      ↳ Chain: Area: Vashj'ir → ADT: AZEROTH_25_41.ADT → WMO: VASHJIR_SMALL_CAVE.WMO → M2: NAGA_TRIDENT_HORIZONTAL.MDX
    WORLD/GENERIC/TAUREN/PASSIVE DOODADS/BASKETS/LARGEBASKET01_FLOATING.MDX
      ↳ Chain: Area: Kezan → ADT: KALIMDOR_56_52.ADT → WMO: THOUSANDNEEDLES_RACERBARGE.WMO → M2: LARGEBASKET01_FLOATING.MDX
    WORLD/GENERIC/UNDEAD/PASSIVE DOODADS/MEATWAGONHAULER/MEATWAGONHAULER.MDX/MEATWAGONHAULER.MDX
      ↳ Chain: Area: Alterac Mountains → ADT: AZEROTH_31_29.ADT → WMO: UNDERCITY.WMO → M2: MEATWAGONHAULER.MDX
    WORLD/GENERIC/UNDEAD/PASSIVE DOODADS/UNDERCITYCHANDELIERS/UNDEADCHANDELIER01S.MDX
      ↳ Chain: Area: Alterac Mountains → ADT: AZEROTH_31_29.ADT → WMO: UNDERCITY.WMO → M2: UNDEADCHANDELIER01S.MDX
    WORLD/GOOBER/G_FIREEMBERS_PROJECTED.MDX
      ↳ Chain: Area: Highlands → ADT: AZEROTH_42_39.ADT → WMO: WILDHAMMERDWARF_COTTAGEA.WMO → M2: G_FIREEMBERS_PROJECTED.MDX
    WORLD/KALIMDOR/BLACKFATHOM/PASSIVEDOODADS/WATERFALLS/BFD_WATERFALLS10_NOSOUND.MDX
      ↳ Chain: Area: Vashj'ir → ADT: AZEROTH_24_40.ADT → WMO: TRANSPORT_SHIP_UD_SUNKENSHIP.WMO → M2: BFD_WATERFALLS10_NOSOUND.MDX
    WORLD/KALIMDOR/BLACKFATHOM/PASSIVEDOODADS/WATERFALLS/BFD_WATERFALLS11_NOSOUND.MDX
      ↳ Chain: Area: Vashj'ir → ADT: AZEROTH_24_40.ADT → WMO: TRANSPORT_SHIP_UD_SUNKENSHIP.WMO → M2: BFD_WATERFALLS11_NOSOUND.MDX
    WORLD/KALIMDOR/DRAGONCAVE/PASSIVEDOODADS/BLACKDRAGONEGGS/BLACKDRAGONEGG_LARGE_01.MDX
      ↳ Chain: Area: Highlands → ADT: AZEROTH_42_41.ADT → WMO: TH_OBSIDIAN_LAIR.WMO → M2: BLACKDRAGONEGG_LARGE_01.MDX
    WORLD/KALIMDOR/DRAGONCAVE/PASSIVEDOODADS/BLACKDRAGONEGGS/BLACKDRAGONEGG_LARGE_02.MDX
      ↳ Chain: Area: Highlands → ADT: AZEROTH_42_41.ADT → WMO: TH_OBSIDIAN_LAIR.WMO → M2: BLACKDRAGONEGG_LARGE_02.MDX
    WORLD/KALIMDOR/HYJAL/PASSIVEDOODADS/SHRINES/HYJAL_MALORNE_SHRINE_INTACT_DOODADS.MDX
      ↳ Chain: Area: Felwood → ADT: KALIMDOR_35_23.ADT → WMO: HYJAL_MALORNE_SHRINE_INTACT.WMO → M2: HYJAL_MALORNE_SHRINE_INTACT_DOODADS.MDX
    WORLD/KALIMDOR/HYJAL/PASSIVEDOODADS/THEWORLDTREE/THEWORLDTREEROOT02.MDX
      ↳ Chain: Area: Hyjal → ADT: KALIMDOR_38_21.ADT → WMO: HYJAL_BARROW_DEN.WMO → M2: THEWORLDTREEROOT02.MDX
    WORLD/KALIMDOR/ORGRIMMAR/PASSIVEDOODADS/BLACKIRON/BLACKIRONORC_WAGON_02.MDX
      ↳ Chain: Area: Vashj'ir → ADT: AZEROTH_21_44.ADT → WMO: VASHJIR_LARGE_CAVE_B.WMO → M2: BLACKIRONORC_WAGON_02.MDX
    WORLD/KALIMDOR/TANARIS/PASSIVEDOODADS/GOBLIN/GO_SLUDGEFALL.MDX
      ↳ Chain: Area: Kezan → ADT: KALIMDOR_54_50.ADT → WMO: GOBLIN_PIPEROAD.WMO → M2: GO_SLUDGEFALL.MDX
    WORLD/KALIMDOR/THOUSANDNEEDLES/PASSIVEDOODADS/CRANE/BARGE_CRANE_01.MDX
      ↳ Chain: Area: Kezan → ADT: KALIMDOR_56_52.ADT → WMO: THOUSANDNEEDLES_RACERBARGE.WMO → M2: BARGE_CRANE_01.MDX
    WORLD/KALIMDOR/THOUSANDNEEDLES/PASSIVEDOODADS/GEARS/SPINNING_GEAR.MDX
      ↳ Chain: Area: Kezan → ADT: KALIMDOR_56_52.ADT → WMO: THOUSANDNEEDLES_RACERBARGE.WMO → M2: SPINNING_GEAR.MDX
    WORLD/KALIMDOR/THOUSANDNEEDLES/PASSIVEDOODADS/RACINGFLAGS/RACINGFLAG01_ANIMATED_01.MDX
      ↳ Chain: Area: Kezan → ADT: KALIMDOR_56_52.ADT → WMO: THOUSANDNEEDLES_RACERBARGE.WMO → M2: RACINGFLAG01_ANIMATED_01.MDX
    WORLD/KALIMDOR/THOUSANDNEEDLES/PASSIVEDOODADS/TUBES/GNOME_TUBE_01.MDX
      ↳ Chain: Area: Kezan → ADT: KALIMDOR_56_52.ADT → WMO: THOUSANDNEEDLES_RACERBARGE.WMO → M2: GNOME_TUBE_01.MDX
    WORLD/KALIMDOR/THOUSANDNEEDLES/PASSIVEDOODADS/TUBES/GNOME_TUBE_02.MDX
      ↳ Chain: Area: Kezan → ADT: KALIMDOR_56_52.ADT → WMO: THOUSANDNEEDLES_RACERBARGE.WMO → M2: GNOME_TUBE_02.MDX
    WORLD/KALIMDOR/THOUSANDNEEDLES/PASSIVEDOODADS/TUBES/GNOME_TUBE_03.MDX
      ↳ Chain: Area: Kezan → ADT: KALIMDOR_56_52.ADT → WMO: THOUSANDNEEDLES_RACERBARGE.WMO → M2: GNOME_TUBE_03.MDX
    WORLD/KALIMDOR/THOUSANDNEEDLES/PASSIVEDOODADS/TUBES/GNOME_TUBE_04.MDX
      ↳ Chain: Area: Kezan → ADT: KALIMDOR_56_52.ADT → WMO: THOUSANDNEEDLES_RACERBARGE.WMO → M2: GNOME_TUBE_04.MDX
    WORLD/KALIMDOR/THOUSANDNEEDLES/PASSIVEDOODADS/TUBES/GNOME_TUBE_LARGE.MDX
      ↳ Chain: Area: Kezan → ADT: KALIMDOR_56_52.ADT → WMO: THOUSANDNEEDLES_RACERBARGE.WMO → M2: GNOME_TUBE_LARGE.MDX
    WORLD/LORDAERON/SILVERMOON/PASSIVEDOODADS/TREES/SILVERMOONBURNTTREE03.MDX
      ↳ Chain: Area: Silvermoon City → ADT: AZEROTH_42_18.ADT → WMO: SILVERMOON_CITY_01.WMO → M2: SILVERMOONBURNTTREE03.MDX
    WORLD/LORDAERON/SILVERMOON/PASSIVEDOODADS/TREES/SILVERMOONDEADTREE02.MDX
      ↳ Chain: Area: Isle of Quel'Danas → ADT: AZEROTH_41_14.ADT → WMO: SUNWELL_RAID_FACADE.WMO → M2: SILVERMOONDEADTREE02.MDX
    WORLD/LORDAERON/SILVERMOON/PASSIVEDOODADS/TREES/SILVERMOONDEADTREE03.MDX
      ↳ Chain: Area: Isle of Quel'Danas → ADT: AZEROTH_41_14.ADT → WMO: SUNWELL_RAID_FACADE.WMO → M2: SILVERMOONDEADTREE03.MDX
    WORLD/LORDAERON/SILVERMOON/PASSIVEDOODADS/TREES/SILVERMOONPINE01.MDX
      ↳ Chain: Area: Silvermoon City → ADT: AZEROTH_42_18.ADT → WMO: SILVERMOON_CITY_01.WMO → M2: SILVERMOONPINE01.MDX
    WORLD/LORDAERON/SILVERMOON/PASSIVEDOODADS/TREES/SILVERMOONPINE02.MDX
      ↳ Chain: Area: Silvermoon City → ADT: AZEROTH_42_18.ADT → WMO: SILVERMOON_CITY_01.WMO → M2: SILVERMOONPINE02.MDX
    WORLD/LORDAERON/SILVERMOON/PASSIVEDOODADS/TREES/SILVERMOONSMALLROOTS01.MDX
      ↳ Chain: Area: Silvermoon City → ADT: AZEROTH_42_18.ADT → WMO: SILVERMOON_CITY_01.WMO → M2: SILVERMOONSMALLROOTS01.MDX
    WORLD/LORDAERON/SILVERMOON/PASSIVEDOODADS/TREES/SILVERMOONSMALLROOTS02.MDX
      ↳ Chain: Area: Silvermoon City → ADT: AZEROTH_42_18.ADT → WMO: SILVERMOON_CITY_01.WMO → M2: SILVERMOONSMALLROOTS02.MDX
    WORLD/LORDAERON/SILVERMOON/PASSIVEDOODADS/TREES/SILVERMOONSMALLROOTS03.MDX
      ↳ Chain: Area: Silvermoon City → ADT: AZEROTH_42_18.ADT → WMO: SILVERMOON_CITY_01.WMO → M2: SILVERMOONSMALLROOTS03.MDX
    WORLD/LORDAERON/SILVERMOON/PASSIVEDOODADS/TREES/SILVERMOONSMALLROOTS04.MDX
      ↳ Chain: Area: Silvermoon City → ADT: AZEROTH_42_18.ADT → WMO: SILVERMOON_CITY_01.WMO → M2: SILVERMOONSMALLROOTS04.MDX
    WORLD/LORDAERON/SILVERMOON/PASSIVEDOODADS/TREES/SILVERMOONSMALLTREE01.MDX
      ↳ Chain: Area: Eversong Woods → ADT: AZEROTH_40_18.ADT → WMO: BE_ARCHBRIDGE01.WMO → M2: SILVERMOONSMALLTREE01.MDX
    WORLD/LORDAERON/SILVERMOON/PASSIVEDOODADS/TREES/SILVERMOONSMALLTREE02.MDX
      ↳ Chain: Area: Silvermoon City → ADT: AZEROTH_42_18.ADT → WMO: SILVERMOON_CITY_01.WMO → M2: SILVERMOONSMALLTREE02.MDX
    WORLD/LORDAERON/SILVERMOON/PASSIVEDOODADS/TREES/SILVERMOONSMALLTREE03.MDX
      ↳ Chain: Area: Silvermoon City → ADT: AZEROTH_42_18.ADT → WMO: BLOODELF_SMALLHOUSE02.WMO → M2: SILVERMOONSMALLTREE03.MDX
    WORLD/LORDAERON/SILVERMOON/PASSIVEDOODADS/TREES/SILVERMOONSMALLTREE04.MDX
      ↳ Chain: Area: Silvermoon City → ADT: AZEROTH_42_18.ADT → WMO: SILVERMOON_CITY_01.WMO → M2: SILVERMOONSMALLTREE04.MDX
    WORLD/LORDAERON/SILVERMOON/PASSIVEDOODADS/TREES/SILVERMOONSMALLTREE05.MDX
      ↳ Chain: Area: Silvermoon City → ADT: AZEROTH_42_18.ADT → WMO: SILVERMOON_CITY_01.WMO → M2: SILVERMOONSMALLTREE05.MDX
    WORLD/LORDAERON/SILVERMOON/PASSIVEDOODADS/TREES/SILVERMOONSMALLTREE06.MDX
      ↳ Chain: Area: Eversong Woods → ADT: AZEROTH_40_18.ADT → WMO: BE_ARCHBRIDGE01.WMO → M2: SILVERMOONSMALLTREE06.MDX
    WORLD/LORDAERON/SILVERMOON/PASSIVEDOODADS/TREES/SILVERMOONSMALLTREE08.MDX
      ↳ Chain: Area: Silvermoon City → ADT: AZEROTH_42_18.ADT → WMO: BLOODELF_SMALLHOUSE02.WMO → M2: SILVERMOONSMALLTREE08.MDX
    WORLD/LORDAERON/SILVERMOON/PASSIVEDOODADS/TREES/SILVERMOONTREE01.MDX
      ↳ Chain: Area: Silvermoon City → ADT: AZEROTH_42_18.ADT → WMO: SILVERMOON_CITY_01.WMO → M2: SILVERMOONTREE01.MDX
    WORLD/LORDAERON/SILVERMOON/PASSIVEDOODADS/TREES/SILVERMOONTREE05.MDX
      ↳ Chain: Area: Silvermoon City → ADT: AZEROTH_42_18.ADT → WMO: SILVERMOON_CITY_01.WMO → M2: SILVERMOONTREE05.MDX
    WORLD/LORDAERON/SILVERMOON/PASSIVEDOODADS/TREES/SILVERMOONTREE06.MDX
      ↳ Chain: Area: Silvermoon City → ADT: AZEROTH_42_18.ADT → WMO: SILVERMOON_CITY_01.WMO → M2: SILVERMOONTREE06.MDX
    WORLD/NODXT/DETAIL/6SMGRASS06.MDX
      ↳ Chain: Area: Crestfall → ADT: AZEROTH_13_42.ADT → WMO: 8CRE_AMPTUNNEL01_2459264.WMO → M2: 6SMGRASS06.MDX
    WORLD/NODXT/DETAIL/6SMGRASS08.MDX
      ↳ Chain: Area: Crestfall → ADT: AZEROTH_13_42.ADT → WMO: 8CRE_AMPTUNNEL01_2459264.WMO → M2: 6SMGRASS08.MDX
    WORLD/NODXT/DETAIL/GILROSE01.MDX
      ↳ Chain: Area: Highlands → ADT: AZEROTH_42_39.ADT → WMO: WILDHAMMERDWARF_TWOSTORYA.WMO → M2: GILROSE01.MDX
    WORLD/NODXT/DETAIL/KZPAPER01.MDX
      ↳ Chain: Area: KALIMDOR [53,53] → ADT: KALIMDOR_53_53.ADT → WMO: HORDE_GOBLIN_LAB_01.WMO → M2: KZPAPER01.MDX
    WORLD/NODXT/DETAIL/KZPAPER03.MDX
      ↳ Chain: Area: KALIMDOR [53,53] → ADT: KALIMDOR_53_53.ADT → WMO: HORDE_GOBLIN_LAB_01.WMO → M2: KZPAPER03.MDX
    WORLD/NODXT/DETAIL/THGRA01.MDX
      ↳ Chain: Area: Highlands → ADT: AZEROTH_42_39.ADT → WMO: WILDHAMMERDWARF_COTTAGEA.WMO → M2: THGRA01.MDX
    WORLD/NODXT/DETAIL/THGRA02.MDX
      ↳ Chain: Area: Highlands → ADT: AZEROTH_42_39.ADT → WMO: WILDHAMMERDWARF_COTTAGEA.WMO → M2: THGRA02.MDX
    WORLD/NODXT/GENERIC/PASSIVEDOODADS/VOLUMETRICLIGHTS/LIGHTRAY_DUSTY_02.MDX
      ↳ Chain: Area: Gilneas → ADT: AZEROTH_27_35.ADT → WMO: GILNEAS_MANOR.WMO → M2: LIGHTRAY_DUSTY_02.MDX
    WORLD/NODXT/GENERIC/PASSIVEDOODADS/VOLUMETRICLIGHTS/UTHERSHRINELIGHTBEAM_NOSOUND.MDX
      ↳ Chain: Area: Winterspring → ADT: KALIMDOR_41_24.ADT → WMO: TIMBERMAWHOLD2.WMO → M2: UTHERSHRINELIGHTBEAM_NOSOUND.MDX
    WORLD/OPENAZEROTH/UNDERWATER/UW_BLOWING_SAND_01.M2
      ↳ Chain: Area: Vashj'ir → ADT: AZEROTH_18_39.ADT → M2: UW_BLOWING_SAND_01.M2
    WORLD/SKILLACTIVATED/TRADESKILLNODES/KAJAMITE_01.MDX
      ↳ Chain: Area: The Lost Isles → ADT: KALIMDOR_52_29.ADT → WMO: LOSTISLES_GOBLINMINE.WMO → M2: KAJAMITE_01.MDX
    WORLD/SKILLACTIVATED/TRADESKILLNODES/KAJAMITE_BARS_01.MDX
      ↳ Chain: Area: The Lost Isles → ADT: KALIMDOR_52_29.ADT → WMO: LOSTISLES_GOBLINMINE.WMO → M2: KAJAMITE_BARS_01.MDX

================================================================================
STEP 11: Extracting M2 models to export directory
================================================================================

Extracting to: Y:\wow-server\Zeppelin-Tools\Open Azeroth\Resource Parser Export

  Extracted: 4,898 M2 model files
  Extracted: 5,074 M2 skin files
  Extracted: 1 M2 animation files
  Total: 10,518 files

  ⚠️  MISSING M2 MODELS - 1,852 FILES
  ==============================================================================
    6ARPEBBLE02.MDX
      ↳ Chain: Area: Crestfall → ADT: AZEROTH_10_41.ADT → GroundEffect: ID_158919 → M2: 6ARPEBBLE02.MDX
    6NGGRASS07.MDX
      ↳ Chain: Area: Crestfall → ADT: AZEROTH_11_41.ADT → GroundEffect: ID_158920 → M2: 6NGGRASS07.MDX
    6TJSWAMPSTICK01.MDX
      ↳ Chain: Area: Crestfall → ADT: AZEROTH_11_41.ADT → GroundEffect: ID_158920 → M2: 6TJSWAMPSTICK01.MDX
    7ANBONE02.MDX
      ↳ Chain: Area: Crestfall → ADT: AZEROTH_12_41.ADT → GroundEffect: ID_158922 → M2: 7ANBONE02.MDX
    7ANBONE03.MDX
      ↳ Chain: Area: Crestfall → ADT: AZEROTH_12_41.ADT → GroundEffect: ID_158923 → M2: 7ANBONE03.MDX
    7ANBONE04.MDX
      ↳ Chain: Area: Crestfall → ADT: AZEROTH_12_41.ADT → GroundEffect: ID_158923 → M2: 7ANBONE04.MDX
    7ANMOSS13.MDX
      ↳ Chain: Area: Crestfall → ADT: AZEROTH_11_41.ADT → GroundEffect: ID_158920 → M2: 7ANMOSS13.MDX
    7ANPEBBLE08.MDX
      ↳ Chain: Area: Crestfall → ADT: AZEROTH_10_41.ADT → GroundEffect: ID_158919 → M2: 7ANPEBBLE08.MDX
    7HMDIRT01.MDX
      ↳ Chain: Area: Crestfall → ADT: AZEROTH_10_41.ADT → GroundEffect: ID_158919 → M2: 7HMDIRT01.MDX
    7HMROCK01.MDX
      ↳ Chain: Area: Havenswood → ADT: AZEROTH_20_28.ADT → GroundEffect: ID_158239 → M2: 7HMROCK01.MDX
    7HMROCK02.MDX
      ↳ Chain: Area: Havenswood → ADT: AZEROTH_20_28.ADT → GroundEffect: ID_158239 → M2: 7HMROCK02.MDX
    7HMROCK03.MDX
      ↳ Chain: Area: Havenswood → ADT: AZEROTH_20_28.ADT → GroundEffect: ID_158239 → M2: 7HMROCK03.MDX
    7HMROCK04.MDX
      ↳ Chain: Area: Havenswood → ADT: AZEROTH_20_28.ADT → GroundEffect: ID_158239 → M2: 7HMROCK04.MDX
    7XPAZERITEROCK03.MDX
      ↳ Chain: Area: Crestfall → ADT: AZEROTH_12_42.ADT → GroundEffect: ID_158925 → M2: 7XPAZERITEROCK03.MDX
    7XPAZERITEROCK04.MDX
      ↳ Chain: Area: Crestfall → ADT: AZEROTH_12_42.ADT → GroundEffect: ID_158925 → M2: 7XPAZERITEROCK04.MDX
    7XPROCK01.MDX
      ↳ Chain: Area: Crestfall → ADT: AZEROTH_10_41.ADT → GroundEffect: ID_158919 → M2: 7XPROCK01.MDX
    8DRUGRASS01.MDX
      ↳ Chain: Area: Havenswood → ADT: AZEROTH_20_28.ADT → GroundEffect: ID_158532 → M2: 8DRUGRASS01.MDX
    8DRUGRASS02.MDX
      ↳ Chain: Area: Havenswood → ADT: AZEROTH_20_28.ADT → GroundEffect: ID_158532 → M2: 8DRUGRASS02.MDX
    8DRULEAF02.MDX
      ↳ Chain: Area: Crestfall → ADT: AZEROTH_11_41.ADT → GroundEffect: ID_158916 → M2: 8DRULEAF02.MDX
    8DRUMOSS02.MDX
      ↳ Chain: Area: Crestfall → ADT: AZEROTH_11_41.ADT → GroundEffect: ID_158916 → M2: 8DRUMOSS02.MDX
    8DRUPEBBLE01.MDX
      ↳ Chain: Area: Havenswood → ADT: AZEROTH_20_28.ADT → GroundEffect: ID_158532 → M2: 8DRUPEBBLE01.MDX
    8DRUSAPLING01.MDX
      ↳ Chain: Area: Crestfall → ADT: AZEROTH_11_41.ADT → GroundEffect: ID_158916 → M2: 8DRUSAPLING01.MDX
    8KULCLOVER01.MDX
      ↳ Chain: Area: Crestfall → ADT: AZEROTH_11_41.ADT → GroundEffect: ID_158916 → M2: 8KULCLOVER01.MDX
    8KULGEAR01.MDX
      ↳ Chain: Area: Crestfall → ADT: AZEROTH_12_42.ADT → GroundEffect: ID_158926 → M2: 8KULGEAR01.MDX
    8KULMETAL01.MDX
      ↳ Chain: Area: Crestfall → ADT: AZEROTH_12_42.ADT → GroundEffect: ID_158926 → M2: 8KULMETAL01.MDX
    8KULMETALBLUE01.MDX
      ↳ Chain: Area: Crestfall → ADT: AZEROTH_12_42.ADT → GroundEffect: ID_158926 → M2: 8KULMETALBLUE01.MDX
    8KULMETALPIPE01.MDX
      ↳ Chain: Area: Crestfall → ADT: AZEROTH_12_42.ADT → GroundEffect: ID_158926 → M2: 8KULMETALPIPE01.MDX
    8KULMOSS02.MDX
      ↳ Chain: Area: Crestfall → ADT: AZEROTH_10_41.ADT → GroundEffect: ID_158918 → M2: 8KULMOSS02.MDX
    8KULRUBBLE01.MDX
      ↳ Chain: Area: The Great Sea → ADT: AZEROTH_10_39.ADT → GroundEffect: ID_159380 → M2: 8KULRUBBLE01.MDX
    8KULRUBBLE02.MDX
      ↳ Chain: Area: Crestfall → ADT: AZEROTH_12_41.ADT → GroundEffect: ID_158922 → M2: 8KULRUBBLE02.MDX
    8KULSEAMOSS01.MDX
      ↳ Chain: Area: Crestfall → ADT: AZEROTH_10_41.ADT → GroundEffect: ID_158918 → M2: 8KULSEAMOSS01.MDX
    8KULSHELL02.MDX
      ↳ Chain: Area: The Great Sea → ADT: AZEROTH_10_39.ADT → GroundEffect: ID_159380 → M2: 8KULSHELL02.MDX
    8NZJMOLLUSK01.MDX
      ↳ Chain: Area: Crestfall → ADT: AZEROTH_10_41.ADT → GroundEffect: ID_158924 → M2: 8NZJMOLLUSK01.MDX
    8NZJMOLLUSK02.MDX
      ↳ Chain: Area: The Great Sea → ADT: AZEROTH_10_39.ADT → GroundEffect: ID_159380 → M2: 8NZJMOLLUSK02.MDX
    8NZJMOLLUSK03.MDX
      ↳ Chain: Area: The Great Sea → ADT: AZEROTH_10_39.ADT → GroundEffect: ID_159380 → M2: 8NZJMOLLUSK03.MDX
    APKBUS01.MDX
      ↳ Chain: Area: GM Island → ADT: KALIMDOR_1_1.ADT → GroundEffect: ID_5310 → M2: APKBUS01.MDX
    APKBUS02.MDX
      ↳ Chain: Area: GM Island → ADT: KALIMDOR_1_1.ADT → GroundEffect: ID_5310 → M2: APKBUS02.MDX
    APKBUS03.MDX
      ↳ Chain: Area: GM Island → ADT: KALIMDOR_1_1.ADT → GroundEffect: ID_5309 → M2: APKBUS03.MDX
    APKBUS04.MDX
      ↳ Chain: Area: Western Plaguelands → ADT: AZEROTH_35_30.ADT → GroundEffect: ID_374 → M2: APKBUS04.MDX
    APKBUS05.MDX
      ↳ Chain: Area: Western Plaguelands → ADT: AZEROTH_35_30.ADT → GroundEffect: ID_365 → M2: APKBUS05.MDX
    APKFLO02.MDX
      ↳ Chain: Area: Alterac Mountains → ADT: AZEROTH_35_31.ADT → GroundEffect: ID_366 → M2: APKFLO02.MDX
    APKFLO03.MDX
      ↳ Chain: Area: Isle of Quel'Danas → ADT: AZEROTH_39_11.ADT → GroundEffect: ID_34157 → M2: APKFLO03.MDX
    APKGRA01.MDX
      ↳ Chain: Area: Western Plaguelands → ADT: AZEROTH_35_30.ADT → GroundEffect: ID_365 → M2: APKGRA01.MDX
    APKGRA02.MDX
      ↳ Chain: Area: Alterac Mountains → ADT: AZEROTH_35_31.ADT → GroundEffect: ID_366 → M2: APKGRA02.MDX
    APKGRA03.MDX
      ↳ Chain: Area: Western Plaguelands → ADT: AZEROTH_35_30.ADT → GroundEffect: ID_365 → M2: APKGRA03.MDX
    APKGRA04.MDX
      ↳ Chain: Area: Western Plaguelands → ADT: AZEROTH_35_30.ADT → GroundEffect: ID_365 → M2: APKGRA04.MDX
    ARHBUS01.MDX
      ↳ Chain: Area: Hillsbrad Foothills → ADT: AZEROTH_34_33.ADT → GroundEffect: ID_389 → M2: ARHBUS01.MDX
    ARHBUS02.MDX
      ↳ Chain: Area: Hillsbrad Foothills → ADT: AZEROTH_34_33.ADT → GroundEffect: ID_389 → M2: ARHBUS02.MDX
    ARHFLO01.MDX
      ↳ Chain: Area: Hillsbrad Foothills → ADT: AZEROTH_34_33.ADT → GroundEffect: ID_389 → M2: ARHFLO01.MDX
    ARHFLO02.MDX
      ↳ Chain: Area: Hillsbrad Foothills → ADT: AZEROTH_34_33.ADT → GroundEffect: ID_382 → M2: ARHFLO02.MDX
    ARHFLO03.MDX
      ↳ Chain: Area: Desolace → ADT: KALIMDOR_25_33.ADT → GroundEffect: ID_7241 → M2: ARHFLO03.MDX
    ARHFLO04.MDX
      ↳ Chain: Area: Desolace → ADT: KALIMDOR_26_32.ADT → GroundEffect: ID_9015 → M2: ARHFLO04.MDX
    ARHGRA01.MDX
      ↳ Chain: Area: Hillsbrad Foothills → ADT: AZEROTH_34_33.ADT → GroundEffect: ID_391 → M2: ARHGRA01.MDX
    ARHGRA02.MDX
      ↳ Chain: Area: Hillsbrad Foothills → ADT: AZEROTH_34_33.ADT → GroundEffect: ID_391 → M2: ARHGRA02.MDX
    ARHGRA03.MDX
      ↳ Chain: Area: Hillsbrad Foothills → ADT: AZEROTH_34_33.ADT → GroundEffect: ID_391 → M2: ARHGRA03.MDX
    ARHROC01.MDX
      ↳ Chain: Area: Hillsbrad Foothills → ADT: AZEROTH_34_33.ADT → GroundEffect: ID_1779 → M2: ARHROC01.MDX
    ARHROC02.MDX
      ↳ Chain: Area: Hillsbrad Foothills → ADT: AZEROTH_34_33.ADT → GroundEffect: ID_1779 → M2: ARHROC02.MDX
    ATCBUS01.MDX
      ↳ Chain: Area: Hillsbrad Foothills → ADT: AZEROTH_30_34.ADT → GroundEffect: ID_5381 → M2: ATCBUS01.MDX
    ATCBUS02.MDX
      ↳ Chain: Area: Hillsbrad Foothills → ADT: AZEROTH_30_34.ADT → GroundEffect: ID_2239 → M2: ATCBUS02.MDX
    ATCBUS03.MDX
      ↳ Chain: Area: Hillsbrad Foothills → ADT: AZEROTH_30_34.ADT → GroundEffect: ID_5381 → M2: ATCBUS03.MDX
    ATCBUS04.MDX
      ↳ Chain: Area: Hillsbrad Foothills → ADT: AZEROTH_30_34.ADT → GroundEffect: ID_5381 → M2: ATCBUS04.MDX
    ATCBUS05.MDX
      ↳ Chain: Area: Hillsbrad Foothills → ADT: AZEROTH_30_32.ADT → GroundEffect: ID_2083 → M2: ATCBUS05.MDX
    ATCFLO01.MDX
      ↳ Chain: Area: Hillsbrad Foothills → ADT: AZEROTH_30_34.ADT → GroundEffect: ID_5381 → M2: ATCFLO01.MDX
    ATCGRA01.MDX
      ↳ Chain: Area: Hillsbrad Foothills → ADT: AZEROTH_30_32.ADT → GroundEffect: ID_2083 → M2: ATCGRA01.MDX
    ATCGRA02.MDX
      ↳ Chain: Area: Hillsbrad Foothills → ADT: AZEROTH_30_34.ADT → GroundEffect: ID_2239 → M2: ATCGRA02.MDX
    ATCGRA03.MDX
      ↳ Chain: Area: Hillsbrad Foothills → ADT: AZEROTH_30_34.ADT → GroundEffect: ID_2239 → M2: ATCGRA03.MDX
    ATCGRA04.MDX
      ↳ Chain: Area: Hillsbrad Foothills → ADT: AZEROTH_30_32.ADT → GroundEffect: ID_2083 → M2: ATCGRA04.MDX
    AZHBUS01.MDX
      ↳ Chain: Area: Ashenvale → ADT: KALIMDOR_38_27.ADT → GroundEffect: ID_3444 → M2: AZHBUS01.MDX
    AZHBUS02.MDX
      ↳ Chain: Area: Winterspring → ADT: KALIMDOR_39_24.ADT → GroundEffect: ID_3440 → M2: AZHBUS02.MDX
    AZHBUS03.MDX
      ↳ Chain: Area: Ashenvale → ADT: KALIMDOR_38_27.ADT → GroundEffect: ID_3445 → M2: AZHBUS03.MDX
    AZHBUS04.MDX
      ↳ Chain: Area: Ashenvale → ADT: KALIMDOR_38_27.ADT → GroundEffect: ID_3444 → M2: AZHBUS04.MDX
    AZHBUS05.MDX
      ↳ Chain: Area: Bloodmyst Isle → ADT: KALIMDOR_17_16.ADT → GroundEffect: ID_23507 → M2: AZHBUS05.MDX
    AZHBUS06.MDX
      ↳ Chain: Area: Ashenvale → ADT: KALIMDOR_38_27.ADT → GroundEffect: ID_3445 → M2: AZHBUS06.MDX
    AZHBUS07.MDX
      ↳ Chain: Area: Winterspring → ADT: KALIMDOR_39_24.ADT → GroundEffect: ID_3440 → M2: AZHBUS07.MDX
    AZHBUS08.MDX
      ↳ Chain: Area: Ashenvale → ADT: KALIMDOR_38_27.ADT → GroundEffect: ID_3444 → M2: AZHBUS08.MDX
    AZHGRA01.MDX
      ↳ Chain: Area: Ashenvale → ADT: KALIMDOR_38_27.ADT → GroundEffect: ID_3445 → M2: AZHGRA01.MDX
    AZHGRA02.MDX
      ↳ Chain: Area: Ashenvale → ADT: KALIMDOR_38_27.ADT → GroundEffect: ID_3445 → M2: AZHGRA02.MDX
    AZHSHEL01.MDX
      ↳ Chain: Area: Bloodmyst Isle → ADT: KALIMDOR_19_19.ADT → GroundEffect: ID_23509 → M2: AZHSHEL01.MDX
    AZHSHEL02.MDX
      ↳ Chain: Area: Bloodmyst Isle → ADT: KALIMDOR_19_19.ADT → GroundEffect: ID_23509 → M2: AZHSHEL02.MDX
    AZHSHEL03.MDX
      ↳ Chain: Area: Highlands → ADT: AZEROTH_39_37.ADT → GroundEffect: ID_72183 → M2: AZHSHEL03.MDX
    BADBUS01.MDL
      ↳ Chain: Area: Badlands → ADT: AZEROTH_36_44.ADT → GroundEffect: ID_707 → M2: BADBUS01.MDL
    BADBUS02.MDL
      ↳ Chain: Area: Badlands → ADT: AZEROTH_36_44.ADT → GroundEffect: ID_707 → M2: BADBUS02.MDL
    BADBUS03.MDL
      ↳ Chain: Area: Badlands → ADT: AZEROTH_36_44.ADT → GroundEffect: ID_707 → M2: BADBUS03.MDL
    BADBUS04.MDL
      ↳ Chain: Area: Searing Gorge → ADT: AZEROTH_35_44.ADT → GroundEffect: ID_458 → M2: BADBUS04.MDL
    BADBUS05.MDL
      ↳ Chain: Area: Searing Gorge → ADT: AZEROTH_35_44.ADT → GroundEffect: ID_459 → M2: BADBUS05.MDL
    BADBUS06.MDL
      ↳ Chain: Area: Searing Gorge → ADT: AZEROTH_35_44.ADT → GroundEffect: ID_459 → M2: BADBUS06.MDL
    BADBUS07.MDL
      ↳ Chain: Area: Searing Gorge → ADT: AZEROTH_35_44.ADT → GroundEffect: ID_459 → M2: BADBUS07.MDL
    BADBUS08.MDL
      ↳ Chain: Area: Searing Gorge → ADT: AZEROTH_35_44.ADT → GroundEffect: ID_447 → M2: BADBUS08.MDL
    BADGRA01.MDL
      ↳ Chain: Area: Searing Gorge → ADT: AZEROTH_35_44.ADT → GroundEffect: ID_458 → M2: BADGRA01.MDL
    BADGRA02.MDL
      ↳ Chain: Area: Searing Gorge → ADT: AZEROTH_35_44.ADT → GroundEffect: ID_458 → M2: BADGRA02.MDL
    BADROC01.MDL
      ↳ Chain: Area: Searing Gorge → ADT: AZEROTH_35_44.ADT → GroundEffect: ID_447 → M2: BADROC01.MDL
    BADROC02.MDL
      ↳ Chain: Area: Searing Gorge → ADT: AZEROTH_35_44.ADT → GroundEffect: ID_447 → M2: BADROC02.MDL
    BADROC03.MDL
      ↳ Chain: Area: Searing Gorge → ADT: AZEROTH_35_44.ADT → GroundEffect: ID_447 → M2: BADROC03.MDL
    BARBUS01.MDX
      ↳ Chain: Area: The Barrens → ADT: KALIMDOR_39_29.ADT → GroundEffect: ID_648 → M2: BARBUS01.MDX
    BARBUS02.MDX
      ↳ Chain: Area: The Barrens → ADT: KALIMDOR_39_29.ADT → GroundEffect: ID_648 → M2: BARBUS02.MDX
    BARGRA03.MDX
      ↳ Chain: Area: Stonetalon Mountains → ADT: KALIMDOR_33_30.ADT → GroundEffect: ID_647 → M2: BARGRA03.MDX
    BARGRA04.MDX
      ↳ Chain: Area: Stonetalon Mountains → ADT: KALIMDOR_33_30.ADT → GroundEffect: ID_647 → M2: BARGRA04.MDX
    BARGRA05.MDX
      ↳ Chain: Area: Stonetalon Mountains → ADT: KALIMDOR_33_30.ADT → GroundEffect: ID_1935 → M2: BARGRA05.MDX
    BARGRA06.MDX
      ↳ Chain: Area: Stonetalon Mountains → ADT: KALIMDOR_33_30.ADT → GroundEffect: ID_1935 → M2: BARGRA06.MDX
    BARGRA07.MDX
      ↳ Chain: Area: Stonetalon Mountains → ADT: KALIMDOR_33_30.ADT → GroundEffect: ID_1935 → M2: BARGRA07.MDX
    BARGRA08.MDX
      ↳ Chain: Area: Stonetalon Mountains → ADT: KALIMDOR_33_30.ADT → GroundEffect: ID_1935 → M2: BARGRA08.MDX
    BARROC01.MDX
      ↳ Chain: Area: Stonetalon Mountains → ADT: KALIMDOR_33_30.ADT → GroundEffect: ID_647 → M2: BARROC01.MDX
    BARROC02.MDX
      ↳ Chain: Area: Stonetalon Mountains → ADT: KALIMDOR_33_30.ADT → GroundEffect: ID_647 → M2: BARROC02.MDX
    BARROC05.MDX
      ↳ Chain: Area: Thousand Needles → ADT: KALIMDOR_33_39.ADT → GroundEffect: ID_3011 → M2: BARROC05.MDX
    BLAROC01.MDL
      ↳ Chain: Area: Swamp of Sorrows → ADT: AZEROTH_36_52.ADT → GroundEffect: ID_2114 → M2: BLAROC01.MDL
    BLAROC02.MDL
      ↳ Chain: Area: Swamp of Sorrows → ADT: AZEROTH_36_52.ADT → GroundEffect: ID_2114 → M2: BLAROC02.MDL
    BLAROC03.MDL
      ↳ Chain: Area: Swamp of Sorrows → ADT: AZEROTH_36_52.ADT → GroundEffect: ID_2114 → M2: BLAROC03.MDL
    BLAROC04.MDL
      ↳ Chain: Area: Swamp of Sorrows → ADT: AZEROTH_36_52.ADT → GroundEffect: ID_2114 → M2: BLAROC04.MDL
    BLAROC05.MDL
      ↳ Chain: Area: Blasted Lands → ADT: AZEROTH_36_53.ADT → GroundEffect: ID_918 → M2: BLAROC05.MDL
    BLAROC06.MDL
      ↳ Chain: Area: Blasted Lands → ADT: AZEROTH_36_53.ADT → GroundEffect: ID_918 → M2: BLAROC06.MDL
    BLAROC07.MDL
      ↳ Chain: Area: Blasted Lands → ADT: AZEROTH_36_53.ADT → GroundEffect: ID_918 → M2: BLAROC07.MDL
    BLAROC08.MDL
      ↳ Chain: Area: Blasted Lands → ADT: AZEROTH_36_53.ADT → GroundEffect: ID_918 → M2: BLAROC08.MDL
    BLAROC11.MDL
      ↳ Chain: Area: Blasted Lands → ADT: AZEROTH_37_53.ADT → GroundEffect: ID_926 → M2: BLAROC11.MDL
    BLAROC12.MDL
      ↳ Chain: Area: Blasted Lands → ADT: AZEROTH_37_53.ADT → GroundEffect: ID_926 → M2: BLAROC12.MDL
    BLAROC13.MDL
      ↳ Chain: Area: Blasted Lands → ADT: AZEROTH_37_53.ADT → GroundEffect: ID_926 → M2: BLAROC13.MDL
    BMYFLO01.MDX
      ↳ Chain: Area: Bloodmyst Isle → ADT: KALIMDOR_18_16.ADT → GroundEffect: ID_24470 → M2: BMYFLO01.MDX
    BMYFLO02.MDX
      ↳ Chain: Area: Bloodmyst Isle → ADT: KALIMDOR_18_16.ADT → GroundEffect: ID_24470 → M2: BMYFLO02.MDX
    BMYGRA01.MDX
      ↳ Chain: Area: Bloodmyst Isle → ADT: KALIMDOR_17_16.ADT → GroundEffect: ID_23507 → M2: BMYGRA01.MDX
    BMYGRA02.MDX
      ↳ Chain: Area: Bloodmyst Isle → ADT: KALIMDOR_17_16.ADT → GroundEffect: ID_22935 → M2: BMYGRA02.MDX
    BMYGRA03.MDX
      ↳ Chain: Area: Bloodmyst Isle → ADT: KALIMDOR_17_16.ADT → GroundEffect: ID_22935 → M2: BMYGRA03.MDX
    BMYGRA04.MDX
      ↳ Chain: Area: Bloodmyst Isle → ADT: KALIMDOR_17_16.ADT → GroundEffect: ID_23507 → M2: BMYGRA04.MDX
    BSTBRA01.MDL
      ↳ Chain: Area: Stonetalon Mountains → ADT: KALIMDOR_28_30.ADT → GroundEffect: ID_4379 → M2: BSTBRA01.MDL
    BSTBRA02.MDL
      ↳ Chain: Area: Un'Goro Crater → ADT: KALIMDOR_33_45.ADT → GroundEffect: ID_4077 → M2: BSTBRA02.MDL
    BSTBRA03.MDL
      ↳ Chain: Area: Eversong Woods → ADT: AZEROTH_39_20.ADT → GroundEffect: ID_22233 → M2: BSTBRA03.MDL
    BSTBRA04.MDL
      ↳ Chain: Area: Un'Goro Crater → ADT: KALIMDOR_33_45.ADT → GroundEffect: ID_4077 → M2: BSTBRA04.MDL
    BSTBRA05.MDL
      ↳ Chain: Area: Searing Gorge → ADT: AZEROTH_32_44.ADT → GroundEffect: ID_440 → M2: BSTBRA05.MDL
    BSTBRA06.MDL
      ↳ Chain: Area: Eversong Woods → ADT: AZEROTH_39_20.ADT → GroundEffect: ID_22233 → M2: BSTBRA06.MDL
    BSTBRA07.MDL
      ↳ Chain: Area: Eversong Woods → ADT: AZEROTH_39_20.ADT → GroundEffect: ID_22233 → M2: BSTBRA07.MDL
    BSTBRA08.MDL
      ↳ Chain: Area: Searing Gorge → ADT: AZEROTH_32_44.ADT → GroundEffect: ID_440 → M2: BSTBRA08.MDL
    BSTROC01.MDL
      ↳ Chain: Area: Searing Gorge → ADT: AZEROTH_32_44.ADT → GroundEffect: ID_440 → M2: BSTROC01.MDL
    BSTROC02.MDL
      ↳ Chain: Area: Searing Gorge → ADT: AZEROTH_32_44.ADT → GroundEffect: ID_440 → M2: BSTROC02.MDL
    BSTROC03.MDL
      ↳ Chain: Area: Bloodmyst Isle → ADT: KALIMDOR_17_15.ADT → GroundEffect: ID_24192 → M2: BSTROC03.MDL
    BSTROC04.MDL
      ↳ Chain: Area: Bloodmyst Isle → ADT: KALIMDOR_17_16.ADT → GroundEffect: ID_23508 → M2: BSTROC04.MDL
    CREATURE/FROGDUCK/FROGDUCK.M2
      ↳ Chain: Area: Stormwind City → ADT: AZEROTH_30_47.ADT → M2: FROGDUCK.M2
    CREATURE/GOBLINROCKET/GOBLIN_ROCKET.MDX
      ↳ Chain: Area: KALIMDOR [53,55] → ADT: KALIMDOR_53_55.ADT → WMO: GOBLINSHIPFINAL.WMO → M2: GOBLIN_ROCKET.MDX
    CSCRY01.MDX
      ↳ Chain: Area: Deepholm → ADT: DEEPHOME_28_29.ADT → GroundEffect: ID_73815 → M2: CSCRY01.MDX
    DH_BUS01.MDX
      ↳ Chain: Area: Deepholm → ADT: DEEPHOME_27_26.ADT → GroundEffect: ID_73816 → M2: DH_BUS01.MDX
    DH_GRA01.MDX
      ↳ Chain: Area: Deepholm → ADT: DEEPHOME_28_29.ADT → GroundEffect: ID_74548 → M2: DH_GRA01.MDX
    DH_MUS01.MDX
      ↳ Chain: Area: Deepholm → ADT: DEEPHOME_28_28.ADT → GroundEffect: ID_74541 → M2: DH_MUS01.MDX
    DH_MUS02.MDX
      ↳ Chain: Area: Deepholm → ADT: DEEPHOME_28_28.ADT → GroundEffect: ID_74540 → M2: DH_MUS02.MDX
    DH_MUS03.MDX
      ↳ Chain: Area: Deepholm → ADT: DEEPHOME_28_28.ADT → GroundEffect: ID_74540 → M2: DH_MUS03.MDX
    DH_MUS04.MDX
      ↳ Chain: Area: Deepholm → ADT: DEEPHOME_32_28.ADT → GroundEffect: ID_74822 → M2: DH_MUS04.MDX
    DH_ORE01.MDX
      ↳ Chain: Area: Deepholm → ADT: DEEPHOME_27_26.ADT → GroundEffect: ID_73812 → M2: DH_ORE01.MDX
    DH_ORE02.MDX
      ↳ Chain: Area: Deepholm → ADT: DEEPHOME_27_26.ADT → GroundEffect: ID_73812 → M2: DH_ORE02.MDX
    DH_ORE03.MDX
      ↳ Chain: Area: Deepholm → ADT: DEEPHOME_27_26.ADT → GroundEffect: ID_73812 → M2: DH_ORE03.MDX
    DH_PLA01.MDX
      ↳ Chain: Area: Deepholm → ADT: DEEPHOME_28_29.ADT → GroundEffect: ID_74548 → M2: DH_PLA01.MDX
    DH_PLA02.MDX
      ↳ Chain: Area: Deepholm → ADT: DEEPHOME_32_28.ADT → GroundEffect: ID_77144 → M2: DH_PLA02.MDX
    DH_ROC01.MDX
      ↳ Chain: Area: Deepholm → ADT: DEEPHOME_27_26.ADT → GroundEffect: ID_73816 → M2: DH_ROC01.MDX
    DH_ROC02.MDX
      ↳ Chain: Area: Deepholm → ADT: DEEPHOME_27_26.ADT → GroundEffect: ID_73816 → M2: DH_ROC02.MDX
    DH_ROC03.MDX
      ↳ Chain: Area: Deepholm → ADT: DEEPHOME_27_26.ADT → GroundEffect: ID_73816 → M2: DH_ROC03.MDX
    DH_SPO01.MDX
      ↳ Chain: Area: Deepholm → ADT: DEEPHOME_28_28.ADT → GroundEffect: ID_74540 → M2: DH_SPO01.MDX
    DH_SPO02.MDX
      ↳ Chain: Area: Deepholm → ADT: DEEPHOME_28_28.ADT → GroundEffect: ID_74540 → M2: DH_SPO02.MDX
    DRKBUS01.MDL
      ↳ Chain: Area: Feralas → ADT: KALIMDOR_24_40.ADT → GroundEffect: ID_4840 → M2: DRKBUS01.MDL
    DRKBUS02.MDL
      ↳ Chain: Area: Feralas → ADT: KALIMDOR_24_40.ADT → GroundEffect: ID_4840 → M2: DRKBUS02.MDL
    DRKBUS03.MDL
      ↳ Chain: Area: Feralas → ADT: KALIMDOR_24_40.ADT → GroundEffect: ID_4840 → M2: DRKBUS03.MDL
    DRKBUS04.MDL
      ↳ Chain: Area: Darkshore → ADT: KALIMDOR_30_20.ADT → GroundEffect: ID_1537 → M2: DRKBUS04.MDL
    DRKBUS05.MDL
      ↳ Chain: Area: Feralas → ADT: KALIMDOR_24_40.ADT → GroundEffect: ID_4840 → M2: DRKBUS05.MDL
    DRKBUS06.MDL
      ↳ Chain: Area: Darkshore → ADT: KALIMDOR_29_23.ADT → GroundEffect: ID_1540 → M2: DRKBUS06.MDL
    DRKBUS07.MDL
      ↳ Chain: Area: Darkshore → ADT: KALIMDOR_29_23.ADT → GroundEffect: ID_1540 → M2: DRKBUS07.MDL
    DRKGRA01.MDL
      ↳ Chain: Area: Feralas → ADT: KALIMDOR_25_40.ADT → GroundEffect: ID_4841 → M2: DRKGRA01.MDL
    DRKGRA02.MDL
      ↳ Chain: Area: Feralas → ADT: KALIMDOR_25_40.ADT → GroundEffect: ID_4841 → M2: DRKGRA02.MDL
    DRKGRA03.MDL
      ↳ Chain: Area: Feralas → ADT: KALIMDOR_25_40.ADT → GroundEffect: ID_4841 → M2: DRKGRA03.MDL
    DRKGRA04.MDL
      ↳ Chain: Area: Darkshore → ADT: KALIMDOR_30_20.ADT → GroundEffect: ID_1537 → M2: DRKGRA04.MDL
    DRKGRA05.MDL
      ↳ Chain: Area: Feralas → ADT: KALIMDOR_25_40.ADT → GroundEffect: ID_4841 → M2: DRKGRA05.MDL
    DRKGRA06.MDL
      ↳ Chain: Area: Darkshore → ADT: KALIMDOR_30_19.ADT → GroundEffect: ID_1538 → M2: DRKGRA06.MDL
    DSKGRA01.MDL
      ↳ Chain: Area: Elwynn Forest → ADT: AZEROTH_30_51.ADT → GroundEffect: ID_525 → M2: DSKGRA01.MDL
    DSKGRA02.MDL
      ↳ Chain: Area: Elwynn Forest → ADT: AZEROTH_30_51.ADT → GroundEffect: ID_582 → M2: DSKGRA02.MDL
    DSKGRA03.MDL
      ↳ Chain: Area: Stormwind City → ADT: AZEROTH_28_46.ADT → GroundEffect: ID_1106 → M2: DSKGRA03.MDL
    DSKGRA04.MDL
      ↳ Chain: Area: Elwynn Forest → ADT: AZEROTH_30_51.ADT → GroundEffect: ID_582 → M2: DSKGRA04.MDL
    DSKGRA05.MDL
      ↳ Chain: Area: Elwynn Forest → ADT: AZEROTH_30_51.ADT → GroundEffect: ID_582 → M2: DSKGRA05.MDL
    DSKGRA06.MDL
      ↳ Chain: Area: Elwynn Forest → ADT: AZEROTH_30_51.ADT → GroundEffect: ID_525 → M2: DSKGRA06.MDL
    DSLBON01.MDX
      ↳ Chain: Area: Ghostlands → ADT: AZEROTH_39_23.ADT → GroundEffect: ID_22581 → M2: DSLBON01.MDX
    DSLBON02.MDX
      ↳ Chain: Area: Ghostlands → ADT: AZEROTH_39_23.ADT → GroundEffect: ID_22581 → M2: DSLBON02.MDX
    DSLBON03.MDX
      ↳ Chain: Area: Ghostlands → ADT: AZEROTH_39_23.ADT → GroundEffect: ID_22581 → M2: DSLBON03.MDX
    DSLBON04.MDX
      ↳ Chain: Area: Ghostlands → ADT: AZEROTH_39_23.ADT → GroundEffect: ID_22581 → M2: DSLBON04.MDX
    DSLBON05.MDX
      ↳ Chain: Area: Ghostlands → ADT: AZEROTH_39_23.ADT → GroundEffect: ID_22580 → M2: DSLBON05.MDX
    DSLBON06.MDX
      ↳ Chain: Area: Ghostlands → ADT: AZEROTH_39_23.ADT → GroundEffect: ID_22580 → M2: DSLBON06.MDX
    DSLBON07.MDX
      ↳ Chain: Area: Ghostlands → ADT: AZEROTH_39_23.ADT → GroundEffect: ID_22580 → M2: DSLBON07.MDX
    DSLBON08.MDX
      ↳ Chain: Area: Ghostlands → ADT: AZEROTH_39_23.ADT → GroundEffect: ID_22580 → M2: DSLBON08.MDX
    DSLROC01.MDX
      ↳ Chain: Area: Desolace → ADT: KALIMDOR_25_35.ADT → GroundEffect: ID_3035 → M2: DSLROC01.MDX
    DSLROC02.MDX
      ↳ Chain: Area: Desolace → ADT: KALIMDOR_25_35.ADT → GroundEffect: ID_3035 → M2: DSLROC02.MDX
    DUNBRA04.MDL
      ↳ Chain: Area: Dun Morogh → ADT: AZEROTH_29_40.ADT → GroundEffect: ID_944 → M2: DUNBRA04.MDL
    DUNBUS01.MDL
      ↳ Chain: Area: Dun Morogh → ADT: AZEROTH_30_40.ADT → GroundEffect: ID_948 → M2: DUNBUS01.MDL
    DUNBUS02.MDL
      ↳ Chain: Area: Dun Morogh → ADT: AZEROTH_29_40.ADT → GroundEffect: ID_944 → M2: DUNBUS02.MDL
    DUNBUS03.MDL
      ↳ Chain: Area: Dun Morogh → ADT: AZEROTH_29_40.ADT → GroundEffect: ID_944 → M2: DUNBUS03.MDL
    DUNGRA01.MDL
      ↳ Chain: Area: Dun Morogh → ADT: AZEROTH_30_40.ADT → GroundEffect: ID_948 → M2: DUNGRA01.MDL
    DUNGRA02.MDL
      ↳ Chain: Area: Dun Morogh → ADT: AZEROTH_30_40.ADT → GroundEffect: ID_948 → M2: DUNGRA02.MDL
    DUNGRA03.MDL
      ↳ Chain: Area: Dun Morogh → ADT: AZEROTH_30_40.ADT → GroundEffect: ID_948 → M2: DUNGRA03.MDL
    DUNGRA04.MDL
      ↳ Chain: Area: Dun Morogh → ADT: AZEROTH_29_40.ADT → GroundEffect: ID_944 → M2: DUNGRA04.MDL
    DURBUS01.MDX
      ↳ Chain: Area: Durotar → ADT: KALIMDOR_39_27.ADT → GroundEffect: ID_1972 → M2: DURBUS01.MDX
    DURBUS02.MDX
      ↳ Chain: Area: The Barrens → ADT: KALIMDOR_40_33.ADT → GroundEffect: ID_2740 → M2: DURBUS02.MDX
    DURBUS03.MDX
      ↳ Chain: Area: Durotar → ADT: KALIMDOR_39_27.ADT → GroundEffect: ID_1972 → M2: DURBUS03.MDX
    DURROC01.MDX
      ↳ Chain: Area: The Barrens → ADT: KALIMDOR_40_33.ADT → GroundEffect: ID_2740 → M2: DURROC01.MDX
    DURROC02.MDX
      ↳ Chain: Area: Durotar → ADT: KALIMDOR_39_27.ADT → GroundEffect: ID_1972 → M2: DURROC02.MDX
    DURROC04.MDX
      ↳ Chain: Area: Durotar → ADT: KALIMDOR_39_27.ADT → GroundEffect: ID_1972 → M2: DURROC04.MDX
    DWMBUS01.MDL
      ↳ Chain: Area: Dustwallow Marsh → ADT: KALIMDOR_36_37.ADT → GroundEffect: ID_1077 → M2: DWMBUS01.MDL
    DWMBUS02.MDL
      ↳ Chain: Area: Dustwallow Marsh → ADT: KALIMDOR_36_38.ADT → GroundEffect: ID_1078 → M2: DWMBUS02.MDL
    DWMBUS03.MDL
      ↳ Chain: Area: Dustwallow Marsh → ADT: KALIMDOR_36_38.ADT → GroundEffect: ID_1075 → M2: DWMBUS03.MDL
    DWMBUS04.MDL
      ↳ Chain: Area: Deadwind Pass → ADT: AZEROTH_35_51.ADT → GroundEffect: ID_599 → M2: DWMBUS04.MDL
    DWMBUS05.MDL
      ↳ Chain: Area: Dustwallow Marsh → ADT: KALIMDOR_36_37.ADT → GroundEffect: ID_1131 → M2: DWMBUS05.MDL
    DWMGRA01.MDL
      ↳ Chain: Area: Dustwallow Marsh → ADT: KALIMDOR_36_38.ADT → GroundEffect: ID_1078 → M2: DWMGRA01.MDL
    DWMGRA02.MDL
      ↳ Chain: Area: Dustwallow Marsh → ADT: KALIMDOR_36_37.ADT → GroundEffect: ID_1077 → M2: DWMGRA02.MDL
    DWMGRA03.MDL
      ↳ Chain: Area: Dustwallow Marsh → ADT: KALIMDOR_36_37.ADT → GroundEffect: ID_1131 → M2: DWMGRA03.MDL
    DWMGRA04.MDL
      ↳ Chain: Area: Dustwallow Marsh → ADT: KALIMDOR_36_37.ADT → GroundEffect: ID_1131 → M2: DWMGRA04.MDL
    DWMGRA05.MDL
      ↳ Chain: Area: Dustwallow Marsh → ADT: KALIMDOR_36_37.ADT → GroundEffect: ID_1077 → M2: DWMGRA05.MDL
    DWMGRA06.MDL
      ↳ Chain: Area: Dustwallow Marsh → ADT: KALIMDOR_36_37.ADT → GroundEffect: ID_1077 → M2: DWMGRA06.MDL
    DWMROC01.MDL
      ↳ Chain: Area: Western Plaguelands → ADT: AZEROTH_35_30.ADT → GroundEffect: ID_374 → M2: DWMROC01.MDL
    DWMROC02.MDL
      ↳ Chain: Area: Dustwallow Marsh → ADT: KALIMDOR_37_37.ADT → GroundEffect: ID_1173 → M2: DWMROC02.MDL
    DWPBRA01.MDL
      ↳ Chain: Area: Deadwind Pass → ADT: AZEROTH_34_52.ADT → GroundEffect: ID_605 → M2: DWPBRA01.MDL
    DWPBRA03.MDL
      ↳ Chain: Area: Deadwind Pass → ADT: AZEROTH_34_52.ADT → GroundEffect: ID_541 → M2: DWPBRA03.MDL
    DWPGRA01.MDL
      ↳ Chain: Area: Deadwind Pass → ADT: AZEROTH_34_52.ADT → GroundEffect: ID_605 → M2: DWPGRA01.MDL
    DWPGRA02.MDL
      ↳ Chain: Area: Deadwind Pass → ADT: AZEROTH_34_52.ADT → GroundEffect: ID_541 → M2: DWPGRA02.MDL
    DWPGRA03.MDL
      ↳ Chain: Area: Deadwind Pass → ADT: AZEROTH_34_52.ADT → GroundEffect: ID_605 → M2: DWPGRA03.MDL
    DWPROC01.MDL
      ↳ Chain: Area: Deadwind Pass → ADT: AZEROTH_35_51.ADT → GroundEffect: ID_598 → M2: DWPROC01.MDL
    DWPROC02.MDL
      ↳ Chain: Area: Deadwind Pass → ADT: AZEROTH_35_51.ADT → GroundEffect: ID_598 → M2: DWPROC02.MDL
    DWPROC03.MDL
      ↳ Chain: Area: Deadwind Pass → ADT: AZEROTH_35_51.ADT → GroundEffect: ID_598 → M2: DWPROC03.MDL
    DWPWEA01.MDL
      ↳ Chain: Area: Deadwind Pass → ADT: AZEROTH_34_52.ADT → GroundEffect: ID_541 → M2: DWPWEA01.MDL
    DWPWEA02.MDL
      ↳ Chain: Area: Deadwind Pass → ADT: AZEROTH_34_52.ADT → GroundEffect: ID_541 → M2: DWPWEA02.MDL
    DWPWEA03.MDL
      ↳ Chain: Area: Deadwind Pass → ADT: AZEROTH_34_52.ADT → GroundEffect: ID_605 → M2: DWPWEA03.MDL
    ELWFLO01.MDL
      ↳ Chain: Area: Stormwind City → ADT: AZEROTH_30_46.ADT → GroundEffect: ID_507 → M2: ELWFLO01.MDL
    ELWFLO02.MDL
      ↳ Chain: Area: Stormwind City → ADT: AZEROTH_30_46.ADT → GroundEffect: ID_507 → M2: ELWFLO02.MDL
    ELWFLO03.MDL
      ↳ Chain: Area: Stormwind City → ADT: AZEROTH_30_46.ADT → GroundEffect: ID_507 → M2: ELWFLO03.MDL
    ELWGRA01.MDL
      ↳ Chain: Area: Elwynn Forest → ADT: AZEROTH_29_45.ADT → GroundEffect: ID_772 → M2: ELWGRA01.MDL
    ELWGRA02.MDL
      ↳ Chain: Area: Elwynn Forest → ADT: AZEROTH_29_45.ADT → GroundEffect: ID_756 → M2: ELWGRA02.MDL
    ELWGRA03.MDL
      ↳ Chain: Area: Stormwind City → ADT: AZEROTH_28_46.ADT → GroundEffect: ID_1106 → M2: ELWGRA03.MDL
    ELWGRA04.MDL
      ↳ Chain: Area: Elwynn Forest → ADT: AZEROTH_29_45.ADT → GroundEffect: ID_772 → M2: ELWGRA04.MDL
    ELWGRA06.MDL
      ↳ Chain: Area: Elwynn Forest → ADT: AZEROTH_29_45.ADT → GroundEffect: ID_772 → M2: ELWGRA06.MDL
    ELWGRA07.MDL
      ↳ Chain: Area: Stormwind City → ADT: AZEROTH_30_46.ADT → GroundEffect: ID_512 → M2: ELWGRA07.MDL
    ELWGRA08.MDL
      ↳ Chain: Area: Elwynn Forest → ADT: AZEROTH_29_45.ADT → GroundEffect: ID_683 → M2: ELWGRA08.MDL
    ELWROC01.MDL
      ↳ Chain: Area: Elwynn Forest → ADT: AZEROTH_29_45.ADT → GroundEffect: ID_756 → M2: ELWROC01.MDL
    ELWROC02.MDL
      ↳ Chain: Area: Elwynn Forest → ADT: AZEROTH_29_45.ADT → GroundEffect: ID_756 → M2: ELWROC02.MDL
    EMDFLO02.MDX
      ↳ Chain: Area: Azuremyst Isle → ADT: KALIMDOR_19_21.ADT → GroundEffect: ID_23344 → M2: EMDFLO02.MDX
    EPLBON01.MDX
      ↳ Chain: Area: Eastern Plaguelands → ADT: AZEROTH_39_26.ADT → GroundEffect: ID_1741 → M2: EPLBON01.MDX
    EPLBON03.MDX
      ↳ Chain: Area: Eastern Plaguelands → ADT: AZEROTH_37_25.ADT → GroundEffect: ID_5678 → M2: EPLBON03.MDX
    EPLBON04.MDX
      ↳ Chain: Area: Eastern Plaguelands → ADT: AZEROTH_39_26.ADT → GroundEffect: ID_1741 → M2: EPLBON04.MDX
    EPLBON05.MDX
      ↳ Chain: Area: Eastern Plaguelands → ADT: AZEROTH_37_25.ADT → GroundEffect: ID_5678 → M2: EPLBON05.MDX
    EPLBUS01.MDX
      ↳ Chain: Area: Western Plaguelands → ADT: AZEROTH_36_25.ADT → GroundEffect: ID_1963 → M2: EPLBUS01.MDX
    EPLBUS02.MDX
      ↳ Chain: Area: Eastern Plaguelands → ADT: AZEROTH_38_25.ADT → GroundEffect: ID_1966 → M2: EPLBUS02.MDX
    EPLBUS06.MDX
      ↳ Chain: Area: Eastern Plaguelands → ADT: AZEROTH_38_25.ADT → GroundEffect: ID_1966 → M2: EPLBUS06.MDX
    EPLGRA01.MDX
      ↳ Chain: Area: Western Plaguelands → ADT: AZEROTH_36_25.ADT → GroundEffect: ID_1963 → M2: EPLGRA01.MDX
    EPLGRA02.MDX
      ↳ Chain: Area: Western Plaguelands → ADT: AZEROTH_36_25.ADT → GroundEffect: ID_1963 → M2: EPLGRA02.MDX
    EPLGRA03.MDX
      ↳ Chain: Area: Western Plaguelands → ADT: AZEROTH_36_25.ADT → GroundEffect: ID_1963 → M2: EPLGRA03.MDX
    EPLMUS01.MDX
      ↳ Chain: Area: Eastern Plaguelands → ADT: AZEROTH_37_25.ADT → GroundEffect: ID_5678 → M2: EPLMUS01.MDX
    EPLMUS02.MDX
      ↳ Chain: Area: Eastern Plaguelands → ADT: AZEROTH_37_25.ADT → GroundEffect: ID_5678 → M2: EPLMUS02.MDX
    FELBUS02.MDX
      ↳ Chain: Area: Bloodmyst Isle → ADT: KALIMDOR_17_17.ADT → GroundEffect: ID_24290 → M2: FELBUS02.MDX
    FELBUS03.MDX
      ↳ Chain: Area: Ashenvale → ADT: KALIMDOR_31_27.ADT → GroundEffect: ID_3835 → M2: FELBUS03.MDX
    FELBUS04.MDX
      ↳ Chain: Area: Ashenvale → ADT: KALIMDOR_31_27.ADT → GroundEffect: ID_3835 → M2: FELBUS04.MDX
    FELFLO02.MDX
      ↳ Chain: Area: Ashenvale → ADT: KALIMDOR_31_27.ADT → GroundEffect: ID_3835 → M2: FELFLO02.MDX
    FELGRA01.MDX
      ↳ Chain: Area: Bloodmyst Isle → ADT: KALIMDOR_17_17.ADT → GroundEffect: ID_24290 → M2: FELGRA01.MDX
    FELGRA02.MDX
      ↳ Chain: Area: Ashenvale → ADT: KALIMDOR_31_27.ADT → GroundEffect: ID_3834 → M2: FELGRA02.MDX
    FELGRA03.MDX
      ↳ Chain: Area: Ashenvale → ADT: KALIMDOR_31_27.ADT → GroundEffect: ID_3834 → M2: FELGRA03.MDX
    FELGRA04.MDX
      ↳ Chain: Area: Ashenvale → ADT: KALIMDOR_31_27.ADT → GroundEffect: ID_3834 → M2: FELGRA04.MDX
    GILCLOV01.MDX
      ↳ Chain: Area: Tol Barad Peninsula → ADT: AZEROTH_17_33.ADT → GroundEffect: ID_82272 → M2: GILCLOV01.MDX
    GILROSE01.MDX
      ↳ Chain: Area: Gilneas → ADT: AZEROTH_28_36.ADT → GroundEffect: ID_19202 → M2: GILROSE01.MDX
    GILSHRUB01.MDX
      ↳ Chain: Area: Silverpine Forest → ADT: AZEROTH_26_32.ADT → GroundEffect: ID_44329 → M2: GILSHRUB01.MDX
    GILSHRUB02.MDX
      ↳ Chain: Area: Tol Barad Peninsula → ADT: AZEROTH_17_33.ADT → GroundEffect: ID_82272 → M2: GILSHRUB02.MDX
    GILSHRUB03.MDX
      ↳ Chain: Area: Tol Barad → ADT: AZEROTH_18_35.ADT → GroundEffect: ID_77359 → M2: GILSHRUB03.MDX
    GILSHRUB04.MDX
      ↳ Chain: Area: Tol Barad Peninsula → ADT: AZEROTH_17_33.ADT → GroundEffect: ID_82275 → M2: GILSHRUB04.MDX
    GILSHRUB05.MDX
      ↳ Chain: Area: Tol Barad Peninsula → ADT: AZEROTH_17_33.ADT → GroundEffect: ID_82275 → M2: GILSHRUB05.MDX
    GILSHRUB06.MDX
      ↳ Chain: Area: Tol Barad Peninsula → ADT: AZEROTH_17_33.ADT → GroundEffect: ID_82275 → M2: GILSHRUB06.MDX
    GSTBUS01.MDX
      ↳ Chain: Area: Ghostlands → ADT: AZEROTH_38_21.ADT → GroundEffect: ID_22234 → M2: GSTBUS01.MDX
    GSTBUS02.MDX
      ↳ Chain: Area: Ghostlands → ADT: AZEROTH_38_21.ADT → GroundEffect: ID_22234 → M2: GSTBUS02.MDX
    GSTBUS03.MDX
      ↳ Chain: Area: Ghostlands → ADT: AZEROTH_38_21.ADT → GroundEffect: ID_22241 → M2: GSTBUS03.MDX
    GSTFLO01.MDX
      ↳ Chain: Area: Ghostlands → ADT: AZEROTH_38_21.ADT → GroundEffect: ID_22241 → M2: GSTFLO01.MDX
    GSTFLO02.MDX
      ↳ Chain: Area: Ghostlands → ADT: AZEROTH_38_22.ADT → GroundEffect: ID_22272 → M2: GSTFLO02.MDX
    GSTFLO03.MDX
      ↳ Chain: Area: Ghostlands → ADT: AZEROTH_38_21.ADT → GroundEffect: ID_22234 → M2: GSTFLO03.MDX
    GSTGRA01.MDX
      ↳ Chain: Area: Ghostlands → ADT: AZEROTH_38_21.ADT → GroundEffect: ID_22234 → M2: GSTGRA01.MDX
    HYJBRA01.MDX
      ↳ Chain: Area: Felwood → ADT: KALIMDOR_34_22.ADT → GroundEffect: ID_19294 → M2: HYJBRA01.MDX
    HYJBRA02.MDX
      ↳ Chain: Area: Felwood → ADT: KALIMDOR_34_22.ADT → GroundEffect: ID_19294 → M2: HYJBRA02.MDX
    HYJBRA03.MDX
      ↳ Chain: Area: Felwood → ADT: KALIMDOR_34_22.ADT → GroundEffect: ID_19295 → M2: HYJBRA03.MDX
    HYJBUS01.MDX
      ↳ Chain: Area: Felwood → ADT: KALIMDOR_34_21.ADT → GroundEffect: ID_4346 → M2: HYJBUS01.MDX
    HYJBUS02.MDX
      ↳ Chain: Area: Felwood → ADT: KALIMDOR_34_21.ADT → GroundEffect: ID_4346 → M2: HYJBUS02.MDX
    HYJBUS03.MDX
      ↳ Chain: Area: Felwood → ADT: KALIMDOR_34_21.ADT → GroundEffect: ID_4346 → M2: HYJBUS03.MDX
    HYJBUS04.MDX
      ↳ Chain: Area: Felwood → ADT: KALIMDOR_34_21.ADT → GroundEffect: ID_4346 → M2: HYJBUS04.MDX
    HYJBUS05.MDX
      ↳ Chain: Area: Felwood → ADT: KALIMDOR_34_21.ADT → GroundEffect: ID_4348 → M2: HYJBUS05.MDX
    HYJFLO01.MDX
      ↳ Chain: Area: Hyjal → ADT: KALIMDOR_35_22.ADT → GroundEffect: ID_70408 → M2: HYJFLO01.MDX
    HYJFLO02.MDX
      ↳ Chain: Area: Hyjal → ADT: KALIMDOR_35_22.ADT → GroundEffect: ID_70408 → M2: HYJFLO02.MDX
    HYJFLO04.MDX
      ↳ Chain: Area: Hyjal → ADT: KALIMDOR_36_21.ADT → GroundEffect: ID_70406 → M2: HYJFLO04.MDX
    HYJFLO05.MDX
      ↳ Chain: Area: Hyjal → ADT: KALIMDOR_35_22.ADT → GroundEffect: ID_70408 → M2: HYJFLO05.MDX
    HYJGRA01.MDX
      ↳ Chain: Area: Felwood → ADT: KALIMDOR_34_21.ADT → GroundEffect: ID_4344 → M2: HYJGRA01.MDX
    HYJGRA02.MDX
      ↳ Chain: Area: Felwood → ADT: KALIMDOR_34_21.ADT → GroundEffect: ID_4344 → M2: HYJGRA02.MDX
    HYJGRA03.MDX
      ↳ Chain: Area: Felwood → ADT: KALIMDOR_34_21.ADT → GroundEffect: ID_4344 → M2: HYJGRA03.MDX
    HYJGRA04.MDX
      ↳ Chain: Area: Felwood → ADT: KALIMDOR_34_22.ADT → GroundEffect: ID_19295 → M2: HYJGRA04.MDX
    HYJGRA05.MDX
      ↳ Chain: Area: Hyjal → ADT: KALIMDOR_36_21.ADT → GroundEffect: ID_70406 → M2: HYJGRA05.MDX
    HYJGRA06.MDX
      ↳ Chain: Area: Hyjal → ADT: KALIMDOR_35_22.ADT → GroundEffect: ID_70408 → M2: HYJGRA06.MDX
    HYJGRA07.MDX
      ↳ Chain: Area: Hyjal → ADT: KALIMDOR_36_21.ADT → GroundEffect: ID_70406 → M2: HYJGRA07.MDX
    HYJPLA01.MDX
      ↳ Chain: Area: Felwood → ADT: KALIMDOR_34_23.ADT → GroundEffect: ID_19865 → M2: HYJPLA01.MDX
    HYJPLA03.MDX
      ↳ Chain: Area: Felwood → ADT: KALIMDOR_34_23.ADT → GroundEffect: ID_19865 → M2: HYJPLA03.MDX
    HYJROC01.MDX
      ↳ Chain: Area: Felwood → ADT: KALIMDOR_34_22.ADT → GroundEffect: ID_19294 → M2: HYJROC01.MDX
    HYJROC02.MDX
      ↳ Chain: Area: Felwood → ADT: KALIMDOR_34_22.ADT → GroundEffect: ID_19294 → M2: HYJROC02.MDX
    KALBUS01.MDX
      ↳ Chain: Area: Bloodmyst Isle → ADT: KALIMDOR_20_17.ADT → GroundEffect: ID_22931 → M2: KALBUS01.MDX
    KALBUS02.MDL
      ↳ Chain: Area: Duskwood → ADT: AZEROTH_32_51.ADT → GroundEffect: ID_1908 → M2: KALBUS02.MDL
    KALBUS04.MDL
      ↳ Chain: Area: Duskwood → ADT: AZEROTH_32_51.ADT → GroundEffect: ID_1908 → M2: KALBUS04.MDL
    KALFLO02.MDX
      ↳ Chain: Area: Azuremyst Isle → ADT: KALIMDOR_23_21.ADT → GroundEffect: ID_23526 → M2: KALFLO02.MDX
    KALFLO03.MDL
      ↳ Chain: Area: Duskwood → ADT: AZEROTH_32_51.ADT → GroundEffect: ID_1908 → M2: KALFLO03.MDL
    KALFLO04.MDL
      ↳ Chain: Area: Duskwood → ADT: AZEROTH_32_51.ADT → GroundEffect: ID_1908 → M2: KALFLO04.MDL
    KALGRA01.MDL
      ↳ Chain: Area: Teldrassil → ADT: KALIMDOR_25_12.ADT → GroundEffect: ID_1471 → M2: KALGRA01.MDL
    KALGRA02.MDL
      ↳ Chain: Area: Duskwood → ADT: AZEROTH_32_51.ADT → GroundEffect: ID_1906 → M2: KALGRA02.MDL
    KALGRA03.MDL
      ↳ Chain: Area: Duskwood → ADT: AZEROTH_32_51.ADT → GroundEffect: ID_1906 → M2: KALGRA03.MDL
    KZBAN01.MDX
      ↳ Chain: Area: Kezan → ADT: KALIMDOR_52_47.ADT → GroundEffect: ID_19776 → M2: KZBAN01.MDX
    KZBAN02.MDX
      ↳ Chain: Area: Kezan → ADT: KALIMDOR_50_46.ADT → GroundEffect: ID_19761 → M2: KZBAN02.MDX
    KZCAN01.MDX
      ↳ Chain: Area: Kezan → ADT: KALIMDOR_50_46.ADT → GroundEffect: ID_19761 → M2: KZCAN01.MDX
    KZCAN02.MDX
      ↳ Chain: Area: Kezan → ADT: KALIMDOR_50_46.ADT → GroundEffect: ID_19761 → M2: KZCAN02.MDX
    KZGRA01.MDX
      ↳ Chain: Area: Kezan → ADT: KALIMDOR_51_48.ADT → GroundEffect: ID_19712 → M2: KZGRA01.MDX
    KZGRA02.MDX
      ↳ Chain: Area: Kezan → ADT: KALIMDOR_51_48.ADT → GroundEffect: ID_19712 → M2: KZGRA02.MDX
    KZGRA03.MDX
      ↳ Chain: Area: Western Plaguelands → ADT: AZEROTH_33_29.ADT → GroundEffect: ID_74117 → M2: KZGRA03.MDX
    KZPAPER01.MDX
      ↳ Chain: Area: Kezan → ADT: KALIMDOR_50_46.ADT → GroundEffect: ID_19761 → M2: KZPAPER01.MDX
    KZROC01.MDX
      ↳ Chain: Area: Kezan → ADT: KALIMDOR_52_47.ADT → GroundEffect: ID_19777 → M2: KZROC01.MDX
    KZROC02.MDX
      ↳ Chain: Area: Kezan → ADT: KALIMDOR_52_47.ADT → GroundEffect: ID_19777 → M2: KZROC02.MDX
    LAKGRA01.MDX
      ↳ Chain: Area: Loch Modan → ADT: AZEROTH_37_41.ADT → GroundEffect: ID_4125 → M2: LAKGRA01.MDX
    LAKGRA02.MDX
      ↳ Chain: Area: Loch Modan → ADT: AZEROTH_38_41.ADT → GroundEffect: ID_4137 → M2: LAKGRA02.MDX
    LAKGRA03.MDX
      ↳ Chain: Area: Loch Modan → ADT: AZEROTH_38_41.ADT → GroundEffect: ID_4137 → M2: LAKGRA03.MDX
    LAKGRA04.MDX
      ↳ Chain: Area: Loch Modan → ADT: AZEROTH_37_41.ADT → GroundEffect: ID_4124 → M2: LAKGRA04.MDX
    LAKGRA05.MDX
      ↳ Chain: Area: Loch Modan → ADT: AZEROTH_37_41.ADT → GroundEffect: ID_4124 → M2: LAKGRA05.MDX
    LAKGRA06.MDX
      ↳ Chain: Area: Loch Modan → ADT: AZEROTH_37_41.ADT → GroundEffect: ID_4124 → M2: LAKGRA06.MDX
    LAKGRA07.MDX
      ↳ Chain: Area: Loch Modan → ADT: AZEROTH_37_41.ADT → GroundEffect: ID_4124 → M2: LAKGRA07.MDX
    LCHBUS01.MDX
      ↳ Chain: Area: Loch Modan → ADT: AZEROTH_37_40.ADT → GroundEffect: ID_1369 → M2: LCHBUS01.MDX
    LCHFLO01.MDL
      ↳ Chain: Area: Loch Modan → ADT: AZEROTH_36_40.ADT → GroundEffect: ID_1136 → M2: LCHFLO01.MDL
    LCHFLO02.MDL
      ↳ Chain: Area: Loch Modan → ADT: AZEROTH_36_40.ADT → GroundEffect: ID_430 → M2: LCHFLO02.MDL
    LCHFLO03.MDL
      ↳ Chain: Area: Loch Modan → ADT: AZEROTH_36_40.ADT → GroundEffect: ID_430 → M2: LCHFLO03.MDL
    LCHFLO04.MDL
      ↳ Chain: Area: Loch Modan → ADT: AZEROTH_36_40.ADT → GroundEffect: ID_430 → M2: LCHFLO04.MDL
    LCHFLO05.MDL
      ↳ Chain: Area: Loch Modan → ADT: AZEROTH_36_40.ADT → GroundEffect: ID_430 → M2: LCHFLO05.MDL
    LCHFLO06.MDL
      ↳ Chain: Area: Loch Modan → ADT: AZEROTH_36_40.ADT → GroundEffect: ID_1136 → M2: LCHFLO06.MDL
    LCHFLO08.MDX
      ↳ Chain: Area: Loch Modan → ADT: AZEROTH_37_40.ADT → GroundEffect: ID_1369 → M2: LCHFLO08.MDX
    LCHFLO09.MDX
      ↳ Chain: Area: Loch Modan → ADT: AZEROTH_37_40.ADT → GroundEffect: ID_1369 → M2: LCHFLO09.MDX
    LCHGRA01.MDX
      ↳ Chain: Area: Loch Modan → ADT: AZEROTH_37_40.ADT → GroundEffect: ID_1369 → M2: LCHGRA01.MDX
    LCHROC01.MDL
      ↳ Chain: Area: Loch Modan → ADT: AZEROTH_37_40.ADT → GroundEffect: ID_1098 → M2: LCHROC01.MDL
    LCHROC02.MDL
      ↳ Chain: Area: Loch Modan → ADT: AZEROTH_37_40.ADT → GroundEffect: ID_1098 → M2: LCHROC02.MDL
    LOSBRA01.MDX
      ↳ Chain: Area: Highlands → ADT: AZEROTH_39_38.ADT → GroundEffect: ID_75150 → M2: LOSBRA01.MDX
    LOSGRA01.MDX
      ↳ Chain: Area: Highlands → ADT: AZEROTH_39_38.ADT → GroundEffect: ID_75149 → M2: LOSGRA01.MDX
    LOSGRA02.MDX
      ↳ Chain: Area: Highlands → ADT: AZEROTH_39_38.ADT → GroundEffect: ID_75149 → M2: LOSGRA02.MDX
    LOSGRA03.MDX
      ↳ Chain: Area: Highlands → ADT: AZEROTH_39_38.ADT → GroundEffect: ID_75149 → M2: LOSGRA03.MDX
    MULBUS01.MDX
      ↳ Chain: Area: Stonetalon Mountains → ADT: KALIMDOR_31_32.ADT → GroundEffect: ID_1845 → M2: MULBUS01.MDX
    MULBUS02.MDX
      ↳ Chain: Area: Stonetalon Mountains → ADT: KALIMDOR_31_32.ADT → GroundEffect: ID_1845 → M2: MULBUS02.MDX
    MULBUS04.MDX
      ↳ Chain: Area: Stonetalon Mountains → ADT: KALIMDOR_31_32.ADT → GroundEffect: ID_1845 → M2: MULBUS04.MDX
    MULGRA01.MDX
      ↳ Chain: Area: Desolace → ADT: KALIMDOR_30_33.ADT → GroundEffect: ID_1843 → M2: MULGRA01.MDX
    MULGRA02.MDX
      ↳ Chain: Area: Desolace → ADT: KALIMDOR_30_33.ADT → GroundEffect: ID_1843 → M2: MULGRA02.MDX
    MULGRA03.MDX
      ↳ Chain: Area: Desolace → ADT: KALIMDOR_30_33.ADT → GroundEffect: ID_1843 → M2: MULGRA03.MDX
    MULGRA04.MDX
      ↳ Chain: Area: Desolace → ADT: KALIMDOR_30_33.ADT → GroundEffect: ID_1844 → M2: MULGRA04.MDX
    MULGRA05.MDX
      ↳ Chain: Area: Desolace → ADT: KALIMDOR_30_33.ADT → GroundEffect: ID_1844 → M2: MULGRA05.MDX
    MULGRA06.MDX
      ↳ Chain: Area: Desolace → ADT: KALIMDOR_30_33.ADT → GroundEffect: ID_1844 → M2: MULGRA06.MDX
    MULROC01.MDX
      ↳ Chain: Area: Desolace → ADT: KALIMDOR_30_33.ADT → GroundEffect: ID_1841 → M2: MULROC01.MDX
    MULROC02.MDX
      ↳ Chain: Area: Desolace → ADT: KALIMDOR_30_33.ADT → GroundEffect: ID_1841 → M2: MULROC02.MDX
    PLAGUELANDSFUN01.MDX
      ↳ Chain: Area: Desolace → ADT: KALIMDOR_30_35.ADT → GroundEffect: ID_9287 → M2: PLAGUELANDSFUN01.MDX
    PLAGUELANDSFUN02.MDX
      ↳ Chain: Area: Desolace → ADT: KALIMDOR_30_35.ADT → GroundEffect: ID_9287 → M2: PLAGUELANDSFUN02.MDX
    PLAGUELANDSMUS02.MDX
      ↳ Chain: Area: Desolace → ADT: KALIMDOR_30_35.ADT → GroundEffect: ID_9287 → M2: PLAGUELANDSMUS02.MDX
    PLAGUELANDSSPO01.MDX
      ↳ Chain: Area: Desolace → ADT: KALIMDOR_30_35.ADT → GroundEffect: ID_9287 → M2: PLAGUELANDSSPO01.MDX
    REDBUS01.MDL
      ↳ Chain: Area: Redridge Mountains → ADT: AZEROTH_35_48.ADT → GroundEffect: ID_3526 → M2: REDBUS01.MDL
    REDBUS02.MDL
      ↳ Chain: Area: Redridge Mountains → ADT: AZEROTH_35_48.ADT → GroundEffect: ID_3526 → M2: REDBUS02.MDL
    REDFLO01.MDL
      ↳ Chain: Area: Redridge Mountains → ADT: AZEROTH_35_48.ADT → GroundEffect: ID_1223 → M2: REDFLO01.MDL
    REDFLO02.MDL
      ↳ Chain: Area: Redridge Mountains → ADT: AZEROTH_35_49.ADT → GroundEffect: ID_906 → M2: REDFLO02.MDL
    REDFLO03.MDL
      ↳ Chain: Area: Redridge Mountains → ADT: AZEROTH_35_48.ADT → GroundEffect: ID_1223 → M2: REDFLO03.MDL
    REDFLO04.MDL
      ↳ Chain: Area: Redridge Mountains → ADT: AZEROTH_35_48.ADT → GroundEffect: ID_3515 → M2: REDFLO04.MDL
    REDGRA01.MDL
      ↳ Chain: Area: Redridge Mountains → ADT: AZEROTH_35_48.ADT → GroundEffect: ID_3517 → M2: REDGRA01.MDL
    REDGRA02.MDL
      ↳ Chain: Area: Redridge Mountains → ADT: AZEROTH_35_48.ADT → GroundEffect: ID_1223 → M2: REDGRA02.MDL
    REDROC01.MDL
      ↳ Chain: Area: Redridge Mountains → ADT: AZEROTH_35_48.ADT → GroundEffect: ID_3525 → M2: REDROC01.MDL
    REDROC02.MDL
      ↳ Chain: Area: Redridge Mountains → ADT: AZEROTH_35_48.ADT → GroundEffect: ID_3525 → M2: REDROC02.MDL
    SHOBUS02.MDX
      ↳ Chain: Area: Uldum → ADT: KALIMDOR_32_52.ADT → GroundEffect: ID_81358 → M2: SHOBUS02.MDX
    SIVBUS01.MDX
      ↳ Chain: Area: Silverpine Forest → ADT: AZEROTH_26_29.ADT → GroundEffect: ID_1377 → M2: SIVBUS01.MDX
    SIVBUS02.MDX
      ↳ Chain: Area: Silverpine Forest → ADT: AZEROTH_26_29.ADT → GroundEffect: ID_1377 → M2: SIVBUS02.MDX
    SIVCON01.MDX
      ↳ Chain: Area: Silverpine Forest → ADT: AZEROTH_28_29.ADT → GroundEffect: ID_1381 → M2: SIVCON01.MDX
    SIVCON02.MDX
      ↳ Chain: Area: Silverpine Forest → ADT: AZEROTH_28_29.ADT → GroundEffect: ID_1381 → M2: SIVCON02.MDX
    SIVFLO01.MDX
      ↳ Chain: Area: Silverpine Forest → ADT: AZEROTH_26_29.ADT → GroundEffect: ID_1377 → M2: SIVFLO01.MDX
    SIVFLO02.MDX
      ↳ Chain: Area: Silverpine Forest → ADT: AZEROTH_28_29.ADT → GroundEffect: ID_1381 → M2: SIVFLO02.MDX
    SIVFLO03.MDX
      ↳ Chain: Area: Silverpine Forest → ADT: AZEROTH_26_29.ADT → GroundEffect: ID_1374 → M2: SIVFLO03.MDX
    SIVROC01.MDX
      ↳ Chain: Area: Azuremyst Isle → ADT: KALIMDOR_18_20.ADT → GroundEffect: ID_22923 → M2: SIVROC01.MDX
    SIVROC02.MDX
      ↳ Chain: Area: Azuremyst Isle → ADT: KALIMDOR_18_20.ADT → GroundEffect: ID_22923 → M2: SIVROC02.MDX
    SIVSAP01.MDX
      ↳ Chain: Area: Silverpine Forest → ADT: AZEROTH_26_29.ADT → GroundEffect: ID_1374 → M2: SIVSAP01.MDX
    SIVTHO01.MDX
      ↳ Chain: Area: Azuremyst Isle → ADT: KALIMDOR_18_23.ADT → GroundEffect: ID_22925 → M2: SIVTHO01.MDX
    SIVVIN01.MDX
      ↳ Chain: Area: Silverpine Forest → ADT: AZEROTH_26_29.ADT → GroundEffect: ID_1374 → M2: SIVVIN01.MDX
    SMNFLO01.MDX
      ↳ Chain: Area: Silvermoon City → ADT: AZEROTH_41_17.ADT → GroundEffect: ID_21742 → M2: SMNFLO01.MDX
    SMNFLO02.MDX
      ↳ Chain: Area: Silvermoon City → ADT: AZEROTH_41_17.ADT → GroundEffect: ID_21742 → M2: SMNFLO02.MDX
    SMNFLO03.MDX
      ↳ Chain: Area: Silvermoon City → ADT: AZEROTH_41_17.ADT → GroundEffect: ID_21742 → M2: SMNFLO03.MDX
    SMYBUS05.MDX
      ↳ Chain: Area: Azuremyst Isle → ADT: KALIMDOR_18_20.ADT → GroundEffect: ID_22924 → M2: SMYBUS05.MDX
    SMYFLO02.MDX
      ↳ Chain: Area: Bloodmyst Isle → ADT: KALIMDOR_18_16.ADT → GroundEffect: ID_24470 → M2: SMYFLO02.MDX
    SMYGRA03.MDX
      ↳ Chain: Area: Azuremyst Isle → ADT: KALIMDOR_19_21.ADT → GroundEffect: ID_23344 → M2: SMYGRA03.MDX
    SMYGRA04.MDX
      ↳ Chain: Area: Azuremyst Isle → ADT: KALIMDOR_18_20.ADT → GroundEffect: ID_22924 → M2: SMYGRA04.MDX
    SOSBUS01.MDL
      ↳ Chain: Area: Swamp of Sorrows → ADT: AZEROTH_38_51.ADT → GroundEffect: ID_941 → M2: SOSBUS01.MDL
    SOSBUS02.MDL
      ↳ Chain: Area: Redridge Mountains → ADT: AZEROTH_36_50.ADT → GroundEffect: ID_700 → M2: SOSBUS02.MDL
    SOSBUS03.MDL
      ↳ Chain: Area: Redridge Mountains → ADT: AZEROTH_36_50.ADT → GroundEffect: ID_552 → M2: SOSBUS03.MDL
    SOSFLO01.MDL
      ↳ Chain: Area: Redridge Mountains → ADT: AZEROTH_36_50.ADT → GroundEffect: ID_552 → M2: SOSFLO01.MDL
    SOSFLO02.MDL
      ↳ Chain: Area: Redridge Mountains → ADT: AZEROTH_36_50.ADT → GroundEffect: ID_552 → M2: SOSFLO02.MDL
    SOSFLO03.MDL
      ↳ Chain: Area: Redridge Mountains → ADT: AZEROTH_36_50.ADT → GroundEffect: ID_552 → M2: SOSFLO03.MDL
    SOSGRA01.MDL
      ↳ Chain: Area: Redridge Mountains → ADT: AZEROTH_36_50.ADT → GroundEffect: ID_560 → M2: SOSGRA01.MDL
    SOSGRA02.MDL
      ↳ Chain: Area: Redridge Mountains → ADT: AZEROTH_36_50.ADT → GroundEffect: ID_560 → M2: SOSGRA02.MDL
    SOSGRA04.MDL
      ↳ Chain: Area: Redridge Mountains → ADT: AZEROTH_36_50.ADT → GroundEffect: ID_700 → M2: SOSGRA04.MDL
    SOSGRA05.MDL
      ↳ Chain: Area: Redridge Mountains → ADT: AZEROTH_36_50.ADT → GroundEffect: ID_560 → M2: SOSGRA05.MDL
    SOSGRA07.MDL
      ↳ Chain: Area: Redridge Mountains → ADT: AZEROTH_36_50.ADT → GroundEffect: ID_560 → M2: SOSGRA07.MDL
    SPELLS/8FX_AZERITE_GENERIC_CONE_WORLD.M2
      ↳ Chain: Area: KALIMDOR [54,54] → ADT: KALIMDOR_54_54.ADT → WMO: 8DU_KEZAN_HORDE_GOBLIN_LAUNCHPAD01.WMO → M2: 8FX_AZERITE_GENERIC_CONE_WORLD.M2
    SPELLS/SINGLE_FIREFLY.MDX
      ↳ Chain: Area: Crestfall → ADT: AZEROTH_13_42.ADT → WMO: 8CRE_AMPTUNNEL01_2459264.WMO → M2: SINGLE_FIREFLY.MDX
    SPELLS/SMOKE_DARK_SLOW.MDX
      ↳ Chain: Area: Highlands → ADT: AZEROTH_44_37.ADT → WMO: TH_GOBLIN_TOWN.WMO → M2: SMOKE_DARK_SLOW.MDX
    STLBUS01.MDL
      ↳ Chain: Area: Stranglethorn Vale → ADT: AZEROTH_30_54.ADT → GroundEffect: ID_577 → M2: STLBUS01.MDL
    STLBUS02.MDL
      ↳ Chain: Area: Stranglethorn Vale → ADT: AZEROTH_29_53.ADT → GroundEffect: ID_671 → M2: STLBUS02.MDL
    STLBUS03.MDL
      ↳ Chain: Area: Stranglethorn Vale → ADT: AZEROTH_29_53.ADT → GroundEffect: ID_671 → M2: STLBUS03.MDL
    STLFLO01.MDL
      ↳ Chain: Area: Stranglethorn Vale → ADT: AZEROTH_29_54.ADT → GroundEffect: ID_1244 → M2: STLFLO01.MDL
    STLFLO02.MDL
      ↳ Chain: Area: Stranglethorn Vale → ADT: AZEROTH_29_53.ADT → GroundEffect: ID_820 → M2: STLFLO02.MDL
    STLFLO03.MDL
      ↳ Chain: Area: Stranglethorn Vale → ADT: AZEROTH_34_53.ADT → GroundEffect: ID_4688 → M2: STLFLO03.MDL
    STLFLO04.MDL
      ↳ Chain: Area: Stranglethorn Vale → ADT: AZEROTH_29_53.ADT → GroundEffect: ID_671 → M2: STLFLO04.MDL
    STLFLO05.MDL
      ↳ Chain: Area: Stranglethorn Vale → ADT: AZEROTH_29_53.ADT → GroundEffect: ID_671 → M2: STLFLO05.MDL
    STLGRA01.MDL
      ↳ Chain: Area: Stranglethorn Vale → ADT: AZEROTH_29_53.ADT → GroundEffect: ID_820 → M2: STLGRA01.MDL
    STLGRA02.MDL
      ↳ Chain: Area: Stranglethorn Vale → ADT: AZEROTH_29_53.ADT → GroundEffect: ID_820 → M2: STLGRA02.MDL
    STLGRA03.MDL
      ↳ Chain: Area: Stranglethorn Vale → ADT: AZEROTH_29_53.ADT → GroundEffect: ID_587 → M2: STLGRA03.MDL
    STLROC01.MDL
      ↳ Chain: Area: Stranglethorn Vale → ADT: AZEROTH_29_53.ADT → GroundEffect: ID_587 → M2: STLROC01.MDL
    STLROC02.MDL
      ↳ Chain: Area: Stranglethorn Vale → ADT: AZEROTH_29_53.ADT → GroundEffect: ID_587 → M2: STLROC02.MDL
    STMBRA01.MDX
      ↳ Chain: Area: Stonetalon Mountains → ADT: KALIMDOR_27_26.ADT → GroundEffect: ID_3080 → M2: STMBRA01.MDX
    STMBRA02.MDX
      ↳ Chain: Area: Stonetalon Mountains → ADT: KALIMDOR_27_26.ADT → GroundEffect: ID_3080 → M2: STMBRA02.MDX
    STMBRA03.MDX
      ↳ Chain: Area: Stonetalon Mountains → ADT: KALIMDOR_27_26.ADT → GroundEffect: ID_3080 → M2: STMBRA03.MDX
    STMBRA04.MDX
      ↳ Chain: Area: Stonetalon Mountains → ADT: KALIMDOR_27_26.ADT → GroundEffect: ID_3080 → M2: STMBRA04.MDX
    STMGRA01.MDX
      ↳ Chain: Area: Stonetalon Mountains → ADT: KALIMDOR_28_29.ADT → GroundEffect: ID_3126 → M2: STMGRA01.MDX
    STMGRA02.MDX
      ↳ Chain: Area: Ashenvale → ADT: KALIMDOR_26_26.ADT → GroundEffect: ID_3083 → M2: STMGRA02.MDX
    STMGRA03.MDX
      ↳ Chain: Area: Ashenvale → ADT: KALIMDOR_26_26.ADT → GroundEffect: ID_3083 → M2: STMGRA03.MDX
    STMGRA04.MDX
      ↳ Chain: Area: Ashenvale → ADT: KALIMDOR_26_26.ADT → GroundEffect: ID_3083 → M2: STMGRA04.MDX
    STMGRA05.MDX
      ↳ Chain: Area: Stonetalon Mountains → ADT: KALIMDOR_28_29.ADT → GroundEffect: ID_3126 → M2: STMGRA05.MDX
    SWCFLO01.MDX
      ↳ Chain: Area: Stormwind City → ADT: AZEROTH_30_48.ADT → GroundEffect: ID_19654 → M2: SWCFLO01.MDX
    SWCFLO02.MDX
      ↳ Chain: Area: Stormwind City → ADT: AZEROTH_30_48.ADT → GroundEffect: ID_19654 → M2: SWCFLO02.MDX
    SWCGRA01.MDX
      ↳ Chain: Area: Stormwind City → ADT: AZEROTH_30_48.ADT → GroundEffect: ID_19653 → M2: SWCGRA01.MDX
    SWCGRA02.MDX
      ↳ Chain: Area: Stormwind City → ADT: AZEROTH_30_48.ADT → GroundEffect: ID_19653 → M2: SWCGRA02.MDX
    SWCMUS01.MDX
      ↳ Chain: Area: Stormwind City → ADT: AZEROTH_30_48.ADT → GroundEffect: ID_69264 → M2: SWCMUS01.MDX
    THGRA01.MDX
      ↳ Chain: Area: Arathi Highlands → ADT: AZEROTH_37_36.ADT → GroundEffect: ID_72330 → M2: THGRA01.MDX
    THGRA02.MDX
      ↳ Chain: Area: Arathi Highlands → ADT: AZEROTH_37_36.ADT → GroundEffect: ID_72330 → M2: THGRA02.MDX
    THROC01.MDX
      ↳ Chain: Area: Wetlands → ADT: AZEROTH_38_39.ADT → GroundEffect: ID_72998 → M2: THROC01.MDX
    THROC02.MDX
      ↳ Chain: Area: Wetlands → ADT: AZEROTH_38_39.ADT → GroundEffect: ID_72998 → M2: THROC02.MDX
    THWEED01.MDX
      ↳ Chain: Area: Arathi Highlands → ADT: AZEROTH_37_36.ADT → GroundEffect: ID_72330 → M2: THWEED01.MDX
    THWEED02.MDX
      ↳ Chain: Area: Arathi Highlands → ADT: AZEROTH_37_36.ADT → GroundEffect: ID_72330 → M2: THWEED02.MDX
    TIFBUS01.MDX
      ↳ Chain: Area: Tirisfal Glades → ADT: AZEROTH_26_28.ADT → GroundEffect: ID_1144 → M2: TIFBUS01.MDX
    TIFBUS02.MDX
      ↳ Chain: Area: Tirisfal Glades → ADT: AZEROTH_27_28.ADT → GroundEffect: ID_1148 → M2: TIFBUS02.MDX
    TIFGRA01.MDX
      ↳ Chain: Area: Tirisfal Glades → ADT: AZEROTH_26_28.ADT → GroundEffect: ID_1144 → M2: TIFGRA01.MDX
    TIFPLA01.MDX
      ↳ Chain: Area: Tirisfal Glades → ADT: AZEROTH_26_28.ADT → GroundEffect: ID_1144 → M2: TIFPLA01.MDX
    TIFROC01.MDX
      ↳ Chain: Area: Tirisfal Glades → ADT: AZEROTH_27_26.ADT → GroundEffect: ID_1143 → M2: TIFROC01.MDX
    TIFROC02.MDX
      ↳ Chain: Area: Tirisfal Glades → ADT: AZEROTH_27_26.ADT → GroundEffect: ID_1143 → M2: TIFROC02.MDX
    TIFSAP01.MDX
      ↳ Chain: Area: Tirisfal Glades → ADT: AZEROTH_27_26.ADT → GroundEffect: ID_1147 → M2: TIFSAP01.MDX
    TIFSHL01.MDX
      ↳ Chain: Area: Tirisfal Glades → ADT: AZEROTH_28_26.ADT → GroundEffect: ID_1372 → M2: TIFSHL01.MDX
    TIFSHL02.MDX
      ↳ Chain: Area: Tirisfal Glades → ADT: AZEROTH_28_26.ADT → GroundEffect: ID_1372 → M2: TIFSHL02.MDX
    TIFSHL03.MDX
      ↳ Chain: Area: Tirisfal Glades → ADT: AZEROTH_28_26.ADT → GroundEffect: ID_1372 → M2: TIFSHL03.MDX
    TIFTHO01.MDX
      ↳ Chain: Area: Tirisfal Glades → ADT: AZEROTH_27_28.ADT → GroundEffect: ID_1148 → M2: TIFTHO01.MDX
    TIFTHO02.MDX
      ↳ Chain: Area: Tirisfal Glades → ADT: AZEROTH_27_28.ADT → GroundEffect: ID_1148 → M2: TIFTHO02.MDX
    TIFTHO03.MDX
      ↳ Chain: Area: Tirisfal Glades → ADT: AZEROTH_26_28.ADT → GroundEffect: ID_1144 → M2: TIFTHO03.MDX
    TIFTHO04.MDX
      ↳ Chain: Area: Tirisfal Glades → ADT: AZEROTH_27_28.ADT → GroundEffect: ID_1148 → M2: TIFTHO04.MDX
    ULDGRA01.MDX
      ↳ Chain: Area: Uldum → ADT: KALIMDOR_32_49.ADT → GroundEffect: ID_73624 → M2: ULDGRA01.MDX
    ULDREED01.MDX
      ↳ Chain: Area: Ahn'Qiraj: The Fallen Kingdom → ADT: KALIMDOR_30_47.ADT → GroundEffect: ID_73811 → M2: ULDREED01.MDX
    ULDWEED02.MDX
      ↳ Chain: Area: Uldum → ADT: KALIMDOR_32_49.ADT → GroundEffect: ID_73624 → M2: ULDWEED02.MDX
    ULDWEED03.MDX
      ↳ Chain: Area: Uldum → ADT: KALIMDOR_32_49.ADT → GroundEffect: ID_73624 → M2: ULDWEED03.MDX
    UNGGRA09.MDX
      ↳ Chain: Area: Western Plaguelands → ADT: AZEROTH_33_29.ADT → GroundEffect: ID_74117 → M2: UNGGRA09.MDX
    UNWCOR01.MDX
      ↳ Chain: Area: Tirisfal Glades → ADT: AZEROTH_28_26.ADT → GroundEffect: ID_4115 → M2: UNWCOR01.MDX
    UNWCOR02.MDX
      ↳ Chain: Area: The Great Sea → ADT: AZEROTH_25_28.ADT → GroundEffect: ID_2993 → M2: UNWCOR02.MDX
    UNWCOR03.MDX
      ↳ Chain: Area: Silverpine Forest → ADT: AZEROTH_27_30.ADT → GroundEffect: ID_4114 → M2: UNWCOR03.MDX
    UNWCOR04.MDX
      ↳ Chain: Area: Silverpine Forest → ADT: AZEROTH_27_30.ADT → GroundEffect: ID_4114 → M2: UNWCOR04.MDX
    UNWCOR05.MDX
      ↳ Chain: Area: Silverpine Forest → ADT: AZEROTH_27_30.ADT → GroundEffect: ID_4114 → M2: UNWCOR05.MDX
    UNWCOR06.MDX
      ↳ Chain: Area: Tirisfal Glades → ADT: AZEROTH_28_26.ADT → GroundEffect: ID_4115 → M2: UNWCOR06.MDX
    UNWCOR07.MDX
      ↳ Chain: Area: Silverpine Forest → ADT: AZEROTH_27_30.ADT → GroundEffect: ID_4114 → M2: UNWCOR07.MDX
    UNWCOR08.MDX
      ↳ Chain: Area: Tirisfal Glades → ADT: AZEROTH_28_26.ADT → GroundEffect: ID_4115 → M2: UNWCOR08.MDX
    UNWCOR09.MDX
      ↳ Chain: Area: The Great Sea → ADT: AZEROTH_25_28.ADT → GroundEffect: ID_2993 → M2: UNWCOR09.MDX
    UNWGRA02.MDX
      ↳ Chain: Area: The Great Sea → ADT: AZEROTH_25_28.ADT → GroundEffect: ID_2993 → M2: UNWGRA02.MDX
    UNWGRA03.MDX
      ↳ Chain: Area: The Great Sea → ADT: AZEROTH_25_28.ADT → GroundEffect: ID_2993 → M2: UNWGRA03.MDX
    V4WWHE02.MDX
      ↳ Chain: Area: Havenswood → ADT: AZEROTH_20_28.ADT → GroundEffect: ID_158532 → M2: V4WWHE02.MDX
    VJWEED01.MDX
      ↳ Chain: Area: Vashj'ir → ADT: AZEROTH_24_39.ADT → GroundEffect: ID_19863 → M2: VJWEED01.MDX
    VJWEED02.MDX
      ↳ Chain: Area: Vashj'ir → ADT: AZEROTH_24_39.ADT → GroundEffect: ID_19863 → M2: VJWEED02.MDX
    VJWEED03.MDX
      ↳ Chain: Area: Vashj'ir → ADT: AZEROTH_24_39.ADT → GroundEffect: ID_19863 → M2: VJWEED03.MDX
    VJWEED04.MDX
      ↳ Chain: Area: Vashj'ir → ADT: AZEROTH_24_39.ADT → GroundEffect: ID_19863 → M2: VJWEED04.MDX
    WESBUS01.MDL
      ↳ Chain: Area: Westfall → ADT: AZEROTH_28_50.ADT → GroundEffect: ID_476 → M2: WESBUS01.MDL
    WESBUS02.MDL
      ↳ Chain: Area: Westfall → ADT: AZEROTH_27_51.ADT → GroundEffect: ID_495 → M2: WESBUS02.MDL
    WESBUS03.MDL
      ↳ Chain: Area: Westfall → ADT: AZEROTH_28_50.ADT → GroundEffect: ID_476 → M2: WESBUS03.MDL
    WESFLO01.MDL
      ↳ Chain: Area: Westfall → ADT: AZEROTH_28_50.ADT → GroundEffect: ID_475 → M2: WESFLO01.MDL
    WESGRA01.MDL
      ↳ Chain: Area: Westfall → ADT: AZEROTH_28_50.ADT → GroundEffect: ID_477 → M2: WESGRA01.MDL
    WESGRA02.MDL
      ↳ Chain: Area: Westfall → ADT: AZEROTH_28_50.ADT → GroundEffect: ID_478 → M2: WESGRA02.MDL
    WESGRA03.MDL
      ↳ Chain: Area: Westfall → ADT: AZEROTH_27_51.ADT → GroundEffect: ID_496 → M2: WESGRA03.MDL
    WESGRA04.MDL
      ↳ Chain: Area: Westfall → ADT: AZEROTH_27_51.ADT → GroundEffect: ID_495 → M2: WESGRA04.MDL
    WESROC01.MDL
      ↳ Chain: Area: Westfall → ADT: AZEROTH_27_50.ADT → GroundEffect: ID_878 → M2: WESROC01.MDL
    WESROC02.MDL
      ↳ Chain: Area: Westfall → ADT: AZEROTH_28_50.ADT → GroundEffect: ID_474 → M2: WESROC02.MDL
    WESSHE01.MDL
      ↳ Chain: Area: Westfall → ADT: AZEROTH_27_50.ADT → GroundEffect: ID_878 → M2: WESSHE01.MDL
    WESSHE02.MDL
      ↳ Chain: Area: Westfall → ADT: AZEROTH_27_50.ADT → GroundEffect: ID_878 → M2: WESSHE02.MDL
    WESSHE03.MDL
      ↳ Chain: Area: Westfall → ADT: AZEROTH_27_50.ADT → GroundEffect: ID_878 → M2: WESSHE03.MDL
    WESWEA01.MDL
      ↳ Chain: Area: Westfall → ADT: AZEROTH_28_50.ADT → GroundEffect: ID_478 → M2: WESWEA01.MDL
    WESWEA02.MDL
      ↳ Chain: Area: Westfall → ADT: AZEROTH_28_50.ADT → GroundEffect: ID_477 → M2: WESWEA02.MDL
    WESWEA03.MDL
      ↳ Chain: Area: Westfall → ADT: AZEROTH_27_51.ADT → GroundEffect: ID_495 → M2: WESWEA03.MDL
    WESWEA04.MDL
      ↳ Chain: Area: Westfall → ADT: AZEROTH_27_51.ADT → GroundEffect: ID_495 → M2: WESWEA04.MDL
    WETBUS01.MDL
      ↳ Chain: Area: The Great Sea → ADT: AZEROTH_22_33.ADT → GroundEffect: ID_2229 → M2: WETBUS01.MDL
    WETBUS02.MDL
      ↳ Chain: Area: The Great Sea → ADT: AZEROTH_22_33.ADT → GroundEffect: ID_2229 → M2: WETBUS02.MDL
    WETBUS03.MDL
      ↳ Chain: Area: The Great Sea → ADT: AZEROTH_22_33.ADT → GroundEffect: ID_2229 → M2: WETBUS03.MDL
    WETFLO02.MDL
      ↳ Chain: Area: Badlands → ADT: AZEROTH_39_46.ADT → GroundEffect: ID_5274 → M2: WETFLO02.MDL
    WETFLO03.MDL
      ↳ Chain: Area: Northern Elwynn Mountains → ADT: AZEROTH_29_46.ADT → GroundEffect: ID_7818 → M2: WETFLO03.MDL
    WETFLO05.MDL
      ↳ Chain: Area: Wetlands → ADT: AZEROTH_28_38.ADT → GroundEffect: ID_403 → M2: WETFLO05.MDL
    WETGRA01.MDL
      ↳ Chain: Area: Northern Elwynn Mountains → ADT: AZEROTH_29_46.ADT → GroundEffect: ID_7818 → M2: WETGRA01.MDL
    WETGRA02.MDL
      ↳ Chain: Area: Wetlands → ADT: AZEROTH_28_38.ADT → GroundEffect: ID_403 → M2: WETGRA02.MDL
    WETGRA03.MDL
      ↳ Chain: Area: Wetlands → ADT: AZEROTH_33_38.ADT → GroundEffect: ID_1761 → M2: WETGRA03.MDL
    WORLD/AZEROTH/STRANGLETHORN/PASSIVEDOODADS/WHIRLPOOLS/STRANGLE_WHIRLPOOL01.MDX
      ↳ Chain: Area: Uldum → ADT: KALIMDOR_32_49.ADT → WMO: ULDUM_AQUEDUCT_MICRO.WMO → M2: STRANGLE_WHIRLPOOL01.MDX
    WORLD/AZEROTH/THEBLASTEDLANDS/PASSIVEDOODADS/DWELLING/BLASTEDLANDS_DWELLINGWATER_01.MDX
      ↳ Chain: Area: Stranglethorn Vale → ADT: AZEROTH_36_55.ADT → WMO: BLASTEDLANDS_WORGENDWELLING.WMO → M2: BLASTEDLANDS_DWELLINGWATER_01.MDX
    WORLD/BLACKROCKV2/PASSIVEDOODADS/BLACKROCKV2_BONESCHEWED_01.MDX
      ↳ Chain: Area: Highlands → ADT: AZEROTH_42_41.ADT → WMO: TH_OBSIDIAN_LAIR.WMO → M2: BLACKROCKV2_BONESCHEWED_01.MDX
    WORLD/BLACKROCKV2/PASSIVEDOODADS/BLACKROCKV2_BONESCHEWED_04.MDX
      ↳ Chain: Area: Highlands → ADT: AZEROTH_42_41.ADT → WMO: TH_OBSIDIAN_LAIR.WMO → M2: BLACKROCKV2_BONESCHEWED_04.MDX
    WORLD/BLACKROCKV2/PASSIVEDOODADS/BLACKROCKV2_BONESCHEWED_06.MDX
      ↳ Chain: Area: Highlands → ADT: AZEROTH_42_41.ADT → WMO: TH_OBSIDIAN_LAIR.WMO → M2: BLACKROCKV2_BONESCHEWED_06.MDX
    WORLD/BLACKROCKV2/PASSIVEDOODADS/BLACKROCKV2_BONESCHEWED_07.MDX
      ↳ Chain: Area: Highlands → ADT: AZEROTH_42_41.ADT → WMO: TH_OBSIDIAN_LAIR.WMO → M2: BLACKROCKV2_BONESCHEWED_07.MDX
    WORLD/DUNGEON/SUNWELL/SUNWELL_TREES.MDX
      ↳ Chain: Area: Isle of Quel'Danas → ADT: AZEROTH_41_14.ADT → WMO: SUNWELL_RAID_FACADE.WMO → M2: SUNWELL_TREES.MDX
    WORLD/ENVIRONMENT/DOODAD/GENERALDOODADS/STEAMCLOUDS/GENERIC_STEAM_CLOUD_SMALL.MDX
      ↳ Chain: Area: Uldum → ADT: KALIMDOR_32_49.ADT → WMO: ULDUM_CULVERTS.WMO → M2: GENERIC_STEAM_CLOUD_SMALL.MDX
    WORLD/ENVIRONMENT/DOODAD/GENERALDOODADS/STEAMCLOUDS/GENERIC_STEAM_CLOUD_THIN.MDX
      ↳ Chain: Area: Tol Barad → ADT: AZEROTH_19_36.ADT → WMO: TB_MICRO03.WMO → M2: GENERIC_STEAM_CLOUD_THIN.MDX
    WORLD/ENVIRONMENT/DOODAD/GENERALDOODADS/STEAMCLOUDS/GENERIC_STEAM_CLOUD_THINNER.MDX
      ↳ Chain: Area: Tol Barad → ADT: AZEROTH_19_35.ADT → WMO: TB_MICRO01.WMO → M2: GENERIC_STEAM_CLOUD_THINNER.MDX
    WORLD/ENVIRONMENT/DOODAD/GENERALDOODADS/STEAMCLOUDS/GENERIC_STEAM_CLOUD_THINNEST.MDX
      ↳ Chain: Area: Crestfall → ADT: AZEROTH_13_42.ADT → WMO: 8CRE_AMPTUNNEL01_2459264.WMO → M2: GENERIC_STEAM_CLOUD_THINNEST.MDX
    WORLD/EXPANSION01/DOODADS/BLACKTEMPLE/PASSIVEDOODADS/VINES/BT_VINES01.MDX
      ↳ Chain: Area: Crestfall → ADT: AZEROTH_13_42.ADT → WMO: 8CRE_AMPTUNNEL01_2459264.WMO → M2: BT_VINES01.MDX
    WORLD/EXPANSION01/DOODADS/BLOODMYST/CRYSTALS/BLOODMYSTCRYSTAL01.MDX
      ↳ Chain: Area: Kezan → ADT: KALIMDOR_55_51.ADT → WMO: HORDE_GOBLIN_ONEROOM_01.WMO → M2: BLOODMYSTCRYSTAL01.MDX
    WORLD/EXPANSION01/DOODADS/COILFANG/ACTIVEDOODADS/STEAM/COILFANG_STEAM_OFF_ON.MDX
      ↳ Chain: Area: Kezan → ADT: KALIMDOR_55_50.ADT → WMO: 8OR_WARFRONTS_WORKSHOP_V2.WMO → M2: COILFANG_STEAM_OFF_ON.MDX
    WORLD/EXPANSION01/DOODADS/COILFANG/PASSIVEDOODADS/MUSHROOMS/ZANGARMUSHROOM06_BLUEGLOW.MDX
      ↳ Chain: Area: KALIMDOR [53,53] → ADT: KALIMDOR_53_53.ADT → WMO: HORDE_GOBLIN_LAB_01.WMO → M2: ZANGARMUSHROOM06_BLUEGLOW.MDX
    WORLD/EXPANSION01/DOODADS/COILFANG/PASSIVEDOODADS/MUSHROOMS/ZANGARMUSHROOM07_BLUEGLOW.MDX
      ↳ Chain: Area: KALIMDOR [53,53] → ADT: KALIMDOR_53_53.ADT → WMO: HORDE_GOBLIN_LAB_01.WMO → M2: ZANGARMUSHROOM07_BLUEGLOW.MDX
    WORLD/EXPANSION01/DOODADS/EVERSONG/FENCE/BE_FENCE_EVERSONG01.MDX
      ↳ Chain: Area: Silvermoon City → ADT: AZEROTH_42_18.ADT → WMO: SILVERMOON_CITY_01.WMO → M2: BE_FENCE_EVERSONG01.MDX
    WORLD/EXPANSION01/DOODADS/EVERSONG/FENCE/BE_FENCE_EVERSONG03.MDX
      ↳ Chain: Area: Silvermoon City → ADT: AZEROTH_42_18.ADT → WMO: SILVERMOON_CITY_01.WMO → M2: BE_FENCE_EVERSONG03.MDX
    WORLD/EXPANSION01/DOODADS/EVERSONG/SIGNPOST/BE_SIGNPOST_EVERSONG.MDX
      ↳ Chain: Area: Silvermoon City → ADT: AZEROTH_42_18.ADT → WMO: SILVERMOON_CITY_01.WMO → M2: BE_SIGNPOST_EVERSONG.MDX
    WORLD/EXPANSION01/DOODADS/GENERIC/ARAKKOA/AK_ALCHEMYBOTTLE01.MDX
      ↳ Chain: Area: Highlands → ADT: AZEROTH_42_39.ADT → WMO: WILDHAMMERDWARF_COTTAGEA.WMO → M2: AK_ALCHEMYBOTTLE01.MDX
    WORLD/EXPANSION01/DOODADS/GENERIC/ARAKKOA/AK_ALCHEMYBOTTLE02.MDX
      ↳ Chain: Area: Highlands → ADT: AZEROTH_42_39.ADT → WMO: WILDHAMMERDWARF_COTTAGEA.WMO → M2: AK_ALCHEMYBOTTLE02.MDX
    WORLD/EXPANSION01/DOODADS/GENERIC/ARAKKOA/AK_ALCHEMYBOTTLE03.MDX
      ↳ Chain: Area: Highlands → ADT: AZEROTH_42_39.ADT → WMO: WILDHAMMERDWARF_COTTAGEA.WMO → M2: AK_ALCHEMYBOTTLE03.MDX
    WORLD/EXPANSION01/DOODADS/GENERIC/BLOODELF/BALLISTA/BE_BALLISTA01.MDX
      ↳ Chain: Area: Eversong Woods → ADT: AZEROTH_42_19.ADT → WMO: BLOODELF_HUNTER_LODGE.WMO → M2: BE_BALLISTA01.MDX
    WORLD/EXPANSION01/DOODADS/GENERIC/BLOODELF/BALLISTA/BE_BALLISTAARM.MDX
      ↳ Chain: Area: Isle of Quel'Danas → ADT: AZEROTH_41_14.ADT → WMO: SUNWELL_RAID_FACADE.WMO → M2: BE_BALLISTAARM.MDX
    WORLD/EXPANSION01/DOODADS/GENERIC/BLOODELF/BALLISTA/BE_BALLISTARAIL.MDX
      ↳ Chain: Area: Isle of Quel'Danas → ADT: AZEROTH_41_14.ADT → WMO: SUNWELL_RAID_FACADE.WMO → M2: BE_BALLISTARAIL.MDX
    WORLD/EXPANSION01/DOODADS/GENERIC/BLOODELF/BALLISTA/BE_BALLISTASHIELD.MDX
      ↳ Chain: Area: Isle of Quel'Danas → ADT: AZEROTH_41_14.ADT → WMO: SUNWELL_RAID_FACADE.WMO → M2: BE_BALLISTASHIELD.MDX
    WORLD/EXPANSION01/DOODADS/GENERIC/BLOODELF/BALLISTA/BE_BALLISTAWINCH.MDX
      ↳ Chain: Area: Isle of Quel'Danas → ADT: AZEROTH_41_14.ADT → WMO: SUNWELL_RAID_FACADE.WMO → M2: BE_BALLISTAWINCH.MDX
    WORLD/EXPANSION01/DOODADS/GENERIC/BLOODELF/BALLISTA/BE_BALLISTAWRECKED01.MDX
      ↳ Chain: Area: Isle of Quel'Danas → ADT: AZEROTH_41_14.ADT → WMO: SUNWELL_RAID_FACADE.WMO → M2: BE_BALLISTAWRECKED01.MDX
    WORLD/EXPANSION01/DOODADS/GENERIC/BLOODELF/BALLISTA/BE_STATUEGHOSTLANDS01.MDX
      ↳ Chain: Area: Isle of Quel'Danas → ADT: AZEROTH_41_12.ADT → WMO: BLOODELF_TWOSTORY01.WMO → M2: BE_STATUEGHOSTLANDS01.MDX
    WORLD/EXPANSION01/DOODADS/GENERIC/BLOODELF/BANNERS/BE_BANNER01.MDX
      ↳ Chain: Area: Eversong Woods → ADT: AZEROTH_42_19.ADT → WMO: BLOODELF_HUNTER_LODGE.WMO → M2: BE_BANNER01.MDX
    WORLD/EXPANSION01/DOODADS/GENERIC/BLOODELF/BANNERS/BE_BANNER02.MDX
      ↳ Chain: Area: Eversong Woods → ADT: AZEROTH_40_17.ADT → WMO: BLOODELF_SMALLHOUSE_ABAN01.WMO → M2: BE_BANNER02.MDX
    WORLD/EXPANSION01/DOODADS/GENERIC/BLOODELF/BANNERS/BE_BANNER_KAEL_01.MDX
      ↳ Chain: Area: Isle of Quel'Danas → ADT: AZEROTH_41_14.ADT → WMO: SUNWELL_RAID_FACADE.WMO → M2: BE_BANNER_KAEL_01.MDX
    WORLD/EXPANSION01/DOODADS/GENERIC/BLOODELF/BANNERS/BE_BANNER_KAEL_02.MDX
      ↳ Chain: Area: Isle of Quel'Danas → ADT: AZEROTH_41_14.ADT → WMO: SUNWELL_RAID_FACADE.WMO → M2: BE_BANNER_KAEL_02.MDX
    WORLD/EXPANSION01/DOODADS/GENERIC/BLOODELF/BANNERS/BE_BANNER_TALLBLACK.MDX
      ↳ Chain: Area: Ghostlands → ADT: AZEROTH_42_21.ADT → WMO: BLOODELF_HUNTER_LODGE_ABAN.WMO → M2: BE_BANNER_TALLBLACK.MDX
    WORLD/EXPANSION01/DOODADS/GENERIC/BLOODELF/BANNERS/BE_BANNER_TALLBLUE.MDX
      ↳ Chain: Area: Eversong Woods → ADT: AZEROTH_41_20.ADT → WMO: BLOODELF_TWOSTORY01_ABAN.WMO → M2: BE_BANNER_TALLBLUE.MDX
    WORLD/EXPANSION01/DOODADS/GENERIC/BLOODELF/BANNERS/BE_BANNER_TALLPURPLE.MDX
      ↳ Chain: Area: Eversong Woods → ADT: AZEROTH_42_19.ADT → WMO: BLOODELF_HUNTER_LODGE.WMO → M2: BE_BANNER_TALLPURPLE.MDX
    WORLD/EXPANSION01/DOODADS/GENERIC/BLOODELF/BANNERS/BE_BANNER_WIDE_BLACK.MDX
      ↳ Chain: Area: Eversong Woods → ADT: AZEROTH_39_20.ADT → WMO: BLOODELF_GUARDTOWER01.WMO → M2: BE_BANNER_WIDE_BLACK.MDX
    WORLD/EXPANSION01/DOODADS/GENERIC/BLOODELF/BANNERS/BE_BANNER_WIDE_PURPLE.MDX
      ↳ Chain: Area: Eversong Woods → ADT: AZEROTH_39_20.ADT → WMO: BLOODELF_GUARDTOWER01.WMO → M2: BE_BANNER_WIDE_PURPLE.MDX
    WORLD/EXPANSION01/DOODADS/GENERIC/BLOODELF/BANNERS/BE_BANNER_WIDE_RED.MDX
      ↳ Chain: Area: Isle of Quel'Danas → ADT: AZEROTH_41_12.ADT → WMO: BLOODELF_TWOSTORY01.WMO → M2: BE_BANNER_WIDE_RED.MDX
    WORLD/EXPANSION01/DOODADS/GENERIC/BLOODELF/BANNERS/BE_BANNER_WIDE_RED_ANIM.MDX
      ↳ Chain: Area: Eversong Woods → ADT: AZEROTH_42_19.ADT → WMO: BLOODELF_HUNTER_LODGE.WMO → M2: BE_BANNER_WIDE_RED_ANIM.MDX
    WORLD/EXPANSION01/DOODADS/GENERIC/BLOODELF/BANNERS/BE_BANNER_WIDE_RED_ANIM02.MDX
      ↳ Chain: Area: Eversong Woods → ADT: AZEROTH_42_19.ADT → WMO: BLOODELF_HUNTER_LODGE.WMO → M2: BE_BANNER_WIDE_RED_ANIM02.MDX
    WORLD/EXPANSION01/DOODADS/GENERIC/BLOODELF/BANNERS/BE_BANNER_WIDE_RED_ANIM03.MDX
      ↳ Chain: Area: Eversong Woods → ADT: AZEROTH_42_19.ADT → WMO: BLOODELF_HUNTER_LODGE.WMO → M2: BE_BANNER_WIDE_RED_ANIM03.MDX
    WORLD/EXPANSION01/DOODADS/GENERIC/BLOODELF/BANNERS/BE_BANNER_WIDE_RED_TORN01.MDX
      ↳ Chain: Area: Silvermoon City → ADT: AZEROTH_42_18.ADT → WMO: SILVERMOON_CITY_01.WMO → M2: BE_BANNER_WIDE_RED_TORN01.MDX
    WORLD/EXPANSION01/DOODADS/GENERIC/BLOODELF/BARREL/BE_BARREL_01.MDX
      ↳ Chain: Area: Ghostlands → ADT: AZEROTH_41_22.ADT → WMO: BLOODELF_ARCANE_SANCTUM_ABAN.WMO → M2: BE_BARREL_01.MDX
    WORLD/EXPANSION01/DOODADS/GENERIC/BLOODELF/BARREL/BE_BARREL_BROKEN_01.MDX
      ↳ Chain: Area: Ghostlands → ADT: AZEROTH_41_22.ADT → WMO: BLOODELF_ARCANE_SANCTUM_ABAN.WMO → M2: BE_BARREL_BROKEN_01.MDX
    WORLD/EXPANSION01/DOODADS/GENERIC/BLOODELF/BARREL/BE_BARREL_FRUIT01.MDX
      ↳ Chain: Area: Eversong Woods → ADT: AZEROTH_42_19.ADT → WMO: BLOODELF_HUNTER_LODGE.WMO → M2: BE_BARREL_FRUIT01.MDX
    WORLD/EXPANSION01/DOODADS/GENERIC/BLOODELF/BARRIERSPIKES/BE_BARRIERSPIKES01.MDX
      ↳ Chain: Area: Eversong Woods → ADT: AZEROTH_39_20.ADT → WMO: BLOODELF_GUARDTOWER01.WMO → M2: BE_BARRIERSPIKES01.MDX
    WORLD/EXPANSION01/DOODADS/GENERIC/BLOODELF/BARRIERSPIKES/BE_BARRIERSPIKES02.MDX
      ↳ Chain: Area: Eversong Woods → ADT: AZEROTH_39_20.ADT → WMO: BLOODELF_GUARDTOWER01.WMO → M2: BE_BARRIERSPIKES02.MDX
    WORLD/EXPANSION01/DOODADS/GENERIC/BLOODELF/BARRIERSPIKES/BE_BARRIERSPIKES03.MDX
      ↳ Chain: Area: Eversong Woods → ADT: AZEROTH_39_20.ADT → WMO: BLOODELF_GUARDTOWER01.WMO → M2: BE_BARRIERSPIKES03.MDX
    WORLD/EXPANSION01/DOODADS/GENERIC/BLOODELF/BEDS/BE_BED_01.MDX
      ↳ Chain: Area: Silvermoon City → ADT: AZEROTH_42_18.ADT → WMO: BLOODELF_SMALLHOUSE02.WMO → M2: BE_BED_01.MDX
    WORLD/EXPANSION01/DOODADS/GENERIC/BLOODELF/BEDS/BE_BED_02.MDX
      ↳ Chain: Area: Silvermoon City → ADT: AZEROTH_42_18.ADT → WMO: BLOODELF_SMALLHOUSE02.WMO → M2: BE_BED_02.MDX
    WORLD/EXPANSION01/DOODADS/GENERIC/BLOODELF/BEDS/BE_BED_WRECKED_01.MDX
      ↳ Chain: Area: Eversong Woods → ADT: AZEROTH_41_20.ADT → WMO: BLOODELF_TWOSTORY01_ABAN.WMO → M2: BE_BED_WRECKED_01.MDX
    WORLD/EXPANSION01/DOODADS/GENERIC/BLOODELF/BENCHES/BE_BENCH01.MDX
      ↳ Chain: Area: Eversong Woods → ADT: AZEROTH_40_17.ADT → WMO: BLOODELF_SMALLHOUSE_ABAN01.WMO → M2: BE_BENCH01.MDX
    WORLD/EXPANSION01/DOODADS/GENERIC/BLOODELF/BOOKS/BE_BOOK_LARGE01.MDX
      ↳ Chain: Area: Ghostlands → ADT: AZEROTH_41_22.ADT → WMO: BLOODELF_ARCANE_SANCTUM_ABAN.WMO → M2: BE_BOOK_LARGE01.MDX
    WORLD/EXPANSION01/DOODADS/GENERIC/BLOODELF/BOOKS/BE_BOOK_LARGE02.MDX
      ↳ Chain: Area: Isle of Quel'Danas → ADT: AZEROTH_40_12.ADT → WMO: BLOODELF_SMALLGAZEBO01.WMO → M2: BE_BOOK_LARGE02.MDX
    WORLD/EXPANSION01/DOODADS/GENERIC/BLOODELF/BOOKS/BE_BOOK_LARGE05.MDX
      ↳ Chain: Area: Isle of Quel'Danas → ADT: AZEROTH_40_12.ADT → WMO: BLOODELF_SMALLGAZEBO01.WMO → M2: BE_BOOK_LARGE05.MDX
    WORLD/EXPANSION01/DOODADS/GENERIC/BLOODELF/BOOKS/BE_BOOK_MEDIUM01.MDX
      ↳ Chain: Area: Eversong Woods → ADT: AZEROTH_40_17.ADT → WMO: BLOODELF_SMALLHOUSE_ABAN01.WMO → M2: BE_BOOK_MEDIUM01.MDX
    WORLD/EXPANSION01/DOODADS/GENERIC/BLOODELF/BOOKS/BE_BOOK_MEDIUM02.MDX
      ↳ Chain: Area: Ghostlands → ADT: AZEROTH_41_22.ADT → WMO: BLOODELF_ARCANE_SANCTUM_ABAN.WMO → M2: BE_BOOK_MEDIUM02.MDX
    WORLD/EXPANSION01/DOODADS/GENERIC/BLOODELF/BOOKS/BE_BOOK_SMALL01.MDX
      ↳ Chain: Area: Ghostlands → ADT: AZEROTH_41_22.ADT → WMO: BLOODELF_ARCANE_SANCTUM_ABAN.WMO → M2: BE_BOOK_SMALL01.MDX
    WORLD/EXPANSION01/DOODADS/GENERIC/BLOODELF/BOOKS/BE_BOOK_SMALL02.MDX
      ↳ Chain: Area: Isle of Quel'Danas → ADT: AZEROTH_40_12.ADT → WMO: BLOODELF_SMALLGAZEBO01.WMO → M2: BE_BOOK_SMALL02.MDX
    WORLD/EXPANSION01/DOODADS/GENERIC/BLOODELF/BOOKSHELF/BE_BOOKSHELFEMPTY_01.MDX
      ↳ Chain: Area: Silvermoon City → ADT: AZEROTH_42_18.ADT → WMO: SILVERMOON_CITY_01.WMO → M2: BE_BOOKSHELFEMPTY_01.MDX
    WORLD/EXPANSION01/DOODADS/GENERIC/BLOODELF/BOOKSHELF/BE_BOOKSHELFEMPTY_02.MDX
      ↳ Chain: Area: Ghostlands → ADT: AZEROTH_41_22.ADT → WMO: BLOODELF_ARCANE_SANCTUM_ABAN.WMO → M2: BE_BOOKSHELFEMPTY_02.MDX
    WORLD/EXPANSION01/DOODADS/GENERIC/BLOODELF/BOOKSHELF/BE_BOOKSHELFFILLED_01.MDX
      ↳ Chain: Area: Ghostlands → ADT: AZEROTH_38_22.ADT → WMO: WINDRUNNER_SPIRE.WMO → M2: BE_BOOKSHELFFILLED_01.MDX
    WORLD/EXPANSION01/DOODADS/GENERIC/BLOODELF/BOOKSHELF/BE_BOOKSHELFFILLED_02.MDX
      ↳ Chain: Area: Ghostlands → ADT: AZEROTH_41_22.ADT → WMO: BLOODELF_ARCANE_SANCTUM_ABAN.WMO → M2: BE_BOOKSHELFFILLED_02.MDX
    WORLD/EXPANSION01/DOODADS/GENERIC/BLOODELF/BOOKSHELF/BE_BOOKSHELFSHORT.MDX
      ↳ Chain: Area: Isle of Quel'Danas → ADT: AZEROTH_40_12.ADT → WMO: BLOODELF_SMALLGAZEBO01.WMO → M2: BE_BOOKSHELFSHORT.MDX
    WORLD/EXPANSION01/DOODADS/GENERIC/BLOODELF/BOOKSHELF/BE_BOOKSHELFSPIRAL.MDX
      ↳ Chain: Area: Isle of Quel'Danas → ADT: AZEROTH_40_12.ADT → WMO: BLOODELF_SMALLGAZEBO01.WMO → M2: BE_BOOKSHELFSPIRAL.MDX
    WORLD/EXPANSION01/DOODADS/GENERIC/BLOODELF/BOOKSHELF/BE_BOOKSHELFTALL.MDX
      ↳ Chain: Area: Isle of Quel'Danas → ADT: AZEROTH_40_12.ADT → WMO: BLOODELF_SMALLGAZEBO01.WMO → M2: BE_BOOKSHELFTALL.MDX
    WORLD/EXPANSION01/DOODADS/GENERIC/BLOODELF/BOOKSHELF/BE_BOOKSHELF_WRECKED_01.MDX
      ↳ Chain: Area: The North Sea → ADT: AZEROTH_44_18.ADT → WMO: BLOODELF_SMALLGAZEBO01_ABAN.WMO → M2: BE_BOOKSHELF_WRECKED_01.MDX
    WORLD/EXPANSION01/DOODADS/GENERIC/BLOODELF/BOOKSHELF/BE_BOOKSHELF_WRECKED_02.MDX
      ↳ Chain: Area: Ghostlands → ADT: AZEROTH_41_22.ADT → WMO: BLOODELF_ARCANE_SANCTUM_ABAN.WMO → M2: BE_BOOKSHELF_WRECKED_02.MDX
    WORLD/EXPANSION01/DOODADS/GENERIC/BLOODELF/BOTTLES/BE_BOTTLE01.MDX
      ↳ Chain: Area: Eversong Woods → ADT: AZEROTH_42_19.ADT → WMO: BLOODELF_HUNTER_LODGE.WMO → M2: BE_BOTTLE01.MDX
    WORLD/EXPANSION01/DOODADS/GENERIC/BLOODELF/BOTTLES/BE_BOTTLE02.MDX
      ↳ Chain: Area: Silvermoon City → ADT: AZEROTH_42_18.ADT → WMO: SILVERMOON_CITY_01.WMO → M2: BE_BOTTLE02.MDX
    WORLD/EXPANSION01/DOODADS/GENERIC/BLOODELF/BOTTLES/BE_BOTTLE03.MDX
      ↳ Chain: Area: Eversong Woods → ADT: AZEROTH_42_19.ADT → WMO: BLOODELF_HUNTER_LODGE.WMO → M2: BE_BOTTLE03.MDX
    WORLD/EXPANSION01/DOODADS/GENERIC/BLOODELF/BOTTLES/BE_BOTTLE04.MDX
      ↳ Chain: Area: Silvermoon City → ADT: AZEROTH_42_18.ADT → WMO: SILVERMOON_CITY_01.WMO → M2: BE_BOTTLE04.MDX
    WORLD/EXPANSION01/DOODADS/GENERIC/BLOODELF/CAMPFIRE/BE_CAMPFIRE01.MDX
      ↳ Chain: Area: Ghostlands → ADT: AZEROTH_42_21.ADT → WMO: BLOODELF_HUNTER_LODGE_ABAN.WMO → M2: BE_CAMPFIRE01.MDX
    WORLD/EXPANSION01/DOODADS/GENERIC/BLOODELF/CAMPFIRE/BE_CAMPFIRE02.MDX
      ↳ Chain: Area: Isle of Quel'Danas → ADT: AZEROTH_40_12.ADT → WMO: BLOODELF_SMALLGAZEBO01.WMO → M2: BE_CAMPFIRE02.MDX
    WORLD/EXPANSION01/DOODADS/GENERIC/BLOODELF/CANDLES/BE_CANDLEABRA01.MDX
      ↳ Chain: Area: Eversong Woods → ADT: AZEROTH_41_20.ADT → WMO: BLOODELF_TWOSTORY01_ABAN.WMO → M2: BE_CANDLEABRA01.MDX
    WORLD/EXPANSION01/DOODADS/GENERIC/BLOODELF/CANDLES/BE_CANDLE_01.MDX
      ↳ Chain: Area: Eversong Woods → ADT: AZEROTH_40_17.ADT → WMO: BLOODELF_SMALLHOUSE_ABAN01.WMO → M2: BE_CANDLE_01.MDX
    WORLD/EXPANSION01/DOODADS/GENERIC/BLOODELF/CANDLES/BE_CANDLE_02.MDX
      ↳ Chain: Area: Eversong Woods → ADT: AZEROTH_40_17.ADT → WMO: BLOODELF_SMALLHOUSE_ABAN01.WMO → M2: BE_CANDLE_02.MDX
    WORLD/EXPANSION01/DOODADS/GENERIC/BLOODELF/CHAIRS/BE_CHAIR01.MDX
      ↳ Chain: Area: Eversong Woods → ADT: AZEROTH_40_17.ADT → WMO: BLOODELF_SMALLHOUSE_ABAN01.WMO → M2: BE_CHAIR01.MDX
    WORLD/EXPANSION01/DOODADS/GENERIC/BLOODELF/CHAIRS/BE_CHAIR02.MDX
      ↳ Chain: Area: Ghostlands → ADT: AZEROTH_41_22.ADT → WMO: BLOODELF_ARCANE_SANCTUM_ABAN.WMO → M2: BE_CHAIR02.MDX
    WORLD/EXPANSION01/DOODADS/GENERIC/BLOODELF/CHAIRS/BE_CHAIR03.MDX
      ↳ Chain: Area: Eversong Woods → ADT: AZEROTH_40_17.ADT → WMO: BLOODELF_SMALLHOUSE_ABAN01.WMO → M2: BE_CHAIR03.MDX
    WORLD/EXPANSION01/DOODADS/GENERIC/BLOODELF/CHAIRS/BE_CHAIR04.MDX
      ↳ Chain: Area: Eversong Woods → ADT: AZEROTH_40_17.ADT → WMO: BLOODELF_SMALLHOUSE_ABAN01.WMO → M2: BE_CHAIR04.MDX
    WORLD/EXPANSION01/DOODADS/GENERIC/BLOODELF/CHAIRS/BE_CHAIR_WRECKED_01.MDX
      ↳ Chain: Area: Ghostlands → ADT: AZEROTH_41_22.ADT → WMO: BLOODELF_ARCANE_SANCTUM_ABAN.WMO → M2: BE_CHAIR_WRECKED_01.MDX
    WORLD/EXPANSION01/DOODADS/GENERIC/BLOODELF/CHAIRS/BE_CHAIR_WRECKED_02.MDX
      ↳ Chain: Area: The North Sea → ADT: AZEROTH_44_18.ADT → WMO: BLOODELF_GUARDTOWER01_ABAN.WMO → M2: BE_CHAIR_WRECKED_02.MDX
    WORLD/EXPANSION01/DOODADS/GENERIC/BLOODELF/CHAIRS/BE_THRONE_01.MDX
      ↳ Chain: Area: Silvermoon City → ADT: AZEROTH_42_18.ADT → WMO: SILVERMOON_CITY_01.WMO → M2: BE_THRONE_01.MDX
    WORLD/EXPANSION01/DOODADS/GENERIC/BLOODELF/CHANDELIER/BE_CHANDELIER01.MDX
      ↳ Chain: Area: Ghostlands → ADT: AZEROTH_42_21.ADT → WMO: BLOODELF_HUNTER_LODGE_ABAN.WMO → M2: BE_CHANDELIER01.MDX
    WORLD/EXPANSION01/DOODADS/GENERIC/BLOODELF/COOKPOT/BE_COOKPOT01.MDX
      ↳ Chain: Area: Isle of Quel'Danas → ADT: AZEROTH_41_12.ADT → WMO: BLOODELF_TWOSTORY01.WMO → M2: BE_COOKPOT01.MDX
    WORLD/EXPANSION01/DOODADS/GENERIC/BLOODELF/COUCH/BE_COUCH01.MDX
      ↳ Chain: Area: Eversong Woods → ADT: AZEROTH_42_19.ADT → WMO: BLOODELF_HUNTER_LODGE.WMO → M2: BE_COUCH01.MDX
    WORLD/EXPANSION01/DOODADS/GENERIC/BLOODELF/CRATE/BE_CRATE01.MDX
      ↳ Chain: Area: Eversong Woods → ADT: AZEROTH_42_19.ADT → WMO: BLOODELF_HUNTER_LODGE.WMO → M2: BE_CRATE01.MDX
    WORLD/EXPANSION01/DOODADS/GENERIC/BLOODELF/CUPS/BE_CUP01.MDX
      ↳ Chain: Area: Eversong Woods → ADT: AZEROTH_42_19.ADT → WMO: BLOODELF_HUNTER_LODGE.WMO → M2: BE_CUP01.MDX
    WORLD/EXPANSION01/DOODADS/GENERIC/BLOODELF/CUPS/BE_CUP02.MDX
      ↳ Chain: Area: Isle of Quel'Danas → ADT: AZEROTH_40_12.ADT → WMO: BLOODELF_SMALLGAZEBO01.WMO → M2: BE_CUP02.MDX
    WORLD/EXPANSION01/DOODADS/GENERIC/BLOODELF/CUPS/BE_MUG01.MDX
      ↳ Chain: Area: Eversong Woods → ADT: AZEROTH_39_20.ADT → WMO: BLOODELF_GUARDTOWER01.WMO → M2: BE_MUG01.MDX
    WORLD/EXPANSION01/DOODADS/GENERIC/BLOODELF/DEMONENERGYCOLLECTORS/BE_DEMONENERGYCOLLECTOR01.MDX
      ↳ Chain: Area: Silvermoon City → ADT: AZEROTH_42_18.ADT → WMO: SILVERMOON_CITY_01.WMO → M2: BE_DEMONENERGYCOLLECTOR01.MDX
    WORLD/EXPANSION01/DOODADS/GENERIC/BLOODELF/DRAPERY/BE_DRAPERY_01.MDX
      ↳ Chain: Area: Silvermoon City → ADT: AZEROTH_42_18.ADT → WMO: BLOODELF_SMALLHOUSE02.WMO → M2: BE_DRAPERY_01.MDX
    WORLD/EXPANSION01/DOODADS/GENERIC/BLOODELF/DRAPERY/BE_DRAPERY_02.MDX
      ↳ Chain: Area: Silvermoon City → ADT: AZEROTH_42_18.ADT → WMO: SILVERMOON_CITY_01.WMO → M2: BE_DRAPERY_02.MDX
    WORLD/EXPANSION01/DOODADS/GENERIC/BLOODELF/DRAPERY/BE_DRAPERY_03.MDX
      ↳ Chain: Area: Silvermoon City → ADT: AZEROTH_42_18.ADT → WMO: BLOODELF_SMALLHOUSE02.WMO → M2: BE_DRAPERY_03.MDX
    WORLD/EXPANSION01/DOODADS/GENERIC/BLOODELF/DRAPERY/BE_DRAPERY_04.MDX
      ↳ Chain: Area: Isle of Quel'Danas → ADT: AZEROTH_40_12.ADT → WMO: BLOODELF_SMALLGAZEBO01.WMO → M2: BE_DRAPERY_04.MDX
    WORLD/EXPANSION01/DOODADS/GENERIC/BLOODELF/DRAPERY/BE_DRAPERY_05.MDX
      ↳ Chain: Area: Silvermoon City → ADT: AZEROTH_42_18.ADT → WMO: BLOODELF_SMALLHOUSE02.WMO → M2: BE_DRAPERY_05.MDX
    WORLD/EXPANSION01/DOODADS/GENERIC/BLOODELF/DRAPERY/BE_DRAPERY_06.MDX
      ↳ Chain: Area: Eversong Woods → ADT: AZEROTH_42_19.ADT → WMO: BLOODELF_HUNTER_LODGE.WMO → M2: BE_DRAPERY_06.MDX
    WORLD/EXPANSION01/DOODADS/GENERIC/BLOODELF/FOOD/BE_FISH01.MDX
      ↳ Chain: Area: Silvermoon City → ADT: AZEROTH_42_18.ADT → WMO: SILVERMOON_CITY_01.WMO → M2: BE_FISH01.MDX
    WORLD/EXPANSION01/DOODADS/GENERIC/BLOODELF/FOOD/BE_MEAT01.MDX
      ↳ Chain: Area: Silvermoon City → ADT: AZEROTH_42_18.ADT → WMO: SILVERMOON_CITY_01.WMO → M2: BE_MEAT01.MDX
    WORLD/EXPANSION01/DOODADS/GENERIC/BLOODELF/FORGE/BE_FORGE01.MDX
      ↳ Chain: Area: Silvermoon City → ADT: AZEROTH_42_18.ADT → WMO: SILVERMOON_CITY_01.WMO → M2: BE_FORGE01.MDX
    WORLD/EXPANSION01/DOODADS/GENERIC/BLOODELF/FOUNTAINS/BE_FOUNTAIN01.MDX
      ↳ Chain: Area: Silvermoon City → ADT: AZEROTH_42_18.ADT → WMO: SILVERMOON_CITY_01.WMO → M2: BE_FOUNTAIN01.MDX
    WORLD/EXPANSION01/DOODADS/GENERIC/BLOODELF/FOUNTAINS/BE_FOUNTAIN01_BASE.MDX
      ↳ Chain: Area: Silvermoon City → ADT: AZEROTH_42_18.ADT → WMO: SILVERMOON_CITY_01.WMO → M2: BE_FOUNTAIN01_BASE.MDX
    WORLD/EXPANSION01/DOODADS/GENERIC/BLOODELF/FOUNTAINS/BE_FOUNTAININNARDSSILVERMOON.MDX
      ↳ Chain: Area: Silvermoon City → ADT: AZEROTH_42_17.ADT → WMO: BE_FOUNTAINSILVERMOON.WMO → M2: BE_FOUNTAININNARDSSILVERMOON.MDX
    WORLD/EXPANSION01/DOODADS/GENERIC/BLOODELF/GRAVEYARD/BE_GRAVESTONE01.MDX
      ↳ Chain: Area: Silvermoon City → ADT: AZEROTH_42_18.ADT → WMO: SILVERMOON_CITY_01.WMO → M2: BE_GRAVESTONE01.MDX
    WORLD/EXPANSION01/DOODADS/GENERIC/BLOODELF/GRAVEYARD/BE_GRAVESTONE02.MDX
      ↳ Chain: Area: Silvermoon City → ADT: AZEROTH_42_18.ADT → WMO: SILVERMOON_CITY_01.WMO → M2: BE_GRAVESTONE02.MDX
    WORLD/EXPANSION01/DOODADS/GENERIC/BLOODELF/GRAVEYARD/BE_GRAVESTONE03.MDX
      ↳ Chain: Area: Silvermoon City → ADT: AZEROTH_42_18.ADT → WMO: SILVERMOON_CITY_01.WMO → M2: BE_GRAVESTONE03.MDX
    WORLD/EXPANSION01/DOODADS/GENERIC/BLOODELF/HEDGE/BE_HEDGE_HANGING01.MDX
      ↳ Chain: Area: Silvermoon City → ADT: AZEROTH_42_18.ADT → WMO: SILVERMOON_CITY_01.WMO → M2: BE_HEDGE_HANGING01.MDX
    WORLD/EXPANSION01/DOODADS/GENERIC/BLOODELF/HEDGE/BE_HEDGE_HANGING04.MDX
      ↳ Chain: Area: Isle of Quel'Danas → ADT: AZEROTH_41_12.ADT → WMO: BLOODELF_TWOSTORY01.WMO → M2: BE_HEDGE_HANGING04.MDX
    WORLD/EXPANSION01/DOODADS/GENERIC/BLOODELF/HEDGE/BE_HEDGE_HANGING05.MDX
      ↳ Chain: Area: Eversong Woods → ADT: AZEROTH_42_19.ADT → WMO: BLOODELF_HUNTER_LODGE.WMO → M2: BE_HEDGE_HANGING05.MDX
    WORLD/EXPANSION01/DOODADS/GENERIC/BLOODELF/HEDGE/BE_HEDGE_HANGING06.MDX
      ↳ Chain: Area: Eversong Woods → ADT: AZEROTH_42_19.ADT → WMO: BLOODELF_HUNTER_LODGE.WMO → M2: BE_HEDGE_HANGING06.MDX
    WORLD/EXPANSION01/DOODADS/GENERIC/BLOODELF/HEDGE/BE_HEDGE_HANGING07.MDX
      ↳ Chain: Area: Eversong Woods → ADT: AZEROTH_42_19.ADT → WMO: BLOODELF_HUNTER_LODGE.WMO → M2: BE_HEDGE_HANGING07.MDX
    WORLD/EXPANSION01/DOODADS/GENERIC/BLOODELF/HEDGE/BE_HEDGE_HANGING08.MDX
      ↳ Chain: Area: Silvermoon City → ADT: AZEROTH_42_18.ADT → WMO: SILVERMOON_CITY_01.WMO → M2: BE_HEDGE_HANGING08.MDX
    WORLD/EXPANSION01/DOODADS/GENERIC/BLOODELF/HOOKAH/BE_HOOKAH_01.MDX
      ↳ Chain: Area: Eversong Woods → ADT: AZEROTH_42_19.ADT → WMO: BLOODELF_HUNTER_LODGE.WMO → M2: BE_HOOKAH_01.MDX
    WORLD/EXPANSION01/DOODADS/GENERIC/BLOODELF/HOOKAH/BE_HOOKAH_02.MDX
      ↳ Chain: Area: Eversong Woods → ADT: AZEROTH_42_19.ADT → WMO: BLOODELF_HUNTER_LODGE.WMO → M2: BE_HOOKAH_02.MDX
    WORLD/EXPANSION01/DOODADS/GENERIC/BLOODELF/INCENSE/BE_INCENSE_01.MDX
      ↳ Chain: Area: Isle of Quel'Danas → ADT: AZEROTH_40_12.ADT → WMO: BLOODELF_SMALLGAZEBO01.WMO → M2: BE_INCENSE_01.MDX
    WORLD/EXPANSION01/DOODADS/GENERIC/BLOODELF/INSTRUMENTS/BE_HARP01.MDX
      ↳ Chain: Area: Silvermoon City → ADT: AZEROTH_42_18.ADT → WMO: SILVERMOON_CITY_01.WMO → M2: BE_HARP01.MDX
    WORLD/EXPANSION01/DOODADS/GENERIC/BLOODELF/KNICKKNACKS/BE_MAGICALKNICKKNACK02.MDX
      ↳ Chain: Area: Isle of Quel'Danas → ADT: AZEROTH_40_12.ADT → WMO: BLOODELF_SMALLGAZEBO01.WMO → M2: BE_MAGICALKNICKKNACK02.MDX
    WORLD/EXPANSION01/DOODADS/GENERIC/BLOODELF/KNICKKNACKS/BE_MAGICALKNICKKNACK03.MDX
      ↳ Chain: Area: Isle of Quel'Danas → ADT: AZEROTH_40_12.ADT → WMO: BLOODELF_SMALLGAZEBO01.WMO → M2: BE_MAGICALKNICKKNACK03.MDX
    WORLD/EXPANSION01/DOODADS/GENERIC/BLOODELF/KNICKKNACKS/BE_MAGICALKNICKKNACK04.MDX
      ↳ Chain: Area: Isle of Quel'Danas → ADT: AZEROTH_40_12.ADT → WMO: BLOODELF_SMALLGAZEBO01.WMO → M2: BE_MAGICALKNICKKNACK04.MDX
    WORLD/EXPANSION01/DOODADS/GENERIC/BLOODELF/LAMP/BE_LAMP01.MDX
      ↳ Chain: Area: Isle of Quel'Danas → ADT: AZEROTH_40_12.ADT → WMO: BLOODELF_SMALLGAZEBO01.WMO → M2: BE_LAMP01.MDX
    WORLD/EXPANSION01/DOODADS/GENERIC/BLOODELF/LANTERN/BE_LANTERN01.MDX
      ↳ Chain: Area: Eversong Woods → ADT: AZEROTH_42_19.ADT → WMO: BLOODELF_HUNTER_LODGE.WMO → M2: BE_LANTERN01.MDX
    WORLD/EXPANSION01/DOODADS/GENERIC/BLOODELF/LAVA/BE_LAVAPOOL.MDX
      ↳ Chain: Area: Silvermoon City → ADT: AZEROTH_42_18.ADT → WMO: SILVERMOON_CITY_01.WMO → M2: BE_LAVAPOOL.MDX
    WORLD/EXPANSION01/DOODADS/GENERIC/BLOODELF/LOOM/BE_LOOM_01.MDX
      ↳ Chain: Area: Isle of Quel'Danas → ADT: AZEROTH_40_12.ADT → WMO: BLOODELF_SMALLGAZEBO01.WMO → M2: BE_LOOM_01.MDX
    WORLD/EXPANSION01/DOODADS/GENERIC/BLOODELF/MERCHANTSTAND/BE_MERCHANTSTAND01.MDX
      ↳ Chain: Area: Silvermoon City → ADT: AZEROTH_42_18.ADT → WMO: SILVERMOON_CITY_01.WMO → M2: BE_MERCHANTSTAND01.MDX
    WORLD/EXPANSION01/DOODADS/GENERIC/BLOODELF/MERCHANTSTAND/BE_MERCHANTSTAND03.MDX
      ↳ Chain: Area: Eversong Woods → ADT: AZEROTH_42_19.ADT → WMO: BLOODELF_HUNTER_LODGE.WMO → M2: BE_MERCHANTSTAND03.MDX
    WORLD/EXPANSION01/DOODADS/GENERIC/BLOODELF/PILLOWS/BE_PILLOW_01.MDX
      ↳ Chain: Area: Eversong Woods → ADT: AZEROTH_40_17.ADT → WMO: BLOODELF_SMALLHOUSE_ABAN01.WMO → M2: BE_PILLOW_01.MDX
    WORLD/EXPANSION01/DOODADS/GENERIC/BLOODELF/PILLOWS/BE_PILLOW_02.MDX
      ↳ Chain: Area: Ghostlands → ADT: AZEROTH_41_22.ADT → WMO: BLOODELF_SMALLHOUSE02_ABAN.WMO → M2: BE_PILLOW_02.MDX
    WORLD/EXPANSION01/DOODADS/GENERIC/BLOODELF/PILLOWS/BE_PILLOW_03.MDX
      ↳ Chain: Area: Ghostlands → ADT: AZEROTH_41_22.ADT → WMO: BLOODELF_SMALLHOUSE02_ABAN.WMO → M2: BE_PILLOW_03.MDX
    WORLD/EXPANSION01/DOODADS/GENERIC/BLOODELF/PILLOWS/BE_PILLOW_04.MDX
      ↳ Chain: Area: Eversong Woods → ADT: AZEROTH_40_17.ADT → WMO: BLOODELF_SMALLHOUSE_ABAN01.WMO → M2: BE_PILLOW_04.MDX
    WORLD/EXPANSION01/DOODADS/GENERIC/BLOODELF/PLANTERS/BE_PLANTER_FLOWERS_01.MDX
      ↳ Chain: Area: Isle of Quel'Danas → ADT: AZEROTH_40_12.ADT → WMO: BLOODELF_SMALLGAZEBO01.WMO → M2: BE_PLANTER_FLOWERS_01.MDX
    WORLD/EXPANSION01/DOODADS/GENERIC/BLOODELF/PLANTERS/BE_PLANTER_LONG_01.MDX
      ↳ Chain: Area: Eversong Woods → ADT: AZEROTH_40_17.ADT → WMO: BLOODELF_SMALLHOUSE_ABAN01.WMO → M2: BE_PLANTER_LONG_01.MDX
    WORLD/EXPANSION01/DOODADS/GENERIC/BLOODELF/PLANTERS/BE_PLANTER_LONG_02.MDX
      ↳ Chain: Area: Ghostlands → ADT: AZEROTH_42_21.ADT → WMO: SCRYING_TOWER.WMO → M2: BE_PLANTER_LONG_02.MDX
    WORLD/EXPANSION01/DOODADS/GENERIC/BLOODELF/PLANTERS/BE_PLANTER_LONG_03.MDX
      ↳ Chain: Area: Isle of Quel'Danas → ADT: AZEROTH_40_12.ADT → WMO: BLOODELF_SMALLGAZEBO01.WMO → M2: BE_PLANTER_LONG_03.MDX
    WORLD/EXPANSION01/DOODADS/GENERIC/BLOODELF/PLANTERS/BE_PLANTER_MEDIUM_01.MDX
      ↳ Chain: Area: Ghostlands → ADT: AZEROTH_42_21.ADT → WMO: SCRYING_TOWER.WMO → M2: BE_PLANTER_MEDIUM_01.MDX
    WORLD/EXPANSION01/DOODADS/GENERIC/BLOODELF/PLANTERS/BE_PLANTER_MEDIUM_02.MDX
      ↳ Chain: Area: Eversong Woods → ADT: AZEROTH_42_19.ADT → WMO: BLOODELF_HUNTER_LODGE.WMO → M2: BE_PLANTER_MEDIUM_02.MDX
    WORLD/EXPANSION01/DOODADS/GENERIC/BLOODELF/PLANTERS/BE_PLANTER_MEDIUM_03.MDX
      ↳ Chain: Area: Eversong Woods → ADT: AZEROTH_42_19.ADT → WMO: BLOODELF_HUNTER_LODGE.WMO → M2: BE_PLANTER_MEDIUM_03.MDX
    WORLD/EXPANSION01/DOODADS/GENERIC/BLOODELF/PLANTERS/BE_PLANTER_SHORT_01.MDX
      ↳ Chain: Area: Silvermoon City → ADT: AZEROTH_42_18.ADT → WMO: BLOODELF_SMALLHOUSE02.WMO → M2: BE_PLANTER_SHORT_01.MDX
    WORLD/EXPANSION01/DOODADS/GENERIC/BLOODELF/PLANTERS/BE_PLANTER_SHORT_02.MDX
      ↳ Chain: Area: Eversong Woods → ADT: AZEROTH_42_19.ADT → WMO: BLOODELF_HUNTER_LODGE.WMO → M2: BE_PLANTER_SHORT_02.MDX
    WORLD/EXPANSION01/DOODADS/GENERIC/BLOODELF/PLANTERS/BE_PLANTER_SHORT_03.MDX
      ↳ Chain: Area: Isle of Quel'Danas → ADT: AZEROTH_40_12.ADT → WMO: BLOODELF_SMALLGAZEBO01.WMO → M2: BE_PLANTER_SHORT_03.MDX
    WORLD/EXPANSION01/DOODADS/GENERIC/BLOODELF/POSTERS/BE_SIGNS_WANTED.MDX
      ↳ Chain: Area: Eversong Woods → ADT: AZEROTH_42_19.ADT → WMO: BLOODELF_HUNTER_LODGE.WMO → M2: BE_SIGNS_WANTED.MDX
    WORLD/EXPANSION01/DOODADS/GENERIC/BLOODELF/POWERORB/BLOODELF_POWERORB_GREEN.MDX
      ↳ Chain: Area: Silvermoon City → ADT: AZEROTH_42_18.ADT → WMO: SILVERMOON_CITY_01.WMO → M2: BLOODELF_POWERORB_GREEN.MDX
    WORLD/EXPANSION01/DOODADS/GENERIC/BLOODELF/RUGS/BE_RUG_LARGE01.MDX
      ↳ Chain: Area: Eversong Woods → ADT: AZEROTH_42_19.ADT → WMO: BLOODELF_HUNTER_LODGE.WMO → M2: BE_RUG_LARGE01.MDX
    WORLD/EXPANSION01/DOODADS/GENERIC/BLOODELF/RUGS/BE_RUG_LARGE02.MDX
      ↳ Chain: Area: Silvermoon City → ADT: AZEROTH_42_18.ADT → WMO: SILVERMOON_CITY_01.WMO → M2: BE_RUG_LARGE02.MDX
    WORLD/EXPANSION01/DOODADS/GENERIC/BLOODELF/RUGS/BE_RUG_LARGERUINED01.MDX
      ↳ Chain: Area: Isle of Quel'Danas → ADT: AZEROTH_41_14.ADT → WMO: SUNWELL_RAID_FACADE.WMO → M2: BE_RUG_LARGERUINED01.MDX
    WORLD/EXPANSION01/DOODADS/GENERIC/BLOODELF/RUGS/BE_RUG_LARGERUINED02.MDX
      ↳ Chain: Area: Ghostlands → ADT: AZEROTH_42_21.ADT → WMO: BLOODELF_HUNTER_LODGE_ABAN.WMO → M2: BE_RUG_LARGERUINED02.MDX
    WORLD/EXPANSION01/DOODADS/GENERIC/BLOODELF/RUGS/BE_RUG_MEDIUM01.MDX
      ↳ Chain: Area: Silvermoon City → ADT: AZEROTH_42_18.ADT → WMO: SILVERMOON_CITY_01.WMO → M2: BE_RUG_MEDIUM01.MDX
    WORLD/EXPANSION01/DOODADS/GENERIC/BLOODELF/RUGS/BE_RUG_MEDIUM02.MDX
      ↳ Chain: Area: Eversong Woods → ADT: AZEROTH_39_20.ADT → WMO: BLOODELF_GUARDTOWER01.WMO → M2: BE_RUG_MEDIUM02.MDX
    WORLD/EXPANSION01/DOODADS/GENERIC/BLOODELF/RUGS/BE_RUG_MEDIUMRUINED02.MDX
      ↳ Chain: Area: Eversong Woods → ADT: AZEROTH_41_20.ADT → WMO: BLOODELF_TWOSTORY01_ABAN.WMO → M2: BE_RUG_MEDIUMRUINED02.MDX
    WORLD/EXPANSION01/DOODADS/GENERIC/BLOODELF/RUGS/BE_RUG_SMALL01.MDX
      ↳ Chain: Area: Silvermoon City → ADT: AZEROTH_42_18.ADT → WMO: BLOODELF_SMALLHOUSE02.WMO → M2: BE_RUG_SMALL01.MDX
    WORLD/EXPANSION01/DOODADS/GENERIC/BLOODELF/RUGS/BE_RUG_SMALL02.MDX
      ↳ Chain: Area: Eversong Woods → ADT: AZEROTH_42_19.ADT → WMO: BLOODELF_HUNTER_LODGE.WMO → M2: BE_RUG_SMALL02.MDX
    WORLD/EXPANSION01/DOODADS/GENERIC/BLOODELF/RUGS/BE_RUG_SMALLRUINED02.MDX
      ↳ Chain: Area: The North Sea → ADT: AZEROTH_44_18.ADT → WMO: BLOODELF_GUARDTOWER01_ABAN.WMO → M2: BE_RUG_SMALLRUINED02.MDX
    WORLD/EXPANSION01/DOODADS/GENERIC/BLOODELF/SCONCE/BE_SCONCE01.MDX
      ↳ Chain: Area: Eversong Woods → ADT: AZEROTH_42_19.ADT → WMO: BLOODELF_HUNTER_LODGE.WMO → M2: BE_SCONCE01.MDX
    WORLD/EXPANSION01/DOODADS/GENERIC/BLOODELF/SCONCE/BE_SCONCE02.MDX
      ↳ Chain: Area: Ghostlands → ADT: AZEROTH_38_22.ADT → WMO: WINDRUNNER_SPIRE.WMO → M2: BE_SCONCE02.MDX
    WORLD/EXPANSION01/DOODADS/GENERIC/BLOODELF/SCRYINGORB/BE_SCRYINGORB_EPIC.MDX
      ↳ Chain: Area: Highlands → ADT: AZEROTH_39_37.ADT → WMO: TH_REDDRAGONSHRINE.WMO → M2: BE_SCRYINGORB_EPIC.MDX
    WORLD/EXPANSION01/DOODADS/GENERIC/BLOODELF/SHIELD/BE_SHIELD01.MDX
      ↳ Chain: Area: Eversong Woods → ADT: AZEROTH_39_20.ADT → WMO: BLOODELF_GUARDTOWER01.WMO → M2: BE_SHIELD01.MDX
    WORLD/EXPANSION01/DOODADS/GENERIC/BLOODELF/SHIELD/BE_SHIELD02.MDX
      ↳ Chain: Area: Eversong Woods → ADT: AZEROTH_39_20.ADT → WMO: BLOODELF_GUARDTOWER01.WMO → M2: BE_SHIELD02.MDX
    WORLD/EXPANSION01/DOODADS/GENERIC/BLOODELF/SHIELD/BE_SHIELD03.MDX
      ↳ Chain: Area: Eversong Woods → ADT: AZEROTH_39_20.ADT → WMO: BLOODELF_GUARDTOWER01.WMO → M2: BE_SHIELD03.MDX
    WORLD/EXPANSION01/DOODADS/GENERIC/BLOODELF/SHROOMS/GHOSTLANDSSHROOM01.MDX
      ↳ Chain: Area: Silvermoon City → ADT: AZEROTH_42_18.ADT → WMO: SILVERMOON_CITY_01.WMO → M2: GHOSTLANDSSHROOM01.MDX
    WORLD/EXPANSION01/DOODADS/GENERIC/BLOODELF/STATUES/BE_STATUE01.MDX
      ↳ Chain: Area: Isle of Quel'Danas → ADT: AZEROTH_40_12.ADT → WMO: BLOODELF_SMALLGAZEBO01.WMO → M2: BE_STATUE01.MDX
    WORLD/EXPANSION01/DOODADS/GENERIC/BLOODELF/STATUES/BE_STATUE02.MDX
      ↳ Chain: Area: Isle of Quel'Danas → ADT: AZEROTH_40_12.ADT → WMO: BLOODELF_SMALLGAZEBO01.WMO → M2: BE_STATUE02.MDX
    WORLD/EXPANSION01/DOODADS/GENERIC/BLOODELF/STATUES/BE_STATUEBIG.MDX
      ↳ Chain: Area: Ghostlands → ADT: AZEROTH_38_22.ADT → WMO: WINDRUNNER_SPIRE.WMO → M2: BE_STATUEBIG.MDX
    WORLD/EXPANSION01/DOODADS/GENERIC/BLOODELF/STATUES/BE_STATUEMALE.MDX
      ↳ Chain: Area: Isle of Quel'Danas → ADT: AZEROTH_40_12.ADT → WMO: BLOODELF_SMALLGAZEBO01.WMO → M2: BE_STATUEMALE.MDX
    WORLD/EXPANSION01/DOODADS/GENERIC/BLOODELF/STATUES/BE_STATUERANGER.MDX
      ↳ Chain: Area: Eversong Woods → ADT: AZEROTH_42_19.ADT → WMO: BLOODELF_HUNTER_LODGE.WMO → M2: BE_STATUERANGER.MDX
    WORLD/EXPANSION01/DOODADS/GENERIC/BLOODELF/TABLES/BE_TABLE_LARGE01.MDX
      ↳ Chain: Area: Ghostlands → ADT: AZEROTH_41_22.ADT → WMO: BLOODELF_ARCANE_SANCTUM_ABAN.WMO → M2: BE_TABLE_LARGE01.MDX
    WORLD/EXPANSION01/DOODADS/GENERIC/BLOODELF/TABLES/BE_TABLE_LARGE02.MDX
      ↳ Chain: Area: Eversong Woods → ADT: AZEROTH_42_19.ADT → WMO: BLOODELF_HUNTER_LODGE.WMO → M2: BE_TABLE_LARGE02.MDX
    WORLD/EXPANSION01/DOODADS/GENERIC/BLOODELF/TABLES/BE_TABLE_LARGE03.MDX
      ↳ Chain: Area: Isle of Quel'Danas → ADT: AZEROTH_40_12.ADT → WMO: BLOODELF_SMALLGAZEBO01.WMO → M2: BE_TABLE_LARGE03.MDX
    WORLD/EXPANSION01/DOODADS/GENERIC/BLOODELF/TABLES/BE_TABLE_SMALL01.MDX
      ↳ Chain: Area: Eversong Woods → ADT: AZEROTH_40_17.ADT → WMO: BLOODELF_SMALLHOUSE_ABAN01.WMO → M2: BE_TABLE_SMALL01.MDX
    WORLD/EXPANSION01/DOODADS/GENERIC/BLOODELF/TABLES/BE_TABLE_WRECKED_01.MDX
      ↳ Chain: Area: Ghostlands → ADT: AZEROTH_41_22.ADT → WMO: BLOODELF_ARCANE_SANCTUM_ABAN.WMO → M2: BE_TABLE_WRECKED_01.MDX
    WORLD/EXPANSION01/DOODADS/GENERIC/BLOODELF/TABLES/BE_TABLE_WRECKED_02.MDX
      ↳ Chain: Area: The North Sea → ADT: AZEROTH_44_18.ADT → WMO: BLOODELF_GUARDTOWER01_ABAN.WMO → M2: BE_TABLE_WRECKED_02.MDX
    WORLD/EXPANSION01/DOODADS/GENERIC/BLOODELF/TENTS/BE_TENT01.MDX
      ↳ Chain: Area: Silvermoon City → ADT: AZEROTH_42_18.ADT → WMO: SILVERMOON_CITY_01.WMO → M2: BE_TENT01.MDX
    WORLD/EXPANSION01/DOODADS/GENERIC/BLOODELF/TENTS/BE_TENTWRECKED01.MDX
      ↳ Chain: Area: Isle of Quel'Danas → ADT: AZEROTH_41_14.ADT → WMO: SUNWELL_RAID_FACADE.WMO → M2: BE_TENTWRECKED01.MDX
    WORLD/EXPANSION01/DOODADS/GENERIC/BLOODELF/TENTS/BE_TENTWRECKED02.MDX
      ↳ Chain: Area: Isle of Quel'Danas → ADT: AZEROTH_41_14.ADT → WMO: SUNWELL_RAID_FACADE.WMO → M2: BE_TENTWRECKED02.MDX
    WORLD/EXPANSION01/DOODADS/GENERIC/BLOODELF/TRANSLOCATOR/BE_TRANSLOCATOR_MINOR.MDX
      ↳ Chain: Area: Eversong Woods → ADT: AZEROTH_39_20.ADT → WMO: BLOODELF_GUARDTOWER01.WMO → M2: BE_TRANSLOCATOR_MINOR.MDX
    WORLD/EXPANSION01/DOODADS/GENERIC/BLOODELF/TREES/SILVERMOONBUSH01.MDX
      ↳ Chain: Area: Silvermoon City → ADT: AZEROTH_42_17.ADT → WMO: SILVERMOONZEPPLINTOWER.WMO → M2: SILVERMOONBUSH01.MDX
    WORLD/EXPANSION01/DOODADS/GENERIC/BLOODELF/TREES/SILVERMOONBUSH02.MDX
      ↳ Chain: Area: Silvermoon City → ADT: AZEROTH_42_17.ADT → WMO: SILVERMOONZEPPLINTOWER.WMO → M2: SILVERMOONBUSH02.MDX
    WORLD/EXPANSION01/DOODADS/GENERIC/BLOODELF/TREES/SILVERMOONBUSH03.MDX
      ↳ Chain: Area: Silvermoon City → ADT: AZEROTH_42_17.ADT → WMO: SILVERMOONZEPPLINTOWER.WMO → M2: SILVERMOONBUSH03.MDX
    WORLD/EXPANSION01/DOODADS/GENERIC/BLOODELF/TREES/SILVERMOONBUSH04.MDX
      ↳ Chain: Area: Silvermoon City → ADT: AZEROTH_42_17.ADT → WMO: SILVERMOONZEPPLINTOWER.WMO → M2: SILVERMOONBUSH04.MDX
    WORLD/EXPANSION01/DOODADS/GENERIC/BLOODELF/TREES/SILVERMOONTREE09.MDX
      ↳ Chain: Area: Silvermoon City → ADT: AZEROTH_42_18.ADT → WMO: SILVERMOON_CITY_01.WMO → M2: SILVERMOONTREE09.MDX
    WORLD/EXPANSION01/DOODADS/GENERIC/BLOODELF/TREES/SILVERMOONTREE10.MDX
      ↳ Chain: Area: Isle of Quel'Danas → ADT: AZEROTH_41_14.ADT → WMO: SUNWELL_RAID_FACADE.WMO → M2: SILVERMOONTREE10.MDX
    WORLD/EXPANSION01/DOODADS/GENERIC/BLOODELF/WAGON/BE_WAGON.MDX
      ↳ Chain: Area: Silvermoon City → ADT: AZEROTH_42_18.ADT → WMO: SILVERMOON_CITY_01.WMO → M2: BE_WAGON.MDX
    WORLD/EXPANSION01/DOODADS/GENERIC/BLOODELF/WAGON/BE_WAGON02.MDX
      ↳ Chain: Area: Silvermoon City → ADT: AZEROTH_42_18.ADT → WMO: SILVERMOON_CITY_01.WMO → M2: BE_WAGON02.MDX
    WORLD/EXPANSION01/DOODADS/GENERIC/BLOODELF/WEAPONRACKS/BE_WEAPONRACK_01.MDX
      ↳ Chain: Area: Eversong Woods → ADT: AZEROTH_40_17.ADT → WMO: BLOODELF_SMALLHOUSE_ABAN01.WMO → M2: BE_WEAPONRACK_01.MDX
    WORLD/EXPANSION01/DOODADS/GENERIC/BLOODELF/WEAPONRACKS/BE_WEAPONRACK_02.MDX
      ↳ Chain: Area: Eversong Woods → ADT: AZEROTH_40_17.ADT → WMO: BLOODELF_SMALLHOUSE_ABAN01.WMO → M2: BE_WEAPONRACK_02.MDX
    WORLD/EXPANSION01/DOODADS/GENERIC/BLOODELF/WEAPONS/BE_KNIFE01.MDX
      ↳ Chain: Area: Isle of Quel'Danas → ADT: AZEROTH_41_12.ADT → WMO: BLOODELF_TWOSTORY01.WMO → M2: BE_KNIFE01.MDX
    WORLD/EXPANSION01/DOODADS/GENERIC/BLOODELF/WEAPONS/BE_KNIFE02.MDX
      ↳ Chain: Area: Eversong Woods → ADT: AZEROTH_42_19.ADT → WMO: BLOODELF_HUNTER_LODGE.WMO → M2: BE_KNIFE02.MDX
    WORLD/EXPANSION01/DOODADS/GENERIC/BLOODELF/WEAPONS/BE_STAVE01.MDX
      ↳ Chain: Area: Eversong Woods → ADT: AZEROTH_39_20.ADT → WMO: BLOODELF_GUARDTOWER01.WMO → M2: BE_STAVE01.MDX
    WORLD/EXPANSION01/DOODADS/GENERIC/BLOODELF/WEAPONS/BE_STAVE02.MDX
      ↳ Chain: Area: Eversong Woods → ADT: AZEROTH_42_19.ADT → WMO: BLOODELF_HUNTER_LODGE.WMO → M2: BE_STAVE02.MDX
    WORLD/EXPANSION01/DOODADS/GENERIC/BLOODELF/WEAPONS/BE_SWORD02.MDX
      ↳ Chain: Area: Eversong Woods → ADT: AZEROTH_42_19.ADT → WMO: BLOODELF_HUNTER_LODGE.WMO → M2: BE_SWORD02.MDX
    WORLD/EXPANSION01/DOODADS/GENERIC/BLOODELF/WEAPONS/BE_SWORD03.MDX
      ↳ Chain: Area: Eversong Woods → ADT: AZEROTH_39_20.ADT → WMO: BLOODELF_GUARDTOWER01.WMO → M2: BE_SWORD03.MDX
    WORLD/EXPANSION01/DOODADS/GENERIC/DRAENEI/BANNER/DR_BANNER01.MDX
      ↳ Chain: Area: Azuremyst Isle → ADT: KALIMDOR_23_21.ADT → WMO: DRAENEI_ABBEY.WMO → M2: DR_BANNER01.MDX
    WORLD/EXPANSION01/DOODADS/GENERIC/DRAENEI/BRAZIER/DR_BRAZIER_01.MDX
      ↳ Chain: Area: Bloodmyst Isle → ADT: KALIMDOR_20_17.ADT → WMO: DRAENEI_BLOODWATCHTOWER.WMO → M2: DR_BRAZIER_01.MDX
    WORLD/EXPANSION01/DOODADS/GENERIC/DRAENEI/CABLES/DR_CABLE_MEDIUM.MDX
      ↳ Chain: Area: Bloodmyst Isle → ADT: KALIMDOR_20_17.ADT → WMO: DRAENEI_BLOODWATCHTOWER.WMO → M2: DR_CABLE_MEDIUM.MDX
    WORLD/EXPANSION01/DOODADS/GENERIC/DRAENEI/CABLES/DR_CABLE_THIN.MDX
      ↳ Chain: Area: Azuremyst Isle → ADT: KALIMDOR_23_21.ADT → WMO: DRAENEI_ABBEY.WMO → M2: DR_CABLE_THIN.MDX
    WORLD/EXPANSION01/DOODADS/GENERIC/DRAENEI/CABLES/DR_CABLE_WIDE.MDX
      ↳ Chain: Area: Azuremyst Isle → ADT: KALIMDOR_23_21.ADT → WMO: DRAENEI_ABBEY.WMO → M2: DR_CABLE_WIDE.MDX
    WORLD/EXPANSION01/DOODADS/GENERIC/DRAENEI/CRYOPODS/DR_CRYOPOD_BOTTOM.MDX
      ↳ Chain: Area: Bloodmyst Isle → ADT: KALIMDOR_19_18.ADT → WMO: DRAENEI_MEDICAL.WMO → M2: DR_CRYOPOD_BOTTOM.MDX
    WORLD/EXPANSION01/DOODADS/GENERIC/DRAENEI/CRYOPODS/DR_CRYOPOD_INTACT.MDX
      ↳ Chain: Area: Bloodmyst Isle → ADT: KALIMDOR_19_18.ADT → WMO: DRAENEI_MEDICAL.WMO → M2: DR_CRYOPOD_INTACT.MDX
    WORLD/EXPANSION01/DOODADS/GENERIC/DRAENEI/CRYOPODS/DR_CRYOPOD_TOP.MDX
      ↳ Chain: Area: Bloodmyst Isle → ADT: KALIMDOR_19_18.ADT → WMO: DRAENEI_MEDICAL.WMO → M2: DR_CRYOPOD_TOP.MDX
    WORLD/EXPANSION01/DOODADS/GENERIC/DRAENEI/CRYOPODS/DR_CRYOPOD_WRECKED.MDX
      ↳ Chain: Area: Bloodmyst Isle → ADT: KALIMDOR_19_18.ADT → WMO: DRAENEI_MEDICAL.WMO → M2: DR_CRYOPOD_WRECKED.MDX
    WORLD/EXPANSION01/DOODADS/GENERIC/DRAENEI/CUPS/DR_CUP_01.MDX
      ↳ Chain: Area: Azuremyst Isle → ADT: KALIMDOR_23_21.ADT → WMO: DRAENEI_ABBEY.WMO → M2: DR_CUP_01.MDX
    WORLD/EXPANSION01/DOODADS/GENERIC/DRAENEI/HOLO/DR_DRAENEI_HOLORUNES01_BIG.MDX
      ↳ Chain: Area: Azuremyst Isle → ADT: KALIMDOR_23_21.ADT → WMO: DRAENEI_ABBEY.WMO → M2: DR_DRAENEI_HOLORUNES01_BIG.MDX
    WORLD/EXPANSION01/DOODADS/GENERIC/DRAENEI/KNICKKNACKS/DR_KNICKKNACK_01.MDX
      ↳ Chain: Area: Bloodmyst Isle → ADT: KALIMDOR_20_17.ADT → WMO: DRAENEI_BLOODWATCHTOWER.WMO → M2: DR_KNICKKNACK_01.MDX
    WORLD/EXPANSION01/DOODADS/GENERIC/DRAENEI/KNICKKNACKS/DR_KNICKKNACK_03.MDX
      ↳ Chain: Area: Bloodmyst Isle → ADT: KALIMDOR_20_17.ADT → WMO: DRAENEI_BLOODWATCHTOWER.WMO → M2: DR_KNICKKNACK_03.MDX
    WORLD/EXPANSION01/DOODADS/GENERIC/DRAENEI/KNICKKNACKS/DR_KNICKKNACK_04.MDX
      ↳ Chain: Area: Bloodmyst Isle → ADT: KALIMDOR_20_17.ADT → WMO: DRAENEI_BLOODWATCHTOWER.WMO → M2: DR_KNICKKNACK_04.MDX
    WORLD/EXPANSION01/DOODADS/GENERIC/LOSTONES/WEAPONRACK/LO_WEAPONRACK.MDX
      ↳ Chain: Area: Highlands → ADT: AZEROTH_40_38.ADT → WMO: OGRE_HUTBIG.WMO → M2: LO_WEAPONRACK.MDX
    WORLD/EXPANSION01/DOODADS/GENERIC/NAGA/ARK/NA_ARK.MDX
      ↳ Chain: Area: Vashj'ir → ADT: AZEROTH_25_45.ADT → WMO: DEMIGOD_DOME_LIVING.WMO → M2: NA_ARK.MDX
    WORLD/EXPANSION01/DOODADS/GENERIC/NAGA/CRATES/NA_BARRICADE_01.MDX
      ↳ Chain: Area: Vashj'ir → ADT: AZEROTH_25_45.ADT → WMO: DEMIGOD_DOME_LIVING.WMO → M2: NA_BARRICADE_01.MDX
    WORLD/EXPANSION01/DOODADS/GENERIC/NAGA/CRATES/NA_BARRICADE_POLE.MDX
      ↳ Chain: Area: Vashj'ir → ADT: AZEROTH_25_45.ADT → WMO: DEMIGOD_DOME_LIVING.WMO → M2: NA_BARRICADE_POLE.MDX
    WORLD/EXPANSION01/DOODADS/GENERIC/NAGA/CRATES/NA_BARRICADE_SHELL_01.MDX
      ↳ Chain: Area: Vashj'ir → ADT: AZEROTH_25_45.ADT → WMO: DEMIGOD_DOME_LIVING.WMO → M2: NA_BARRICADE_SHELL_01.MDX
    WORLD/EXPANSION01/DOODADS/GENERIC/NAGA/CRATES/NA_BARRICADE_SHELL_02.MDX
      ↳ Chain: Area: Vashj'ir → ADT: AZEROTH_25_45.ADT → WMO: DEMIGOD_DOME_LIVING.WMO → M2: NA_BARRICADE_SHELL_02.MDX
    WORLD/EXPANSION01/DOODADS/GENERIC/NAGA/CRATES/NA_CRATE01.MDX
      ↳ Chain: Area: Vashj'ir → ADT: AZEROTH_25_45.ADT → WMO: DEMIGOD_DOME_LIVING.WMO → M2: NA_CRATE01.MDX
    WORLD/EXPANSION01/DOODADS/GENERIC/NAGA/CRATES/NA_CRATE02.MDX
      ↳ Chain: Area: Vashj'ir → ADT: AZEROTH_25_45.ADT → WMO: DEMIGOD_DOME_LIVING.WMO → M2: NA_CRATE02.MDX
    WORLD/EXPANSION01/DOODADS/GENERIC/NAGA/CRATES/NA_TANKSTOPPER_01.MDX
      ↳ Chain: Area: Vashj'ir → ADT: AZEROTH_25_45.ADT → WMO: DEMIGOD_DOME_LIVING.WMO → M2: NA_TANKSTOPPER_01.MDX
    WORLD/EXPANSION01/DOODADS/GENERIC/NAGA/DISTILLER/NA_DISTILLER.MDX
      ↳ Chain: Area: Vashj'ir → ADT: AZEROTH_25_45.ADT → WMO: DEMIGOD_DOME_LIVING.WMO → M2: NA_DISTILLER.MDX
    WORLD/EXPANSION01/DOODADS/GENERIC/NAGA/JARS/NA_JAR01.MDX
      ↳ Chain: Area: Vashj'ir → ADT: AZEROTH_25_45.ADT → WMO: DEMIGOD_DOME_LIVING.WMO → M2: NA_JAR01.MDX
    WORLD/EXPANSION01/DOODADS/GENERIC/NAGA/JARS/NA_JAR02.MDX
      ↳ Chain: Area: Vashj'ir → ADT: AZEROTH_25_45.ADT → WMO: DEMIGOD_DOME_LIVING.WMO → M2: NA_JAR02.MDX
    WORLD/EXPANSION01/DOODADS/GENERIC/NAGA/TORCH/NA_TORCH01.MDX
      ↳ Chain: Area: Vashj'ir → ADT: AZEROTH_25_45.ADT → WMO: DEMIGOD_DOME_LIVING.WMO → M2: NA_TORCH01.MDX
    WORLD/EXPANSION01/DOODADS/GENERIC/NAGA/WEAPONS/NA_WEAPON_03.MDX
      ↳ Chain: Area: Vashj'ir → ADT: AZEROTH_25_45.ADT → WMO: DEMIGOD_DOME_LIVING.WMO → M2: NA_WEAPON_03.MDX
    WORLD/EXPANSION01/DOODADS/GENERIC/NAGA/WEAPONSTACKS/NA_WEAPONRACK03_NO_WEAPONS.MDX
      ↳ Chain: Area: Vashj'ir → ADT: AZEROTH_25_45.ADT → WMO: DEMIGOD_DOME_LIVING.WMO → M2: NA_WEAPONRACK03_NO_WEAPONS.MDX
    WORLD/EXPANSION01/DOODADS/GENERIC/NAGA/WEAPONSTACKS/NA_WEAPONSTACK01.MDX
      ↳ Chain: Area: Vashj'ir → ADT: AZEROTH_25_45.ADT → WMO: DEMIGOD_DOME_LIVING.WMO → M2: NA_WEAPONSTACK01.MDX
    WORLD/EXPANSION01/DOODADS/GENERIC/NAGA/WEAPONSTACKS/NA_WEAPONSTACK02.MDX
      ↳ Chain: Area: Vashj'ir → ADT: AZEROTH_25_45.ADT → WMO: DEMIGOD_DOME_LIVING.WMO → M2: NA_WEAPONSTACK02.MDX
    WORLD/EXPANSION01/DOODADS/GENERIC/OGRE/BONES/OM_BONES_01.MDX
      ↳ Chain: Area: Uldum → ADT: KALIMDOR_33_50.ADT → WMO: VASHJIR_SMALL_CAVE_A.WMO → M2: OM_BONES_01.MDX
    WORLD/EXPANSION01/DOODADS/GENERIC/OGRE/BONES/OM_BONES_02.MDX
      ↳ Chain: Area: Uldum → ADT: KALIMDOR_33_50.ADT → WMO: VASHJIR_SMALL_CAVE_A.WMO → M2: OM_BONES_02.MDX
    WORLD/EXPANSION01/DOODADS/GENERIC/OGRE/CHAIR/OM_CHAIR_01.MDX
      ↳ Chain: Area: Highlands → ADT: AZEROTH_40_38.ADT → WMO: OGRE_HUTBIG.WMO → M2: OM_CHAIR_01.MDX
    WORLD/EXPANSION01/DOODADS/GENERIC/OGRE/FIRES/OM_CAMPFIRE_01.MDX
      ↳ Chain: Area: Highlands → ADT: AZEROTH_40_38.ADT → WMO: OGRE_HUTBIG.WMO → M2: OM_CAMPFIRE_01.MDX
    WORLD/EXPANSION01/DOODADS/GENERIC/OGRE/TABLE/OM_TABLE_01.MDX
      ↳ Chain: Area: Highlands → ADT: AZEROTH_40_38.ADT → WMO: OGRE_HUTBIG.WMO → M2: OM_TABLE_01.MDX
    WORLD/EXPANSION01/DOODADS/GENERIC/OGRE/WEAPONS/OM_WEAPONS_04.MDX
      ↳ Chain: Area: Highlands → ADT: AZEROTH_40_40.ADT → WMO: OGRE_HUT.WMO → M2: OM_WEAPONS_04.MDX
    WORLD/EXPANSION01/DOODADS/NETHERSTORM/GOBLINBRIDGE/OL_GOBLINBRIDGE_GEARS01.MDX
      ↳ Chain: Area: Kezan → ADT: KALIMDOR_55_50.ADT → WMO: 8OR_WARFRONTS_WORKSHOP_V2.WMO → M2: OL_GOBLINBRIDGE_GEARS01.MDX
    WORLD/EXPANSION01/DOODADS/SILVERMOON/BUSHES/SILVERMOONBUSH05.MDX
      ↳ Chain: Area: Eversong Woods → ADT: AZEROTH_40_18.ADT → WMO: BE_ARCHBRIDGE01.WMO → M2: SILVERMOONBUSH05.MDX
    WORLD/EXPANSION01/DOODADS/SILVERMOON/BUSHES/SILVERMOONBUSH06.MDX
      ↳ Chain: Area: Eversong Woods → ADT: AZEROTH_40_18.ADT → WMO: BE_ARCHBRIDGE01.WMO → M2: SILVERMOONBUSH06.MDX
    WORLD/EXPANSION01/DOODADS/SILVERMOON/FLOATINGDANDELIONS/FLOATINGDANDELIONS01.MDX
      ↳ Chain: Area: Silvermoon City → ADT: AZEROTH_42_18.ADT → WMO: SILVERMOON_CITY_01.WMO → M2: FLOATINGDANDELIONS01.MDX
    WORLD/EXPANSION01/DOODADS/SILVERMOON/FLOWERS/SILVERMOONFLOWER01.MDX
      ↳ Chain: Area: Silvermoon City → ADT: AZEROTH_42_17.ADT → WMO: SILVERMOONZEPPLINTOWER.WMO → M2: SILVERMOONFLOWER01.MDX
    WORLD/EXPANSION01/DOODADS/SILVERMOON/FLOWERS/SILVERMOONFLOWER02.MDX
      ↳ Chain: Area: Eversong Woods → ADT: AZEROTH_40_18.ADT → WMO: BE_ARCHBRIDGE01.WMO → M2: SILVERMOONFLOWER02.MDX
    WORLD/EXPANSION01/DOODADS/SILVERMOON/FLOWERS/SILVERMOONFLOWER03.MDX
      ↳ Chain: Area: Eversong Woods → ADT: AZEROTH_40_18.ADT → WMO: BE_ARCHBRIDGE01.WMO → M2: SILVERMOONFLOWER03.MDX
    WORLD/EXPANSION01/DOODADS/SILVERMOON/FLOWERS/SILVERMOONFLOWER04.MDX
      ↳ Chain: Area: Silvermoon City → ADT: AZEROTH_42_17.ADT → WMO: SILVERMOONZEPPLINTOWER.WMO → M2: SILVERMOONFLOWER04.MDX
    WORLD/EXPANSION01/DOODADS/SILVERMOON/FLOWERS/SILVERMOONFLOWER05.MDX
      ↳ Chain: Area: Silvermoon City → ADT: AZEROTH_42_17.ADT → WMO: SILVERMOONZEPPLINTOWER.WMO → M2: SILVERMOONFLOWER05.MDX
    WORLD/EXPANSION01/DOODADS/SILVERMOON/FLOWERS/SILVERMOONFLOWER06.MDX
      ↳ Chain: Area: Silvermoon City → ADT: AZEROTH_42_17.ADT → WMO: SILVERMOONZEPPLINTOWER.WMO → M2: SILVERMOONFLOWER06.MDX
    WORLD/EXPANSION01/DOODADS/SILVERMOON/WATER/BIGFOUNTAINWATER.MDX
      ↳ Chain: Area: Silvermoon City → ADT: AZEROTH_42_18.ADT → WMO: SILVERMOON_CITY_01.WMO → M2: BIGFOUNTAINWATER.MDX
    WORLD/EXPANSION01/DOODADS/SILVERMYST/CRYSTALS/SILVERMYSTCRYSTAL01.MDX
      ↳ Chain: Area: Deepholm → ADT: DEEPHOME_33_31.ADT → WMO: DEEPHOLM_MERCURY_POOL01.WMO → M2: SILVERMYSTCRYSTAL01.MDX
    WORLD/EXPANSION01/DOODADS/SILVERMYST/CRYSTALS/SILVERMYSTCRYSTAL01_ORANGE.MDX
      ↳ Chain: Area: Deepholm → ADT: DEEPHOME_33_29.ADT → WMO: DEEPHOLM_MERCURY_POOL.WMO → M2: SILVERMYSTCRYSTAL01_ORANGE.MDX
    WORLD/EXPANSION01/DOODADS/SILVERMYST/CRYSTALS/SILVERMYSTCRYSTAL03.MDX
      ↳ Chain: Area: Deepholm → ADT: DEEPHOME_33_31.ADT → WMO: DEEPHOLM_MERCURY_POOL01.WMO → M2: SILVERMYSTCRYSTAL03.MDX
    WORLD/EXPANSION01/DOODADS/SILVERMYST/CRYSTALS/SILVERMYSTCRYSTAL03_ORANGE.MDX
      ↳ Chain: Area: Deepholm → ADT: DEEPHOME_33_29.ADT → WMO: DEEPHOLM_MERCURY_POOL.WMO → M2: SILVERMYSTCRYSTAL03_ORANGE.MDX
    WORLD/EXPANSION01/DOODADS/SILVERMYST/CRYSTALS/SILVERMYSTCRYSTALBIG01.MDX
      ↳ Chain: Area: Deepholm → ADT: DEEPHOME_33_31.ADT → WMO: DEEPHOLM_MERCURY_POOL01.WMO → M2: SILVERMYSTCRYSTALBIG01.MDX
    WORLD/EXPANSION01/DOODADS/SILVERMYST/CRYSTALS/SILVERMYSTCRYSTALBIG01_ORANGE.MDX
      ↳ Chain: Area: Deepholm → ADT: DEEPHOME_33_29.ADT → WMO: DEEPHOLM_MERCURY_POOL.WMO → M2: SILVERMYSTCRYSTALBIG01_ORANGE.MDX
    WORLD/EXPANSION01/DOODADS/SILVERMYST/CRYSTALS/SILVERMYSTCRYSTALBIG02.MDX
      ↳ Chain: Area: Deepholm → ADT: DEEPHOME_33_31.ADT → WMO: DEEPHOLM_MERCURY_POOL01.WMO → M2: SILVERMYSTCRYSTALBIG02.MDX
    WORLD/EXPANSION01/DOODADS/SILVERMYST/CRYSTALS/SILVERMYSTCRYSTALBIG02_ORANGE.MDX
      ↳ Chain: Area: Deepholm → ADT: DEEPHOME_33_29.ADT → WMO: DEEPHOLM_MERCURY_POOL.WMO → M2: SILVERMYSTCRYSTALBIG02_ORANGE.MDX
    WORLD/EXPANSION01/DOODADS/SILVERMYST/CRYSTALS/SILVERMYSTCRYSTALBIG03.MDX
      ↳ Chain: Area: Deepholm → ADT: DEEPHOME_33_31.ADT → WMO: DEEPHOLM_MERCURY_POOL01.WMO → M2: SILVERMYSTCRYSTALBIG03.MDX
    WORLD/EXPANSION01/DOODADS/SILVERMYST/CRYSTALS/SILVERMYSTCRYSTALBIG03_ORANGE.MDX
      ↳ Chain: Area: Deepholm → ADT: DEEPHOME_33_29.ADT → WMO: DEEPHOLM_MERCURY_POOL.WMO → M2: SILVERMYSTCRYSTALBIG03_ORANGE.MDX
    WORLD/EXPANSION01/DOODADS/SILVERMYST/CRYSTALS/SILVERMYSTCRYSTALSMALL01.MDX
      ↳ Chain: Area: Deepholm → ADT: DEEPHOME_33_31.ADT → WMO: DEEPHOLM_MERCURY_POOL01.WMO → M2: SILVERMYSTCRYSTALSMALL01.MDX
    WORLD/EXPANSION01/DOODADS/SILVERMYST/CRYSTALS/SILVERMYSTCRYSTALSMALL01_ORANGE.MDX
      ↳ Chain: Area: Deepholm → ADT: DEEPHOME_33_29.ADT → WMO: DEEPHOLM_MERCURY_POOL.WMO → M2: SILVERMYSTCRYSTALSMALL01_ORANGE.MDX
    WORLD/EXPANSION01/DOODADS/SILVERMYST/CRYSTALS/SILVERMYSTCRYSTALSMALL02.MDX
      ↳ Chain: Area: Deepholm → ADT: DEEPHOME_33_31.ADT → WMO: DEEPHOLM_MERCURY_POOL01.WMO → M2: SILVERMYSTCRYSTALSMALL02.MDX
    WORLD/EXPANSION01/DOODADS/SILVERMYST/CRYSTALS/SILVERMYSTCRYSTALSMALL02_ORANGE.MDX
      ↳ Chain: Area: Deepholm → ADT: DEEPHOME_33_29.ADT → WMO: DEEPHOLM_MERCURY_POOL.WMO → M2: SILVERMYSTCRYSTALSMALL02_ORANGE.MDX
    WORLD/EXPANSION01/DOODADS/SILVERMYST/CRYSTALS/SILVERMYSTCRYSTALSMALL03_ORANGE.MDX
      ↳ Chain: Area: Deepholm → ADT: DEEPHOME_33_29.ADT → WMO: DEEPHOLM_MERCURY_POOL.WMO → M2: SILVERMYSTCRYSTALSMALL03_ORANGE.MDX
    WORLD/EXPANSION01/DOODADS/SILVERMYST/CRYSTALS/SILVERMYST_ELFINN_CRYSTAL.MDX
      ↳ Chain: Area: Azuremyst Isle → ADT: KALIMDOR_18_23.ADT → WMO: SILVERMYST_ELFINN_RUINED.WMO → M2: SILVERMYST_ELFINN_CRYSTAL.MDX
    WORLD/EXPANSION01/DOODADS/TEROKKAR/LIGHTRAY/TEROKKAR_LIGHTRAY01.MDX
      ↳ Chain: Area: Deadwind Pass → ADT: AZEROTH_35_52.ADT → WMO: 7AF_ARTIFACT_SEWER.WMO → M2: TEROKKAR_LIGHTRAY01.MDX
    WORLD/EXPANSION01/DOODADS/TEROKKAR/WEBS/TEROKKARWEB01.MDX
      ↳ Chain: Area: Blasted Lands → ADT: AZEROTH_37_55.ADT → WMO: GILNEAS_HOUSE_A.WMO → M2: TEROKKARWEB01.MDX
    WORLD/EXPANSION01/DOODADS/TEROKKAR/WEBS/TEROKKARWEB02.MDX
      ↳ Chain: Area: Blasted Lands → ADT: AZEROTH_37_55.ADT → WMO: GILNEAS_HOUSE_A.WMO → M2: TEROKKARWEB02.MDX
    WORLD/EXPANSION01/DOODADS/TEROKKAR/WEBS/TEROKKARWEB03.MDX
      ↳ Chain: Area: Blasted Lands → ADT: AZEROTH_37_55.ADT → WMO: GILNEAS_HOUSE_A.WMO → M2: TEROKKARWEB03.MDX
    WORLD/EXPANSION01/DOODADS/TEROKKAR/WEBS/TEROKKARWEB04.MDX
      ↳ Chain: Area: Blasted Lands → ADT: AZEROTH_37_55.ADT → WMO: GILNEAS_HOUSE_A.WMO → M2: TEROKKARWEB04.MDX
    WORLD/EXPANSION01/DOODADS/THEEXODAR/PASSIVEDOODADS/CLOTHOBJECTS/EXODAR_THIN_BANNER_ANIM.MDX
      ↳ Chain: Area: Bloodmyst Isle → ADT: KALIMDOR_20_17.ADT → WMO: DRAENEI_BLOODWATCHTOWER.WMO → M2: EXODAR_THIN_BANNER_ANIM.MDX
    WORLD/EXPANSION01/DOODADS/THEEXODAR/PASSIVEDOODADS/LIGHT_SCONCES/EXODAR_SCONCE.MDX
      ↳ Chain: Area: Bloodmyst Isle → ADT: KALIMDOR_20_17.ADT → WMO: DRAENEI_BLOODWATCHTOWER.WMO → M2: EXODAR_SCONCE.MDX
    WORLD/EXPANSION01/DOODADS/ZANGAR/BUSH/ZANGARGRASS01.MDX
      ↳ Chain: Area: Azuremyst Isle → ADT: KALIMDOR_19_23.ADT → WMO: MD_NAGACAVE.WMO → M2: ZANGARGRASS01.MDX
    WORLD/EXPANSION01/DOODADS/ZANGAR/MUSHROOM/ZANGARMUSHROOM04.MDX
      ↳ Chain: Area: Highlands → ADT: AZEROTH_40_40.ADT → WMO: OGRE_HUT.WMO → Unknown: OGRE_HUT_MUSHROOM.WMO → M2: ZANGARMUSHROOM04.MDX
    WORLD/EXPANSION01/DOODADS/ZANGAR/MUSHROOM/ZANGARMUSHROOM05.MDX
      ↳ Chain: Area: Highlands → ADT: AZEROTH_40_40.ADT → WMO: OGRE_HUT.WMO → Unknown: OGRE_HUT_MUSHROOM.WMO → M2: ZANGARMUSHROOM05.MDX
    WORLD/EXPANSION01/DOODADS/ZANGAR/MUSHROOM/ZANGARMUSHROOM07_BLUE.MDX
      ↳ Chain: Area: Highlands → ADT: AZEROTH_40_40.ADT → WMO: OGRE_HUT.WMO → Unknown: OGRE_HUT_MUSHROOM.WMO → M2: ZANGARMUSHROOM07_BLUE.MDX
    WORLD/EXPANSION01/DOODADS/ZANGAR/MUSHROOM/ZANGARMUSHROOM07_ORANGE.MDX
      ↳ Chain: Area: Crestfall → ADT: AZEROTH_13_42.ADT → WMO: 8CRE_AMPTUNNEL01_2459264.WMO → M2: ZANGARMUSHROOM07_ORANGE.MDX
    WORLD/EXPANSION01/DOODADS/ZULAMAN/DOORS/ZULAMAN_ENTRANCEGATE.MDX
      ↳ Chain: Area: AZEROTH [44,23] → ADT: AZEROTH_44_23.ADT → WMO: ZULAMAN_ENTRANCEBACK.WMO → M2: ZULAMAN_ENTRANCEGATE.MDX
    WORLD/EXPANSION01/DOODADS/ZULAMAN/DOORS/ZULAMAN_FIREDOOR.MDX
      ↳ Chain: Area: AZEROTH [45,23] → ADT: AZEROTH_45_23.ADT → WMO: ZULAMAN_WARLORD_ZULJIN_TEMPLE.WMO → M2: ZULAMAN_FIREDOOR.MDX
    WORLD/EXPANSION01/DOODADS/ZULAMAN/DOORS/ZULAMAN_WINDDOOR.MDX
      ↳ Chain: Area: Ghostlands → ADT: AZEROTH_44_22.ADT → WMO: BEARGOD_HIGHPRIEST.WMO → M2: ZULAMAN_WINDDOOR.MDX
    WORLD/EXPANSION01/DOODADS/ZULAMAN/RUINS/TROLLRUINS_ZULAMAN_07.MDX
      ↳ Chain: Area: Ghostlands → ADT: AZEROTH_43_23.ADT → WMO: ZULAMAN_ENTRANCE.WMO → M2: TROLLRUINS_ZULAMAN_07.MDX
    WORLD/EXPANSION01/DOODADS/ZULAMAN/RUINS/TROLLRUINS_ZULAMAN_08.MDX
      ↳ Chain: Area: AZEROTH [44,23] → ADT: AZEROTH_44_23.ADT → WMO: ZULAMAN_FOUNTAIN.WMO → M2: TROLLRUINS_ZULAMAN_08.MDX
    WORLD/EXPANSION01/DOODADS/ZULAMAN/TIKI/TROLLSKULLTIKI.MDX
      ↳ Chain: Area: Ghostlands → ADT: AZEROTH_43_23.ADT → WMO: ZULAMAN_ENTRANCE.WMO → M2: TROLLSKULLTIKI.MDX
    WORLD/EXPANSION01/DOODADS/ZULAMAN/WALL/FORESTTROLLDUNGEONBASINWALL.MDX
      ↳ Chain: Area: Ghostlands → ADT: AZEROTH_43_23.ADT → WMO: ZULAMAN_ENTRANCE.WMO → M2: FORESTTROLLDUNGEONBASINWALL.MDX
    WORLD/EXPANSION02/DOODADS/ICECROWN/ALLIANCE_GUNSHIP/BRASSCANNON.MDX
      ↳ Chain: Area: Gilneas → ADT: AZEROTH_29_35.ADT → WMO: GILNEAS_PRISONQUARTER_ENTRANCE.WMO → M2: BRASSCANNON.MDX
    WORLD/EXPANSION03/DOODADS/ABYSSALMAW/CORAL/ABYSSAL_BUBBLES_01.MDX
      ↳ Chain: Area: Vashj'ir → ADT: AZEROTH_25_45.ADT → WMO: DEMIGOD_DOME_LIVING.WMO → M2: ABYSSAL_BUBBLES_01.MDX
    WORLD/EXPANSION03/DOODADS/ABYSSALMAW/CORAL/ABYSSAL_BUSHCORAL01.MDX
      ↳ Chain: Area: Vashj'ir → ADT: AZEROTH_22_42.ADT → WMO: VASHJIR_ANTICHAMBER.WMO → M2: ABYSSAL_BUSHCORAL01.MDX
    WORLD/EXPANSION03/DOODADS/ABYSSALMAW/CORAL/ABYSSAL_CORAL_05.MDX
      ↳ Chain: Area: Vashj'ir → ADT: AZEROTH_22_42.ADT → WMO: VASHJIR_ANTICHAMBER.WMO → M2: ABYSSAL_CORAL_05.MDX
    WORLD/EXPANSION03/DOODADS/ABYSSALMAW/CORAL/ABYSSAL_CORAL_06.MDX
      ↳ Chain: Area: Vashj'ir → ADT: AZEROTH_22_42.ADT → WMO: VASHJIR_ANTICHAMBER.WMO → M2: ABYSSAL_CORAL_06.MDX
    WORLD/EXPANSION03/DOODADS/ABYSSALMAW/CORAL/ABYSSAL_CORAL_CHUNK_CEILING03.MDX
      ↳ Chain: Area: Vashj'ir → ADT: AZEROTH_22_42.ADT → WMO: VASHJIR_ANTICHAMBER.WMO → M2: ABYSSAL_CORAL_CHUNK_CEILING03.MDX
    WORLD/EXPANSION03/DOODADS/ABYSSALMAW/CORAL/ABYSSAL_CORAL_ROCK_01.MDX
      ↳ Chain: Area: Vashj'ir → ADT: AZEROTH_22_42.ADT → WMO: VASHJIR_ANTICHAMBER.WMO → M2: ABYSSAL_CORAL_ROCK_01.MDX
    WORLD/EXPANSION03/DOODADS/ABYSSALMAW/CORAL/ABYSSAL_CORAL_ROCK_02.MDX
      ↳ Chain: Area: Vashj'ir → ADT: AZEROTH_22_42.ADT → WMO: VASHJIR_ANTICHAMBER.WMO → M2: ABYSSAL_CORAL_ROCK_02.MDX
    WORLD/EXPANSION03/DOODADS/ABYSSALMAW/CORAL/ABYSSAL_CORAL_SEAFAN.MDX
      ↳ Chain: Area: Vashj'ir → ADT: AZEROTH_22_42.ADT → WMO: VASHJIR_ANTICHAMBER.WMO → M2: ABYSSAL_CORAL_SEAFAN.MDX
    WORLD/EXPANSION03/DOODADS/ABYSSALMAW/CORAL/ABYSSAL_FISH01.MDX
      ↳ Chain: Area: Vashj'ir → ADT: AZEROTH_25_42.ADT → WMO: VASHJIR_EARTHEN_CAVE.WMO → M2: ABYSSAL_FISH01.MDX
    WORLD/EXPANSION03/DOODADS/ABYSSALMAW/CORAL/ABYSSAL_FISH02.MDX
      ↳ Chain: Area: Vashj'ir → ADT: AZEROTH_24_40.ADT → WMO: TRANSPORT_SHIP_UD_SUNKENSHIP.WMO → M2: ABYSSAL_FISH02.MDX
    WORLD/EXPANSION03/DOODADS/ABYSSALMAW/CORAL/ABYSSAL_JELLYFISH01.MDX
      ↳ Chain: Area: Vashj'ir → ADT: AZEROTH_22_42.ADT → WMO: VASHJIR_ANTICHAMBER.WMO → M2: ABYSSAL_JELLYFISH01.MDX
    WORLD/EXPANSION03/DOODADS/ABYSSALMAW/CORAL/ABYSSAL_MAW_SHELL_01.MDX
      ↳ Chain: Area: Vashj'ir → ADT: AZEROTH_22_42.ADT → WMO: VASHJIR_ANTICHAMBER.WMO → M2: ABYSSAL_MAW_SHELL_01.MDX
    WORLD/EXPANSION03/DOODADS/ABYSSALMAW/CORAL/ABYSSAL_SEAWEED_04.MDX
      ↳ Chain: Area: Vashj'ir → ADT: AZEROTH_22_42.ADT → WMO: VASHJIR_ANTICHAMBER.WMO → M2: ABYSSAL_SEAWEED_04.MDX
    WORLD/EXPANSION03/DOODADS/ABYSSALMAW/CORAL/ABYSSAL_SEA_SHELF.MDX
      ↳ Chain: Area: Vashj'ir → ADT: AZEROTH_22_42.ADT → WMO: VASHJIR_ANTICHAMBER.WMO → M2: ABYSSAL_SEA_SHELF.MDX
    WORLD/EXPANSION03/DOODADS/ABYSSALMAW/WATER/ABYSSAL_VORTEX_01.MDX
      ↳ Chain: Area: Vashj'ir → ADT: AZEROTH_22_42.ADT → WMO: VASHJIR_ANTICHAMBER.WMO → M2: ABYSSAL_VORTEX_01.MDX
    WORLD/EXPANSION03/DOODADS/DARKSHOREREWORK/DARKSHORE_WATERFALL_MIST01.MDX
      ↳ Chain: Area: Vashj'ir → ADT: AZEROTH_22_42.ADT → WMO: VASHJIR_ANTICHAMBER.WMO → M2: DARKSHORE_WATERFALL_MIST01.MDX
    WORLD/EXPANSION03/DOODADS/DEEPHOLM/CRYSTALS/DEEPHOLM_CRYSTALBLOCK01_BLUE.MDX
      ↳ Chain: Area: Deepholm → ADT: DEEPHOME_32_28.ADT → WMO: DEEPHOLM_WINDTUNNEL_01.WMO → M2: DEEPHOLM_CRYSTALBLOCK01_BLUE.MDX
    WORLD/EXPANSION03/DOODADS/DEEPHOLM/CRYSTALS/DEEPHOLM_CRYSTALBLOCK01_CHALK.MDX
      ↳ Chain: Area: Deepholm → ADT: DEEPHOME_32_28.ADT → WMO: DEEPHOLM_WINDTUNNEL_01.WMO → M2: DEEPHOLM_CRYSTALBLOCK01_CHALK.MDX
    WORLD/EXPANSION03/DOODADS/DEEPHOLM/CRYSTALS/DEEPHOLM_CRYSTALBLOCK01_SILVER.MDX
      ↳ Chain: Area: Deepholm → ADT: DEEPHOME_32_28.ADT → WMO: DEEPHOLM_WINDTUNNEL_01.WMO → M2: DEEPHOLM_CRYSTALBLOCK01_SILVER.MDX
    WORLD/EXPANSION03/DOODADS/DEEPHOLM/CRYSTALS/DEEPHOLM_CRYSTALBLOCK02_BLUE.MDX
      ↳ Chain: Area: Deepholm → ADT: DEEPHOME_32_28.ADT → WMO: DEEPHOLM_WINDTUNNEL_01.WMO → M2: DEEPHOLM_CRYSTALBLOCK02_BLUE.MDX
    WORLD/EXPANSION03/DOODADS/DEEPHOLM/CRYSTALS/DEEPHOLM_CRYSTALBLOCK02_CHALK.MDX
      ↳ Chain: Area: Deepholm → ADT: DEEPHOME_32_28.ADT → WMO: DEEPHOLM_WINDTUNNEL_01.WMO → M2: DEEPHOLM_CRYSTALBLOCK02_CHALK.MDX
    WORLD/EXPANSION03/DOODADS/DEEPHOLM/CRYSTALS/DEEPHOLM_CRYSTALBLOCK02_ORANGE.MDX
      ↳ Chain: Area: Deepholm → ADT: DEEPHOME_32_28.ADT → WMO: DEEPHOLM_WINDTUNNEL_01.WMO → M2: DEEPHOLM_CRYSTALBLOCK02_ORANGE.MDX
    WORLD/EXPANSION03/DOODADS/DEEPHOLM/CRYSTALS/DEEPHOLM_CRYSTALBLOCK02_RED.MDX
      ↳ Chain: Area: Deepholm → ADT: DEEPHOME_32_28.ADT → WMO: DEEPHOLM_WINDTUNNEL_01.WMO → M2: DEEPHOLM_CRYSTALBLOCK02_RED.MDX
    WORLD/EXPANSION03/DOODADS/DEEPHOLM/CRYSTALS/DEEPHOLM_CRYSTALBLOCK02_SILVER.MDX
      ↳ Chain: Area: Deepholm → ADT: DEEPHOME_32_28.ADT → WMO: DEEPHOLM_WINDTUNNEL_01.WMO → M2: DEEPHOLM_CRYSTALBLOCK02_SILVER.MDX
    WORLD/EXPANSION03/DOODADS/DEEPHOLM/CRYSTALS/DEEPHOLM_CRYSTALBLOCK03_BLUE.MDX
      ↳ Chain: Area: Deepholm → ADT: DEEPHOME_32_28.ADT → WMO: DEEPHOLM_WINDTUNNEL_01.WMO → M2: DEEPHOLM_CRYSTALBLOCK03_BLUE.MDX
    WORLD/EXPANSION03/DOODADS/DEEPHOLM/CRYSTALS/DEEPHOLM_CRYSTALBLOCK03_CHALK.MDX
      ↳ Chain: Area: Deepholm → ADT: DEEPHOME_32_28.ADT → WMO: DEEPHOLM_WINDTUNNEL_01.WMO → M2: DEEPHOLM_CRYSTALBLOCK03_CHALK.MDX
    WORLD/EXPANSION03/DOODADS/DEEPHOLM/CRYSTALS/DEEPHOLM_CRYSTALBLOCK03_ORANGE.MDX
      ↳ Chain: Area: Deepholm → ADT: DEEPHOME_32_28.ADT → WMO: DEEPHOLM_WINDTUNNEL_01.WMO → M2: DEEPHOLM_CRYSTALBLOCK03_ORANGE.MDX
    WORLD/EXPANSION03/DOODADS/DEEPHOLM/CRYSTALS/DEEPHOLM_CRYSTALBLOCK03_RED.MDX
      ↳ Chain: Area: Deepholm → ADT: DEEPHOME_32_28.ADT → WMO: DEEPHOLM_WINDTUNNEL_01.WMO → M2: DEEPHOLM_CRYSTALBLOCK03_RED.MDX
    WORLD/EXPANSION03/DOODADS/DEEPHOLM/CRYSTALS/DEEPHOLM_CRYSTALBLOCK03_SILVER.MDX
      ↳ Chain: Area: Deepholm → ADT: DEEPHOME_32_28.ADT → WMO: DEEPHOLM_WINDTUNNEL_01.WMO → M2: DEEPHOLM_CRYSTALBLOCK03_SILVER.MDX
    WORLD/EXPANSION03/DOODADS/DEEPHOLM/CRYSTALS/DEEPHOLM_CRYSTALBLOCK04_CHALK.MDX
      ↳ Chain: Area: Deepholm → ADT: DEEPHOME_32_28.ADT → WMO: DEEPHOLM_WINDTUNNEL_01.WMO → M2: DEEPHOLM_CRYSTALBLOCK04_CHALK.MDX
    WORLD/EXPANSION03/DOODADS/DEEPHOLM/CRYSTALS/DEEPHOLM_CRYSTALBLOCK04_SILVER.MDX
      ↳ Chain: Area: Deepholm → ADT: DEEPHOME_32_28.ADT → WMO: DEEPHOLM_WINDTUNNEL_01.WMO → M2: DEEPHOLM_CRYSTALBLOCK04_SILVER.MDX
    WORLD/EXPANSION03/DOODADS/DEEPHOLM/CRYSTALS/DEEPHOLM_CRYSTALROCK01_BLUE.MDX
      ↳ Chain: Area: Deepholm → ADT: DEEPHOME_33_29.ADT → WMO: DEEPHOLM_MERCURY_POOL.WMO → M2: DEEPHOLM_CRYSTALROCK01_BLUE.MDX
    WORLD/EXPANSION03/DOODADS/DEEPHOLM/CRYSTALS/DEEPHOLM_CRYSTALROCK01_GREEN.MDX
      ↳ Chain: Area: Deepholm → ADT: DEEPHOME_33_31.ADT → WMO: DEEPHOLM_MERCURY_POOL01.WMO → M2: DEEPHOLM_CRYSTALROCK01_GREEN.MDX
    WORLD/EXPANSION03/DOODADS/DEEPHOLM/CRYSTALS/DEEPHOLM_CRYSTALROCK02_BLUE.MDX
      ↳ Chain: Area: Deepholm → ADT: DEEPHOME_33_29.ADT → WMO: DEEPHOLM_MERCURY_POOL.WMO → M2: DEEPHOLM_CRYSTALROCK02_BLUE.MDX
    WORLD/EXPANSION03/DOODADS/DEEPHOLM/CRYSTALS/DEEPHOLM_CRYSTALROCK02_GREEN.MDX
      ↳ Chain: Area: Deepholm → ADT: DEEPHOME_33_31.ADT → WMO: DEEPHOLM_MERCURY_POOL01.WMO → M2: DEEPHOLM_CRYSTALROCK02_GREEN.MDX
    WORLD/EXPANSION03/DOODADS/DEEPHOLM/CRYSTALS/DEEPHOLM_CRYSTALROCK03_BLUE.MDX
      ↳ Chain: Area: Deepholm → ADT: DEEPHOME_33_29.ADT → WMO: DEEPHOLM_MERCURY_POOL.WMO → M2: DEEPHOLM_CRYSTALROCK03_BLUE.MDX
    WORLD/EXPANSION03/DOODADS/DEEPHOLM/CRYSTALS/DEEPHOLM_CRYSTALROCK03_GREEN.MDX
      ↳ Chain: Area: Deepholm → ADT: DEEPHOME_33_31.ADT → WMO: DEEPHOLM_MERCURY_POOL01.WMO → M2: DEEPHOLM_CRYSTALROCK03_GREEN.MDX
    WORLD/EXPANSION03/DOODADS/DEEPHOLM/CRYSTALS/DEEPHOLM_CRYSTALROCK04_BLUE.MDX
      ↳ Chain: Area: Deepholm → ADT: DEEPHOME_33_29.ADT → WMO: DEEPHOLM_MERCURY_POOL.WMO → M2: DEEPHOLM_CRYSTALROCK04_BLUE.MDX
    WORLD/EXPANSION03/DOODADS/DEEPHOLM/CRYSTALS/DEEPHOLM_CRYSTALROCK04_GREEN.MDX
      ↳ Chain: Area: Deepholm → ADT: DEEPHOME_33_31.ADT → WMO: DEEPHOLM_MERCURY_POOL01.WMO → M2: DEEPHOLM_CRYSTALROCK04_GREEN.MDX
    WORLD/EXPANSION03/DOODADS/DEEPHOLM/CRYSTALS/DEEPHOLM_CRYSTALROCK05_BLUE.MDX
      ↳ Chain: Area: Deepholm → ADT: DEEPHOME_33_29.ADT → WMO: DEEPHOLM_MERCURY_POOL.WMO → M2: DEEPHOLM_CRYSTALROCK05_BLUE.MDX
    WORLD/EXPANSION03/DOODADS/DEEPHOLM/CRYSTALS/DEEPHOLM_CRYSTALROCK05_GREEN.MDX
      ↳ Chain: Area: Deepholm → ADT: DEEPHOME_33_31.ADT → WMO: DEEPHOLM_MERCURY_POOL01.WMO → M2: DEEPHOLM_CRYSTALROCK05_GREEN.MDX
    WORLD/EXPANSION03/DOODADS/DEEPHOLM/DEEPHOLM_CLUSTER.MDX
      ↳ Chain: Area: Deepholm → ADT: DEEPHOME_32_31.ADT → WMO: DEEPHOLMEEXT_LIT.WMO → M2: DEEPHOLM_CLUSTER.MDX
    WORLD/EXPANSION03/DOODADS/DEEPHOLM/DEEPHOLM_MINERALCOLUMN01.MDX
      ↳ Chain: Area: Deepholm → ADT: DEEPHOME_32_32.ADT → WMO: TWILIGHTSHAMMER_MINE.WMO → M2: DEEPHOLM_MINERALCOLUMN01.MDX
    WORLD/EXPANSION03/DOODADS/DEEPHOLM/DEEPHOLM_MINERALCOLUMN02.MDX
      ↳ Chain: Area: Deepholm → ADT: DEEPHOME_32_32.ADT → WMO: TWILIGHTSHAMMER_MINE.WMO → M2: DEEPHOLM_MINERALCOLUMN02.MDX
    WORLD/EXPANSION03/DOODADS/DEEPHOLM/DEEPHOLM_MINERALCOLUMN03.MDX
      ↳ Chain: Area: Deepholm → ADT: DEEPHOME_32_32.ADT → WMO: TWILIGHTSHAMMER_MINE.WMO → M2: DEEPHOLM_MINERALCOLUMN03.MDX
    WORLD/EXPANSION03/DOODADS/DEEPHOLM/DEEPHOLM_MINERALCOLUMN04.MDX
      ↳ Chain: Area: Deepholm → ADT: DEEPHOME_32_32.ADT → WMO: TWILIGHTSHAMMER_MINE.WMO → M2: DEEPHOLM_MINERALCOLUMN04.MDX
    WORLD/EXPANSION03/DOODADS/DEEPHOLM/DEEPHOLM_MINERALCOLUMN06.MDX
      ↳ Chain: Area: Deepholm → ADT: DEEPHOME_32_32.ADT → WMO: TWILIGHTSHAMMER_MINE.WMO → M2: DEEPHOLM_MINERALCOLUMN06.MDX
    WORLD/EXPANSION03/DOODADS/DEEPHOLM/GEMS/DEEPHOLM_GEMS01.MDX
      ↳ Chain: Area: Deepholm → ADT: DEEPHOME_32_31.ADT → WMO: DEEPHOLMEEXT_LIT.WMO → M2: DEEPHOLM_GEMS01.MDX
    WORLD/EXPANSION03/DOODADS/DEEPHOLM/GEMS/DEEPHOLM_GEMS02.MDX
      ↳ Chain: Area: Deepholm → ADT: DEEPHOME_32_32.ADT → WMO: TWILIGHTSHAMMER_MINE.WMO → M2: DEEPHOLM_GEMS02.MDX
    WORLD/EXPANSION03/DOODADS/DEEPHOLM/GEMS/DEEPHOLM_GEMS03.MDX
      ↳ Chain: Area: Deepholm → ADT: DEEPHOME_32_32.ADT → WMO: TWILIGHTSHAMMER_MINE.WMO → M2: DEEPHOLM_GEMS03.MDX
    WORLD/EXPANSION03/DOODADS/DEEPHOLM/GEMS/DEEPHOLM_GEMS04.MDX
      ↳ Chain: Area: Deepholm → ADT: DEEPHOME_32_31.ADT → WMO: DEEPHOLMEEXT_LIT.WMO → M2: DEEPHOLM_GEMS04.MDX
    WORLD/EXPANSION03/DOODADS/DEEPHOLM/GLOW/DEEPHOLM_BLUEGLOW_01.MDX
      ↳ Chain: Area: Deadwind Pass → ADT: AZEROTH_35_52.ADT → WMO: 7AF_ARTIFACT_SEWER.WMO → M2: DEEPHOLM_BLUEGLOW_01.MDX
    WORLD/EXPANSION03/DOODADS/DEEPHOLM/GLOW/DEEPHOLM_BLUGRENBRTGLOW_01.MDX
      ↳ Chain: Area: Deadwind Pass → ADT: AZEROTH_35_52.ADT → WMO: 7AF_ARTIFACT_SEWER.WMO → M2: DEEPHOLM_BLUGRENBRTGLOW_01.MDX
    WORLD/EXPANSION03/DOODADS/DEEPHOLM/GLOW/DEEPHOLM_PURPLEGLOW_01.MDX
      ↳ Chain: Area: Deepholm → ADT: DEEPHOME_32_32.ADT → WMO: TWILIGHTSHAMMER_MINE.WMO → M2: DEEPHOLM_PURPLEGLOW_01.MDX
    WORLD/EXPANSION03/DOODADS/DEEPHOLM/MERCURYPOOLS/DEEPHOLM_MERCURYPOOL01.MDX
      ↳ Chain: Area: Highlands → ADT: AZEROTH_42_41.ADT → WMO: TH_OBSIDIAN_LAIR.WMO → M2: DEEPHOLM_MERCURYPOOL01.MDX
    WORLD/EXPANSION03/DOODADS/DEEPHOLM/MERCURYPOOLS/DEEPHOLM_MERCURYPOOL08.MDX
      ↳ Chain: Area: Highlands → ADT: AZEROTH_42_41.ADT → WMO: TH_OBSIDIAN_LAIR.WMO → M2: DEEPHOLM_MERCURYPOOL08.MDX
    WORLD/EXPANSION03/DOODADS/DEEPHOLM/MINERALS/DEEPHOLM_MINERALCRYSTAL01_BLUE.MDX
      ↳ Chain: Area: Deepholm → ADT: DEEPHOME_32_32.ADT → WMO: TWILIGHTSHAMMER_MINE.WMO → M2: DEEPHOLM_MINERALCRYSTAL01_BLUE.MDX
    WORLD/EXPANSION03/DOODADS/DEEPHOLM/MINERALS/DEEPHOLM_MINERALCRYSTAL01_GREEN.MDX
      ↳ Chain: Area: Deepholm → ADT: DEEPHOME_32_28.ADT → WMO: DEEPHOLM_WINDTUNNEL_01.WMO → M2: DEEPHOLM_MINERALCRYSTAL01_GREEN.MDX
    WORLD/EXPANSION03/DOODADS/DEEPHOLM/MINERALS/DEEPHOLM_MINERALCRYSTAL01_ORANGE.MDX
      ↳ Chain: Area: Deepholm → ADT: DEEPHOME_32_28.ADT → WMO: DEEPHOLM_WINDTUNNEL_01.WMO → M2: DEEPHOLM_MINERALCRYSTAL01_ORANGE.MDX
    WORLD/EXPANSION03/DOODADS/DEEPHOLM/MINERALS/DEEPHOLM_MINERALCRYSTAL01_RED.MDX
      ↳ Chain: Area: Deepholm → ADT: DEEPHOME_32_32.ADT → WMO: TWILIGHTSHAMMER_MINE.WMO → M2: DEEPHOLM_MINERALCRYSTAL01_RED.MDX
    WORLD/EXPANSION03/DOODADS/DEEPHOLM/MINERALS/DEEPHOLM_MINERALCRYSTAL01_SILVER.MDX
      ↳ Chain: Area: Deepholm → ADT: DEEPHOME_32_32.ADT → WMO: TWILIGHTSHAMMER_MINE.WMO → M2: DEEPHOLM_MINERALCRYSTAL01_SILVER.MDX
    WORLD/EXPANSION03/DOODADS/DEEPHOLM/MINERALS/DEEPHOLM_MINERALROCKS16.MDX
      ↳ Chain: Area: Deepholm → ADT: DEEPHOME_33_31.ADT → WMO: DEEPHOLM_MERCURY_POOL01.WMO → M2: DEEPHOLM_MINERALROCKS16.MDX
    WORLD/EXPANSION03/DOODADS/DEEPHOLM/MINERALS/DEEPHOLM_MINERALROCKS17.MDX
      ↳ Chain: Area: Deepholm → ADT: DEEPHOME_33_31.ADT → WMO: DEEPHOLM_MERCURY_POOL01.WMO → M2: DEEPHOLM_MINERALROCKS17.MDX
    WORLD/EXPANSION03/DOODADS/DEEPHOLM/MINERALS/DEEPHOLM_MINERALROCKS21.MDX
      ↳ Chain: Area: Deepholm → ADT: DEEPHOME_32_28.ADT → WMO: DEEPHOLM_WINDTUNNEL_01.WMO → M2: DEEPHOLM_MINERALROCKS21.MDX
    WORLD/EXPANSION03/DOODADS/DEEPHOLM/MINERALS/DEEPHOLM_MINERALROCKS22.MDX
      ↳ Chain: Area: Deepholm → ADT: DEEPHOME_32_28.ADT → WMO: DEEPHOLM_WINDTUNNEL_01.WMO → M2: DEEPHOLM_MINERALROCKS22.MDX
    WORLD/EXPANSION03/DOODADS/DEEPHOLM/MINERALS/DEEPHOLM_MINERALROCKS26.MDX
      ↳ Chain: Area: Deepholm → ADT: DEEPHOME_33_29.ADT → WMO: DEEPHOLM_MERCURY_POOL.WMO → M2: DEEPHOLM_MINERALROCKS26.MDX
    WORLD/EXPANSION03/DOODADS/DEEPHOLM/MINERALS/DEEPHOLM_MINERALROCKS27.MDX
      ↳ Chain: Area: Deepholm → ADT: DEEPHOME_33_29.ADT → WMO: DEEPHOLM_MERCURY_POOL.WMO → M2: DEEPHOLM_MINERALROCKS27.MDX
    WORLD/EXPANSION03/DOODADS/DEEPHOLM/MINERALS/DEEPHOLM_MINERALROCKS32.MDX
      ↳ Chain: Area: Deepholm → ADT: DEEPHOME_32_28.ADT → WMO: DEEPHOLM_WINDTUNNEL_01.WMO → M2: DEEPHOLM_MINERALROCKS32.MDX
    WORLD/EXPANSION03/DOODADS/DEEPHOLM/MOTHS/DEEPHOLM_SMALL_MOTH_01.MDX
      ↳ Chain: Area: Deepholm → ADT: DEEPHOME_32_28.ADT → WMO: DEEPHOLM_WINDTUNNEL_01.WMO → M2: DEEPHOLM_SMALL_MOTH_01.MDX
    WORLD/EXPANSION03/DOODADS/DEEPHOLM/MUSHROOMS/DEEPHOLM_MOSSYMUSHROOM01.MDX
      ↳ Chain: Area: Deepholm → ADT: DEEPHOME_32_28.ADT → WMO: DEEPHOLM_WINDTUNNEL_01.WMO → M2: DEEPHOLM_MOSSYMUSHROOM01.MDX
    WORLD/EXPANSION03/DOODADS/DEEPHOLM/MUSHROOMS/DEEPHOLM_MOSSYMUSHROOM02.MDX
      ↳ Chain: Area: Deepholm → ADT: DEEPHOME_32_28.ADT → WMO: DEEPHOLM_WINDTUNNEL_01.WMO → M2: DEEPHOLM_MOSSYMUSHROOM02.MDX
    WORLD/EXPANSION03/DOODADS/DEEPHOLM/MUSHROOMS/DEEPHOLM_MUSHROOMGROUP01.MDX
      ↳ Chain: Area: Deepholm → ADT: DEEPHOME_32_32.ADT → WMO: TWILIGHTSHAMMER_MINE.WMO → M2: DEEPHOLM_MUSHROOMGROUP01.MDX
    WORLD/EXPANSION03/DOODADS/DEEPHOLM/MUSHROOMS/DEEPHOLM_MUSHROOMGROUP04.MDX
      ↳ Chain: Area: Deepholm → ADT: DEEPHOME_32_31.ADT → WMO: DEEPHOLMEEXT_LIT.WMO → M2: DEEPHOLM_MUSHROOMGROUP04.MDX
    WORLD/EXPANSION03/DOODADS/DEEPHOLM/MUSHROOMS/DEEPHOLM_MUSHROOMGROUP05.MDX
      ↳ Chain: Area: Deepholm → ADT: DEEPHOME_32_32.ADT → WMO: TWILIGHTSHAMMER_MINE.WMO → M2: DEEPHOLM_MUSHROOMGROUP05.MDX
    WORLD/EXPANSION03/DOODADS/DEEPHOLM/MUSHROOMS/DEEPHOLM_MUSHROOMGROUP06.MDX
      ↳ Chain: Area: Deepholm → ADT: DEEPHOME_32_31.ADT → WMO: DEEPHOLMEEXT_LIT.WMO → M2: DEEPHOLM_MUSHROOMGROUP06.MDX
    WORLD/EXPANSION03/DOODADS/DEEPHOLM/MUSHROOMS/DEEPHOLM_MUSHROOMS01.MDX
      ↳ Chain: Area: Deepholm → ADT: DEEPHOME_32_32.ADT → WMO: TWILIGHTSHAMMER_MINE.WMO → M2: DEEPHOLM_MUSHROOMS01.MDX
    WORLD/EXPANSION03/DOODADS/DEEPHOLM/MUSHROOMS/DEEPHOLM_MUSHROOMS04.MDX
      ↳ Chain: Area: Deepholm → ADT: DEEPHOME_32_31.ADT → WMO: DEEPHOLMEEXT_LIT.WMO → M2: DEEPHOLM_MUSHROOMS04.MDX
    WORLD/EXPANSION03/DOODADS/DEEPHOLM/MUSHROOMS/DEEPHOLM_MUSHROOMS05.MDX
      ↳ Chain: Area: Deepholm → ADT: DEEPHOME_32_32.ADT → WMO: TWILIGHTSHAMMER_MINE.WMO → M2: DEEPHOLM_MUSHROOMS05.MDX
    WORLD/EXPANSION03/DOODADS/DEEPHOLM/MUSHROOMS/DEEPHOLM_MUSHROOMS06.MDX
      ↳ Chain: Area: Deepholm → ADT: DEEPHOME_32_32.ADT → WMO: TWILIGHTSHAMMER_MINE.WMO → M2: DEEPHOLM_MUSHROOMS06.MDX
    WORLD/EXPANSION03/DOODADS/DEEPHOLM/MUSHROOMS/DEEPHOLM_MUSHROOMS09.MDX
      ↳ Chain: Area: Deepholm → ADT: DEEPHOME_32_32.ADT → WMO: TWILIGHTSHAMMER_MINE.WMO → M2: DEEPHOLM_MUSHROOMS09.MDX
    WORLD/EXPANSION03/DOODADS/DEEPHOLM/MUSHROOMS/DEEPHOLM_SKINNYSHROOM05_SILVER.MDX
      ↳ Chain: Area: Deepholm → ADT: DEEPHOME_32_32.ADT → WMO: TWILIGHTSHAMMER_MINE.WMO → M2: DEEPHOLM_SKINNYSHROOM05_SILVER.MDX
    WORLD/EXPANSION03/DOODADS/DEEPHOLM/MUSHROOMS/DEEPHOLM_SKINNYSHROOM06_SILVER.MDX
      ↳ Chain: Area: Deepholm → ADT: DEEPHOME_32_32.ADT → WMO: TWILIGHTSHAMMER_MINE.WMO → M2: DEEPHOLM_SKINNYSHROOM06_SILVER.MDX
    WORLD/EXPANSION03/DOODADS/DEEPHOLM/MUSHROOMS/DEEPHOLM_SKINNYSHROOM07_SILVER.MDX
      ↳ Chain: Area: Deepholm → ADT: DEEPHOME_32_32.ADT → WMO: TWILIGHTSHAMMER_MINE.WMO → M2: DEEPHOLM_SKINNYSHROOM07_SILVER.MDX
    WORLD/EXPANSION03/DOODADS/DEEPHOLM/MUSHROOMS/DEEPHOLM_SKINNYSHROOM08_SILVER.MDX
      ↳ Chain: Area: Deepholm → ADT: DEEPHOME_32_32.ADT → WMO: TWILIGHTSHAMMER_MINE.WMO → M2: DEEPHOLM_SKINNYSHROOM08_SILVER.MDX
    WORLD/EXPANSION03/DOODADS/DEEPHOLM/MUSHROOMS/DEEPHOLM_SKINNYSHROOMGROUP04_SILVER.MDX
      ↳ Chain: Area: Deepholm → ADT: DEEPHOME_32_32.ADT → WMO: TWILIGHTSHAMMER_MINE.WMO → M2: DEEPHOLM_SKINNYSHROOMGROUP04_SILVER.MDX
    WORLD/EXPANSION03/DOODADS/DEEPHOLM/MUSHROOMS/DEEPHOLM_SKINNYSHROOMGROUP05_SILVER.MDX
      ↳ Chain: Area: Deepholm → ADT: DEEPHOME_32_32.ADT → WMO: TWILIGHTSHAMMER_MINE.WMO → M2: DEEPHOLM_SKINNYSHROOMGROUP05_SILVER.MDX
    WORLD/EXPANSION03/DOODADS/DEEPHOLM/MUSHROOMS/DEEPHOLM_SKINNYSHROOMGROUP06_SILVER.MDX
      ↳ Chain: Area: Deepholm → ADT: DEEPHOME_32_31.ADT → WMO: DEEPHOLMEEXT_LIT.WMO → M2: DEEPHOLM_SKINNYSHROOMGROUP06_SILVER.MDX
    WORLD/EXPANSION03/DOODADS/DEEPHOLM/ROCKS/DEEPHOLM_FLOATINGSMALL02_RED.MDX
      ↳ Chain: Area: Highlands → ADT: AZEROTH_39_37.ADT → WMO: TH_REDDRAGONSHRINE.WMO → M2: DEEPHOLM_FLOATINGSMALL02_RED.MDX
    WORLD/EXPANSION03/DOODADS/DEEPHOLM/ROCKS/DEEPHOLM_FLOATINGSMALL03_CHALK.MDX
      ↳ Chain: Area: Deepholm → ADT: DEEPHOME_32_28.ADT → WMO: DEEPHOLM_WINDTUNNEL_01.WMO → M2: DEEPHOLM_FLOATINGSMALL03_CHALK.MDX
    WORLD/EXPANSION03/DOODADS/DEEPHOLM/ROCKS/DEEPHOLM_FLOATINGSMALL03_RED.MDX
      ↳ Chain: Area: Highlands → ADT: AZEROTH_39_37.ADT → WMO: TH_REDDRAGONSHRINE.WMO → M2: DEEPHOLM_FLOATINGSMALL03_RED.MDX
    WORLD/EXPANSION03/DOODADS/DEEPHOLM/ROCKS/DEEPHOLM_FLOATINGSMALL03_SILVER.MDX
      ↳ Chain: Area: Deepholm → ADT: DEEPHOME_32_28.ADT → WMO: DEEPHOLM_WINDTUNNEL_01.WMO → M2: DEEPHOLM_FLOATINGSMALL03_SILVER.MDX
    WORLD/EXPANSION03/DOODADS/DEEPHOLM/SHELLSPIKES/DEEPHOLM_SHELLSPIKE_01.MDX
      ↳ Chain: Area: Deepholm → ADT: DEEPHOME_32_32.ADT → WMO: TWILIGHTSHAMMER_MINE.WMO → M2: DEEPHOLM_SHELLSPIKE_01.MDX
    WORLD/EXPANSION03/DOODADS/DEEPHOLM/SHELLSPIKES/DEEPHOLM_SHELLSPIKE_02.MDX
      ↳ Chain: Area: Deepholm → ADT: DEEPHOME_32_32.ADT → WMO: TWILIGHTSHAMMER_MINE.WMO → M2: DEEPHOLM_SHELLSPIKE_02.MDX
    WORLD/EXPANSION03/DOODADS/DEEPHOLM/SPARKLES/DEEPHOLM_SPARKLES01.MDX
      ↳ Chain: Area: Deepholm → ADT: DEEPHOME_32_31.ADT → WMO: DEEPHOLMEEXT_LIT.WMO → M2: DEEPHOLM_SPARKLES01.MDX
    WORLD/EXPANSION03/DOODADS/DEEPHOLM/STALAGMITES/DEEPHOLM_STALAGMITE01.MDX
      ↳ Chain: Area: Deepholm → ADT: DEEPHOME_33_29.ADT → WMO: DEEPHOLM_MERCURY_POOL.WMO → M2: DEEPHOLM_STALAGMITE01.MDX
    WORLD/EXPANSION03/DOODADS/DEEPHOLM/STALAGMITES/DEEPHOLM_STALAGMITE02.MDX
      ↳ Chain: Area: Deepholm → ADT: DEEPHOME_33_29.ADT → WMO: DEEPHOLM_MERCURY_POOL.WMO → M2: DEEPHOLM_STALAGMITE02.MDX
    WORLD/EXPANSION03/DOODADS/DEEPHOLM/STALAGMITES/DEEPHOLM_STALAGMITE03.MDX
      ↳ Chain: Area: Deepholm → ADT: DEEPHOME_33_29.ADT → WMO: DEEPHOLM_MERCURY_POOL.WMO → M2: DEEPHOLM_STALAGMITE03.MDX
    WORLD/EXPANSION03/DOODADS/DEEPHOLM/STRIATIONS/DEEPHOLM_STRIATIONS01.MDX
      ↳ Chain: Area: Deepholm → ADT: DEEPHOME_32_32.ADT → WMO: TWILIGHTSHAMMER_MINE.WMO → M2: DEEPHOLM_STRIATIONS01.MDX
    WORLD/EXPANSION03/DOODADS/DRAGONMAW/BANNERS/DRAGONMAW_BANNER01.MDX
      ↳ Chain: Area: Crestfall → ADT: AZEROTH_13_42.ADT → WMO: 8CRE_AMPTUNNEL01_2459264.WMO → M2: DRAGONMAW_BANNER01.MDX
    WORLD/EXPANSION03/DOODADS/DRAGONMAW/WEAPONS/DRAGONMAW_WEAPON01.MDX
      ↳ Chain: Area: Uldum → ADT: KALIMDOR_35_50.ADT → WMO: ULDUM_ENEMY_VILLAGE.WMO → M2: DRAGONMAW_WEAPON01.MDX
    WORLD/EXPANSION03/DOODADS/DRAGONMAW/WEAPONS/DRAGONMAW_WEAPON02.MDX
      ↳ Chain: Area: Uldum → ADT: KALIMDOR_35_50.ADT → WMO: ULDUM_ENEMY_VILLAGE.WMO → M2: DRAGONMAW_WEAPON02.MDX
    WORLD/EXPANSION03/DOODADS/DRAGONMAW/WEAPONS/DRAGONMAW_WEAPON03.MDX
      ↳ Chain: Area: Uldum → ADT: KALIMDOR_35_50.ADT → WMO: ULDUM_ENEMY_VILLAGE.WMO → M2: DRAGONMAW_WEAPON03.MDX
    WORLD/EXPANSION03/DOODADS/EARTHEN/TWILIGHTSHAMMER_EARTHEN_FLOOR_01.MDX
      ↳ Chain: Area: Deepholm → ADT: DEEPHOME_32_31.ADT → WMO: TWILIGHTSHAMMER_ELEMENTAL_RING.WMO → M2: TWILIGHTSHAMMER_EARTHEN_FLOOR_01.MDX
    WORLD/EXPANSION03/DOODADS/EARTHEN/TWILIGHTSHAMMER_EARTHEN_PYLON_01.MDX
      ↳ Chain: Area: Deepholm → ADT: DEEPHOME_32_32.ADT → WMO: TWILIGHTSHAMMER_MINE.WMO → M2: TWILIGHTSHAMMER_EARTHEN_PYLON_01.MDX
    WORLD/EXPANSION03/DOODADS/EARTHEN/TWILIGHTSHAMMER_EARTHEN_PYLON_04.MDX
      ↳ Chain: Area: Deepholm → ADT: DEEPHOME_32_31.ADT → WMO: TWILIGHTSHAMMER_ELEMENTAL_RING.WMO → M2: TWILIGHTSHAMMER_EARTHEN_PYLON_04.MDX
    WORLD/EXPANSION03/DOODADS/GENERIC/ALLIANCE_SUBMARINE_ANIMATIONS.MDX
      ↳ Chain: Area: Vashj'ir → ADT: AZEROTH_21_44.ADT → WMO: ALLIANCE_SUBMARINE_SEALED.WMO → M2: ALLIANCE_SUBMARINE_ANIMATIONS.MDX
    WORLD/EXPANSION03/DOODADS/GENERIC/GOBLIN_TESLA.MDX
      ↳ Chain: Area: Vashj'ir → ADT: AZEROTH_21_44.ADT → WMO: HORDE_SUBMARINE_CLOSED.WMO → M2: GOBLIN_TESLA.MDX
    WORLD/EXPANSION03/DOODADS/GENERIC/HORDE_SUBMARINE_TAIL.MDX
      ↳ Chain: Area: Vashj'ir → ADT: AZEROTH_21_44.ADT → WMO: HORDE_SUBMARINE_CLOSED.WMO → M2: HORDE_SUBMARINE_TAIL.MDX
    WORLD/EXPANSION03/DOODADS/GENERIC/SEAHORSESTAND.MDX
      ↳ Chain: Area: Vashj'ir → ADT: AZEROTH_21_45.ADT → WMO: VASHJIR_LARGE_CAVE.WMO → M2: SEAHORSESTAND.MDX
    WORLD/EXPANSION03/DOODADS/GENERIC/TRANSPORT_PIRATE_SHIP_SAILS.MDX
      ↳ Chain: Area: Vashj'ir → ADT: AZEROTH_24_40.ADT → WMO: TRANSPORT_PIRATE_SHIP02.WMO → Unknown: TRANSPORT_PIRATE_SHIP02_ALLIANCE.WMO → M2: TRANSPORT_PIRATE_SHIP_SAILS.MDX
    WORLD/EXPANSION03/DOODADS/GILNEAS/BUSHES/GILNEAS_BUSH_DARK_01.MDX
      ↳ Chain: Area: Tol Barad → ADT: AZEROTH_19_35.ADT → WMO: TB_MICRO01.WMO → M2: GILNEAS_BUSH_DARK_01.MDX
    WORLD/EXPANSION03/DOODADS/GILNEAS/BUSHES/GILNEAS_BUSH_DARK_02.MDX
      ↳ Chain: Area: Tol Barad → ADT: AZEROTH_19_35.ADT → WMO: TB_MICRO01.WMO → M2: GILNEAS_BUSH_DARK_02.MDX
    WORLD/EXPANSION03/DOODADS/GILNEAS/BUSHES/GILNEAS_GROUNDFOG_01.MDX
      ↳ Chain: Area: Hillsbrad Foothills → ADT: AZEROTH_30_34.ADT → WMO: AZ_WORGENMINE.WMO → M2: GILNEAS_GROUNDFOG_01.MDX
    WORLD/EXPANSION03/DOODADS/GILNEAS/BUSHES/GILNEAS_GROUNDFOG_02.MDX
      ↳ Chain: Area: Tol Barad → ADT: AZEROTH_19_35.ADT → WMO: TB_TOWER.WMO → M2: GILNEAS_GROUNDFOG_02.MDX
    WORLD/EXPANSION03/DOODADS/GILNEAS/BUSHES/GILNEAS_ROSE_01.MDX
      ↳ Chain: Area: Blasted Lands → ADT: AZEROTH_37_55.ADT → WMO: GILNEAS_HOUSE_A.WMO → M2: GILNEAS_ROSE_01.MDX
    WORLD/EXPANSION03/DOODADS/GILNEAS/BUSHES/GILNEAS_ROSE_02.MDX
      ↳ Chain: Area: Blasted Lands → ADT: AZEROTH_37_55.ADT → WMO: GILNEAS_HOUSE_A.WMO → M2: GILNEAS_ROSE_02.MDX
    WORLD/EXPANSION03/DOODADS/GILNEAS/GILNEAS_BARRICADE_COLLISION.MDX
      ↳ Chain: Area: Gilneas → ADT: AZEROTH_29_35.ADT → WMO: GILNEAS_CATHEDRAL.WMO → M2: GILNEAS_BARRICADE_COLLISION.MDX
    WORLD/EXPANSION03/DOODADS/GILNEAS/ROCKS/GN_ROCKS_01.MDX
      ↳ Chain: Area: Winterspring → ADT: KALIMDOR_41_24.ADT → WMO: TIMBERMAWHOLD2.WMO → M2: GN_ROCKS_01.MDX
    WORLD/EXPANSION03/DOODADS/GRIMBATOL/RUBBLE/GRIMBATOL_RUBBLE02.MDX
      ↳ Chain: Area: Winterspring → ADT: KALIMDOR_39_15.ADT → WMO: MD_SHA_CAVE01.WMO → M2: GRIMBATOL_RUBBLE02.MDX
    WORLD/EXPANSION03/DOODADS/LOSTISLES/BUSHES/LI_IVY01.MDX
      ↳ Chain: Area: The Lost Isles → ADT: KALIMDOR_52_29.ADT → WMO: LOSTISLES_GOBLINMINE.WMO → M2: LI_IVY01.MDX
    WORLD/EXPANSION03/DOODADS/LOSTISLES/BUSHES/LI_IVY02.MDX
      ↳ Chain: Area: The Lost Isles → ADT: KALIMDOR_52_29.ADT → WMO: LOSTISLES_GOBLINMINE.WMO → M2: LI_IVY02.MDX
    WORLD/EXPANSION03/DOODADS/LOSTISLES/BUSHES/LOSTISLES_CARNIVOROUSPLANT01.MDX
      ↳ Chain: Area: KALIMDOR [53,53] → ADT: KALIMDOR_53_53.ADT → WMO: HORDE_GOBLIN_LAB_01.WMO → M2: LOSTISLES_CARNIVOROUSPLANT01.MDX
    WORLD/EXPANSION03/DOODADS/LOSTISLES/BUSHES/LOSTISLES_CARNIVOROUSPLANT_02.MDX
      ↳ Chain: Area: The Lost Isles → ADT: KALIMDOR_52_29.ADT → WMO: LOSTISLES_GOBLINMINE.WMO → M2: LOSTISLES_CARNIVOROUSPLANT_02.MDX
    WORLD/EXPANSION03/DOODADS/LOSTISLES/BUSHES/LOSTISLES_GIANTFLOWER_01.MDX
      ↳ Chain: Area: The Lost Isles → ADT: KALIMDOR_52_29.ADT → WMO: LOSTISLES_GOBLINMINE.WMO → M2: LOSTISLES_GIANTFLOWER_01.MDX
    WORLD/EXPANSION03/DOODADS/LOSTISLES/BUSHES/LOSTISLES_GIANTFLOWER_02.MDX
      ↳ Chain: Area: The Lost Isles → ADT: KALIMDOR_52_29.ADT → WMO: LOSTISLES_GOBLINMINE.WMO → M2: LOSTISLES_GIANTFLOWER_02.MDX
    WORLD/EXPANSION03/DOODADS/LOSTISLES/BUSHES/LOSTISLES_GIANTFLOWER_03.MDX
      ↳ Chain: Area: Highlands → ADT: AZEROTH_42_39.ADT → WMO: WILDHAMMERDWARF_TWOSTORYB.WMO → M2: LOSTISLES_GIANTFLOWER_03.MDX
    WORLD/EXPANSION03/DOODADS/LOSTISLES/BUSHES/LOSTISLES_GIANTFLOWER_04.MDX
      ↳ Chain: Area: Highlands → ADT: AZEROTH_42_39.ADT → WMO: WILDHAMMERDWARF_TWOSTORYB.WMO → M2: LOSTISLES_GIANTFLOWER_04.MDX
    WORLD/EXPANSION03/DOODADS/LOSTISLES/INSECTS/LOSTISLES_DRAGONFLY_01.MDX
      ↳ Chain: Area: The Lost Isles → ADT: KALIMDOR_52_29.ADT → WMO: LOSTISLES_GOBLINMINE.WMO → M2: LOSTISLES_DRAGONFLY_01.MDX
    WORLD/EXPANSION03/DOODADS/LOSTISLES/ROCKS/LOSTISLES_MOSSYROCK_03.MDX
      ↳ Chain: Area: The Lost Isles → ADT: KALIMDOR_52_29.ADT → WMO: LOSTISLES_GOBLINMINE.WMO → M2: LOSTISLES_MOSSYROCK_03.MDX
    WORLD/EXPANSION03/DOODADS/LOSTISLES/TREES/LOSTISLES_TREEROOT_01.MDX
      ↳ Chain: Area: The Lost Isles → ADT: KALIMDOR_52_29.ADT → WMO: LOSTISLES_GOBLINMINE.WMO → M2: LOSTISLES_TREEROOT_01.MDX
    WORLD/EXPANSION03/DOODADS/LOSTISLES/TREES/LOSTISLES_TREEROOT_02.MDX
      ↳ Chain: Area: Hyjal → ADT: KALIMDOR_38_21.ADT → WMO: HYJAL_BARROW_DEN.WMO → M2: LOSTISLES_TREEROOT_02.MDX
    WORLD/EXPANSION03/DOODADS/LOSTISLES/TREES/LOSTISLES_TREEROOT_04.MDX
      ↳ Chain: Area: The Lost Isles → ADT: KALIMDOR_52_29.ADT → WMO: LOSTISLES_GOBLINMINE.WMO → M2: LOSTISLES_TREEROOT_04.MDX
    WORLD/EXPANSION03/DOODADS/LOSTISLES/TREES/LOSTISLES_VINE01.MDX
      ↳ Chain: Area: The Lost Isles → ADT: KALIMDOR_52_29.ADT → WMO: LOSTISLES_GOBLINMINE.WMO → M2: LOSTISLES_VINE01.MDX
    WORLD/EXPANSION03/DOODADS/LOSTISLES/TREES/LOSTISLES_VINE02.MDX
      ↳ Chain: Area: The Lost Isles → ADT: KALIMDOR_52_29.ADT → WMO: LOSTISLES_GOBLINMINE.WMO → M2: LOSTISLES_VINE02.MDX
    WORLD/EXPANSION03/DOODADS/LOSTISLES/WATERFALLS/LOSTISLES_WATERFALL02.MDX
      ↳ Chain: Area: Vashj'ir → ADT: AZEROTH_22_42.ADT → WMO: VASHJIR_ANTICHAMBER.WMO → M2: LOSTISLES_WATERFALL02.MDX
    WORLD/EXPANSION03/DOODADS/PYGMY/COOKPOT/PYGMY_BOWL_01.MDX
      ↳ Chain: Area: The Lost Isles → ADT: KALIMDOR_50_32.ADT → WMO: MD_PYGMYCAVE1.WMO → M2: PYGMY_BOWL_01.MDX
    WORLD/EXPANSION03/DOODADS/PYGMY/IDOLS/PYGMY_IDOL_01.MDX
      ↳ Chain: Area: The Lost Isles → ADT: KALIMDOR_50_32.ADT → WMO: MD_PYGMYCAVE1.WMO → M2: PYGMY_IDOL_01.MDX
    WORLD/EXPANSION03/DOODADS/PYGMY/ITEMS/PYGMY_DRUMS_02.MDX
      ↳ Chain: Area: The Lost Isles → ADT: KALIMDOR_50_32.ADT → WMO: MD_PYGMYCAVE1.WMO → M2: PYGMY_DRUMS_02.MDX
    WORLD/EXPANSION03/DOODADS/PYGMY/ITEMS/PYGMY_SCONCE_BASE.MDX
      ↳ Chain: Area: The Lost Isles → ADT: KALIMDOR_50_32.ADT → WMO: MD_PYGMYCAVE1.WMO → M2: PYGMY_SCONCE_BASE.MDX
    WORLD/EXPANSION03/DOODADS/PYGMY/ITEMS/PYGMY_TORCH_01.MDX
      ↳ Chain: Area: The Lost Isles → ADT: KALIMDOR_50_32.ADT → WMO: MD_PYGMYCAVE1.WMO → M2: PYGMY_TORCH_01.MDX
    WORLD/EXPANSION03/DOODADS/PYGMY/ITEMS/PYGMY_TOTEM_ANIMATIONS.MDX
      ↳ Chain: Area: The Lost Isles → ADT: KALIMDOR_52_30.ADT → WMO: PYGMY_TOTEM.WMO → M2: PYGMY_TOTEM_ANIMATIONS.MDX
    WORLD/EXPANSION03/DOODADS/PYGMY/ITEMS/PYGMY_WEAPONRACK_01.MDX
      ↳ Chain: Area: The Lost Isles → ADT: KALIMDOR_50_32.ADT → WMO: MD_PYGMYCAVE1.WMO → M2: PYGMY_WEAPONRACK_01.MDX
    WORLD/EXPANSION03/DOODADS/PYGMY/ITEMS/PYGMY_WEAPONRACK_02.MDX
      ↳ Chain: Area: The Lost Isles → ADT: KALIMDOR_50_32.ADT → WMO: MD_PYGMYCAVE1.WMO → M2: PYGMY_WEAPONRACK_02.MDX
    WORLD/EXPANSION03/DOODADS/PYGMY/ITEMS/PYGMY_WEAPON_01.MDX
      ↳ Chain: Area: Uldum → ADT: KALIMDOR_33_50.ADT → WMO: VASHJIR_SMALL_CAVE_A.WMO → M2: PYGMY_WEAPON_01.MDX
    WORLD/EXPANSION03/DOODADS/SKYWALL/LAMPS/SKYWALL_ORANGE_LAMP_01.MDX
      ↳ Chain: Area: Uldum → ADT: KALIMDOR_36_53.ADT → WMO: KL_SKYWALL_ENTRANCE.WMO → M2: SKYWALL_ORANGE_LAMP_01.MDX
    WORLD/EXPANSION03/DOODADS/SKYWALL/SKYWALL_LIGHTBALL_02.MDX
      ↳ Chain: Area: Uldum → ADT: KALIMDOR_32_53.ADT → WMO: KL_SKYWALL_RAID_ENTRANCE.WMO → M2: SKYWALL_LIGHTBALL_02.MDX
    WORLD/EXPANSION03/DOODADS/SKYWALL/STEAM/SKYWALL_CLOUD_STEAM_01.MDX
      ↳ Chain: Area: Uldum → ADT: KALIMDOR_32_53.ADT → WMO: KL_SKYWALL_RAID_ENTRANCE.WMO → M2: SKYWALL_CLOUD_STEAM_01.MDX
    WORLD/EXPANSION03/DOODADS/SKYWALL/STEAM/SKYWALL_CLOUD_STEAM_02.MDX
      ↳ Chain: Area: Uldum → ADT: KALIMDOR_36_53.ADT → WMO: KL_SKYWALL_ENTRANCE.WMO → Unknown: KL_SKYWALL_ENTRANCE_BUILDING_02.WMO → M2: SKYWALL_CLOUD_STEAM_02.MDX
    WORLD/EXPANSION03/DOODADS/SKYWALL/STEAM/SKYWALL_CLOUD_STEAM_04.MDX
      ↳ Chain: Area: Uldum → ADT: KALIMDOR_36_53.ADT → WMO: KL_SKYWALL_ENTRANCE.WMO → M2: SKYWALL_CLOUD_STEAM_04.MDX
    WORLD/EXPANSION03/DOODADS/TOLBARAD/BARBEDWIREFENCES/TOLBARAD_BARBEDWIREFENCE_CORNERPIECE_01.MDX
      ↳ Chain: Area: Tol Barad → ADT: AZEROTH_19_35.ADT → WMO: TB_TOWER.WMO → M2: TOLBARAD_BARBEDWIREFENCE_CORNERPIECE_01.MDX
    WORLD/EXPANSION03/DOODADS/TOLBARAD/BARBEDWIREFENCES/TOLBARAD_BARBEDWIREFENCE_CORNERPIECE_DESTROYED_01.MDX
      ↳ Chain: Area: Kezan → ADT: KALIMDOR_55_51.ADT → WMO: HORDE_GOBLIN_BANK.WMO → M2: TOLBARAD_BARBEDWIREFENCE_CORNERPIECE_DESTROYED_01.MDX
    WORLD/EXPANSION03/DOODADS/TOLBARAD/BARBEDWIREFENCES/TOLBARAD_BARBEDWIREFENCE_ENDPIECE_01.MDX
      ↳ Chain: Area: Tol Barad → ADT: AZEROTH_19_36.ADT → WMO: TB_MICRO03.WMO → M2: TOLBARAD_BARBEDWIREFENCE_ENDPIECE_01.MDX
    WORLD/EXPANSION03/DOODADS/TOLBARAD/BARBEDWIREFENCES/TOLBARAD_BARBEDWIREFENCE_ENDPIECE_DESTROYED_01.MDX
      ↳ Chain: Area: Tol Barad → ADT: AZEROTH_19_35.ADT → WMO: TB_TOWER.WMO → M2: TOLBARAD_BARBEDWIREFENCE_ENDPIECE_DESTROYED_01.MDX
    WORLD/EXPANSION03/DOODADS/TOLBARAD/BARBEDWIREFENCES/TOLBARAD_BARBEDWIREFENCE_MIDDLEPIECE_01.MDX
      ↳ Chain: Area: Tol Barad → ADT: AZEROTH_19_35.ADT → WMO: TB_TOWER.WMO → M2: TOLBARAD_BARBEDWIREFENCE_MIDDLEPIECE_01.MDX
    WORLD/EXPANSION03/DOODADS/TOLBARAD/BARBEDWIREFENCES/TOLBARAD_BARBEDWIREFENCE_MIDDLEPIECE_02.MDX
      ↳ Chain: Area: Tol Barad → ADT: AZEROTH_19_35.ADT → WMO: TB_MICRO01.WMO → M2: TOLBARAD_BARBEDWIREFENCE_MIDDLEPIECE_02.MDX
    WORLD/EXPANSION03/DOODADS/TOLBARAD/BARBEDWIREFENCES/TOLBARAD_BARBEDWIREFENCE_MIDDLEPIECE_DESTROYED_01.MDX
      ↳ Chain: Area: Kezan → ADT: KALIMDOR_55_51.ADT → WMO: HORDE_GOBLIN_BANK.WMO → M2: TOLBARAD_BARBEDWIREFENCE_MIDDLEPIECE_DESTROYED_01.MDX
    WORLD/EXPANSION03/DOODADS/TOLBARAD/BARBEDWIREFENCES/TOLBARAD_BARBEDWIREFENCE_MIDDLEPIECE_DESTROYED_02.MDX
      ↳ Chain: Area: Kezan → ADT: KALIMDOR_55_51.ADT → WMO: HORDE_GOBLIN_BANK.WMO → M2: TOLBARAD_BARBEDWIREFENCE_MIDDLEPIECE_DESTROYED_02.MDX
    WORLD/EXPANSION03/DOODADS/TOLBARAD/BARBEDWIREFENCES/TOLBARAD_BARBEDWIREFENCE_MIDDLEPIECE_DESTROYED_03.MDX
      ↳ Chain: Area: Tol Barad → ADT: AZEROTH_19_35.ADT → WMO: TB_TOWER.WMO → M2: TOLBARAD_BARBEDWIREFENCE_MIDDLEPIECE_DESTROYED_03.MDX
    WORLD/EXPANSION03/DOODADS/TOLBARAD/BARRICADE/TOLBARAD_BARRICADE_ENDPIECE_01.MDX
      ↳ Chain: Area: Tol Barad → ADT: AZEROTH_19_35.ADT → WMO: TB_TOWER.WMO → M2: TOLBARAD_BARRICADE_ENDPIECE_01.MDX
    WORLD/EXPANSION03/DOODADS/TOLBARAD/BARRICADE/TOLBARAD_BARRICADE_MIDDLEPIECE_01.MDX
      ↳ Chain: Area: Tol Barad → ADT: AZEROTH_19_35.ADT → WMO: TB_TOWER.WMO → M2: TOLBARAD_BARRICADE_MIDDLEPIECE_01.MDX
    WORLD/EXPANSION03/DOODADS/TOLBARAD/CAGES/TOLBARAD_CAGE_01.MDX
      ↳ Chain: Area: Tol Barad → ADT: AZEROTH_19_36.ADT → WMO: TB_MICRO03.WMO → M2: TOLBARAD_CAGE_01.MDX
    WORLD/EXPANSION03/DOODADS/TOLBARAD/CAGES/TOLBARAD_CAGE_02.MDX
      ↳ Chain: Area: Tol Barad → ADT: AZEROTH_19_35.ADT → WMO: TB_TOWER.WMO → M2: TOLBARAD_CAGE_02.MDX
    WORLD/EXPANSION03/DOODADS/TOLBARAD/CHAINFENCE/TOLBARAD_CHAIN_FENCE_01.MDX
      ↳ Chain: Area: Tol Barad → ADT: AZEROTH_19_36.ADT → WMO: TB_MICRO03.WMO → M2: TOLBARAD_CHAIN_FENCE_01.MDX
    WORLD/EXPANSION03/DOODADS/TOLBARAD/DOORS/TOLBARAD_DOOR_01.MDX
      ↳ Chain: Area: Tol Barad → ADT: AZEROTH_19_35.ADT → WMO: TB_TOWER.WMO → M2: TOLBARAD_DOOR_01.MDX
    WORLD/EXPANSION03/DOODADS/TOLBARAD/DOORS/TOLBARAD_DOOR_02.MDX
      ↳ Chain: Area: Tol Barad → ADT: AZEROTH_19_36.ADT → WMO: TB_MICRO03.WMO → M2: TOLBARAD_DOOR_02.MDX
    WORLD/EXPANSION03/DOODADS/TOLBARAD/DOORS/TOLBARAD_DOOR_03.MDX
      ↳ Chain: Area: Tol Barad → ADT: AZEROTH_19_36.ADT → WMO: TB_MICRO03.WMO → M2: TOLBARAD_DOOR_03.MDX
    WORLD/EXPANSION03/DOODADS/TOLBARAD/PIPES/TOLBARAD_PIPE_01.MDX
      ↳ Chain: Area: Tol Barad → ADT: AZEROTH_19_36.ADT → WMO: TB_MICRO03.WMO → M2: TOLBARAD_PIPE_01.MDX
    WORLD/EXPANSION03/DOODADS/TOLBARAD/PIPES/TOLBARAD_PIPE_02.MDX
      ↳ Chain: Area: Tol Barad → ADT: AZEROTH_19_36.ADT → WMO: TB_MICRO03.WMO → M2: TOLBARAD_PIPE_02.MDX
    WORLD/EXPANSION03/DOODADS/TOLBARAD/PIPES/TOLBARAD_PIPE_03.MDX
      ↳ Chain: Area: Tol Barad → ADT: AZEROTH_19_36.ADT → WMO: TB_MICRO03.WMO → M2: TOLBARAD_PIPE_03.MDX
    WORLD/EXPANSION03/DOODADS/TOLBARAD/PIPES/TOLBARAD_PIPE_04.MDX
      ↳ Chain: Area: Tol Barad → ADT: AZEROTH_19_36.ADT → WMO: TB_MICRO03.WMO → M2: TOLBARAD_PIPE_04.MDX
    WORLD/EXPANSION03/DOODADS/TOLBARAD/PIPES/TOLBARAD_PIPE_05.MDX
      ↳ Chain: Area: Tol Barad → ADT: AZEROTH_19_36.ADT → WMO: TB_MICRO03.WMO → M2: TOLBARAD_PIPE_05.MDX
    WORLD/EXPANSION03/DOODADS/TOLBARAD/PIPES/TOLBARAD_PIPE_06.MDX
      ↳ Chain: Area: Tol Barad → ADT: AZEROTH_19_36.ADT → WMO: TB_MICRO03.WMO → M2: TOLBARAD_PIPE_06.MDX
    WORLD/EXPANSION03/DOODADS/TOLBARAD/PIPES/TOLBARAD_PIPE_07.MDX
      ↳ Chain: Area: Tol Barad → ADT: AZEROTH_19_36.ADT → WMO: TB_MICRO03.WMO → M2: TOLBARAD_PIPE_07.MDX
    WORLD/EXPANSION03/DOODADS/TOLBARAD/PIPES/TOLBARAD_PIPE_08.MDX
      ↳ Chain: Area: Tol Barad → ADT: AZEROTH_19_36.ADT → WMO: TB_MICRO03.WMO → M2: TOLBARAD_PIPE_08.MDX
    WORLD/EXPANSION03/DOODADS/TOLBARAD/PIPES/TOLBARAD_PIPE_CONNECTER_01.MDX
      ↳ Chain: Area: Tol Barad → ADT: AZEROTH_19_36.ADT → WMO: TB_MICRO03.WMO → M2: TOLBARAD_PIPE_CONNECTER_01.MDX
    WORLD/EXPANSION03/DOODADS/TOLBARAD/PIPES/TOLBARAD_PIPE_CONNECTER_02.MDX
      ↳ Chain: Area: Tol Barad → ADT: AZEROTH_19_36.ADT → WMO: TB_MICRO03.WMO → M2: TOLBARAD_PIPE_CONNECTER_02.MDX
    WORLD/EXPANSION03/DOODADS/TOLBARAD/RUBBLE/TOLBARAD_RUBBLE_01.MDX
      ↳ Chain: Area: Tol Barad → ADT: AZEROTH_19_35.ADT → WMO: TB_MICRO01.WMO → M2: TOLBARAD_RUBBLE_01.MDX
    WORLD/EXPANSION03/DOODADS/TOLBARAD/RUBBLE/TOLBARAD_RUBBLE_02.MDX
      ↳ Chain: Area: Tol Barad → ADT: AZEROTH_19_35.ADT → WMO: TB_MICRO02.WMO → M2: TOLBARAD_RUBBLE_02.MDX
    WORLD/EXPANSION03/DOODADS/TOLBARAD/RUBBLE/TOLBARAD_RUBBLE_03.MDX
      ↳ Chain: Area: Deadwind Pass → ADT: AZEROTH_35_52.ADT → WMO: 7AF_ARTIFACT_SEWER.WMO → M2: TOLBARAD_RUBBLE_03.MDX
    WORLD/EXPANSION03/DOODADS/TOLBARAD/RUBBLE/TOLBARAD_RUBBLE_04.MDX
      ↳ Chain: Area: Tol Barad → ADT: AZEROTH_19_36.ADT → WMO: TB_MICRO03.WMO → M2: TOLBARAD_RUBBLE_04.MDX
    WORLD/EXPANSION03/DOODADS/TOLBARAD/RUBBLE/TOLBARAD_RUBBLE_05.MDX
      ↳ Chain: Area: Deadwind Pass → ADT: AZEROTH_35_52.ADT → WMO: 7AF_ARTIFACT_SEWER.WMO → M2: TOLBARAD_RUBBLE_05.MDX
    WORLD/EXPANSION03/DOODADS/TOLBARAD/RUBBLE/TOLBARAD_RUBBLE_06.MDX
      ↳ Chain: Area: Deadwind Pass → ADT: AZEROTH_35_52.ADT → WMO: 7AF_ARTIFACT_SEWER.WMO → M2: TOLBARAD_RUBBLE_06.MDX
    WORLD/EXPANSION03/DOODADS/TOLBARAD/RUBBLE/TOLBARAD_RUBBLE_07.MDX
      ↳ Chain: Area: Tol Barad → ADT: AZEROTH_19_35.ADT → WMO: TB_MICRO02.WMO → M2: TOLBARAD_RUBBLE_07.MDX
    WORLD/EXPANSION03/DOODADS/TOLBARAD/RUBBLE/TOLBARAD_RUBBLE_08.MDX
      ↳ Chain: Area: Tol Barad → ADT: AZEROTH_19_35.ADT → WMO: TB_MICRO02.WMO → M2: TOLBARAD_RUBBLE_08.MDX
    WORLD/EXPANSION03/DOODADS/TOLBARAD/TOLBARAD_GATES_01.MDX
      ↳ Chain: Area: Tol Barad Peninsula → ADT: AZEROTH_18_34.ADT → WMO: TB_LONGBRIDGE.WMO → M2: TOLBARAD_GATES_01.MDX
    WORLD/EXPANSION03/DOODADS/TOLBARAD/TOLBARAD_GATES_02.MDX
      ↳ Chain: Area: Tol Barad → ADT: AZEROTH_19_35.ADT → WMO: TB_MICRO01.WMO → M2: TOLBARAD_GATES_02.MDX
    WORLD/EXPANSION03/DOODADS/TOLBARAD/TOLBARAD_GEARBOX_01.MDX
      ↳ Chain: Area: Tol Barad → ADT: AZEROTH_19_35.ADT → WMO: TB_TOWER.WMO → M2: TOLBARAD_GEARBOX_01.MDX
    WORLD/EXPANSION03/DOODADS/TOLBARAD/TOLBARAD_GEARBOX_02.MDX
      ↳ Chain: Area: Tol Barad → ADT: AZEROTH_19_36.ADT → WMO: TB_MICRO03.WMO → M2: TOLBARAD_GEARBOX_02.MDX
    WORLD/EXPANSION03/DOODADS/TOLBARAD/TOLBARAD_LAMP_01.MDX
      ↳ Chain: Area: Tol Barad → ADT: AZEROTH_19_35.ADT → WMO: TB_MICRO01.WMO → M2: TOLBARAD_LAMP_01.MDX
    WORLD/EXPANSION03/DOODADS/TOLBARAD/TOLBARAD_LAMP_02.MDX
      ↳ Chain: Area: Tol Barad → ADT: AZEROTH_19_36.ADT → WMO: TB_MICRO03.WMO → M2: TOLBARAD_LAMP_02.MDX
    WORLD/EXPANSION03/DOODADS/TOLBARAD/TOLBARAD_LAMP_03.MDX
      ↳ Chain: Area: Tol Barad → ADT: AZEROTH_19_36.ADT → WMO: TB_MICRO03.WMO → M2: TOLBARAD_LAMP_03.MDX
    WORLD/EXPANSION03/DOODADS/TOLBARAD/TOLBARAD_RIPPED_FABRIC_01.MDX
      ↳ Chain: Area: Tol Barad → ADT: AZEROTH_19_35.ADT → WMO: TB_MICRO01.WMO → M2: TOLBARAD_RIPPED_FABRIC_01.MDX
    WORLD/EXPANSION03/DOODADS/TOLBARAD/TOLBARAD_SEARCHLIGHT_01.MDX
      ↳ Chain: Area: Tol Barad → ADT: AZEROTH_19_35.ADT → WMO: TB_MICRO01.WMO → M2: TOLBARAD_SEARCHLIGHT_01.MDX
    WORLD/EXPANSION03/DOODADS/TOLBARAD/TOLBARAD_SEARCHLIGHT_02.MDX
      ↳ Chain: Area: Tol Barad → ADT: AZEROTH_19_35.ADT → WMO: TB_MICRO01.WMO → M2: TOLBARAD_SEARCHLIGHT_02.MDX
    WORLD/EXPANSION03/DOODADS/TOLVIR/TOLVIR_BACKARMOR_JACKEL.MDX
      ↳ Chain: Area: Uldum → ADT: KALIMDOR_35_50.ADT → WMO: ULDUM_ENEMY_VILLAGE.WMO → M2: TOLVIR_BACKARMOR_JACKEL.MDX
    WORLD/EXPANSION03/DOODADS/TOLVIR/TOLVIR_BACKARMOR_RAM.MDX
      ↳ Chain: Area: Uldum → ADT: KALIMDOR_35_50.ADT → WMO: ULDUM_ENEMY_VILLAGE.WMO → M2: TOLVIR_BACKARMOR_RAM.MDX
    WORLD/EXPANSION03/DOODADS/TOLVIR/TOLVIR_BACKARMOR_RAVEN.MDX
      ↳ Chain: Area: Uldum → ADT: KALIMDOR_35_50.ADT → WMO: ULDUM_ENEMY_VILLAGE.WMO → M2: TOLVIR_BACKARMOR_RAVEN.MDX
    WORLD/EXPANSION03/DOODADS/TOLVIR/TOLVIR_CENTRAL_BUILDING_01_FX.MDX
      ↳ Chain: Area: Uldum → ADT: KALIMDOR_34_52.ADT → WMO: TOLVIR_CENTRAL_BUILDING_01.WMO → Unknown: TOLVIR_CENTRAL_BUILDING_01_C.WMO → M2: TOLVIR_CENTRAL_BUILDING_01_FX.MDX
    WORLD/EXPANSION03/DOODADS/TOLVIR/TOLVIR_CENTRAL_BUILDING_02_FX.MDX
      ↳ Chain: Area: Uldum → ADT: KALIMDOR_34_52.ADT → WMO: TOLVIR_CENTRAL_BUILDING_01.WMO → Unknown: TOLVIR_CENTRAL_BUILDING_01_C.WMO → M2: TOLVIR_CENTRAL_BUILDING_02_FX.MDX
    WORLD/EXPANSION03/DOODADS/TOLVIR/TOLVIR_CITY_DOME01.MDX
      ↳ Chain: Area: Uldum → ADT: KALIMDOR_34_53.ADT → WMO: TOLVIR_CITY_01.WMO → M2: TOLVIR_CITY_DOME01.MDX
    WORLD/EXPANSION03/DOODADS/TOLVIR/TOLVIR_GODSTATUE_01.MDX
      ↳ Chain: Area: Uldum → ADT: KALIMDOR_32_49.ADT → WMO: ULDUM_AQUEDUCT_MICRO.WMO → M2: TOLVIR_GODSTATUE_01.MDX
    WORLD/EXPANSION03/DOODADS/TOLVIR/TOLVIR_GODSTATUE_02.MDX
      ↳ Chain: Area: Uldum → ADT: KALIMDOR_32_49.ADT → WMO: ULDUM_AQUEDUCT_MICRO.WMO → M2: TOLVIR_GODSTATUE_02.MDX
    WORLD/EXPANSION03/DOODADS/TOLVIR/TOLVIR_HELM_JACKEL.MDX
      ↳ Chain: Area: Uldum → ADT: KALIMDOR_35_50.ADT → WMO: ULDUM_ENEMY_VILLAGE.WMO → M2: TOLVIR_HELM_JACKEL.MDX
    WORLD/EXPANSION03/DOODADS/TOLVIR/TOLVIR_HELM_RAM.MDX
      ↳ Chain: Area: Uldum → ADT: KALIMDOR_35_50.ADT → WMO: ULDUM_ENEMY_VILLAGE.WMO → M2: TOLVIR_HELM_RAM.MDX
    WORLD/EXPANSION03/DOODADS/TOLVIR/TOLVIR_HELM_RAVEN.MDX
      ↳ Chain: Area: Uldum → ADT: KALIMDOR_35_50.ADT → WMO: ULDUM_ENEMY_VILLAGE.WMO → M2: TOLVIR_HELM_RAVEN.MDX
    WORLD/EXPANSION03/DOODADS/TOLVIR/TOLVIR_POOL.MDX
      ↳ Chain: Area: Uldum → ADT: KALIMDOR_34_53.ADT → WMO: TOLVIR_CITY_01.WMO → M2: TOLVIR_POOL.MDX
    WORLD/EXPANSION03/DOODADS/TROGG/CRATES/TROG_CRATE_01.MDX
      ↳ Chain: Area: Deepholm → ADT: DEEPHOME_29_29.ADT → WMO: DEEPHOLM_TROGGTOWN.WMO → M2: TROG_CRATE_01.MDX
    WORLD/EXPANSION03/DOODADS/TROGG/CRATES/TROG_CRATE_02.MDX
      ↳ Chain: Area: Deepholm → ADT: DEEPHOME_29_29.ADT → WMO: DEEPHOLM_TROGGTOWN.WMO → M2: TROG_CRATE_02.MDX
    WORLD/EXPANSION03/DOODADS/TROGG/DWELINGS/DEEPHOLM_TROGDWELLING01.MDX
      ↳ Chain: Area: Deepholm → ADT: DEEPHOME_29_29.ADT → WMO: DEEPHOLM_TROGGTOWN.WMO → M2: DEEPHOLM_TROGDWELLING01.MDX
    WORLD/EXPANSION03/DOODADS/TROGG/DWELINGS/DEEPHOLM_TROGDWELLING02.MDX
      ↳ Chain: Area: Deepholm → ADT: DEEPHOME_29_29.ADT → WMO: DEEPHOLM_TROGGTOWN.WMO → M2: DEEPHOLM_TROGDWELLING02.MDX
    WORLD/EXPANSION03/DOODADS/TROGG/DWELINGS/DEEPHOLM_TROGDWELLING03.MDX
      ↳ Chain: Area: Deepholm → ADT: DEEPHOME_29_29.ADT → WMO: DEEPHOLM_TROGGTOWN.WMO → M2: DEEPHOLM_TROGDWELLING03.MDX
    WORLD/EXPANSION03/DOODADS/TROGG/FENCES/TROGG_FENCE_01.MDX
      ↳ Chain: Area: Deepholm → ADT: DEEPHOME_29_29.ADT → WMO: DEEPHOLM_TROGGTOWN.WMO → M2: TROGG_FENCE_01.MDX
    WORLD/EXPANSION03/DOODADS/TROGG/ITEMS/TROG_MUSHROOMSHIELD_03.MDX
      ↳ Chain: Area: Deepholm → ADT: DEEPHOME_29_29.ADT → WMO: DEEPHOLM_TROGGTOWN.WMO → M2: TROG_MUSHROOMSHIELD_03.MDX
    WORLD/EXPANSION03/DOODADS/TROGG/ITEMS/TROG_SLINGSHOT_02.MDX
      ↳ Chain: Area: Deepholm → ADT: DEEPHOME_29_29.ADT → WMO: DEEPHOLM_TROGGTOWN.WMO → M2: TROG_SLINGSHOT_02.MDX
    WORLD/EXPANSION03/DOODADS/TROGG/ITEMS/TROG_WEAPONRACK_01.MDX
      ↳ Chain: Area: Deepholm → ADT: DEEPHOME_29_29.ADT → WMO: DEEPHOLM_TROGGTOWN.WMO → M2: TROG_WEAPONRACK_01.MDX
    WORLD/EXPANSION03/DOODADS/TROGG/ITEMS/TROG_WEAPONRACK_03.MDX
      ↳ Chain: Area: Deepholm → ADT: DEEPHOME_29_29.ADT → WMO: DEEPHOLM_TROGGTOWN.WMO → M2: TROG_WEAPONRACK_03.MDX
    WORLD/EXPANSION03/DOODADS/TROGG/ITEMS/TROG_WEAPON_02.MDX
      ↳ Chain: Area: Deepholm → ADT: DEEPHOME_29_29.ADT → WMO: DEEPHOLM_TROGGTOWN.WMO → M2: TROG_WEAPON_02.MDX
    WORLD/EXPANSION03/DOODADS/TROGG/ITEMS/TROG_WEAPON_03.MDX
      ↳ Chain: Area: Deepholm → ADT: DEEPHOME_29_29.ADT → WMO: DEEPHOLM_TROGGTOWN.WMO → M2: TROG_WEAPON_03.MDX
    WORLD/EXPANSION03/DOODADS/TROGG/LIGHTS/TROG_LIGHT_01.MDX
      ↳ Chain: Area: Deepholm → ADT: DEEPHOME_29_29.ADT → WMO: DEEPHOLM_TROGGTOWN.WMO → M2: TROG_LIGHT_01.MDX
    WORLD/EXPANSION03/DOODADS/TROGG/ROPES/TROG_ROPES_02.MDX
      ↳ Chain: Area: Deepholm → ADT: DEEPHOME_29_29.ADT → WMO: DEEPHOLM_TROGGTOWN.WMO → M2: TROG_ROPES_02.MDX
    WORLD/EXPANSION03/DOODADS/TROGG/ROPES/TROG_ROPES_03.MDX
      ↳ Chain: Area: Deepholm → ADT: DEEPHOME_29_29.ADT → WMO: DEEPHOLM_TROGGTOWN.WMO → M2: TROG_ROPES_03.MDX
    WORLD/EXPANSION03/DOODADS/TROGG/SKELETON/TROG_SKELETON_01.MDX
      ↳ Chain: Area: Deepholm → ADT: DEEPHOME_29_29.ADT → WMO: DEEPHOLM_TROGGTOWN.WMO → M2: TROG_SKELETON_01.MDX
    WORLD/EXPANSION03/DOODADS/TWILIGHTHAMMER/BRAZIER/TWILIGHTSHAMMER_BRAZIER_01.MDX
      ↳ Chain: Area: Deepholm → ADT: DEEPHOME_32_32.ADT → WMO: TWILIGHTSHAMMER_MINE.WMO → M2: TWILIGHTSHAMMER_BRAZIER_01.MDX
    WORLD/EXPANSION03/DOODADS/TWILIGHTHAMMER/LAMPPOST/TWILIGHTSHAMMER_LAMPPOST_01.MDX
      ↳ Chain: Area: Deepholm → ADT: DEEPHOME_32_28.ADT → WMO: TWILIGHTSHAMMER_GREATTEMPLE.WMO → M2: TWILIGHTSHAMMER_LAMPPOST_01.MDX
    WORLD/EXPANSION03/DOODADS/TWILIGHTHAMMER/LAMPS/TWILIGHTSHAMMER_HANGINGLAMP_01.MDX
      ↳ Chain: Area: Deepholm → ADT: DEEPHOME_32_31.ADT → WMO: TWILIGHTSHAMMER_ELEMENTAL_RING.WMO → M2: TWILIGHTSHAMMER_HANGINGLAMP_01.MDX
    WORLD/EXPANSION03/DOODADS/TWILIGHTHAMMER/LAMPS/TWILIGHTSHAMMER_LAMPWALL_01.MDX
      ↳ Chain: Area: Deepholm → ADT: DEEPHOME_32_28.ADT → WMO: TWILIGHTSHAMMER_GREATTEMPLE.WMO → M2: TWILIGHTSHAMMER_LAMPWALL_01.MDX
    WORLD/EXPANSION03/DOODADS/TWILIGHTHAMMER/MAGICALDEVICES/TWILIGHTSHAMMER_MAGICALDEVICE_02AIR.MDX
      ↳ Chain: Area: Deepholm → ADT: DEEPHOME_32_28.ADT → WMO: TWILIGHTSHAMMER_GREATTEMPLE.WMO → M2: TWILIGHTSHAMMER_MAGICALDEVICE_02AIR.MDX
    WORLD/EXPANSION03/DOODADS/TWILIGHTHAMMER/MAGICALDEVICES/TWILIGHTSHAMMER_MAGICALDEVICE_02EARTH.MDX
      ↳ Chain: Area: Deepholm → ADT: DEEPHOME_33_31.ADT → WMO: TWILIGHTSHAMMER_BARRACKS.WMO → M2: TWILIGHTSHAMMER_MAGICALDEVICE_02EARTH.MDX
    WORLD/EXPANSION03/DOODADS/TWILIGHTHAMMER/RUGS/TWILIGHTSHAMMER_RUG02.MDX
      ↳ Chain: Area: Highlands → ADT: AZEROTH_42_41.ADT → WMO: TH_OBSIDIAN_LAIR.WMO → M2: TWILIGHTSHAMMER_RUG02.MDX
    WORLD/EXPANSION03/DOODADS/TWILIGHTHAMMER/SIGNPOST/TWILIGHTSHAMMER_SIGNPOST_01.MDX
      ↳ Chain: Area: Highlands → ADT: AZEROTH_42_41.ADT → WMO: TH_OBSIDIAN_LAIR.WMO → M2: TWILIGHTSHAMMER_SIGNPOST_01.MDX
    WORLD/EXPANSION03/DOODADS/TWILIGHTHAMMER/TABLES/TWILIGHTSHAMMER_TABLE02.MDX
      ↳ Chain: Area: Highlands → ADT: AZEROTH_42_41.ADT → WMO: TH_OBSIDIAN_LAIR.WMO → M2: TWILIGHTSHAMMER_TABLE02.MDX
    WORLD/EXPANSION03/DOODADS/TWILIGHTHAMMER/TABLES/TWILIGHTSHAMMER_TABLE03.MDX
      ↳ Chain: Area: Highlands → ADT: AZEROTH_42_41.ADT → WMO: TH_OBSIDIAN_LAIR.WMO → M2: TWILIGHTSHAMMER_TABLE03.MDX
    WORLD/EXPANSION03/DOODADS/TWILIGHTHAMMER/TWILIGHTMAGICVORTEX_LESSER.MDX
      ↳ Chain: Area: Deepholm → ADT: DEEPHOME_32_32.ADT → WMO: TWILIGHTSHAMMER_MINE.WMO → M2: TWILIGHTMAGICVORTEX_LESSER.MDX
    WORLD/EXPANSION03/DOODADS/TWILIGHTHIGHLANDS/BUSHES/TH_BUSH05.MDX
      ↳ Chain: Area: Highlands → ADT: AZEROTH_39_37.ADT → WMO: TH_REDDRAGONSHRINE.WMO → M2: TH_BUSH05.MDX
    WORLD/EXPANSION03/DOODADS/TWILIGHTHIGHLANDS/BUSHES/TH_OBSIDIANBUSH01.MDX
      ↳ Chain: Area: Highlands → ADT: AZEROTH_42_41.ADT → WMO: TH_OBSIDIAN_LAIR.WMO → M2: TH_OBSIDIANBUSH01.MDX
    WORLD/EXPANSION03/DOODADS/TWILIGHTHIGHLANDS/BUSHES/TH_OBSIDIANBUSH02.MDX
      ↳ Chain: Area: Highlands → ADT: AZEROTH_42_41.ADT → WMO: TH_OBSIDIAN_LAIR.WMO → M2: TH_OBSIDIANBUSH02.MDX
    WORLD/EXPANSION03/DOODADS/TWILIGHTHIGHLANDS/FLOWERS/TH_LOWLANDFLOWER01.MDX
      ↳ Chain: Area: Highlands → ADT: AZEROTH_39_37.ADT → WMO: TH_REDDRAGONSHRINE.WMO → M2: TH_LOWLANDFLOWER01.MDX
    WORLD/EXPANSION03/DOODADS/TWILIGHTHIGHLANDS/GRASS/TH_LOWLNDGRASS01.MDX
      ↳ Chain: Area: Highlands → ADT: AZEROTH_39_37.ADT → WMO: TH_REDDRAGONSHRINE.WMO → M2: TH_LOWLNDGRASS01.MDX
    WORLD/EXPANSION03/DOODADS/TWILIGHTHIGHLANDS/GRASS/TH_LOWLNDGRASS02.MDX
      ↳ Chain: Area: Highlands → ADT: AZEROTH_42_39.ADT → WMO: WILDHAMMERDWARF_COTTAGEA.WMO → M2: TH_LOWLNDGRASS02.MDX
    WORLD/EXPANSION03/DOODADS/TWILIGHTHIGHLANDS/GRASS/TH_LOWLNDGRASS03.MDX
      ↳ Chain: Area: Highlands → ADT: AZEROTH_42_39.ADT → WMO: WILDHAMMERDWARF_COTTAGEA.WMO → M2: TH_LOWLNDGRASS03.MDX
    WORLD/EXPANSION03/DOODADS/TWILIGHTHIGHLANDS/GRASS/TH_LOWLNDGRASS04.MDX
      ↳ Chain: Area: Highlands → ADT: AZEROTH_39_37.ADT → WMO: TH_REDDRAGONSHRINE.WMO → M2: TH_LOWLNDGRASS04.MDX
    WORLD/EXPANSION03/DOODADS/TWILIGHTHIGHLANDS/ROCKS/TH_OBSIDIANROCK01.MDX
      ↳ Chain: Area: Highlands → ADT: AZEROTH_42_41.ADT → WMO: TH_OBSIDIAN_LAIR.WMO → M2: TH_OBSIDIANROCK01.MDX
    WORLD/EXPANSION03/DOODADS/TWILIGHTHIGHLANDS/ROCKS/TH_OBSIDIANROCK02.MDX
      ↳ Chain: Area: Highlands → ADT: AZEROTH_42_41.ADT → WMO: TH_OBSIDIAN_LAIR.WMO → M2: TH_OBSIDIANROCK02.MDX
    WORLD/EXPANSION03/DOODADS/TWILIGHTHIGHLANDS/ROCKS/TH_OBSIDIANROCK03.MDX
      ↳ Chain: Area: Highlands → ADT: AZEROTH_42_41.ADT → WMO: TH_OBSIDIAN_LAIR.WMO → M2: TH_OBSIDIANROCK03.MDX
    WORLD/EXPANSION03/DOODADS/TWILIGHTHIGHLANDS/ROCKS/TH_OBSIDIANROCK04.MDX
      ↳ Chain: Area: Highlands → ADT: AZEROTH_42_41.ADT → WMO: TH_OBSIDIAN_LAIR.WMO → M2: TH_OBSIDIANROCK04.MDX
    WORLD/EXPANSION03/DOODADS/TWILIGHTHIGHLANDS/ROCKS/TH_ROCKA.MDX
      ↳ Chain: Area: Highlands → ADT: AZEROTH_39_37.ADT → WMO: TH_REDDRAGONSHRINE.WMO → M2: TH_ROCKA.MDX
    WORLD/EXPANSION03/DOODADS/TWILIGHTHIGHLANDS/ROCKS/TH_ROCKC.MDX
      ↳ Chain: Area: Highlands → ADT: AZEROTH_39_37.ADT → WMO: TH_REDDRAGONSHRINE.WMO → M2: TH_ROCKC.MDX
    WORLD/EXPANSION03/DOODADS/TWILIGHTHIGHLANDS/ROCKS/TH_ROCKE.MDX
      ↳ Chain: Area: Highlands → ADT: AZEROTH_39_37.ADT → WMO: TH_REDDRAGONSHRINE.WMO → M2: TH_ROCKE.MDX
    WORLD/EXPANSION03/DOODADS/TWILIGHTHIGHLANDS/ROCKS/TH_ROCKPLINTH03.MDX
      ↳ Chain: Area: Highlands → ADT: AZEROTH_42_37.ADT → WMO: WILDHAMMERDWARF_COTTAGEB.WMO → M2: TH_ROCKPLINTH03.MDX
    WORLD/EXPANSION03/DOODADS/TWILIGHTHIGHLANDS/ROCKS/TH_SMALL_ROCKC.MDX
      ↳ Chain: Area: Highlands → ADT: AZEROTH_39_37.ADT → WMO: TH_REDDRAGONSHRINE.WMO → M2: TH_SMALL_ROCKC.MDX
    WORLD/EXPANSION03/DOODADS/TWILIGHTHIGHLANDS/ROCKS/TH_SMALL_ROCKD.MDX
      ↳ Chain: Area: Highlands → ADT: AZEROTH_39_37.ADT → WMO: TH_REDDRAGONSHRINE.WMO → M2: TH_SMALL_ROCKD.MDX
    WORLD/EXPANSION03/DOODADS/TWILIGHTHIGHLANDS/ROCKS/TH_SMALL_ROCKE.MDX
      ↳ Chain: Area: Highlands → ADT: AZEROTH_39_37.ADT → WMO: TH_REDDRAGONSHRINE.WMO → M2: TH_SMALL_ROCKE.MDX
    WORLD/EXPANSION03/DOODADS/TWILIGHTHIGHLANDS/ROCKS/TH_SMALL_ROCKF.MDX
      ↳ Chain: Area: Highlands → ADT: AZEROTH_39_37.ADT → WMO: TH_REDDRAGONSHRINE.WMO → M2: TH_SMALL_ROCKF.MDX
    WORLD/EXPANSION03/DOODADS/TWILIGHTHIGHLANDS/TREES/TH_TREESAPLING_01.MDX
      ↳ Chain: Area: Highlands → ADT: AZEROTH_39_37.ADT → WMO: TH_REDDRAGONSHRINE.WMO → M2: TH_TREESAPLING_01.MDX
    WORLD/EXPANSION03/DOODADS/TWILIGHTHIGHLANDS/TRUNKS/TH_OBSIDIANTRUNK01.MDX
      ↳ Chain: Area: Highlands → ADT: AZEROTH_42_41.ADT → WMO: TH_OBSIDIAN_LAIR.WMO → M2: TH_OBSIDIANTRUNK01.MDX
    WORLD/EXPANSION03/DOODADS/TWILIGHTHIGHLANDS/TRUNKS/TH_OBSIDIANTRUNK04.MDX
      ↳ Chain: Area: Highlands → ADT: AZEROTH_42_41.ADT → WMO: TH_OBSIDIAN_LAIR.WMO → M2: TH_OBSIDIANTRUNK04.MDX
    WORLD/EXPANSION03/DOODADS/ULDUM/BASKETS/ULDUM_BASKET_02.MDX
      ↳ Chain: Area: Uldum → ADT: KALIMDOR_31_49.ADT → WMO: ULDUM_MOUNTAIN_WALLS03.WMO → M2: ULDUM_BASKET_02.MDX
    WORLD/EXPANSION03/DOODADS/ULDUM/BASKETS/ULDUM_BASKET_03.MDX
      ↳ Chain: Area: Uldum → ADT: KALIMDOR_35_52.ADT → WMO: TOLVIR_BUILDING_08.WMO → M2: ULDUM_BASKET_03.MDX
    WORLD/EXPANSION03/DOODADS/ULDUM/BASKETS/ULDUM_BASKET_04.MDX
      ↳ Chain: Area: Uldum → ADT: KALIMDOR_35_50.ADT → WMO: ULDUM_ENEMY_VILLAGE.WMO → M2: ULDUM_BASKET_04.MDX
    WORLD/EXPANSION03/DOODADS/ULDUM/BASKETS/ULDUM_BASKET_05.MDX
      ↳ Chain: Area: Uldum → ADT: KALIMDOR_35_52.ADT → WMO: TOLVIR_BUILDING_09.WMO → M2: ULDUM_BASKET_05.MDX
    WORLD/EXPANSION03/DOODADS/ULDUM/BASKETS/ULDUM_BASKET_06.MDX
      ↳ Chain: Area: Uldum → ADT: KALIMDOR_35_52.ADT → WMO: TOLVIR_BUILDING_09.WMO → M2: ULDUM_BASKET_06.MDX
    WORLD/EXPANSION03/DOODADS/ULDUM/BASKETS/ULDUM_BASKET_07.MDX
      ↳ Chain: Area: Uldum → ADT: KALIMDOR_35_52.ADT → WMO: TOLVIR_BUILDING_09.WMO → M2: ULDUM_BASKET_07.MDX
    WORLD/EXPANSION03/DOODADS/ULDUM/BASKETS/ULDUM_BASKET_08.MDX
      ↳ Chain: Area: Uldum → ADT: KALIMDOR_35_50.ADT → WMO: ULDUM_ENEMY_VILLAGE.WMO → M2: ULDUM_BASKET_08.MDX
    WORLD/EXPANSION03/DOODADS/ULDUM/BASKETS/ULDUM_BASKET_09.MDX
      ↳ Chain: Area: Uldum → ADT: KALIMDOR_35_52.ADT → WMO: TOLVIR_BUILDING_09.WMO → M2: ULDUM_BASKET_09.MDX
    WORLD/EXPANSION03/DOODADS/ULDUM/BASKETS/ULDUM_BASKET_LID_01.MDX
      ↳ Chain: Area: Uldum → ADT: KALIMDOR_35_52.ADT → WMO: TOLVIR_BUILDING_09.WMO → M2: ULDUM_BASKET_LID_01.MDX
    WORLD/EXPANSION03/DOODADS/ULDUM/BASKETS/ULDUM_BASKET_LIGHT_01.MDX
      ↳ Chain: Area: Uldum → ADT: KALIMDOR_35_52.ADT → WMO: TOLVIR_BUILDING_09.WMO → M2: ULDUM_BASKET_LIGHT_01.MDX
    WORLD/EXPANSION03/DOODADS/ULDUM/BASKETS/ULDUM_BASKET_LIGHT_02.MDX
      ↳ Chain: Area: Uldum → ADT: KALIMDOR_31_49.ADT → WMO: ULDUM_MOUNTAIN_WALLS03.WMO → M2: ULDUM_BASKET_LIGHT_02.MDX
    WORLD/EXPANSION03/DOODADS/ULDUM/BASKETS/ULDUM_BASKET_LIGHT_03.MDX
      ↳ Chain: Area: Uldum → ADT: KALIMDOR_31_49.ADT → WMO: ULDUM_MOUNTAIN_WALLS03.WMO → M2: ULDUM_BASKET_LIGHT_03.MDX
    WORLD/EXPANSION03/DOODADS/ULDUM/BASKETS/ULDUM_BASKET_LIGHT_04.MDX
      ↳ Chain: Area: Uldum → ADT: KALIMDOR_35_50.ADT → WMO: ULDUM_ENEMY_VILLAGE.WMO → M2: ULDUM_BASKET_LIGHT_04.MDX
    WORLD/EXPANSION03/DOODADS/ULDUM/BASKETS/ULDUM_BASKET_LIGHT_06.MDX
      ↳ Chain: Area: Uldum → ADT: KALIMDOR_35_52.ADT → WMO: TOLVIR_BUILDING_09.WMO → M2: ULDUM_BASKET_LIGHT_06.MDX
    WORLD/EXPANSION03/DOODADS/ULDUM/BASKETS/ULDUM_BASKET_LIGHT_07.MDX
      ↳ Chain: Area: Uldum → ADT: KALIMDOR_35_52.ADT → WMO: TOLVIR_BUILDING_09.WMO → M2: ULDUM_BASKET_LIGHT_07.MDX
    WORLD/EXPANSION03/DOODADS/ULDUM/BASKETS/ULDUM_BASKET_LIGHT_09.MDX
      ↳ Chain: Area: Uldum → ADT: KALIMDOR_35_52.ADT → WMO: TOLVIR_BUILDING_09.WMO → M2: ULDUM_BASKET_LIGHT_09.MDX
    WORLD/EXPANSION03/DOODADS/ULDUM/BASKETS/ULDUM_FOOD_BUNDLE_01.MDX
      ↳ Chain: Area: Uldum → ADT: KALIMDOR_35_52.ADT → WMO: TOLVIR_BUILDING_09.WMO → M2: ULDUM_FOOD_BUNDLE_01.MDX
    WORLD/EXPANSION03/DOODADS/ULDUM/BASKETS/ULDUM_MICRO_FENCE_01.MDX
      ↳ Chain: Area: Tanaris → ADT: KALIMDOR_35_49.ADT → WMO: ULDUM_TITAN_MICRO.WMO → M2: ULDUM_MICRO_FENCE_01.MDX
    WORLD/EXPANSION03/DOODADS/ULDUM/BASKETS/ULDUM_MICRO_FENCE_02.MDX
      ↳ Chain: Area: Tanaris → ADT: KALIMDOR_35_49.ADT → WMO: ULDUM_TITAN_MICRO.WMO → M2: ULDUM_MICRO_FENCE_02.MDX
    WORLD/EXPANSION03/DOODADS/ULDUM/BASKETS/ULDUM_MICRO_LAMPBASE_01.MDX
      ↳ Chain: Area: Tanaris → ADT: KALIMDOR_35_49.ADT → WMO: ULDUM_TITAN_MICRO.WMO → M2: ULDUM_MICRO_LAMPBASE_01.MDX
    WORLD/EXPANSION03/DOODADS/ULDUM/BEAMS/ULDUM_MICRO_LASERBEAMS.MDX
      ↳ Chain: Area: Uldum → ADT: KALIMDOR_32_49.ADT → WMO: ULDUM_AQUEDUCT_MICRO.WMO → M2: ULDUM_MICRO_LASERBEAMS.MDX
    WORLD/EXPANSION03/DOODADS/ULDUM/BEAMS/ULDUM_TITAN_MICRO_SUN_BEAM.MDX
      ↳ Chain: Area: Uldum → ADT: KALIMDOR_33_51.ADT → WMO: ULDUM_NATURAL_DESERT_CAVE.WMO → M2: ULDUM_TITAN_MICRO_SUN_BEAM.MDX
    WORLD/EXPANSION03/DOODADS/ULDUM/BEAMS/ULDUM_WINDOW_BEAM02_AQUA.MDX
      ↳ Chain: Area: Uldum → ADT: KALIMDOR_34_53.ADT → WMO: TOLVIR_CITY_01.WMO → M2: ULDUM_WINDOW_BEAM02_AQUA.MDX
    WORLD/EXPANSION03/DOODADS/ULDUM/BEAMS/ULDUM_WINDOW_BEAM_AQUA.MDX
      ↳ Chain: Area: Uldum → ADT: KALIMDOR_34_53.ADT → WMO: TOLVIR_CITY_01.WMO → M2: ULDUM_WINDOW_BEAM_AQUA.MDX
    WORLD/EXPANSION03/DOODADS/ULDUM/BENCHES/ULDUM_BENCH_01.MDX
      ↳ Chain: Area: Uldum → ADT: KALIMDOR_33_49.ADT → WMO: ULDUM_RIVERCITY_CENTRAL.WMO → M2: ULDUM_BENCH_01.MDX
    WORLD/EXPANSION03/DOODADS/ULDUM/BREAD/ULDUM_BREAD_PADDLE.MDX
      ↳ Chain: Area: Uldum → ADT: KALIMDOR_35_50.ADT → WMO: ULDUM_ENEMY_VILLAGE.WMO → M2: ULDUM_BREAD_PADDLE.MDX
    WORLD/EXPANSION03/DOODADS/ULDUM/BULRUSHES/ULDUM_BULRUSHES_GREEN01.MDX
      ↳ Chain: Area: Uldum → ADT: KALIMDOR_31_49.ADT → WMO: ULDUM_MOUNTAIN_WALLS03.WMO → M2: ULDUM_BULRUSHES_GREEN01.MDX
    WORLD/EXPANSION03/DOODADS/ULDUM/BULRUSHES/ULDUM_BULRUSHES_GREEN06.MDX
      ↳ Chain: Area: Uldum → ADT: KALIMDOR_35_52.ADT → WMO: TOLVIR_BUILDING_09.WMO → M2: ULDUM_BULRUSHES_GREEN06.MDX
    WORLD/EXPANSION03/DOODADS/ULDUM/CHICKENS/ULDUM_DEAD_CHICKENS_01.MDX
      ↳ Chain: Area: Uldum → ADT: KALIMDOR_33_53.ADT → WMO: TOLVIR_BUILDING_10.WMO → M2: ULDUM_DEAD_CHICKENS_01.MDX
    WORLD/EXPANSION03/DOODADS/ULDUM/CHICKENS/ULDUM_DEAD_CHICKENS_02.MDX
      ↳ Chain: Area: Uldum → ADT: KALIMDOR_33_53.ADT → WMO: TOLVIR_BUILDING_10.WMO → M2: ULDUM_DEAD_CHICKENS_02.MDX
    WORLD/EXPANSION03/DOODADS/ULDUM/COFFINS/ULDUM_CRYPT_COFFIN_01.MDX
      ↳ Chain: Area: Uldum → ADT: KALIMDOR_33_49.ADT → WMO: ULDUM_RIVERCITY_CENTRAL.WMO → M2: ULDUM_CRYPT_COFFIN_01.MDX
    WORLD/EXPANSION03/DOODADS/ULDUM/COFFINS/ULDUM_CRYPT_COFFIN_02.MDX
      ↳ Chain: Area: Uldum → ADT: KALIMDOR_35_50.ADT → WMO: ULDUM_ENEMY_VILLAGE.WMO → M2: ULDUM_CRYPT_COFFIN_02.MDX
    WORLD/EXPANSION03/DOODADS/ULDUM/COFFINS/ULDUM_CRYPT_COFFIN_03.MDX
      ↳ Chain: Area: Uldum → ADT: KALIMDOR_32_50.ADT → WMO: ULDUM_PYRAMIDCITY3WALLS.WMO → M2: ULDUM_CRYPT_COFFIN_03.MDX
    WORLD/EXPANSION03/DOODADS/ULDUM/CRATES/ULDUM_CRATE_02.MDX
      ↳ Chain: Area: Uldum → ADT: KALIMDOR_33_53.ADT → WMO: TOLVIR_BUILDING_10.WMO → M2: ULDUM_CRATE_02.MDX
    WORLD/EXPANSION03/DOODADS/ULDUM/CRATES/ULDUM_CRATE_03.MDX
      ↳ Chain: Area: Uldum → ADT: KALIMDOR_33_53.ADT → WMO: TOLVIR_BUILDING_10.WMO → M2: ULDUM_CRATE_03.MDX
    WORLD/EXPANSION03/DOODADS/ULDUM/DOORS/ULDUM_DOOR_01.MDX
      ↳ Chain: Area: Uldum → ADT: KALIMDOR_32_52.ADT → WMO: ULDUM_CRADLEOFANCIENTS_FACADE.WMO → M2: ULDUM_DOOR_01.MDX
    WORLD/EXPANSION03/DOODADS/ULDUM/DOORS/ULDUM_DOOR_GEM_AQUA.MDX
      ↳ Chain: Area: Uldum → ADT: KALIMDOR_34_53.ADT → WMO: TOLVIR_CITY_01.WMO → M2: ULDUM_DOOR_GEM_AQUA.MDX
    WORLD/EXPANSION03/DOODADS/ULDUM/FARMING/ULDUM_FARMING_02.MDX
      ↳ Chain: Area: Uldum → ADT: KALIMDOR_33_50.ADT → WMO: ULDUM_FISHING_VILLAGE.WMO → M2: ULDUM_FARMING_02.MDX
    WORLD/EXPANSION03/DOODADS/ULDUM/GRASS/ULDUM_GRASS01_DRY.MDX
      ↳ Chain: Area: Uldum → ADT: KALIMDOR_33_51.ADT → WMO: ULDUM_NATURAL_DESERT_CAVE.WMO → M2: ULDUM_GRASS01_DRY.MDX
    WORLD/EXPANSION03/DOODADS/ULDUM/GRASS/ULDUM_GRASS02_DRY.MDX
      ↳ Chain: Area: Uldum → ADT: KALIMDOR_33_51.ADT → WMO: ULDUM_NATURAL_DESERT_CAVE.WMO → M2: ULDUM_GRASS02_DRY.MDX
    WORLD/EXPANSION03/DOODADS/ULDUM/GRASS/ULDUM_GRASS04_DRY.MDX
      ↳ Chain: Area: Uldum → ADT: KALIMDOR_33_51.ADT → WMO: ULDUM_NATURAL_DESERT_CAVE.WMO → M2: ULDUM_GRASS04_DRY.MDX
    WORLD/EXPANSION03/DOODADS/ULDUM/HEADS/ULDUM_HEAD_WALL_01.MDX
      ↳ Chain: Area: Uldum → ADT: KALIMDOR_31_49.ADT → WMO: ULDUM_MOUNTAIN_WALLS03.WMO → M2: ULDUM_HEAD_WALL_01.MDX
    WORLD/EXPANSION03/DOODADS/ULDUM/LAMPS/ULDUM_FLOOR_LAMP_01.MDX
      ↳ Chain: Area: Uldum → ADT: KALIMDOR_35_51.ADT → WMO: ULDUM_LARGE_PYRAMID_01.WMO → M2: ULDUM_FLOOR_LAMP_01.MDX
    WORLD/EXPANSION03/DOODADS/ULDUM/LAMPS/ULDUM_LAMP_01.MDX
      ↳ Chain: Area: Uldum → ADT: KALIMDOR_35_50.ADT → WMO: ULDUM_ENEMY_VILLAGE.WMO → M2: ULDUM_LAMP_01.MDX
    WORLD/EXPANSION03/DOODADS/ULDUM/LAMPS/ULDUM_LATTICE_LAMP_01.MDX
      ↳ Chain: Area: Uldum → ADT: KALIMDOR_35_50.ADT → WMO: ULDUM_ENEMY_VILLAGE.WMO → M2: ULDUM_LATTICE_LAMP_01.MDX
    WORLD/EXPANSION03/DOODADS/ULDUM/LAMPS/ULDUM_LATTICE_LAMP_02.MDX
      ↳ Chain: Area: Uldum → ADT: KALIMDOR_31_49.ADT → WMO: ULDUM_MOUNTAIN_WALLS03.WMO → M2: ULDUM_LATTICE_LAMP_02.MDX
    WORLD/EXPANSION03/DOODADS/ULDUM/LAMPS/ULDUM_OIL_LAMP_01.MDX
      ↳ Chain: Area: Uldum → ADT: KALIMDOR_31_49.ADT → WMO: ULDUM_MOUNTAIN_WALLS03.WMO → M2: ULDUM_OIL_LAMP_01.MDX
    WORLD/EXPANSION03/DOODADS/ULDUM/LAMPS/ULDUM_SCARAB_SCONCE_01.MDX
      ↳ Chain: Area: Uldum → ADT: KALIMDOR_32_49.ADT → WMO: ULDUM_AQUEDUCT_MICRO.WMO → M2: ULDUM_SCARAB_SCONCE_01.MDX
    WORLD/EXPANSION03/DOODADS/ULDUM/LAMPS/ULDUM_WALL_SCONCE_01.MDX
      ↳ Chain: Area: Uldum → ADT: KALIMDOR_35_51.ADT → WMO: ULDUM_LARGE_PYRAMID_01.WMO → M2: ULDUM_WALL_SCONCE_01.MDX
    WORLD/EXPANSION03/DOODADS/ULDUM/LASERMACHINE/ULDUM_LASERLENSE.MDX
      ↳ Chain: Area: Uldum → ADT: KALIMDOR_33_51.ADT → WMO: ULDUM_NATURAL_DESERT_CAVE.WMO → M2: ULDUM_LASERLENSE.MDX
    WORLD/EXPANSION03/DOODADS/ULDUM/LASERMACHINE/ULDUM_LASERMACHINE.MDX
      ↳ Chain: Area: Uldum → ADT: KALIMDOR_32_49.ADT → WMO: ULDUM_AQUEDUCT_MICRO.WMO → M2: ULDUM_LASERMACHINE.MDX
    WORLD/EXPANSION03/DOODADS/ULDUM/LIGHTSHAFT/ULDUM_LIGHTSHAFT_01.MDX
      ↳ Chain: Area: Uldum → ADT: KALIMDOR_35_51.ADT → WMO: ULDUM_LARGE_PYRAMID_01.WMO → M2: ULDUM_LIGHTSHAFT_01.MDX
    WORLD/EXPANSION03/DOODADS/ULDUM/MARKETSTAND/ULDUM_MARKET_POST_01.MDX
      ↳ Chain: Area: Uldum → ADT: KALIMDOR_33_50.ADT → WMO: ULDUM_FISHING_VILLAGE.WMO → M2: ULDUM_MARKET_POST_01.MDX
    WORLD/EXPANSION03/DOODADS/ULDUM/MARKETSTAND/ULDUM_MARKET_STAND_04.MDX
      ↳ Chain: Area: Uldum → ADT: KALIMDOR_33_50.ADT → WMO: ULDUM_FISHING_VILLAGE.WMO → M2: ULDUM_MARKET_STAND_04.MDX
    WORLD/EXPANSION03/DOODADS/ULDUM/MARKETSTAND/ULDUM_MARKET_STAND_07.MDX
      ↳ Chain: Area: Uldum → ADT: KALIMDOR_35_50.ADT → WMO: ULDUM_ENEMY_VILLAGE.WMO → M2: ULDUM_MARKET_STAND_07.MDX
    WORLD/EXPANSION03/DOODADS/ULDUM/MARKETSTAND/ULDUM_MARKET_STAND_08.MDX
      ↳ Chain: Area: Uldum → ADT: KALIMDOR_33_50.ADT → WMO: ULDUM_FISHING_VILLAGE.WMO → M2: ULDUM_MARKET_STAND_08.MDX
    WORLD/EXPANSION03/DOODADS/ULDUM/MARKETSTAND/ULDUM_MARKET_STAND_10.MDX
      ↳ Chain: Area: Uldum → ADT: KALIMDOR_33_50.ADT → WMO: ULDUM_FISHING_VILLAGE.WMO → M2: ULDUM_MARKET_STAND_10.MDX
    WORLD/EXPANSION03/DOODADS/ULDUM/MARKETSTAND/ULDUM_MARKET_TABLE_01.MDX
      ↳ Chain: Area: Uldum → ADT: KALIMDOR_35_50.ADT → WMO: ULDUM_ENEMY_VILLAGE.WMO → M2: ULDUM_MARKET_TABLE_01.MDX
    WORLD/EXPANSION03/DOODADS/ULDUM/MOVINGMACHINES/ULDUM_MOVINGMACHINES_02.MDX
      ↳ Chain: Area: Tanaris → ADT: KALIMDOR_37_50.ADT → WMO: TANARIS_ULDUM_ENTRANCE_OPEN.WMO → M2: ULDUM_MOVINGMACHINES_02.MDX
    WORLD/EXPANSION03/DOODADS/ULDUM/MOVINGMACHINES/ULDUM_MOVINGMACHINES_03.MDX
      ↳ Chain: Area: Tanaris → ADT: KALIMDOR_37_50.ADT → WMO: TANARIS_ULDUM_ENTRANCE_OPEN.WMO → M2: ULDUM_MOVINGMACHINES_03.MDX
    WORLD/EXPANSION03/DOODADS/ULDUM/MOVINGMACHINES/ULDUM_MOVINGMACHINES_04.MDX
      ↳ Chain: Area: Tanaris → ADT: KALIMDOR_37_50.ADT → WMO: TANARIS_ULDUM_ENTRANCE_OPEN.WMO → M2: ULDUM_MOVINGMACHINES_04.MDX
    WORLD/EXPANSION03/DOODADS/ULDUM/MOVINGMACHINES/ULDUM_MOVINGMACHINES_05.MDX
      ↳ Chain: Area: Uldum → ADT: KALIMDOR_32_49.ADT → WMO: ULDUM_AQUEDUCT_MICRO.WMO → M2: ULDUM_MOVINGMACHINES_05.MDX
    WORLD/EXPANSION03/DOODADS/ULDUM/MOVINGMACHINES/ULDUM_MOVINGMACHINES_06.MDX
      ↳ Chain: Area: Tanaris → ADT: KALIMDOR_37_50.ADT → WMO: TANARIS_ULDUM_ENTRANCE_OPEN.WMO → M2: ULDUM_MOVINGMACHINES_06.MDX
    WORLD/EXPANSION03/DOODADS/ULDUM/OBELISKS/ULDUM_OBELISK_02.MDX
      ↳ Chain: Area: Uldum → ADT: KALIMDOR_31_49.ADT → WMO: ULDUM_MOUNTAIN_WALLS03.WMO → M2: ULDUM_OBELISK_02.MDX
    WORLD/EXPANSION03/DOODADS/ULDUM/PILLARS/ULDUM_PILLAR_BRICK_01.MDX
      ↳ Chain: Area: Uldum → ADT: KALIMDOR_35_50.ADT → WMO: ULDUM_ENEMY_VILLAGE.WMO → M2: ULDUM_PILLAR_BRICK_01.MDX
    WORLD/EXPANSION03/DOODADS/ULDUM/PILLARS/ULDUM_PILLAR_BRICK_02.MDX
      ↳ Chain: Area: Uldum → ADT: KALIMDOR_35_50.ADT → WMO: ULDUM_ENEMY_VILLAGE.WMO → M2: ULDUM_PILLAR_BRICK_02.MDX
    WORLD/EXPANSION03/DOODADS/ULDUM/PILLARS/ULDUM_PILLAR_BRICK_03.MDX
      ↳ Chain: Area: Uldum → ADT: KALIMDOR_35_50.ADT → WMO: ULDUM_ENEMY_VILLAGE.WMO → M2: ULDUM_PILLAR_BRICK_03.MDX
    WORLD/EXPANSION03/DOODADS/ULDUM/PILLARS/ULDUM_PILLAR_BRICK_04.MDX
      ↳ Chain: Area: Uldum → ADT: KALIMDOR_35_50.ADT → WMO: ULDUM_ENEMY_VILLAGE.WMO → M2: ULDUM_PILLAR_BRICK_04.MDX
    WORLD/EXPANSION03/DOODADS/ULDUM/POTS/ULDUM_POT_01.MDX
      ↳ Chain: Area: Uldum → ADT: KALIMDOR_33_50.ADT → WMO: ULDUM_FISHING_VILLAGE.WMO → M2: ULDUM_POT_01.MDX
    WORLD/EXPANSION03/DOODADS/ULDUM/POTS/ULDUM_POT_02.MDX
      ↳ Chain: Area: Uldum → ADT: KALIMDOR_33_50.ADT → WMO: ULDUM_FISHING_VILLAGE.WMO → M2: ULDUM_POT_02.MDX
    WORLD/EXPANSION03/DOODADS/ULDUM/POTS/ULDUM_POT_03.MDX
      ↳ Chain: Area: Uldum → ADT: KALIMDOR_33_50.ADT → WMO: ULDUM_FISHING_VILLAGE.WMO → M2: ULDUM_POT_03.MDX
    WORLD/EXPANSION03/DOODADS/ULDUM/REEDS/ULDUM_REEDS_GREEN05.MDX
      ↳ Chain: Area: Uldum → ADT: KALIMDOR_35_52.ADT → WMO: TOLVIR_BUILDING_09.WMO → M2: ULDUM_REEDS_GREEN05.MDX
    WORLD/EXPANSION03/DOODADS/ULDUM/RUGS/ULDUM_RUG_01.MDX
      ↳ Chain: Area: Uldum → ADT: KALIMDOR_35_52.ADT → WMO: TOLVIR_BUILDING_09.WMO → M2: ULDUM_RUG_01.MDX
    WORLD/EXPANSION03/DOODADS/ULDUM/RUGS/ULDUM_RUG_02.MDX
      ↳ Chain: Area: Uldum → ADT: KALIMDOR_33_53.ADT → WMO: TOLVIR_BUILDING_10.WMO → M2: ULDUM_RUG_02.MDX
    WORLD/EXPANSION03/DOODADS/ULDUM/RUGS/ULDUM_RUG_03.MDX
      ↳ Chain: Area: Uldum → ADT: KALIMDOR_35_50.ADT → WMO: ULDUM_ENEMY_VILLAGE.WMO → M2: ULDUM_RUG_03.MDX
    WORLD/EXPANSION03/DOODADS/ULDUM/RUGS/ULDUM_RUG_04.MDX
      ↳ Chain: Area: Uldum → ADT: KALIMDOR_35_50.ADT → WMO: ULDUM_ENEMY_VILLAGE.WMO → M2: ULDUM_RUG_04.MDX
    WORLD/EXPANSION03/DOODADS/ULDUM/RUGS/ULDUM_RUG_05.MDX
      ↳ Chain: Area: Uldum → ADT: KALIMDOR_35_50.ADT → WMO: ULDUM_ENEMY_VILLAGE.WMO → M2: ULDUM_RUG_05.MDX
    WORLD/EXPANSION03/DOODADS/ULDUM/RUGS/ULDUM_RUG_06.MDX
      ↳ Chain: Area: Uldum → ADT: KALIMDOR_35_52.ADT → WMO: TOLVIR_BUILDING_09.WMO → M2: ULDUM_RUG_06.MDX
    WORLD/EXPANSION03/DOODADS/ULDUM/RUGS/ULDUM_RUG_07.MDX
      ↳ Chain: Area: Uldum → ADT: KALIMDOR_33_49.ADT → WMO: ULDUM_RIVERCITY_CENTRAL.WMO → M2: ULDUM_RUG_07.MDX
    WORLD/EXPANSION03/DOODADS/ULDUM/RUGS/ULDUM_RUG_09.MDX
      ↳ Chain: Area: Uldum → ADT: KALIMDOR_31_49.ADT → WMO: ULDUM_MOUNTAIN_WALLS03.WMO → M2: ULDUM_RUG_09.MDX
    WORLD/EXPANSION03/DOODADS/ULDUM/RUGS/ULDUM_RUG_10.MDX
      ↳ Chain: Area: Uldum → ADT: KALIMDOR_31_49.ADT → WMO: ULDUM_MOUNTAIN_WALLS03.WMO → M2: ULDUM_RUG_10.MDX
    WORLD/EXPANSION03/DOODADS/ULDUM/SACKS/ULDUM_SACK_01.MDX
      ↳ Chain: Area: Uldum → ADT: KALIMDOR_31_49.ADT → WMO: ULDUM_MOUNTAIN_WALLS03.WMO → M2: ULDUM_SACK_01.MDX
    WORLD/EXPANSION03/DOODADS/ULDUM/SACKS/ULDUM_SACK_02.MDX
      ↳ Chain: Area: Uldum → ADT: KALIMDOR_31_49.ADT → WMO: ULDUM_MOUNTAIN_WALLS03.WMO → M2: ULDUM_SACK_02.MDX
    WORLD/EXPANSION03/DOODADS/ULDUM/SACKS/ULDUM_SACK_07.MDX
      ↳ Chain: Area: Uldum → ADT: KALIMDOR_31_49.ADT → WMO: ULDUM_MOUNTAIN_WALLS03.WMO → M2: ULDUM_SACK_07.MDX
    WORLD/EXPANSION03/DOODADS/ULDUM/SACKS/ULDUM_SACK_08.MDX
      ↳ Chain: Area: Uldum → ADT: KALIMDOR_31_49.ADT → WMO: ULDUM_MOUNTAIN_WALLS03.WMO → M2: ULDUM_SACK_08.MDX
    WORLD/EXPANSION03/DOODADS/ULDUM/SACKS/ULDUM_SACK_09.MDX
      ↳ Chain: Area: Uldum → ADT: KALIMDOR_35_52.ADT → WMO: TOLVIR_BUILDING_08.WMO → M2: ULDUM_SACK_09.MDX
    WORLD/EXPANSION03/DOODADS/ULDUM/SACKS/ULDUM_SACK_10.MDX
      ↳ Chain: Area: Uldum → ADT: KALIMDOR_31_49.ADT → WMO: ULDUM_MOUNTAIN_WALLS03.WMO → M2: ULDUM_SACK_10.MDX
    WORLD/EXPANSION03/DOODADS/ULDUM/SACKS/ULDUM_SACK_11.MDX
      ↳ Chain: Area: Uldum → ADT: KALIMDOR_33_53.ADT → WMO: TOLVIR_BUILDING_10.WMO → M2: ULDUM_SACK_11.MDX
    WORLD/EXPANSION03/DOODADS/ULDUM/SACKS/ULDUM_SACK_SIGN_02.MDX
      ↳ Chain: Area: Uldum → ADT: KALIMDOR_35_52.ADT → WMO: TOLVIR_BUILDING_09.WMO → M2: ULDUM_SACK_SIGN_02.MDX
    WORLD/EXPANSION03/DOODADS/ULDUM/SACKS/ULDUM_SACK_SIGN_03.MDX
      ↳ Chain: Area: Uldum → ADT: KALIMDOR_35_52.ADT → WMO: TOLVIR_BUILDING_09.WMO → M2: ULDUM_SACK_SIGN_03.MDX
    WORLD/EXPANSION03/DOODADS/ULDUM/SANDFALLS/ULDUM_SANDFALL_01.MDX
      ↳ Chain: Area: Tanaris → ADT: KALIMDOR_37_50.ADT → WMO: TANARIS_ULDUM_ENTRANCE_OPEN.WMO → M2: ULDUM_SANDFALL_01.MDX
    WORLD/EXPANSION03/DOODADS/ULDUM/SLIDINGFLOOR/ULDUM_SLIDINGFLOOR.MDX
      ↳ Chain: Area: Uldum → ADT: KALIMDOR_32_49.ADT → WMO: ULDUM_AQUEDUCT_MICRO.WMO → M2: ULDUM_SLIDINGFLOOR.MDX
    WORLD/EXPANSION03/DOODADS/ULDUM/STATUES/ULDUM_AMMUNAE_STATUE_02.MDX
      ↳ Chain: Area: Uldum → ADT: KALIMDOR_33_49.ADT → WMO: ULDUM_RIVERCITY_CENTRAL.WMO → M2: ULDUM_AMMUNAE_STATUE_02.MDX
    WORLD/EXPANSION03/DOODADS/ULDUM/STATUES/ULDUM_FALCON_01.MDX
      ↳ Chain: Area: Uldum → ADT: KALIMDOR_31_49.ADT → WMO: ULDUM_MOUNTAIN_WALLS03.WMO → M2: ULDUM_FALCON_01.MDX
    WORLD/EXPANSION03/DOODADS/ULDUM/STATUES/ULDUM_FALCON_STATUE_02.MDX
      ↳ Chain: Area: Uldum → ADT: KALIMDOR_33_49.ADT → WMO: ULDUM_RIVERCITY_CENTRAL.WMO → M2: ULDUM_FALCON_STATUE_02.MDX
    WORLD/EXPANSION03/DOODADS/ULDUM/STATUES/ULDUM_FALCON_STATUE_03.MDX
      ↳ Chain: Area: Uldum → ADT: KALIMDOR_31_48.ADT → WMO: ULDUM_MOUNTAIN_WALLS02.WMO → M2: ULDUM_FALCON_STATUE_03.MDX
    WORLD/EXPANSION03/DOODADS/ULDUM/STATUES/ULDUM_FALCON_STATUE_04.MDX
      ↳ Chain: Area: Uldum → ADT: KALIMDOR_35_52.ADT → WMO: TOLVIR_BUILDING_09.WMO → M2: ULDUM_FALCON_STATUE_04.MDX
    WORLD/EXPANSION03/DOODADS/ULDUM/STATUES/ULDUM_JACKAL_STATUE_01.MDX
      ↳ Chain: Area: Uldum → ADT: KALIMDOR_36_51.ADT → WMO: TOLVIR_GRAVE_TOMB.WMO → M2: ULDUM_JACKAL_STATUE_01.MDX
    WORLD/EXPANSION03/DOODADS/ULDUM/STATUES/ULDUM_JACKAL_STATUE_02.MDX
      ↳ Chain: Area: Uldum → ADT: KALIMDOR_34_52.ADT → WMO: TOLVIR_GRAVE_TOMB_JUNGLE.WMO → M2: ULDUM_JACKAL_STATUE_02.MDX
    WORLD/EXPANSION03/DOODADS/ULDUM/STATUES/ULDUM_RAM_STATUE_02.MDX
      ↳ Chain: Area: Uldum → ADT: KALIMDOR_31_49.ADT → WMO: ULDUM_MOUNTAIN_WALLS03.WMO → M2: ULDUM_RAM_STATUE_02.MDX
    WORLD/EXPANSION03/DOODADS/ULDUM/TEAPOTS/ULDUM_TEAPOT_01.MDX
      ↳ Chain: Area: Uldum → ADT: KALIMDOR_33_50.ADT → WMO: ULDUM_FISHING_VILLAGE.WMO → M2: ULDUM_TEAPOT_01.MDX
    WORLD/EXPANSION03/DOODADS/ULDUM/TITAN/ULDUM_TITAN_CHEST02.MDX
      ↳ Chain: Area: Uldum → ADT: KALIMDOR_31_49.ADT → WMO: ULDUM_MOUNTAIN_WALLS03.WMO → M2: ULDUM_TITAN_CHEST02.MDX
    WORLD/EXPANSION03/DOODADS/ULDUM/TITAN/ULDUM_TITAN_DOORWAY01.MDX
      ↳ Chain: Area: Uldum → ADT: KALIMDOR_34_48.ADT → WMO: ULDUM_C_TOMB.WMO → M2: ULDUM_TITAN_DOORWAY01.MDX
    WORLD/EXPANSION03/DOODADS/ULDUM/TITAN/ULDUM_TITAN_DOORWAY02.MDX
      ↳ Chain: Area: Uldum → ADT: KALIMDOR_33_52.ADT → WMO: ULDUM_PYRAMIDCITYTWO_01.WMO → M2: ULDUM_TITAN_DOORWAY02.MDX
    WORLD/EXPANSION03/DOODADS/ULDUM/TITAN/ULDUM_TITAN_RAILING01.MDX
      ↳ Chain: Area: Uldum → ADT: KALIMDOR_31_49.ADT → WMO: ULDUM_MOUNTAIN_WALLS03.WMO → M2: ULDUM_TITAN_RAILING01.MDX
    WORLD/EXPANSION03/DOODADS/ULDUM/TITAN/ULDUM_TITAN_STATUE01.MDX
      ↳ Chain: Area: Uldum → ADT: KALIMDOR_34_53.ADT → WMO: TOLVIR_CITY_01.WMO → M2: ULDUM_TITAN_STATUE01.MDX
    WORLD/EXPANSION03/DOODADS/ULDUM/TITAN/ULDUM_TITAN_STATUE03.MDX
      ↳ Chain: Area: Uldum → ADT: KALIMDOR_34_53.ADT → WMO: TOLVIR_CITY_01.WMO → M2: ULDUM_TITAN_STATUE03.MDX
    WORLD/EXPANSION03/DOODADS/ULDUM/TITAN/ULDUM_TITAN_STATUE05.MDX
      ↳ Chain: Area: Uldum → ADT: KALIMDOR_34_53.ADT → WMO: TOLVIR_CITY_01.WMO → M2: ULDUM_TITAN_STATUE05.MDX
    WORLD/EXPANSION03/DOODADS/ULDUM/TITAN/ULDUM_TITAN_WALL01.MDX
      ↳ Chain: Area: Uldum → ADT: KALIMDOR_31_49.ADT → WMO: ULDUM_MOUNTAIN_WALLS03.WMO → M2: ULDUM_TITAN_WALL01.MDX
    WORLD/EXPANSION03/DOODADS/ULDUM/TORCHES/ULDUM_TORCH_01.MDX
      ↳ Chain: Area: Uldum → ADT: KALIMDOR_31_49.ADT → WMO: ULDUM_MOUNTAIN_WALLS03.WMO → M2: ULDUM_TORCH_01.MDX
    WORLD/EXPANSION03/DOODADS/ULDUM/TORCHES/ULDUM_TORCH_01_FRAME.MDX
      ↳ Chain: Area: Uldum → ADT: KALIMDOR_35_52.ADT → WMO: TOLVIR_BUILDING_08.WMO → M2: ULDUM_TORCH_01_FRAME.MDX
    WORLD/EXPANSION03/DOODADS/ULDUM/TORCHES/ULDUM_TORCH_03.MDX
      ↳ Chain: Area: Uldum → ADT: KALIMDOR_35_50.ADT → WMO: ULDUM_ENEMY_VILLAGE.WMO → M2: ULDUM_TORCH_03.MDX
    WORLD/EXPANSION03/DOODADS/ULDUM/TORCHES/ULDUM_TORCH_04.MDX
      ↳ Chain: Area: Uldum → ADT: KALIMDOR_35_50.ADT → WMO: ULDUM_ENEMY_VILLAGE.WMO → M2: ULDUM_TORCH_04.MDX
    WORLD/EXPANSION03/DOODADS/ULDUM/TREES/ULDUM_PALMDEBRIS05.MDX
      ↳ Chain: Area: Uldum → ADT: KALIMDOR_35_52.ADT → WMO: TOLVIR_BUILDING_09.WMO → M2: ULDUM_PALMDEBRIS05.MDX
    WORLD/EXPANSION03/DOODADS/ULDUM/ULDUM_ANVIL.MDX
      ↳ Chain: Area: Uldum → ADT: KALIMDOR_35_50.ADT → WMO: ULDUM_ENEMY_VILLAGE.WMO → M2: ULDUM_ANVIL.MDX
    WORLD/EXPANSION03/DOODADS/ULDUM/ULDUM_ANVIL_02.MDX
      ↳ Chain: Area: Uldum → ADT: KALIMDOR_35_50.ADT → WMO: ULDUM_ENEMY_VILLAGE.WMO → M2: ULDUM_ANVIL_02.MDX
    WORLD/EXPANSION03/DOODADS/ULDUM/ULDUM_ANVIL_HAMMER.MDX
      ↳ Chain: Area: Uldum → ADT: KALIMDOR_35_50.ADT → WMO: ULDUM_ENEMY_VILLAGE.WMO → M2: ULDUM_ANVIL_HAMMER.MDX
    WORLD/EXPANSION03/DOODADS/ULDUM/ULDUM_FLOATING_LAMP_01.MDX
      ↳ Chain: Area: Uldum → ADT: KALIMDOR_34_53.ADT → WMO: TOLVIR_CITY_01.WMO → M2: ULDUM_FLOATING_LAMP_01.MDX
    WORLD/EXPANSION03/DOODADS/ULDUM/ULDUM_INCENSE_BURNER_01.MDX
      ↳ Chain: Area: Uldum → ADT: KALIMDOR_35_50.ADT → WMO: ULDUM_ENEMY_VILLAGE.WMO → M2: ULDUM_INCENSE_BURNER_01.MDX
    WORLD/EXPANSION03/DOODADS/ULDUM/ULDUM_SUNSIGIL_BEAM.MDX
      ↳ Chain: Area: Uldum → ADT: KALIMDOR_34_53.ADT → WMO: TOLVIR_CITY_01.WMO → M2: ULDUM_SUNSIGIL_BEAM.MDX
    WORLD/EXPANSION03/DOODADS/ULDUM/URNS/ULDUM_URN_01.MDX
      ↳ Chain: Area: Uldum → ADT: KALIMDOR_35_50.ADT → WMO: ULDUM_ENEMY_VILLAGE.WMO → M2: ULDUM_URN_01.MDX
    WORLD/EXPANSION03/DOODADS/ULDUM/URNS/ULDUM_URN_02.MDX
      ↳ Chain: Area: Uldum → ADT: KALIMDOR_35_50.ADT → WMO: ULDUM_ENEMY_VILLAGE.WMO → M2: ULDUM_URN_02.MDX
    WORLD/EXPANSION03/DOODADS/ULDUM/WATERFALLS/ULDUM_DAM_WATERFALLS_03.MDX
      ↳ Chain: Area: Uldum → ADT: KALIMDOR_32_49.ADT → WMO: ULDUM_AQUEDUCT_MICRO.WMO → M2: ULDUM_DAM_WATERFALLS_03.MDX
    WORLD/EXPANSION03/DOODADS/VASHJIR/ANEMONE/VJ_ANEMONESM01.MDX
      ↳ Chain: Area: Vashj'ir → ADT: AZEROTH_25_42.ADT → WMO: VASHJIR_EARTHEN_CAVE.WMO → M2: VJ_ANEMONESM01.MDX
    WORLD/EXPANSION03/DOODADS/VASHJIR/ANEMONE/VJ_ANEMONESM02.MDX
      ↳ Chain: Area: Vashj'ir → ADT: AZEROTH_25_42.ADT → WMO: VASHJIR_EARTHEN_CAVE.WMO → M2: VJ_ANEMONESM02.MDX
    WORLD/EXPANSION03/DOODADS/VASHJIR/CORALS/VJ_BUSHCORALBROWN01.MDX
      ↳ Chain: Area: Vashj'ir → ADT: AZEROTH_25_42.ADT → WMO: VASHJIR_EARTHEN_CAVE.WMO → M2: VJ_BUSHCORALBROWN01.MDX
    WORLD/EXPANSION03/DOODADS/VASHJIR/CORALS/VJ_CORALBUSH_BLUEGREEN01.MDX
      ↳ Chain: Area: Vashj'ir → ADT: AZEROTH_25_42.ADT → WMO: VASHJIR_EARTHEN_CAVE.WMO → M2: VJ_CORALBUSH_BLUEGREEN01.MDX
    WORLD/EXPANSION03/DOODADS/VASHJIR/CORALS/VJ_CORALBUSH_GRAY01.MDX
      ↳ Chain: Area: Vashj'ir → ADT: AZEROTH_22_42.ADT → WMO: VASHJIR_ANTICHAMBER.WMO → M2: VJ_CORALBUSH_GRAY01.MDX
    WORLD/EXPANSION03/DOODADS/VASHJIR/CORALS/VJ_CORALBUSH_GREEN01.MDX
      ↳ Chain: Area: Vashj'ir → ADT: AZEROTH_22_42.ADT → WMO: VASHJIR_ANTICHAMBER.WMO → M2: VJ_CORALBUSH_GREEN01.MDX
    WORLD/EXPANSION03/DOODADS/VASHJIR/CORALS/VJ_CORALBUSH_PURPLE01.MDX
      ↳ Chain: Area: Vashj'ir → ADT: AZEROTH_22_42.ADT → WMO: VASHJIR_ANTICHAMBER.WMO → M2: VJ_CORALBUSH_PURPLE01.MDX
    WORLD/EXPANSION03/DOODADS/VASHJIR/CORALS/VJ_CORALBUSH_RED02.MDX
      ↳ Chain: Area: Vashj'ir → ADT: AZEROTH_22_42.ADT → WMO: VASHJIR_ANTICHAMBER.WMO → M2: VJ_CORALBUSH_RED02.MDX
    WORLD/EXPANSION03/DOODADS/VASHJIR/CORALS/VJ_CORALCLUSTERTOP01.MDX
      ↳ Chain: Area: Vashj'ir → ADT: AZEROTH_25_42.ADT → WMO: VASHJIR_EARTHEN_CAVE.WMO → M2: VJ_CORALCLUSTERTOP01.MDX
    WORLD/EXPANSION03/DOODADS/VASHJIR/CORALS/VJ_CORALCLUSTERTOP02.MDX
      ↳ Chain: Area: Vashj'ir → ADT: AZEROTH_25_42.ADT → WMO: VASHJIR_EARTHEN_CAVE.WMO → M2: VJ_CORALCLUSTERTOP02.MDX
    WORLD/EXPANSION03/DOODADS/VASHJIR/CORALS/VJ_CORALFLATGOLD_02.MDX
      ↳ Chain: Area: Vashj'ir → ADT: AZEROTH_22_42.ADT → WMO: VASHJIR_ANTICHAMBER.WMO → M2: VJ_CORALFLATGOLD_02.MDX
    WORLD/EXPANSION03/DOODADS/VASHJIR/CORALS/VJ_CORALFLATGREEN_01.MDX
      ↳ Chain: Area: Vashj'ir → ADT: AZEROTH_22_42.ADT → WMO: VASHJIR_ANTICHAMBER.WMO → M2: VJ_CORALFLATGREEN_01.MDX
    WORLD/EXPANSION03/DOODADS/VASHJIR/CORALS/VJ_CORALFLAT_01.MDX
      ↳ Chain: Area: Vashj'ir → ADT: AZEROTH_25_42.ADT → WMO: VASHJIR_EARTHEN_CAVE.WMO → M2: VJ_CORALFLAT_01.MDX
    WORLD/EXPANSION03/DOODADS/VASHJIR/CORALS/VJ_CORALTABLETOP01.MDX
      ↳ Chain: Area: Vashj'ir → ADT: AZEROTH_22_42.ADT → WMO: VASHJIR_ANTICHAMBER.WMO → M2: VJ_CORALTABLETOP01.MDX
    WORLD/EXPANSION03/DOODADS/VASHJIR/CORALS/VJ_CORALTABLETOP02.MDX
      ↳ Chain: Area: Vashj'ir → ADT: AZEROTH_22_42.ADT → WMO: VASHJIR_ANTICHAMBER.WMO → M2: VJ_CORALTABLETOP02.MDX
    WORLD/EXPANSION03/DOODADS/VASHJIR/CORALS/VJ_CORALTABLETOP03.MDX
      ↳ Chain: Area: Vashj'ir → ADT: AZEROTH_25_42.ADT → WMO: VASHJIR_EARTHEN_CAVE.WMO → M2: VJ_CORALTABLETOP03.MDX
    WORLD/EXPANSION03/DOODADS/VASHJIR/CORALS/VJ_CORALTABLETOP05.MDX
      ↳ Chain: Area: Vashj'ir → ADT: AZEROTH_25_42.ADT → WMO: VASHJIR_EARTHEN_CAVE.WMO → M2: VJ_CORALTABLETOP05.MDX
    WORLD/EXPANSION03/DOODADS/VASHJIR/CORALS/VJ_CORALTHICK_01.MDX
      ↳ Chain: Area: Vashj'ir → ADT: AZEROTH_25_42.ADT → WMO: VASHJIR_EARTHEN_CAVE.WMO → M2: VJ_CORALTHICK_01.MDX
    WORLD/EXPANSION03/DOODADS/VASHJIR/CORALS/VJ_CORALTHICK_02.MDX
      ↳ Chain: Area: Vashj'ir → ADT: AZEROTH_25_42.ADT → WMO: VASHJIR_EARTHEN_CAVE.WMO → M2: VJ_CORALTHICK_02.MDX
    WORLD/EXPANSION03/DOODADS/VASHJIR/CORALS/VJ_CUCUMBERCORALGREEN01.MDX
      ↳ Chain: Area: Vashj'ir → ADT: AZEROTH_25_42.ADT → WMO: VASHJIR_EARTHEN_CAVE.WMO → M2: VJ_CUCUMBERCORALGREEN01.MDX
    WORLD/EXPANSION03/DOODADS/VASHJIR/CORALS/VJ_MUSHROOMCORALGREEN01.MDX
      ↳ Chain: Area: Vashj'ir → ADT: AZEROTH_25_42.ADT → WMO: VASHJIR_EARTHEN_CAVE.WMO → M2: VJ_MUSHROOMCORALGREEN01.MDX
    WORLD/EXPANSION03/DOODADS/VASHJIR/CORALS/VJ_SEAGRASSGREEN01.MDX
      ↳ Chain: Area: Vashj'ir → ADT: AZEROTH_22_42.ADT → WMO: VASHJIR_ANTICHAMBER.WMO → M2: VJ_SEAGRASSGREEN01.MDX
    WORLD/EXPANSION03/DOODADS/VASHJIR/CORALS/VJ_SEASPONGEBROWN01.MDX
      ↳ Chain: Area: Vashj'ir → ADT: AZEROTH_25_42.ADT → WMO: VASHJIR_EARTHEN_CAVE.WMO → M2: VJ_SEASPONGEBROWN01.MDX
    WORLD/EXPANSION03/DOODADS/VASHJIR/CORALS/VJ_SPIKEDTREECORAL07.MDX
      ↳ Chain: Area: Vashj'ir → ADT: AZEROTH_22_42.ADT → WMO: VASHJIR_ANTICHAMBER.WMO → M2: VJ_SPIKEDTREECORAL07.MDX
    WORLD/EXPANSION03/DOODADS/VASHJIR/DEMIGOD/VJ_DEMIGOD_DOOR.MDX
      ↳ Chain: Area: Vashj'ir → ADT: AZEROTH_20_45.ADT → WMO: DEMIGOD_DOME_DEAD.WMO → M2: VJ_DEMIGOD_DOOR.MDX
    WORLD/EXPANSION03/DOODADS/VASHJIR/DEMIGOD/VJ_DEMIGOD_HEART1.MDX
      ↳ Chain: Area: Vashj'ir → ADT: AZEROTH_25_45.ADT → WMO: DEMIGOD_DOME_LIVING.WMO → M2: VJ_DEMIGOD_HEART1.MDX
    WORLD/EXPANSION03/DOODADS/VASHJIR/DEMIGOD/VJ_DEMIGOD_LIGHTSHAFT_01.MDX
      ↳ Chain: Area: Crestfall → ADT: AZEROTH_13_42.ADT → WMO: 8CRE_AMPTUNNEL01_2459264.WMO → M2: VJ_DEMIGOD_LIGHTSHAFT_01.MDX
    WORLD/EXPANSION03/DOODADS/VASHJIR/DEMIGOD/VJ_DEMIGOD_ORGAN1.MDX
      ↳ Chain: Area: Vashj'ir → ADT: AZEROTH_25_45.ADT → WMO: DEMIGOD_DOME_LIVING.WMO → M2: VJ_DEMIGOD_ORGAN1.MDX
    WORLD/EXPANSION03/DOODADS/VASHJIR/DOMES/VJ_DOME_EYE_01.MDX
      ↳ Chain: Area: Vashj'ir → ADT: AZEROTH_25_45.ADT → WMO: DEMIGOD_DOME_LIVING.WMO → M2: VJ_DOME_EYE_01.MDX
    WORLD/EXPANSION03/DOODADS/VASHJIR/DOMES/VJ_DOME_GLOWCARDS.MDX
      ↳ Chain: Area: Vashj'ir → ADT: AZEROTH_25_45.ADT → WMO: DEMIGOD_DOME_LIVING.WMO → M2: VJ_DOME_GLOWCARDS.MDX
    WORLD/EXPANSION03/DOODADS/VASHJIR/DRAPES/VJ_DRAPES_01.MDX
      ↳ Chain: Area: Vashj'ir → ADT: AZEROTH_25_45.ADT → WMO: DEMIGOD_DOME_LIVING.WMO → M2: VJ_DRAPES_01.MDX
    WORLD/EXPANSION03/DOODADS/VASHJIR/DRAPES/VJ_DRAPES_02.MDX
      ↳ Chain: Area: Vashj'ir → ADT: AZEROTH_25_45.ADT → WMO: DEMIGOD_DOME_LIVING.WMO → M2: VJ_DRAPES_02.MDX
    WORLD/EXPANSION03/DOODADS/VASHJIR/DRAPES/VJ_DRAPES_03.MDX
      ↳ Chain: Area: Vashj'ir → ADT: AZEROTH_25_45.ADT → WMO: DEMIGOD_DOME_LIVING.WMO → M2: VJ_DRAPES_03.MDX
    WORLD/EXPANSION03/DOODADS/VASHJIR/KELP/VJ_KELP01.MDX
      ↳ Chain: Area: Vashj'ir → ADT: AZEROTH_25_42.ADT → WMO: VASHJIR_EARTHEN_CAVE.WMO → M2: VJ_KELP01.MDX
    WORLD/EXPANSION03/DOODADS/VASHJIR/KELP/VJ_KELPBLUE01.MDX
      ↳ Chain: Area: Vashj'ir → ADT: AZEROTH_25_42.ADT → WMO: VASHJIR_EARTHEN_CAVE.WMO → M2: VJ_KELPBLUE01.MDX
    WORLD/EXPANSION03/DOODADS/VASHJIR/PEARL/VJ_GIANTPEARL.MDX
      ↳ Chain: Area: Vashj'ir → ADT: AZEROTH_25_45.ADT → WMO: DEMIGOD_DOME_LIVING.WMO → M2: VJ_GIANTPEARL.MDX
    WORLD/EXPANSION03/DOODADS/VASHJIR/SEAMONSTER/VJ_SEAMONSTER_BONESSKULL_01.MDX
      ↳ Chain: Area: Vashj'ir → ADT: AZEROTH_22_42.ADT → WMO: VASHJIR_ANTICHAMBER.WMO → M2: VJ_SEAMONSTER_BONESSKULL_01.MDX
    WORLD/EXPANSION03/DOODADS/VASHJIR/SEAMONSTER/VJ_SEAMONSTER_BONESSKULL_02.MDX
      ↳ Chain: Area: Vashj'ir → ADT: AZEROTH_22_42.ADT → WMO: VASHJIR_ANTICHAMBER.WMO → M2: VJ_SEAMONSTER_BONESSKULL_02.MDX
    WORLD/EXPANSION03/DOODADS/VASHJIR/TENTACLES/VJ_DOME_TENTACLES_01.MDX
      ↳ Chain: Area: Vashj'ir → ADT: AZEROTH_20_45.ADT → WMO: DEMIGOD_DOME_DEAD.WMO → M2: VJ_DOME_TENTACLES_01.MDX
    WORLD/EXPANSION03/DOODADS/WILDHAMMER/BANNER/WILDHAMMER_BANNER_02.MDX
      ↳ Chain: Area: Highlands → ADT: AZEROTH_42_37.ADT → WMO: WILDHAMMERDWARF_COTTAGEB.WMO → M2: WILDHAMMER_BANNER_02.MDX
    WORLD/EXPANSION03/DOODADS/WILDHAMMER/GRYPHONCHICKS/WILDHAMMER_GRYPHON_CHICKS.MDX
      ↳ Chain: Area: Highlands → ADT: AZEROTH_42_37.ADT → WMO: WILDHAMMERDWARF_COTTAGEB.WMO → M2: WILDHAMMER_GRYPHON_CHICKS.MDX
    WORLD/EXPANSION03/DOODADS/WILDHAMMER/GRYPHONINCUBATOR/WILDHAMMER_GRYPHON_INCUBATOR.MDX
      ↳ Chain: Area: Highlands → ADT: AZEROTH_42_39.ADT → WMO: WILDHAMMERDWARF_COTTAGEA.WMO → M2: WILDHAMMER_GRYPHON_INCUBATOR.MDX
    WORLD/EXPANSION03/DOODADS/WILDHAMMER/SHELF/WILDHAMMER_SHELF_01.MDX
      ↳ Chain: Area: Highlands → ADT: AZEROTH_42_39.ADT → WMO: WILDHAMMERDWARF_COTTAGEA.WMO → M2: WILDHAMMER_SHELF_01.MDX
    WORLD/EXPANSION03/DOODADS/WILDHAMMER/STORMHAMMER/WILDHAMMER_STORMHAMMER_01.MDX
      ↳ Chain: Area: Highlands → ADT: AZEROTH_42_39.ADT → WMO: WILDHAMMERDWARF_TWOSTORYA.WMO → M2: WILDHAMMER_STORMHAMMER_01.MDX
    WORLD/EXPANSION03/DOODADS/WILDHAMMER/STOVE/WILDHAMMER_STOVE.MDX
      ↳ Chain: Area: Highlands → ADT: AZEROTH_42_37.ADT → WMO: WILDHAMMERDWARF_COTTAGEB.WMO → M2: WILDHAMMER_STOVE.MDX
    WORLD/EXPANSION03/DOODADS/WILDHAMMER/WILDHAMMER_FOG.MDX
      ↳ Chain: Area: Hyjal → ADT: KALIMDOR_38_21.ADT → WMO: HYJAL_BARROW_DEN.WMO → M2: WILDHAMMER_FOG.MDX
    WORLD/EXPANSION03/DOODADS/WORGEN/EFFECTS/GILNEAS_DWELLINGWATER_01.MDX
      ↳ Chain: Area: Gilneas → ADT: AZEROTH_29_36.ADT → WMO: GILNEAS_WORGENDWELLINGWMO.WMO → M2: GILNEAS_DWELLINGWATER_01.MDX
    WORLD/EXPANSION03/DOODADS/WORGEN/EFFECTS/WORGEN_PUDDLESPLASH_01.MDX
      ↳ Chain: Area: Tol Barad → ADT: AZEROTH_19_36.ADT → WMO: TB_MICRO03.WMO → M2: WORGEN_PUDDLESPLASH_01.MDX
    WORLD/EXPANSION03/DOODADS/WORGEN/EFFECTS/WORGEN_RAINDRIPS_01.MDX
      ↳ Chain: Area: Vashj'ir → ADT: AZEROTH_24_40.ADT → WMO: TRANSPORT_SHIP_UD_SUNKENSHIP.WMO → M2: WORGEN_RAINDRIPS_01.MDX
    WORLD/EXPANSION03/DOODADS/WORGEN/FARM/WORGEN_CHICKENCOUP_01.MDX
      ↳ Chain: Area: Uldum → ADT: KALIMDOR_33_53.ADT → WMO: TOLVIR_BUILDING_10.WMO → M2: WORGEN_CHICKENCOUP_01.MDX
    WORLD/EXPANSION03/DOODADS/WORGEN/FENCES/WORGEN_TOWNLAMP_01.MDX
      ↳ Chain: Area: Hillsbrad Foothills → ADT: AZEROTH_30_34.ADT → WMO: GILNEAS_GREYMANE_WALL_OPENED.WMO → M2: WORGEN_TOWNLAMP_01.MDX
    WORLD/EXPANSION03/DOODADS/WORGEN/FENCES/WORGEN_TOWNLAMP_02.MDX
      ↳ Chain: Area: Hillsbrad Foothills → ADT: AZEROTH_30_34.ADT → WMO: AZ_WORGENMINE.WMO → M2: WORGEN_TOWNLAMP_02.MDX
    WORLD/EXPANSION03/DOODADS/WORGEN/ITEMS/WORGEN_AFGAN_01.MDX
      ↳ Chain: Area: Highlands → ADT: AZEROTH_42_39.ADT → WMO: WILDHAMMERDWARF_COTTAGEA.WMO → M2: WORGEN_AFGAN_01.MDX
    WORLD/EXPANSION03/DOODADS/WORGEN/ITEMS/WORGEN_AFGAN_02.MDX
      ↳ Chain: Area: Blasted Lands → ADT: AZEROTH_37_55.ADT → WMO: GILNEAS_HOUSE_A.WMO → M2: WORGEN_AFGAN_02.MDX
    WORLD/EXPANSION03/DOODADS/WORGEN/ITEMS/WORGEN_BARREL_01.MDX
      ↳ Chain: Area: Kezan → ADT: KALIMDOR_56_52.ADT → WMO: BARGE_DOCK.WMO → M2: WORGEN_BARREL_01.MDX
    WORLD/EXPANSION03/DOODADS/WORGEN/ITEMS/WORGEN_BARREL_APPLE_01.MDX
      ↳ Chain: Area: Highlands → ADT: AZEROTH_42_39.ADT → WMO: WILDHAMMERDWARF_COTTAGEA.WMO → M2: WORGEN_BARREL_APPLE_01.MDX
    WORLD/EXPANSION03/DOODADS/WORGEN/ITEMS/WORGEN_BARREL_BROKEN.MDX
      ↳ Chain: Area: Hillsbrad Foothills → ADT: AZEROTH_30_34.ADT → WMO: AZ_WORGENMINE.WMO → M2: WORGEN_BARREL_BROKEN.MDX
    WORLD/EXPANSION03/DOODADS/WORGEN/ITEMS/WORGEN_BARREL_CORN_01.MDX
      ↳ Chain: Area: Highlands → ADT: AZEROTH_42_39.ADT → WMO: WILDHAMMERDWARF_COTTAGEA.WMO → M2: WORGEN_BARREL_CORN_01.MDX
    WORLD/EXPANSION03/DOODADS/WORGEN/ITEMS/WORGEN_BEDBUNK_02.MDX
      ↳ Chain: Area: Gilneas → ADT: AZEROTH_27_35.ADT → WMO: GILNEAS_HOUSE_B.WMO → M2: WORGEN_BEDBUNK_02.MDX
    WORLD/EXPANSION03/DOODADS/WORGEN/ITEMS/WORGEN_BEDLADDER.MDX
      ↳ Chain: Area: Gilneas → ADT: AZEROTH_27_35.ADT → WMO: GILNEAS_HOUSE_B.WMO → M2: WORGEN_BEDLADDER.MDX
    WORLD/EXPANSION03/DOODADS/WORGEN/ITEMS/WORGEN_BED_KID_01.MDX
      ↳ Chain: Area: Gilneas → ADT: AZEROTH_27_35.ADT → WMO: GILNEAS_HOUSE_B.WMO → M2: WORGEN_BED_KID_01.MDX
    WORLD/EXPANSION03/DOODADS/WORGEN/ITEMS/WORGEN_BED_KID_02.MDX
      ↳ Chain: Area: Gilneas → ADT: AZEROTH_27_35.ADT → WMO: GILNEAS_HOUSE_B.WMO → M2: WORGEN_BED_KID_02.MDX
    WORLD/EXPANSION03/DOODADS/WORGEN/ITEMS/WORGEN_BED_LARGE_01.MDX
      ↳ Chain: Area: Blasted Lands → ADT: AZEROTH_37_55.ADT → WMO: GILNEAS_HOUSE_A.WMO → M2: WORGEN_BED_LARGE_01.MDX
    WORLD/EXPANSION03/DOODADS/WORGEN/ITEMS/WORGEN_BED_LARGE_02.MDX
      ↳ Chain: Area: Gilneas → ADT: AZEROTH_27_35.ADT → WMO: GILNEAS_HOUSE_B.WMO → M2: WORGEN_BED_LARGE_02.MDX
    WORLD/EXPANSION03/DOODADS/WORGEN/ITEMS/WORGEN_BED_MID_01.MDX
      ↳ Chain: Area: Blasted Lands → ADT: AZEROTH_37_55.ADT → WMO: GILNEAS_HOUSE_A.WMO → M2: WORGEN_BED_MID_01.MDX
    WORLD/EXPANSION03/DOODADS/WORGEN/ITEMS/WORGEN_BED_MID_02.MDX
      ↳ Chain: Area: Blasted Lands → ADT: AZEROTH_37_55.ADT → WMO: GILNEAS_HOUSE_A.WMO → M2: WORGEN_BED_MID_02.MDX
    WORLD/EXPANSION03/DOODADS/WORGEN/ITEMS/WORGEN_BENCH_01.MDX
      ↳ Chain: Area: Vashj'ir → ADT: AZEROTH_24_43.ADT → WMO: VASHJIR_TOWER_CAVE.WMO → M2: WORGEN_BENCH_01.MDX
    WORLD/EXPANSION03/DOODADS/WORGEN/ITEMS/WORGEN_BENCH_02.MDX
      ↳ Chain: Area: Gilneas → ADT: AZEROTH_29_35.ADT → WMO: GILNEAS_CATHEDRAL.WMO → M2: WORGEN_BENCH_02.MDX
    WORLD/EXPANSION03/DOODADS/WORGEN/ITEMS/WORGEN_BOTTLE_01.MDX
      ↳ Chain: Area: Vashj'ir → ADT: AZEROTH_24_43.ADT → WMO: VASHJIR_TOWER_CAVE.WMO → M2: WORGEN_BOTTLE_01.MDX
    WORLD/EXPANSION03/DOODADS/WORGEN/ITEMS/WORGEN_BOTTLE_02.MDX
      ↳ Chain: Area: Highlands → ADT: AZEROTH_42_39.ADT → WMO: WILDHAMMERDWARF_COTTAGEA.WMO → M2: WORGEN_BOTTLE_02.MDX
    WORLD/EXPANSION03/DOODADS/WORGEN/ITEMS/WORGEN_BOTTLE_03.MDX
      ↳ Chain: Area: Hillsbrad Foothills → ADT: AZEROTH_30_34.ADT → WMO: AZ_WORGENMINE.WMO → M2: WORGEN_BOTTLE_03.MDX
    WORLD/EXPANSION03/DOODADS/WORGEN/ITEMS/WORGEN_BOTTLE_04.MDX
      ↳ Chain: Area: Kezan → ADT: KALIMDOR_56_52.ADT → WMO: THOUSANDNEEDLES_RACERBARGE.WMO → M2: WORGEN_BOTTLE_04.MDX
    WORLD/EXPANSION03/DOODADS/WORGEN/ITEMS/WORGEN_BOTTLE_05.MDX
      ↳ Chain: Area: Hillsbrad Foothills → ADT: AZEROTH_30_34.ADT → WMO: AZ_WORGENMINE.WMO → M2: WORGEN_BOTTLE_05.MDX
    WORLD/EXPANSION03/DOODADS/WORGEN/ITEMS/WORGEN_BOTTLE_06.MDX
      ↳ Chain: Area: Highlands → ADT: AZEROTH_42_39.ADT → WMO: WILDHAMMERDWARF_COTTAGEA.WMO → M2: WORGEN_BOTTLE_06.MDX
    WORLD/EXPANSION03/DOODADS/WORGEN/ITEMS/WORGEN_BOTTLE_07.MDX
      ↳ Chain: Area: Kezan → ADT: KALIMDOR_56_52.ADT → WMO: THOUSANDNEEDLES_RACERBARGE.WMO → M2: WORGEN_BOTTLE_07.MDX
    WORLD/EXPANSION03/DOODADS/WORGEN/ITEMS/WORGEN_BOTTLE_08.MDX
      ↳ Chain: Area: Highlands → ADT: AZEROTH_42_39.ADT → WMO: WILDHAMMERDWARF_COTTAGEA.WMO → M2: WORGEN_BOTTLE_08.MDX
    WORLD/EXPANSION03/DOODADS/WORGEN/ITEMS/WORGEN_BOTTLE_09.MDX
      ↳ Chain: Area: Highlands → ADT: AZEROTH_42_39.ADT → WMO: WILDHAMMERDWARF_COTTAGEA.WMO → M2: WORGEN_BOTTLE_09.MDX
    WORLD/EXPANSION03/DOODADS/WORGEN/ITEMS/WORGEN_BOTTLE_10.MDX
      ↳ Chain: Area: Kezan → ADT: KALIMDOR_56_52.ADT → WMO: THOUSANDNEEDLES_RACERBARGE.WMO → M2: WORGEN_BOTTLE_10.MDX
    WORLD/EXPANSION03/DOODADS/WORGEN/ITEMS/WORGEN_BRAZIER_01.MDX
      ↳ Chain: Area: Hillsbrad Foothills → ADT: AZEROTH_30_34.ADT → WMO: AZ_WORGENMINE.WMO → M2: WORGEN_BRAZIER_01.MDX
    WORLD/EXPANSION03/DOODADS/WORGEN/ITEMS/WORGEN_BRICK02.MDX
      ↳ Chain: Area: Gilneas → ADT: AZEROTH_27_35.ADT → WMO: GILNEAS_HOUSE_B.WMO → M2: WORGEN_BRICK02.MDX
    WORLD/EXPANSION03/DOODADS/WORGEN/ITEMS/WORGEN_CANDLE.MDX
      ↳ Chain: Area: Hillsbrad Foothills → ADT: AZEROTH_30_34.ADT → WMO: AZ_WORGENMINE.WMO → M2: WORGEN_CANDLE.MDX
    WORLD/EXPANSION03/DOODADS/WORGEN/ITEMS/WORGEN_CAULDRON_01.MDX
      ↳ Chain: Area: Gilneas → ADT: AZEROTH_30_35.ADT → WMO: GILNEAS_HOUSE_E.WMO → M2: WORGEN_CAULDRON_01.MDX
    WORLD/EXPANSION03/DOODADS/WORGEN/ITEMS/WORGEN_CELLAR_DOOR_01.MDX
      ↳ Chain: Area: Gilneas → ADT: AZEROTH_27_35.ADT → WMO: GILNEAS_HOUSE_F.WMO → M2: WORGEN_CELLAR_DOOR_01.MDX
    WORLD/EXPANSION03/DOODADS/WORGEN/ITEMS/WORGEN_CHAIR_01.MDX
      ↳ Chain: Area: Hillsbrad Foothills → ADT: AZEROTH_30_34.ADT → WMO: AZ_WORGENMINE.WMO → M2: WORGEN_CHAIR_01.MDX
    WORLD/EXPANSION03/DOODADS/WORGEN/ITEMS/WORGEN_CHARM.MDX
      ↳ Chain: Area: Blasted Lands → ADT: AZEROTH_37_55.ADT → WMO: GILNEAS_HOUSE_A.WMO → M2: WORGEN_CHARM.MDX
    WORLD/EXPANSION03/DOODADS/WORGEN/ITEMS/WORGEN_CLOTHES_02.MDX
      ↳ Chain: Area: Gilneas → ADT: AZEROTH_30_35.ADT → WMO: GILNEAS_HOUSE_E.WMO → M2: WORGEN_CLOTHES_02.MDX
    WORLD/EXPANSION03/DOODADS/WORGEN/ITEMS/WORGEN_CLOTHES_03.MDX
      ↳ Chain: Area: Vashj'ir → ADT: AZEROTH_21_45.ADT → WMO: VASHJIR_LARGE_CAVE.WMO → M2: WORGEN_CLOTHES_03.MDX
    WORLD/EXPANSION03/DOODADS/WORGEN/ITEMS/WORGEN_CLOTHES_04.MDX
      ↳ Chain: Area: Highlands → ADT: AZEROTH_42_39.ADT → WMO: WILDHAMMERDWARF_COTTAGEA.WMO → M2: WORGEN_CLOTHES_04.MDX
    WORLD/EXPANSION03/DOODADS/WORGEN/ITEMS/WORGEN_CLOTHES_05.MDX
      ↳ Chain: Area: Vashj'ir → ADT: AZEROTH_21_45.ADT → WMO: VASHJIR_LARGE_CAVE.WMO → M2: WORGEN_CLOTHES_05.MDX
    WORLD/EXPANSION03/DOODADS/WORGEN/ITEMS/WORGEN_CLOTHES_06.MDX
      ↳ Chain: Area: Blasted Lands → ADT: AZEROTH_37_55.ADT → WMO: GILNEAS_HOUSE_A.WMO → M2: WORGEN_CLOTHES_06.MDX
    WORLD/EXPANSION03/DOODADS/WORGEN/ITEMS/WORGEN_CLOTHES_07.MDX
      ↳ Chain: Area: Blasted Lands → ADT: AZEROTH_37_55.ADT → WMO: GILNEAS_HOUSE_A.WMO → M2: WORGEN_CLOTHES_07.MDX
    WORLD/EXPANSION03/DOODADS/WORGEN/ITEMS/WORGEN_CRATE01.MDX
      ↳ Chain: Area: Hillsbrad Foothills → ADT: AZEROTH_30_34.ADT → WMO: AZ_WORGENMINE.WMO → M2: WORGEN_CRATE01.MDX
    WORLD/EXPANSION03/DOODADS/WORGEN/ITEMS/WORGEN_CRATE_BROKEN_01.MDX
      ↳ Chain: Area: Hillsbrad Foothills → ADT: AZEROTH_30_34.ADT → WMO: AZ_WORGENMINE.WMO → M2: WORGEN_CRATE_BROKEN_01.MDX
    WORLD/EXPANSION03/DOODADS/WORGEN/ITEMS/WORGEN_CRATE_BROKEN_02.MDX
      ↳ Chain: Area: Hillsbrad Foothills → ADT: AZEROTH_30_34.ADT → WMO: AZ_WORGENMINE.WMO → M2: WORGEN_CRATE_BROKEN_02.MDX
    WORLD/EXPANSION03/DOODADS/WORGEN/ITEMS/WORGEN_CRATE_BROKEN_03.MDX
      ↳ Chain: Area: Hillsbrad Foothills → ADT: AZEROTH_30_34.ADT → WMO: AZ_WORGENMINE.WMO → M2: WORGEN_CRATE_BROKEN_03.MDX
    WORLD/EXPANSION03/DOODADS/WORGEN/ITEMS/WORGEN_DOOR_01.MDX
      ↳ Chain: Area: Havenswood → ADT: AZEROTH_21_28.ADT → WMO: GILNEAS_HOUSE_A_CLOSED.WMO → M2: WORGEN_DOOR_01.MDX
    WORLD/EXPANSION03/DOODADS/WORGEN/ITEMS/WORGEN_DOOR_02.MDX
      ↳ Chain: Area: Gilneas → ADT: AZEROTH_27_35.ADT → WMO: GILNEAS_HOUSE_B.WMO → M2: WORGEN_DOOR_02.MDX
    WORLD/EXPANSION03/DOODADS/WORGEN/ITEMS/WORGEN_FISHING_RACK_01.MDX
      ↳ Chain: Area: Vashj'ir → ADT: AZEROTH_21_45.ADT → WMO: VASHJIR_LARGE_CAVE.WMO → M2: WORGEN_FISHING_RACK_01.MDX
    WORLD/EXPANSION03/DOODADS/WORGEN/ITEMS/WORGEN_FISH_BARREL.MDX
      ↳ Chain: Area: Vashj'ir → ADT: AZEROTH_21_45.ADT → WMO: VASHJIR_LARGE_CAVE.WMO → M2: WORGEN_FISH_BARREL.MDX
    WORLD/EXPANSION03/DOODADS/WORGEN/ITEMS/WORGEN_FLOWERSDRY_01.MDX
      ↳ Chain: Area: Highlands → ADT: AZEROTH_42_39.ADT → WMO: WILDHAMMERDWARF_TWOSTORYA.WMO → M2: WORGEN_FLOWERSDRY_01.MDX
    WORLD/EXPANSION03/DOODADS/WORGEN/ITEMS/WORGEN_INNTABLE.MDX
      ↳ Chain: Area: Blasted Lands → ADT: AZEROTH_37_55.ADT → WMO: GILNEAS_HOUSE_A.WMO → M2: WORGEN_INNTABLE.MDX
    WORLD/EXPANSION03/DOODADS/WORGEN/ITEMS/WORGEN_KEG_01.MDX
      ↳ Chain: Area: Highlands → ADT: AZEROTH_42_39.ADT → WMO: WILDHAMMERDWARF_COTTAGEA.WMO → M2: WORGEN_KEG_01.MDX
    WORLD/EXPANSION03/DOODADS/WORGEN/ITEMS/WORGEN_LAMP_02.MDX
      ↳ Chain: Area: Gilneas → ADT: AZEROTH_29_35.ADT → WMO: GILNEAS_CATHEDRAL.WMO → M2: WORGEN_LAMP_02.MDX
    WORLD/EXPANSION03/DOODADS/WORGEN/ITEMS/WORGEN_LAMP_03.MDX
      ↳ Chain: Area: Gilneas → ADT: AZEROTH_27_35.ADT → WMO: GILNEAS_HOUSE_B.WMO → M2: WORGEN_LAMP_03.MDX
    WORLD/EXPANSION03/DOODADS/WORGEN/ITEMS/WORGEN_LAMP_04.MDX
      ↳ Chain: Area: Gilneas → ADT: AZEROTH_29_35.ADT → WMO: GILNEAS_CATHEDRAL.WMO → M2: WORGEN_LAMP_04.MDX
    WORLD/EXPANSION03/DOODADS/WORGEN/ITEMS/WORGEN_LAMP_05.MDX
      ↳ Chain: Area: Gilneas → ADT: AZEROTH_29_35.ADT → WMO: GILNEAS_CATHEDRAL.WMO → M2: WORGEN_LAMP_05.MDX
    WORLD/EXPANSION03/DOODADS/WORGEN/ITEMS/WORGEN_LUGGAGE_01.MDX
      ↳ Chain: Area: Vashj'ir → ADT: AZEROTH_21_45.ADT → WMO: VASHJIR_LARGE_CAVE.WMO → M2: WORGEN_LUGGAGE_01.MDX
    WORLD/EXPANSION03/DOODADS/WORGEN/ITEMS/WORGEN_LUGGAGE_02.MDX
      ↳ Chain: Area: Vashj'ir → ADT: AZEROTH_24_43.ADT → WMO: VASHJIR_TOWER_CAVE.WMO → M2: WORGEN_LUGGAGE_02.MDX
    WORLD/EXPANSION03/DOODADS/WORGEN/ITEMS/WORGEN_LUGGAGE_03.MDX
      ↳ Chain: Area: Highlands → ADT: AZEROTH_42_39.ADT → WMO: WILDHAMMERDWARF_COTTAGEA.WMO → M2: WORGEN_LUGGAGE_03.MDX
    WORLD/EXPANSION03/DOODADS/WORGEN/ITEMS/WORGEN_LUGGAGE_04.MDX
      ↳ Chain: Area: Highlands → ADT: AZEROTH_42_39.ADT → WMO: WILDHAMMERDWARF_COTTAGEA.WMO → M2: WORGEN_LUGGAGE_04.MDX
    WORLD/EXPANSION03/DOODADS/WORGEN/ITEMS/WORGEN_LUGGAGE_05.MDX
      ↳ Chain: Area: Highlands → ADT: AZEROTH_42_39.ADT → WMO: WILDHAMMERDWARF_COTTAGEA.WMO → M2: WORGEN_LUGGAGE_05.MDX
    WORLD/EXPANSION03/DOODADS/WORGEN/ITEMS/WORGEN_LUGGAGE_06.MDX
      ↳ Chain: Area: Vashj'ir → ADT: AZEROTH_24_43.ADT → WMO: VASHJIR_TOWER_CAVE.WMO → M2: WORGEN_LUGGAGE_06.MDX
    WORLD/EXPANSION03/DOODADS/WORGEN/ITEMS/WORGEN_NAIL.MDX
      ↳ Chain: Area: Uldum → ADT: KALIMDOR_35_50.ADT → WMO: ULDUM_ENEMY_VILLAGE.WMO → M2: WORGEN_NAIL.MDX
    WORLD/EXPANSION03/DOODADS/WORGEN/ITEMS/WORGEN_NAIL_02.MDX
      ↳ Chain: Area: Blasted Lands → ADT: AZEROTH_37_55.ADT → WMO: GILNEAS_HOUSE_A.WMO → M2: WORGEN_NAIL_02.MDX
    WORLD/EXPANSION03/DOODADS/WORGEN/ITEMS/WORGEN_PADDLE.MDX
      ↳ Chain: Area: Highlands → ADT: AZEROTH_42_39.ADT → WMO: WILDHAMMERDWARF_LONGHOUSE.WMO → M2: WORGEN_PADDLE.MDX
    WORLD/EXPANSION03/DOODADS/WORGEN/ITEMS/WORGEN_PAPER_01.MDX
      ↳ Chain: Area: Uldum → ADT: KALIMDOR_33_50.ADT → WMO: VASHJIR_SMALL_CAVE_A.WMO → M2: WORGEN_PAPER_01.MDX
    WORLD/EXPANSION03/DOODADS/WORGEN/ITEMS/WORGEN_PAPER_02.MDX
      ↳ Chain: Area: Blasted Lands → ADT: AZEROTH_37_55.ADT → WMO: GILNEAS_HOUSE_A.WMO → M2: WORGEN_PAPER_02.MDX
    WORLD/EXPANSION03/DOODADS/WORGEN/ITEMS/WORGEN_PAPER_03.MDX
      ↳ Chain: Area: Blasted Lands → ADT: AZEROTH_37_55.ADT → WMO: GILNEAS_HOUSE_A.WMO → M2: WORGEN_PAPER_03.MDX
    WORLD/EXPANSION03/DOODADS/WORGEN/ITEMS/WORGEN_PAPER_04.MDX
      ↳ Chain: Area: Uldum → ADT: KALIMDOR_33_50.ADT → WMO: VASHJIR_SMALL_CAVE_A.WMO → M2: WORGEN_PAPER_04.MDX
    WORLD/EXPANSION03/DOODADS/WORGEN/ITEMS/WORGEN_PAPER_05.MDX
      ↳ Chain: Area: Blasted Lands → ADT: AZEROTH_37_55.ADT → WMO: GILNEAS_HOUSE_A.WMO → M2: WORGEN_PAPER_05.MDX
    WORLD/EXPANSION03/DOODADS/WORGEN/ITEMS/WORGEN_PAPER_06.MDX
      ↳ Chain: Area: Uldum → ADT: KALIMDOR_33_50.ADT → WMO: VASHJIR_SMALL_CAVE_A.WMO → M2: WORGEN_PAPER_06.MDX
    WORLD/EXPANSION03/DOODADS/WORGEN/ITEMS/WORGEN_PAPER_07.MDX
      ↳ Chain: Area: Blasted Lands → ADT: AZEROTH_37_55.ADT → WMO: GILNEAS_HOUSE_A.WMO → M2: WORGEN_PAPER_07.MDX
    WORLD/EXPANSION03/DOODADS/WORGEN/ITEMS/WORGEN_PAPER_09.MDX
      ↳ Chain: Area: Blasted Lands → ADT: AZEROTH_37_55.ADT → WMO: GILNEAS_HOUSE_A.WMO → M2: WORGEN_PAPER_09.MDX
    WORLD/EXPANSION03/DOODADS/WORGEN/ITEMS/WORGEN_PAPER_10.MDX
      ↳ Chain: Area: Blasted Lands → ADT: AZEROTH_37_55.ADT → WMO: GILNEAS_HOUSE_A.WMO → M2: WORGEN_PAPER_10.MDX
    WORLD/EXPANSION03/DOODADS/WORGEN/ITEMS/WORGEN_PAPER_11.MDX
      ↳ Chain: Area: Highlands → ADT: AZEROTH_42_39.ADT → WMO: WILDHAMMERDWARF_TWOSTORYA.WMO → M2: WORGEN_PAPER_11.MDX
    WORLD/EXPANSION03/DOODADS/WORGEN/ITEMS/WORGEN_PAPER_12.MDX
      ↳ Chain: Area: Highlands → ADT: AZEROTH_42_39.ADT → WMO: WILDHAMMERDWARF_TWOSTORYA.WMO → M2: WORGEN_PAPER_12.MDX
    WORLD/EXPANSION03/DOODADS/WORGEN/ITEMS/WORGEN_PAPER_PILE.MDX
      ↳ Chain: Area: Highlands → ADT: AZEROTH_42_39.ADT → WMO: WILDHAMMERDWARF_COTTAGEA.WMO → M2: WORGEN_PAPER_PILE.MDX
    WORLD/EXPANSION03/DOODADS/WORGEN/ITEMS/WORGEN_PAPER_PILE_02.MDX
      ↳ Chain: Area: Kezan → ADT: KALIMDOR_56_52.ADT → WMO: THOUSANDNEEDLES_RACERBARGE.WMO → M2: WORGEN_PAPER_PILE_02.MDX
    WORLD/EXPANSION03/DOODADS/WORGEN/ITEMS/WORGEN_PILLOW_01.MDX
      ↳ Chain: Area: Vashj'ir → ADT: AZEROTH_24_43.ADT → WMO: VASHJIR_TOWER_CAVE.WMO → M2: WORGEN_PILLOW_01.MDX
    WORLD/EXPANSION03/DOODADS/WORGEN/ITEMS/WORGEN_PILLOW_02.MDX
      ↳ Chain: Area: Blasted Lands → ADT: AZEROTH_37_55.ADT → WMO: GILNEAS_HOUSE_A.WMO → M2: WORGEN_PILLOW_02.MDX
    WORLD/EXPANSION03/DOODADS/WORGEN/ITEMS/WORGEN_PILLOW_03.MDX
      ↳ Chain: Area: Highlands → ADT: AZEROTH_42_39.ADT → WMO: WILDHAMMERDWARF_COTTAGEA.WMO → M2: WORGEN_PILLOW_03.MDX
    WORLD/EXPANSION03/DOODADS/WORGEN/ITEMS/WORGEN_PILLOW_04.MDX
      ↳ Chain: Area: Highlands → ADT: AZEROTH_42_39.ADT → WMO: WILDHAMMERDWARF_COTTAGEA.WMO → M2: WORGEN_PILLOW_04.MDX
    WORLD/EXPANSION03/DOODADS/WORGEN/ITEMS/WORGEN_PITCHFORK_01.MDX
      ↳ Chain: Area: Highlands → ADT: AZEROTH_42_39.ADT → WMO: WILDHAMMERDWARF_COTTAGEA.WMO → M2: WORGEN_PITCHFORK_01.MDX
    WORLD/EXPANSION03/DOODADS/WORGEN/ITEMS/WORGEN_PLANK_01.MDX
      ↳ Chain: Area: Gilneas → ADT: AZEROTH_27_35.ADT → WMO: GILNEAS_HOUSE_B.WMO → M2: WORGEN_PLANK_01.MDX
    WORLD/EXPANSION03/DOODADS/WORGEN/ITEMS/WORGEN_POODAD_HORSE.MDX
      ↳ Chain: Area: Highlands → ADT: AZEROTH_42_39.ADT → WMO: WILDHAMMERDWARF_COTTAGEA.WMO → M2: WORGEN_POODAD_HORSE.MDX
    WORLD/EXPANSION03/DOODADS/WORGEN/ITEMS/WORGEN_ROCKINGCHAIR.MDX
      ↳ Chain: Area: Blasted Lands → ADT: AZEROTH_37_55.ADT → WMO: GILNEAS_HOUSE_A.WMO → M2: WORGEN_ROCKINGCHAIR.MDX
    WORLD/EXPANSION03/DOODADS/WORGEN/ITEMS/WORGEN_ROWBOAT01.MDX
      ↳ Chain: Area: Blasted Lands → ADT: AZEROTH_37_55.ADT → WMO: GILNEAS_HOUSE_A.WMO → M2: WORGEN_ROWBOAT01.MDX
    WORLD/EXPANSION03/DOODADS/WORGEN/ITEMS/WORGEN_ROWBOAT03.MDX
      ↳ Chain: Area: Vashj'ir → ADT: AZEROTH_21_45.ADT → WMO: VASHJIR_LARGE_CAVE.WMO → M2: WORGEN_ROWBOAT03.MDX
    WORLD/EXPANSION03/DOODADS/WORGEN/ITEMS/WORGEN_SADDLE_01.MDX
      ↳ Chain: Area: Blasted Lands → ADT: AZEROTH_37_55.ADT → WMO: GILNEAS_HOUSE_C.WMO → M2: WORGEN_SADDLE_01.MDX
    WORLD/EXPANSION03/DOODADS/WORGEN/ITEMS/WORGEN_SCARECROW.MDX
      ↳ Chain: Area: Blasted Lands → ADT: AZEROTH_37_55.ADT → WMO: GILNEAS_HOUSE_A.WMO → M2: WORGEN_SCARECROW.MDX
    WORLD/EXPANSION03/DOODADS/WORGEN/ITEMS/WORGEN_SHEERS_01.MDX
      ↳ Chain: Area: Gilneas → ADT: AZEROTH_27_35.ADT → WMO: GILNEAS_HOUSE_B.WMO → M2: WORGEN_SHEERS_01.MDX
    WORLD/EXPANSION03/DOODADS/WORGEN/ITEMS/WORGEN_SHELF_01.MDX
      ↳ Chain: Area: Blasted Lands → ADT: AZEROTH_37_55.ADT → WMO: GILNEAS_HOUSE_A.WMO → M2: WORGEN_SHELF_01.MDX
    WORLD/EXPANSION03/DOODADS/WORGEN/ITEMS/WORGEN_SHELF_02.MDX
      ↳ Chain: Area: Highlands → ADT: AZEROTH_42_39.ADT → WMO: WILDHAMMERDWARF_COTTAGEA.WMO → M2: WORGEN_SHELF_02.MDX
    WORLD/EXPANSION03/DOODADS/WORGEN/ITEMS/WORGEN_STOCKS_02.MDX
      ↳ Chain: Area: Tol Barad → ADT: AZEROTH_19_36.ADT → WMO: TB_MICRO03.WMO → M2: WORGEN_STOCKS_02.MDX
    WORLD/EXPANSION03/DOODADS/WORGEN/ITEMS/WORGEN_TABLELAMP_01.MDX
      ↳ Chain: Area: Hillsbrad Foothills → ADT: AZEROTH_30_34.ADT → WMO: AZ_WORGENMINE.WMO → M2: WORGEN_TABLELAMP_01.MDX
    WORLD/EXPANSION03/DOODADS/WORGEN/ITEMS/WORGEN_TABLE_01.MDX
      ↳ Chain: Area: Hillsbrad Foothills → ADT: AZEROTH_30_34.ADT → WMO: AZ_WORGENMINE.WMO → M2: WORGEN_TABLE_01.MDX
    WORLD/EXPANSION03/DOODADS/WORGEN/ITEMS/WORGEN_TABLE_02.MDX
      ↳ Chain: Area: Blasted Lands → ADT: AZEROTH_37_55.ADT → WMO: GILNEAS_HOUSE_A.WMO → M2: WORGEN_TABLE_02.MDX
    WORLD/EXPANSION03/DOODADS/WORGEN/ITEMS/WORGEN_TACKLEBOX_01.MDX
      ↳ Chain: Area: Vashj'ir → ADT: AZEROTH_21_45.ADT → WMO: VASHJIR_LARGE_CAVE.WMO → M2: WORGEN_TACKLEBOX_01.MDX
    WORLD/EXPANSION03/DOODADS/WORGEN/ITEMS/WORGEN_TAPESTRY_01.MDX
      ↳ Chain: Area: Blasted Lands → ADT: AZEROTH_37_55.ADT → WMO: GILNEAS_HOUSE_A.WMO → M2: WORGEN_TAPESTRY_01.MDX
    WORLD/EXPANSION03/DOODADS/WORGEN/ITEMS/WORGEN_TAPESTRY_02.MDX
      ↳ Chain: Area: Blasted Lands → ADT: AZEROTH_37_55.ADT → WMO: GILNEAS_HOUSE_A.WMO → M2: WORGEN_TAPESTRY_02.MDX
    WORLD/EXPANSION03/DOODADS/WORGEN/ITEMS/WORGEN_TRAINTRACK_CURVE_01.MDX
      ↳ Chain: Area: Hillsbrad Foothills → ADT: AZEROTH_30_34.ADT → WMO: AZ_WORGENMINE.WMO → M2: WORGEN_TRAINTRACK_CURVE_01.MDX
    WORLD/EXPANSION03/DOODADS/WORGEN/ITEMS/WORGEN_TRAINTRACK_STRAIGHT_01.MDX
      ↳ Chain: Area: Hillsbrad Foothills → ADT: AZEROTH_30_34.ADT → WMO: AZ_WORGENMINE.WMO → M2: WORGEN_TRAINTRACK_STRAIGHT_01.MDX
    WORLD/EXPANSION03/DOODADS/WORGEN/ITEMS/WORGEN_TRAINTRACK_STRAIGHT_02.MDX
      ↳ Chain: Area: Hillsbrad Foothills → ADT: AZEROTH_30_34.ADT → WMO: AZ_WORGENMINE.WMO → M2: WORGEN_TRAINTRACK_STRAIGHT_02.MDX
    WORLD/EXPANSION03/DOODADS/WORGEN/ITEMS/WORGEN_TROUGH.MDX
      ↳ Chain: Area: Hillsbrad Foothills → ADT: AZEROTH_30_34.ADT → WMO: AZ_WORGENMINE.WMO → M2: WORGEN_TROUGH.MDX
    WORLD/EXPANSION03/DOODADS/WORGEN/ITEMS/WORGEN_WAGON_01.MDX
      ↳ Chain: Area: Gilneas → ADT: AZEROTH_27_35.ADT → WMO: GILNEAS_HOUSE_F.WMO → M2: WORGEN_WAGON_01.MDX
    WORLD/EXPANSION03/DOODADS/WORGEN/ITEMS/WORGEN_WARNING_SIGN01.MDX
      ↳ Chain: Area: Hillsbrad Foothills → ADT: AZEROTH_30_34.ADT → WMO: AZ_WORGENMINE.WMO → M2: WORGEN_WARNING_SIGN01.MDX
    WORLD/EXPANSION03/DOODADS/WORGEN/ITEMS/WORGEN_WARNING_SIGN02.MDX
      ↳ Chain: Area: Hillsbrad Foothills → ADT: AZEROTH_30_34.ADT → WMO: AZ_WORGENMINE.WMO → M2: WORGEN_WARNING_SIGN02.MDX
    WORLD/EXPANSION03/DOODADS/WORGEN/ITEMS/WORGEN_WHEEL.MDX
      ↳ Chain: Area: Deepholm → ADT: DEEPHOME_32_32.ADT → WMO: TWILIGHTSHAMMER_MINE.WMO → M2: WORGEN_WHEEL.MDX
    WORLD/EXPANSION03/DOODADS/WORGEN/ITEMS/WORGEN_WHEELBARROW01.MDX
      ↳ Chain: Area: Hillsbrad Foothills → ADT: AZEROTH_30_34.ADT → WMO: AZ_WORGENMINE.WMO → M2: WORGEN_WHEELBARROW01.MDX
    WORLD/EXPANSION03/DOODADS/WORGEN/PAINTINGS/WORGEN_PAINTING_01.MDX
      ↳ Chain: Area: Gilneas → ADT: AZEROTH_27_35.ADT → WMO: GILNEAS_HOUSE_B.WMO → M2: WORGEN_PAINTING_01.MDX
    WORLD/EXPANSION03/DOODADS/WORGEN/PAINTINGS/WORGEN_PAINTING_02.MDX
      ↳ Chain: Area: Gilneas → ADT: AZEROTH_29_35.ADT → WMO: GILNEAS_CATHEDRAL.WMO → M2: WORGEN_PAINTING_02.MDX
    WORLD/EXPANSION03/DOODADS/WORGEN/PAINTINGS/WORGEN_PAINTING_03.MDX
      ↳ Chain: Area: Blasted Lands → ADT: AZEROTH_37_55.ADT → WMO: GILNEAS_HOUSE_C.WMO → M2: WORGEN_PAINTING_03.MDX
    WORLD/EXPANSION03/DOODADS/WORGEN/PAINTINGS/WORGEN_PAINTING_04.MDX
      ↳ Chain: Area: Gilneas → ADT: AZEROTH_27_35.ADT → WMO: GILNEAS_HOUSE_F.WMO → M2: WORGEN_PAINTING_04.MDX
    WORLD/EXPANSION03/DOODADS/WORGEN/PAINTINGS/WORGEN_PAINTING_05.MDX
      ↳ Chain: Area: Gilneas → ADT: AZEROTH_29_35.ADT → WMO: GILNEAS_CATHEDRAL.WMO → M2: WORGEN_PAINTING_05.MDX
    WORLD/EXPANSION03/DOODADS/WORGEN/PAINTINGS/WORGEN_PAINTING_06.MDX
      ↳ Chain: Area: Gilneas → ADT: AZEROTH_27_35.ADT → WMO: GILNEAS_HOUSE_B.WMO → M2: WORGEN_PAINTING_06.MDX
    WORLD/EXPANSION03/DOODADS/WORGEN/PAINTINGS/WORGEN_PAINTING_07.MDX
      ↳ Chain: Area: Blasted Lands → ADT: AZEROTH_37_55.ADT → WMO: GILNEAS_HOUSE_A.WMO → M2: WORGEN_PAINTING_07.MDX
    WORLD/EXPANSION03/DOODADS/WORGEN/PAINTINGS/WORGEN_PAINTING_08.MDX
      ↳ Chain: Area: Blasted Lands → ADT: AZEROTH_37_55.ADT → WMO: GILNEAS_HOUSE_A.WMO → M2: WORGEN_PAINTING_08.MDX
    WORLD/EXPANSION03/DOODADS/WORGEN/PAINTINGS/WORGEN_PAINTING_09.MDX
      ↳ Chain: Area: Blasted Lands → ADT: AZEROTH_37_55.ADT → WMO: GILNEAS_HOUSE_A.WMO → M2: WORGEN_PAINTING_09.MDX
    WORLD/EXPANSION03/DOODADS/WORGEN/PAINTINGS/WORGEN_PAINTING_10.MDX
      ↳ Chain: Area: Gilneas → ADT: AZEROTH_29_35.ADT → WMO: GILNEAS_CATHEDRAL.WMO → M2: WORGEN_PAINTING_10.MDX
    WORLD/EXPANSION03/DOODADS/WORGEN/PAINTINGS/WORGEN_PAINTING_11.MDX
      ↳ Chain: Area: Highlands → ADT: AZEROTH_42_39.ADT → WMO: WILDHAMMERDWARF_TWOSTORYB.WMO → M2: WORGEN_PAINTING_11.MDX
    WORLD/EXPANSION03/DOODADS/WORGEN/PAINTINGS/WORGEN_PAINTING_12.MDX
      ↳ Chain: Area: Blasted Lands → ADT: AZEROTH_37_55.ADT → WMO: GILNEAS_HOUSE_A.WMO → M2: WORGEN_PAINTING_12.MDX
    WORLD/EXPANSION03/DOODADS/WORGEN/SHEDS/WORGEN_SHED_01.MDX
      ↳ Chain: Area: Hillsbrad Foothills → ADT: AZEROTH_30_34.ADT → WMO: AZ_WORGENMINE.WMO → M2: WORGEN_SHED_01.MDX
    WORLD/EXPANSION03/DOODADS/WORGEN/WALLS/WORGEN_CITYGATE01.MDX
      ↳ Chain: Area: Gilneas → ADT: AZEROTH_29_35.ADT → WMO: GILNEAS_PRISONQUARTER_ENTRANCE.WMO → Unknown: GILNEAS_PRISONQUARTER_ENTRANCE_BG.WMO → M2: WORGEN_CITYGATE01.MDX
    WORLD/EXPANSION03/DOODADS/WORGEN/WALLS/WORGEN_CITYGATE01OPENED.M2
      ↳ Chain: Area: Gilneas → ADT: AZEROTH_29_34.ADT → M2: WORGEN_CITYGATE01OPENED.M2
    WORLD/EXPANSION03/DOODADS/WORGEN/WALLS/WORGEN_CITYGATE02.MDX
      ↳ Chain: Area: Gilneas → ADT: AZEROTH_29_35.ADT → WMO: GILNEAS_CATHEDRAL.WMO → Unknown: GILNEAS_CATHEDRALQUARTER_BG.WMO → M2: WORGEN_CITYGATE02.MDX
    WORLD/EXPANSION03/DOODADS/WORGEN/WALLS/WORGEN_CITYGATE02OPENED.M2
      ↳ Chain: Area: Gilneas → ADT: AZEROTH_29_35.ADT → M2: WORGEN_CITYGATE02OPENED.M2
    WORLD/EXPANSION03/DOODADS/WORGEN/WALLS/WORGEN_GATEWALL01.MDX
      ↳ Chain: Area: Gilneas → ADT: AZEROTH_29_35.ADT → WMO: GILNEAS_CATHEDRAL.WMO → Unknown: GILNEAS_CATHEDRALQUARTER_BG.WMO → M2: WORGEN_GATEWALL01.MDX
    WORLD/EXPANSION03/DOODADS/WORGEN/WINDOWS/WORGEN_HOUSEWINDOW_01.MDX
      ↳ Chain: Area: Blasted Lands → ADT: AZEROTH_37_55.ADT → WMO: GILNEAS_HOUSE_A.WMO → M2: WORGEN_HOUSEWINDOW_01.MDX
    WORLD/EXPANSION03/DOODADS/WORGEN/WINDOWS/WORGEN_MANORWINDOW_01.MDX
      ↳ Chain: Area: Gilneas → ADT: AZEROTH_27_35.ADT → WMO: GILNEAS_MANOR.WMO → M2: WORGEN_MANORWINDOW_01.MDX
    WORLD/EXPANSION03/DOODADS/WORGEN/WORGENMICRO/WORGEN_MINECAR_01.MDX
      ↳ Chain: Area: Hillsbrad Foothills → ADT: AZEROTH_30_34.ADT → WMO: AZ_WORGENMINE.WMO → M2: WORGEN_MINECAR_01.MDX
    WORLD/EXPANSION04/DOODADS/MANTID/MANTID_WORKER_IDLE.MDX
      ↳ Chain: Area: Winterspring → ADT: KALIMDOR_39_15.ADT → WMO: MD_SHA_CAVE01.WMO → M2: MANTID_WORKER_IDLE.MDX
    WORLD/EXPANSION04/DOODADS/MOGU/MOGU_RUBBLE_1.MDX
      ↳ Chain: Area: Winterspring → ADT: KALIMDOR_39_15.ADT → WMO: MD_SHA_CAVE01.WMO → M2: MOGU_RUBBLE_1.MDX
    WORLD/EXPANSION04/DOODADS/PANDAREN/KEG/PA_KEG_01.MDX
      ↳ Chain: Area: Stormwind City → ADT: AZEROTH_30_47.ADT → WMO: 6HU_GARRISON_BLACKSMITHING_HUB.WMO → M2: PA_KEG_01.MDX
    WORLD/EXPANSION04/DOODADS/PANDAREN/KEG/PA_KEG_STAND02.MDX
      ↳ Chain: Area: Stormwind City → ADT: AZEROTH_30_47.ADT → WMO: 6HU_GARRISON_BLACKSMITHING_HUB.WMO → M2: PA_KEG_STAND02.MDX
    WORLD/EXPANSION04/DOODADS/THUNDERISLE/DOODADS/ITK_DARKFOREST_ROOT02.MDX
      ↳ Chain: Area: Crestfall → ADT: AZEROTH_13_42.ADT → WMO: 8CRE_AMPTUNNEL01_2459264.WMO → M2: ITK_DARKFOREST_ROOT02.MDX
    WORLD/EXPANSION04/DOODADS/THUNDERISLE/DOODADS/ITK_DARKFOREST_ROOT06.MDX
      ↳ Chain: Area: Crestfall → ADT: AZEROTH_13_42.ADT → WMO: 8CRE_AMPTUNNEL01_2459264.WMO → M2: ITK_DARKFOREST_ROOT06.MDX
    WORLD/EXPANSION04/DOODADS/THUNDERISLE/DOODADS/ITK_DARKFOREST_ROOT07.MDX
      ↳ Chain: Area: Crestfall → ADT: AZEROTH_13_42.ADT → WMO: 8CRE_AMPTUNNEL01_2459264.WMO → M2: ITK_DARKFOREST_ROOT07.MDX
    WORLD/EXPANSION04/DOODADS/THUNDERISLE/DOODADS/ITK_TALLGRASS01.MDX
      ↳ Chain: Area: Crestfall → ADT: AZEROTH_13_42.ADT → WMO: 8CRE_AMPTUNNEL01_2459264.WMO → M2: ITK_TALLGRASS01.MDX
    WORLD/EXPANSION04/DOODADS/TOWNLONG/GIANTTREE/MZ_ROCK16.MDX
      ↳ Chain: Area: Uldum → ADT: KALIMDOR_33_50.ADT → WMO: VASHJIR_SMALL_CAVE_A.WMO → M2: MZ_ROCK16.MDX
    WORLD/EXPANSION04/DOODADS/TURTLEZONE/WATERFALLS/TU_WATERFALLS_POOLS_SIGHT_03.MDX
      ↳ Chain: Area: Crestfall → ADT: AZEROTH_13_42.ADT → WMO: 8CRE_AMPTUNNEL01_2459264.WMO → M2: TU_WATERFALLS_POOLS_SIGHT_03.MDX
    WORLD/EXPANSION04/DOODADS/VALLEYOFFOURWINDS/BUGS/VFW_BUG_01.MDX
      ↳ Chain: Area: Crestfall → ADT: AZEROTH_13_42.ADT → WMO: 8CRE_AMPTUNNEL01_2459264.WMO → M2: VFW_BUG_01.MDX
    WORLD/EXPANSION04/DOODADS/VALLEYOFFOURWINDS/JUNGLEFLOWER/V4W_JUNGLEFLOWER03.MDX
      ↳ Chain: Area: Crestfall → ADT: AZEROTH_13_42.ADT → WMO: 8CRE_AMPTUNNEL01_2459264.WMO → M2: V4W_JUNGLEFLOWER03.MDX
    WORLD/EXPANSION04/DOODADS/VALLEYOFFOURWINDS/WATERFALL/VFW_CUSTOMWATERFALL07.MDX
      ↳ Chain: Area: Crestfall → ADT: AZEROTH_13_42.ADT → WMO: 8CRE_AMPTUNNEL01_2459264.WMO → M2: VFW_CUSTOMWATERFALL07.MDX
    WORLD/EXPANSION04/DOODADS/VALLEYOFFOURWINDS/WATERFALL/VFW_CUSTOMWATERFALL15.MDX
      ↳ Chain: Area: Crestfall → ADT: AZEROTH_13_42.ADT → WMO: 8CRE_AMPTUNNEL01_2459264.WMO → M2: VFW_CUSTOMWATERFALL15.MDX
    WORLD/EXPANSION04/DOODADS/ZANDALARI/ZANDALARI_BANNER_WALL_01.MDX
      ↳ Chain: Area: The North Sea → ADT: AZEROTH_45_19.ADT → WMO: ZANDALARI_BOAT_TRANSPORT.WMO → M2: ZANDALARI_BANNER_WALL_01.MDX
    WORLD/EXPANSION04/DOODADS/ZANDALARI/ZANDALARI_BLOODVIAL_1.MDX
      ↳ Chain: Area: The North Sea → ADT: AZEROTH_45_19.ADT → WMO: ZANDALARI_BOAT_TRANSPORT.WMO → M2: ZANDALARI_BLOODVIAL_1.MDX
    WORLD/EXPANSION04/DOODADS/ZANDALARI/ZANDALARI_BLOODVIAL_2.MDX
      ↳ Chain: Area: The North Sea → ADT: AZEROTH_45_19.ADT → WMO: ZANDALARI_BOAT_TRANSPORT.WMO → M2: ZANDALARI_BLOODVIAL_2.MDX
    WORLD/EXPANSION04/DOODADS/ZANDALARI/ZANDALARI_BOWL_3.MDX
      ↳ Chain: Area: The North Sea → ADT: AZEROTH_45_19.ADT → WMO: ZANDALARI_BOAT_TRANSPORT.WMO → M2: ZANDALARI_BOWL_3.MDX
    WORLD/EXPANSION04/DOODADS/ZANDALARI/ZANDALARI_BRAZIER_01.MDX
      ↳ Chain: Area: The North Sea → ADT: AZEROTH_45_19.ADT → WMO: ZANDALARI_BOAT_TRANSPORT.WMO → M2: ZANDALARI_BRAZIER_01.MDX
    WORLD/EXPANSION04/DOODADS/ZANDALARI/ZANDALARI_CAGE_01.MDX
      ↳ Chain: Area: The North Sea → ADT: AZEROTH_45_19.ADT → WMO: ZANDALARI_BOAT_TRANSPORT.WMO → M2: ZANDALARI_CAGE_01.MDX
    WORLD/EXPANSION04/DOODADS/ZANDALARI/ZANDALARI_CAULDRON_COOKING.MDX
      ↳ Chain: Area: The North Sea → ADT: AZEROTH_45_19.ADT → WMO: ZANDALARI_BOAT_TRANSPORT.WMO → M2: ZANDALARI_CAULDRON_COOKING.MDX
    WORLD/EXPANSION04/DOODADS/ZANDALARI/ZANDALARI_CRATE_01.MDX
      ↳ Chain: Area: The North Sea → ADT: AZEROTH_45_19.ADT → WMO: ZANDALARI_BOAT_TRANSPORT.WMO → M2: ZANDALARI_CRATE_01.MDX
    WORLD/EXPANSION04/DOODADS/ZANDALARI/ZANDALARI_CRATE_03.MDX
      ↳ Chain: Area: The North Sea → ADT: AZEROTH_45_19.ADT → WMO: ZANDALARI_BOAT_TRANSPORT.WMO → M2: ZANDALARI_CRATE_03.MDX
    WORLD/EXPANSION04/DOODADS/ZANDALARI/ZANDALARI_CRATE_03_OPEN.MDX
      ↳ Chain: Area: The North Sea → ADT: AZEROTH_45_19.ADT → WMO: ZANDALARI_BOAT_TRANSPORT.WMO → M2: ZANDALARI_CRATE_03_OPEN.MDX
    WORLD/EXPANSION04/DOODADS/ZANDALARI/ZANDALARI_DRUM_01.MDX
      ↳ Chain: Area: The North Sea → ADT: AZEROTH_45_19.ADT → WMO: ZANDALARI_BOAT_TRANSPORT.WMO → M2: ZANDALARI_DRUM_01.MDX
    WORLD/EXPANSION04/DOODADS/ZANDALARI/ZANDALARI_FLAVORDOODADS_01.MDX
      ↳ Chain: Area: The North Sea → ADT: AZEROTH_45_19.ADT → WMO: ZANDALARI_BOAT_TRANSPORT.WMO → M2: ZANDALARI_FLAVORDOODADS_01.MDX
    WORLD/EXPANSION04/DOODADS/ZANDALARI/ZANDALARI_LAMP.MDX
      ↳ Chain: Area: The North Sea → ADT: AZEROTH_45_19.ADT → WMO: ZANDALARI_BOAT_TRANSPORT.WMO → M2: ZANDALARI_LAMP.MDX
    WORLD/EXPANSION04/DOODADS/ZANDALARI/ZANDALARI_LAMP_WALL.MDX
      ↳ Chain: Area: The North Sea → ADT: AZEROTH_45_19.ADT → WMO: ZANDALARI_BOAT_TRANSPORT.WMO → M2: ZANDALARI_LAMP_WALL.MDX
    WORLD/EXPANSION04/DOODADS/ZANDALARI/ZANDALARI_MAP_2.MDX
      ↳ Chain: Area: The North Sea → ADT: AZEROTH_45_19.ADT → WMO: ZANDALARI_BOAT_TRANSPORT.WMO → M2: ZANDALARI_MAP_2.MDX
    WORLD/EXPANSION04/DOODADS/ZANDALARI/ZANDALARI_ORNAMENT1.MDX
      ↳ Chain: Area: The North Sea → ADT: AZEROTH_45_19.ADT → WMO: ZANDALARI_BOAT_TRANSPORT.WMO → M2: ZANDALARI_ORNAMENT1.MDX
    WORLD/EXPANSION04/DOODADS/ZANDALARI/ZANDALARI_POWDER_BOWL_2.MDX
      ↳ Chain: Area: The North Sea → ADT: AZEROTH_45_19.ADT → WMO: ZANDALARI_BOAT_TRANSPORT.WMO → M2: ZANDALARI_POWDER_BOWL_2.MDX
    WORLD/EXPANSION04/DOODADS/ZANDALARI/ZANDALARI_SIEGEWEAPON_01.MDX
      ↳ Chain: Area: The North Sea → ADT: AZEROTH_45_19.ADT → WMO: ZANDALARI_BOAT_TRANSPORT.WMO → M2: ZANDALARI_SIEGEWEAPON_01.MDX
    WORLD/EXPANSION04/DOODADS/ZANDALARI/ZANDALARI_TABLE_LONG.MDX
      ↳ Chain: Area: The North Sea → ADT: AZEROTH_45_19.ADT → WMO: ZANDALARI_BOAT_TRANSPORT.WMO → M2: ZANDALARI_TABLE_LONG.MDX
    WORLD/EXPANSION04/DOODADS/ZANDALARI/ZANDALARI_TALL_BRAZIER_01.MDX
      ↳ Chain: Area: The North Sea → ADT: AZEROTH_45_19.ADT → WMO: ZANDALARI_BOAT_TRANSPORT.WMO → M2: ZANDALARI_TALL_BRAZIER_01.MDX
    WORLD/EXPANSION04/DOODADS/ZANDALARI/ZANDALARI_TREETORCH_01.MDX
      ↳ Chain: Area: The North Sea → ADT: AZEROTH_45_19.ADT → WMO: ZANDALARI_BOAT_TRANSPORT.WMO → M2: ZANDALARI_TREETORCH_01.MDX
    WORLD/EXPANSION04/DOODADS/ZANDALARI/ZANDALARI_WEAPONRACK_02.MDX
      ↳ Chain: Area: The North Sea → ADT: AZEROTH_45_19.ADT → WMO: ZANDALARI_BOAT_TRANSPORT.WMO → M2: ZANDALARI_WEAPONRACK_02.MDX
    WORLD/EXPANSION05/DOODADS/DUNGEON/DOODADS/6DU_MOONCULTIST_SKELETON_ORCMALE01.MDX
      ↳ Chain: Area: Crestfall → ADT: AZEROTH_13_42.ADT → WMO: 8CRE_AMPTUNNEL01_2459264.WMO → M2: 6DU_MOONCULTIST_SKELETON_ORCMALE01.MDX
    WORLD/EXPANSION05/DOODADS/DUNGEON/DOODADS/6DU_MOONCULTIST_SKELETON_ORCMALE02.MDX
      ↳ Chain: Area: Crestfall → ADT: AZEROTH_13_42.ADT → WMO: 8CRE_AMPTUNNEL01_2459264.WMO → M2: 6DU_MOONCULTIST_SKELETON_ORCMALE02.MDX
    WORLD/EXPANSION05/DOODADS/DUNGEON/DOODADS/6DU_MOONCULTIST_SKELETON_ORCMALE03.MDX
      ↳ Chain: Area: Crestfall → ADT: AZEROTH_13_42.ADT → WMO: 8CRE_AMPTUNNEL01_2459264.WMO → M2: 6DU_MOONCULTIST_SKELETON_ORCMALE03.MDX
    WORLD/EXPANSION05/DOODADS/FROSTWINDDESERT/DOODADS/6FW_BONE_RIBCAGE_01.MDX
      ↳ Chain: Area: Crestfall → ADT: AZEROTH_13_42.ADT → WMO: 8CRE_AMPTUNNEL01_2459264.WMO → M2: 6FW_BONE_RIBCAGE_01.MDX
    WORLD/EXPANSION05/DOODADS/FROSTWINDDESERT/DOODADS/6FW_BONE_RIBS_01.MDX
      ↳ Chain: Area: Crestfall → ADT: AZEROTH_13_42.ADT → WMO: 8CRE_AMPTUNNEL01_2459264.WMO → M2: 6FW_BONE_RIBS_01.MDX
    WORLD/EXPANSION05/DOODADS/FX/6FX_WATERFALL_MIST01.MDX
      ↳ Chain: Area: Crestfall → ADT: AZEROTH_13_42.ADT → WMO: 8CRE_AMPTUNNEL01_2459264.WMO → M2: 6FX_WATERFALL_MIST01.MDX
    WORLD/EXPANSION05/DOODADS/HUMAN/DOODADS/6HU_BARRACKS_BUNKBED01.MDX
      ↳ Chain: Area: Dustwallow Marsh → ADT: KALIMDOR_40_39.ADT → WMO: WALLPOST_TUNNEL03_225DEG.WMO → M2: 6HU_BARRACKS_BUNKBED01.MDX
    WORLD/EXPANSION05/DOODADS/HUMAN/DOODADS/6HU_BARRACKS_CANDLE01.MDX
      ↳ Chain: Area: Dustwallow Marsh → ADT: KALIMDOR_40_39.ADT → WMO: WALLPOST_TUNNEL03_225DEG.WMO → M2: 6HU_BARRACKS_CANDLE01.MDX
    WORLD/EXPANSION05/DOODADS/HUMAN/DOODADS/6HU_BARRACKS_GUARDBOOT.MDX
      ↳ Chain: Area: Stormwind City → ADT: AZEROTH_30_47.ADT → WMO: 6HU_GARRISON_BLACKSMITHING_HUB.WMO → M2: 6HU_BARRACKS_GUARDBOOT.MDX
    WORLD/EXPANSION05/DOODADS/HUMAN/DOODADS/6HU_BARRACKS_SLEEPINGCOT02.MDX
      ↳ Chain: Area: Dustwallow Marsh → ADT: KALIMDOR_40_39.ADT → WMO: WALLPOST_TUNNEL03_225DEG.WMO → M2: 6HU_BARRACKS_SLEEPINGCOT02.MDX
    WORLD/EXPANSION05/DOODADS/HUMAN/DOODADS/6HU_BARRACKS_WALLSHACKLES01.MDX
      ↳ Chain: Area: Crestfall → ADT: AZEROTH_13_42.ADT → WMO: 8CRE_AMPTUNNEL01_2459264.WMO → M2: 6HU_BARRACKS_WALLSHACKLES01.MDX
    WORLD/EXPANSION05/DOODADS/HUMAN/DOODADS/6HU_BARRACKS_WALLSHACKLES02.MDX
      ↳ Chain: Area: Crestfall → ADT: AZEROTH_13_42.ADT → WMO: 8CRE_AMPTUNNEL01_2459264.WMO → M2: 6HU_BARRACKS_WALLSHACKLES02.MDX
    WORLD/EXPANSION05/DOODADS/HUMAN/DOODADS/6HU_BARRACKS_WARDROBECLOSET.MDX
      ↳ Chain: Area: Dustwallow Marsh → ADT: KALIMDOR_40_39.ADT → WMO: WALLPOST_TUNNEL03_225DEG.WMO → M2: 6HU_BARRACKS_WARDROBECLOSET.MDX
    WORLD/EXPANSION05/DOODADS/HUMAN/DOODADS/6HU_BARRACKS_WATERSKINHANGING.MDX
      ↳ Chain: Area: Stormwind City → ADT: AZEROTH_30_47.ADT → WMO: 6HU_GARRISON_BLACKSMITHING_HUB.WMO → M2: 6HU_BARRACKS_WATERSKINHANGING.MDX
    WORLD/EXPANSION05/DOODADS/HUMAN/DOODADS/6HU_BARRACKS_WEAPONRACK01.MDX
      ↳ Chain: Area: Dustwallow Marsh → ADT: KALIMDOR_40_39.ADT → WMO: WALLPOST_TUNNEL03_225DEG.WMO → M2: 6HU_BARRACKS_WEAPONRACK01.MDX
    WORLD/EXPANSION05/DOODADS/HUMAN/DOODADS/6HU_BARRACKS_WOODBENCHLARGE.MDX
      ↳ Chain: Area: Dustwallow Marsh → ADT: KALIMDOR_40_39.ADT → WMO: WALLPOST_TUNNEL03_225DEG.WMO → M2: 6HU_BARRACKS_WOODBENCHLARGE.MDX
    WORLD/EXPANSION05/DOODADS/HUMAN/DOODADS/6HU_BARRACKS_WOODSTOOLSMALL.MDX
      ↳ Chain: Area: Dustwallow Marsh → ADT: KALIMDOR_40_39.ADT → WMO: WALLPOST_TUNNEL03_225DEG.WMO → M2: 6HU_BARRACKS_WOODSTOOLSMALL.MDX
    WORLD/EXPANSION05/DOODADS/HUMAN/DOODADS/6HU_BARRACKS_WOODTABLESMALL.MDX
      ↳ Chain: Area: Dustwallow Marsh → ADT: KALIMDOR_40_39.ADT → WMO: WALLPOST_TUNNEL03_225DEG.WMO → M2: 6HU_BARRACKS_WOODTABLESMALL.MDX
    WORLD/EXPANSION05/DOODADS/HUMAN/DOODADS/6HU_BLACKSMITH_ANVIL.MDX
      ↳ Chain: Area: Stormwind City → ADT: AZEROTH_30_47.ADT → WMO: 6HU_GARRISON_BLACKSMITHING_HUB.WMO → M2: 6HU_BLACKSMITH_ANVIL.MDX
    WORLD/EXPANSION05/DOODADS/HUMAN/DOODADS/6HU_BLACKSMITH_AXE.MDX
      ↳ Chain: Area: Stormwind City → ADT: AZEROTH_30_47.ADT → WMO: 6HU_GARRISON_BLACKSMITHING_HUB.WMO → M2: 6HU_BLACKSMITH_AXE.MDX
    WORLD/EXPANSION05/DOODADS/HUMAN/DOODADS/6HU_BLACKSMITH_AXEPARTS.MDX
      ↳ Chain: Area: Stormwind City → ADT: AZEROTH_30_47.ADT → WMO: 6HU_GARRISON_BLACKSMITHING_HUB.WMO → M2: 6HU_BLACKSMITH_AXEPARTS.MDX
    WORLD/EXPANSION05/DOODADS/HUMAN/DOODADS/6HU_BLACKSMITH_BOOK_01.MDX
      ↳ Chain: Area: Stormwind City → ADT: AZEROTH_30_47.ADT → WMO: 6HU_GARRISON_BLACKSMITHING_HUB.WMO → M2: 6HU_BLACKSMITH_BOOK_01.MDX
    WORLD/EXPANSION05/DOODADS/HUMAN/DOODADS/6HU_BLACKSMITH_BOOK_02.MDX
      ↳ Chain: Area: Stormwind City → ADT: AZEROTH_30_47.ADT → WMO: 6HU_GARRISON_BLACKSMITHING_HUB.WMO → M2: 6HU_BLACKSMITH_BOOK_02.MDX
    WORLD/EXPANSION05/DOODADS/HUMAN/DOODADS/6HU_BLACKSMITH_BOOK_03.MDX
      ↳ Chain: Area: Stormwind City → ADT: AZEROTH_30_47.ADT → WMO: 6HU_GARRISON_BLACKSMITHING_HUB.WMO → M2: 6HU_BLACKSMITH_BOOK_03.MDX
    WORLD/EXPANSION05/DOODADS/HUMAN/DOODADS/6HU_BLACKSMITH_BOOK_04.MDX
      ↳ Chain: Area: Stormwind City → ADT: AZEROTH_30_47.ADT → WMO: 6HU_GARRISON_BLACKSMITHING_HUB.WMO → M2: 6HU_BLACKSMITH_BOOK_04.MDX
    WORLD/EXPANSION05/DOODADS/HUMAN/DOODADS/6HU_BLACKSMITH_BUCKET.MDX
      ↳ Chain: Area: Stormwind City → ADT: AZEROTH_30_47.ADT → WMO: 6HU_GARRISON_BLACKSMITHING_HUB.WMO → M2: 6HU_BLACKSMITH_BUCKET.MDX
    WORLD/EXPANSION05/DOODADS/HUMAN/DOODADS/6HU_BLACKSMITH_CHAINS_01.MDX
      ↳ Chain: Area: Stormwind City → ADT: AZEROTH_30_47.ADT → WMO: 6HU_GARRISON_BLACKSMITHING_HUB.WMO → M2: 6HU_BLACKSMITH_CHAINS_01.MDX
    WORLD/EXPANSION05/DOODADS/HUMAN/DOODADS/6HU_BLACKSMITH_CHAINS_02.MDX
      ↳ Chain: Area: Stormwind City → ADT: AZEROTH_30_47.ADT → WMO: 6HU_GARRISON_BLACKSMITHING_HUB.WMO → M2: 6HU_BLACKSMITH_CHAINS_02.MDX
    WORLD/EXPANSION05/DOODADS/HUMAN/DOODADS/6HU_BLACKSMITH_CHISEL.MDX
      ↳ Chain: Area: Stormwind City → ADT: AZEROTH_30_47.ADT → WMO: 6HU_GARRISON_BLACKSMITHING_HUB.WMO → M2: 6HU_BLACKSMITH_CHISEL.MDX
    WORLD/EXPANSION05/DOODADS/HUMAN/DOODADS/6HU_BLACKSMITH_COPPERBAR.MDX
      ↳ Chain: Area: Stormwind City → ADT: AZEROTH_30_47.ADT → WMO: 6HU_GARRISON_BLACKSMITHING_HUB.WMO → M2: 6HU_BLACKSMITH_COPPERBAR.MDX
    WORLD/EXPANSION05/DOODADS/HUMAN/DOODADS/6HU_BLACKSMITH_COPPERBARSTACK_01.MDX
      ↳ Chain: Area: Stormwind City → ADT: AZEROTH_30_47.ADT → WMO: 6HU_GARRISON_BLACKSMITHING_HUB.WMO → M2: 6HU_BLACKSMITH_COPPERBARSTACK_01.MDX
    WORLD/EXPANSION05/DOODADS/HUMAN/DOODADS/6HU_BLACKSMITH_FLOORPLATE.MDX
      ↳ Chain: Area: Stormwind City → ADT: AZEROTH_30_47.ADT → WMO: 6HU_GARRISON_BLACKSMITHING_HUB.WMO → M2: 6HU_BLACKSMITH_FLOORPLATE.MDX
    WORLD/EXPANSION05/DOODADS/HUMAN/DOODADS/6HU_BLACKSMITH_FORGE03.MDX
      ↳ Chain: Area: Stormwind City → ADT: AZEROTH_30_47.ADT → WMO: 6HU_GARRISON_BLACKSMITHING_HUB.WMO → M2: 6HU_BLACKSMITH_FORGE03.MDX
    WORLD/EXPANSION05/DOODADS/HUMAN/DOODADS/6HU_BLACKSMITH_HAMMER.MDX
      ↳ Chain: Area: Stormwind City → ADT: AZEROTH_30_47.ADT → WMO: 6HU_GARRISON_BLACKSMITHING_HUB.WMO → M2: 6HU_BLACKSMITH_HAMMER.MDX
    WORLD/EXPANSION05/DOODADS/HUMAN/DOODADS/6HU_BLACKSMITH_HORSESHOE.MDX
      ↳ Chain: Area: Stormwind City → ADT: AZEROTH_30_47.ADT → WMO: 6HU_GARRISON_BLACKSMITHING_HUB.WMO → M2: 6HU_BLACKSMITH_HORSESHOE.MDX
    WORLD/EXPANSION05/DOODADS/HUMAN/DOODADS/6HU_BLACKSMITH_IRONBAR.MDX
      ↳ Chain: Area: Stormwind City → ADT: AZEROTH_30_47.ADT → WMO: 6HU_GARRISON_BLACKSMITHING_HUB.WMO → M2: 6HU_BLACKSMITH_IRONBAR.MDX
    WORLD/EXPANSION05/DOODADS/HUMAN/DOODADS/6HU_BLACKSMITH_IRONBARSTACK_01.MDX
      ↳ Chain: Area: Stormwind City → ADT: AZEROTH_30_47.ADT → WMO: 6HU_GARRISON_BLACKSMITHING_HUB.WMO → M2: 6HU_BLACKSMITH_IRONBARSTACK_01.MDX
    WORLD/EXPANSION05/DOODADS/HUMAN/DOODADS/6HU_BLACKSMITH_IRONBARSTACK_02.MDX
      ↳ Chain: Area: Stormwind City → ADT: AZEROTH_30_47.ADT → WMO: 6HU_GARRISON_BLACKSMITHING_HUB.WMO → M2: 6HU_BLACKSMITH_IRONBARSTACK_02.MDX
    WORLD/EXPANSION05/DOODADS/HUMAN/DOODADS/6HU_BLACKSMITH_KEGSTAND.MDX
      ↳ Chain: Area: Stormwind City → ADT: AZEROTH_30_47.ADT → WMO: 6HU_GARRISON_BLACKSMITHING_HUB.WMO → M2: 6HU_BLACKSMITH_KEGSTAND.MDX
    WORLD/EXPANSION05/DOODADS/HUMAN/DOODADS/6HU_BLACKSMITH_LOG.MDX
      ↳ Chain: Area: Stormwind City → ADT: AZEROTH_30_47.ADT → WMO: 6HU_GARRISON_BLACKSMITHING_HUB.WMO → M2: 6HU_BLACKSMITH_LOG.MDX
    WORLD/EXPANSION05/DOODADS/HUMAN/DOODADS/6HU_BLACKSMITH_LOGBUNDLE.MDX
      ↳ Chain: Area: Stormwind City → ADT: AZEROTH_30_47.ADT → WMO: 6HU_GARRISON_BLACKSMITHING_HUB.WMO → M2: 6HU_BLACKSMITH_LOGBUNDLE.MDX
    WORLD/EXPANSION05/DOODADS/HUMAN/DOODADS/6HU_BLACKSMITH_METALNAIL.MDX
      ↳ Chain: Area: KALIMDOR [54,53] → ADT: KALIMDOR_54_53.ADT → WMO: 6AS_ORCMINE.WMO → M2: 6HU_BLACKSMITH_METALNAIL.MDX
    WORLD/EXPANSION05/DOODADS/HUMAN/DOODADS/6HU_BLACKSMITH_METALROD_02.MDX
      ↳ Chain: Area: Stormwind City → ADT: AZEROTH_30_47.ADT → WMO: 6HU_GARRISON_BLACKSMITHING_HUB.WMO → M2: 6HU_BLACKSMITH_METALROD_02.MDX
    WORLD/EXPANSION05/DOODADS/HUMAN/DOODADS/6HU_BLACKSMITH_MUG.MDX
      ↳ Chain: Area: Stormwind City → ADT: AZEROTH_30_47.ADT → WMO: 6HU_GARRISON_BLACKSMITHING_HUB.WMO → M2: 6HU_BLACKSMITH_MUG.MDX
    WORLD/EXPANSION05/DOODADS/HUMAN/DOODADS/6HU_BLACKSMITH_PAPERSTACK_01.MDX
      ↳ Chain: Area: Stormwind City → ADT: AZEROTH_30_47.ADT → WMO: 6HU_GARRISON_BLACKSMITHING_HUB.WMO → M2: 6HU_BLACKSMITH_PAPERSTACK_01.MDX
    WORLD/EXPANSION05/DOODADS/HUMAN/DOODADS/6HU_BLACKSMITH_PAPERSTACK_02.MDX
      ↳ Chain: Area: Stormwind City → ADT: AZEROTH_30_47.ADT → WMO: 6HU_GARRISON_BLACKSMITHING_HUB.WMO → M2: 6HU_BLACKSMITH_PAPERSTACK_02.MDX
    WORLD/EXPANSION05/DOODADS/HUMAN/DOODADS/6HU_BLACKSMITH_PAPER_01.MDX
      ↳ Chain: Area: Stormwind City → ADT: AZEROTH_30_47.ADT → WMO: 6HU_GARRISON_BLACKSMITHING_HUB.WMO → M2: 6HU_BLACKSMITH_PAPER_01.MDX
    WORLD/EXPANSION05/DOODADS/HUMAN/DOODADS/6HU_BLACKSMITH_PAPER_02.MDX
      ↳ Chain: Area: Stormwind City → ADT: AZEROTH_30_47.ADT → WMO: 6HU_GARRISON_BLACKSMITHING_HUB.WMO → M2: 6HU_BLACKSMITH_PAPER_02.MDX
    WORLD/EXPANSION05/DOODADS/HUMAN/DOODADS/6HU_BLACKSMITH_PAPER_03.MDX
      ↳ Chain: Area: Stormwind City → ADT: AZEROTH_30_47.ADT → WMO: 6HU_GARRISON_BLACKSMITHING_HUB.WMO → M2: 6HU_BLACKSMITH_PAPER_03.MDX
    WORLD/EXPANSION05/DOODADS/HUMAN/DOODADS/6HU_BLACKSMITH_PAPER_05.MDX
      ↳ Chain: Area: Stormwind City → ADT: AZEROTH_30_47.ADT → WMO: 6HU_GARRISON_BLACKSMITHING_HUB.WMO → M2: 6HU_BLACKSMITH_PAPER_05.MDX
    WORLD/EXPANSION05/DOODADS/HUMAN/DOODADS/6HU_BLACKSMITH_PAPER_06.MDX
      ↳ Chain: Area: Stormwind City → ADT: AZEROTH_30_47.ADT → WMO: 6HU_GARRISON_BLACKSMITHING_HUB.WMO → M2: 6HU_BLACKSMITH_PAPER_06.MDX
    WORLD/EXPANSION05/DOODADS/HUMAN/DOODADS/6HU_BLACKSMITH_SHIELD_01.MDX
      ↳ Chain: Area: Stormwind City → ADT: AZEROTH_30_47.ADT → WMO: 6HU_GARRISON_BLACKSMITHING_HUB.WMO → M2: 6HU_BLACKSMITH_SHIELD_01.MDX
    WORLD/EXPANSION05/DOODADS/HUMAN/DOODADS/6HU_BLACKSMITH_SHIELD_02.MDX
      ↳ Chain: Area: Stormwind City → ADT: AZEROTH_30_47.ADT → WMO: 6HU_GARRISON_BLACKSMITHING_HUB.WMO → M2: 6HU_BLACKSMITH_SHIELD_02.MDX
    WORLD/EXPANSION05/DOODADS/HUMAN/DOODADS/6HU_BLACKSMITH_SHOVEL.MDX
      ↳ Chain: Area: Stormwind City → ADT: AZEROTH_30_47.ADT → WMO: 6HU_GARRISON_BLACKSMITHING_HUB.WMO → M2: 6HU_BLACKSMITH_SHOVEL.MDX
    WORLD/EXPANSION05/DOODADS/HUMAN/DOODADS/6HU_BLACKSMITH_SILVERBAR.MDX
      ↳ Chain: Area: Stormwind City → ADT: AZEROTH_30_47.ADT → WMO: 6HU_GARRISON_BLACKSMITHING_HUB.WMO → M2: 6HU_BLACKSMITH_SILVERBAR.MDX
    WORLD/EXPANSION05/DOODADS/HUMAN/DOODADS/6HU_BLACKSMITH_STUMP.MDX
      ↳ Chain: Area: Stormwind City → ADT: AZEROTH_30_47.ADT → WMO: 6HU_GARRISON_BLACKSMITHING_HUB.WMO → M2: 6HU_BLACKSMITH_STUMP.MDX
    WORLD/EXPANSION05/DOODADS/HUMAN/DOODADS/6HU_BLACKSMITH_SWORD.MDX
      ↳ Chain: Area: Stormwind City → ADT: AZEROTH_30_47.ADT → WMO: 6HU_GARRISON_BLACKSMITHING_HUB.WMO → M2: 6HU_BLACKSMITH_SWORD.MDX
    WORLD/EXPANSION05/DOODADS/HUMAN/DOODADS/6HU_BLACKSMITH_TABLE.MDX
      ↳ Chain: Area: Stormwind City → ADT: AZEROTH_30_47.ADT → WMO: 6HU_GARRISON_BLACKSMITHING_HUB.WMO → M2: 6HU_BLACKSMITH_TABLE.MDX
    WORLD/EXPANSION05/DOODADS/HUMAN/DOODADS/6HU_BLACKSMITH_TONGS.MDX
      ↳ Chain: Area: Stormwind City → ADT: AZEROTH_30_47.ADT → WMO: 6HU_GARRISON_BLACKSMITHING_HUB.WMO → M2: 6HU_BLACKSMITH_TONGS.MDX
    WORLD/EXPANSION05/DOODADS/HUMAN/DOODADS/6HU_BLACKSMITH_TUB.MDX
      ↳ Chain: Area: Stormwind City → ADT: AZEROTH_30_47.ADT → WMO: 6HU_GARRISON_BLACKSMITHING_HUB.WMO → M2: 6HU_BLACKSMITH_TUB.MDX
    WORLD/EXPANSION05/DOODADS/HUMAN/DOODADS/6HU_BLACKSMITH_WEAPONRACK.MDX
      ↳ Chain: Area: Stormwind City → ADT: AZEROTH_30_47.ADT → WMO: 6HU_GARRISON_BLACKSMITHING_HUB.WMO → M2: 6HU_BLACKSMITH_WEAPONRACK.MDX
    WORLD/EXPANSION05/DOODADS/HUMAN/DOODADS/6HU_BLACKSMITH_WHETSTONE.MDX
      ↳ Chain: Area: Stormwind City → ADT: AZEROTH_30_47.ADT → WMO: 6HU_GARRISON_BLACKSMITHING_HUB.WMO → M2: 6HU_BLACKSMITH_WHETSTONE.MDX
    WORLD/EXPANSION05/DOODADS/HUMAN/DOODADS/6HU_ENCHANTING_CANDLE01.MDX
      ↳ Chain: Area: Stormwind City → ADT: AZEROTH_30_47.ADT → WMO: 6HU_GARRISON_BLACKSMITHING_HUB.WMO → M2: 6HU_ENCHANTING_CANDLE01.MDX
    WORLD/EXPANSION05/DOODADS/HUMAN/DOODADS/6HU_ENCHANTING_CANDLE02.MDX
      ↳ Chain: Area: Stormwind City → ADT: AZEROTH_30_47.ADT → WMO: 6HU_GARRISON_BLACKSMITHING_HUB.WMO → M2: 6HU_ENCHANTING_CANDLE02.MDX
    WORLD/EXPANSION05/DOODADS/HUMAN/DOODADS/6HU_ENCHANTING_CHEST01.MDX
      ↳ Chain: Area: Stormwind City → ADT: AZEROTH_30_47.ADT → WMO: 6HU_GARRISON_BLACKSMITHING_HUB.WMO → M2: 6HU_ENCHANTING_CHEST01.MDX
    WORLD/EXPANSION05/DOODADS/HUMAN/DOODADS/6HU_ENCHANTING_TABLE02.MDX
      ↳ Chain: Area: Stormwind City → ADT: AZEROTH_30_47.ADT → WMO: 6HU_GARRISON_BLACKSMITHING_HUB.WMO → M2: 6HU_ENCHANTING_TABLE02.MDX
    WORLD/EXPANSION05/DOODADS/HUMAN/DOODADS/6HU_GARRISON_HAMMOCK.MDX
      ↳ Chain: Area: Stormwind City → ADT: AZEROTH_30_47.ADT → WMO: 6HU_GARRISON_BLACKSMITHING_HUB.WMO → M2: 6HU_GARRISON_HAMMOCK.MDX
    WORLD/EXPANSION05/DOODADS/HUMAN/DOODADS/6HU_GARRISON_MINE_LANTERN01.MDX
      ↳ Chain: Area: Dustwallow Marsh → ADT: KALIMDOR_40_39.ADT → WMO: WALLPOST_TUNNEL03_225DEG.WMO → M2: 6HU_GARRISON_MINE_LANTERN01.MDX
    WORLD/EXPANSION05/DOODADS/HUMAN/DOODADS/6HU_INN_FOODPLATE01.MDX
      ↳ Chain: Area: Dustwallow Marsh → ADT: KALIMDOR_40_39.ADT → WMO: WALLPOST_TUNNEL03_225DEG.WMO → M2: 6HU_INN_FOODPLATE01.MDX
    WORLD/EXPANSION05/DOODADS/HUMAN/DOODADS/6HU_INN_ORANGE02.MDX
      ↳ Chain: Area: Dustwallow Marsh → ADT: KALIMDOR_40_39.ADT → WMO: WALLPOST_TUNNEL03_225DEG.WMO → M2: 6HU_INN_ORANGE02.MDX
    WORLD/EXPANSION05/DOODADS/HUMAN/DOODADS/6HU_INN_SMALLCHAIR01.MDX
      ↳ Chain: Area: Dustwallow Marsh → ADT: KALIMDOR_40_39.ADT → WMO: WALLPOST_TUNNEL03_225DEG.WMO → M2: 6HU_INN_SMALLCHAIR01.MDX
    WORLD/EXPANSION05/DOODADS/HUMAN/DOODADS/6HU_INN_SMALLTABLE02.MDX
      ↳ Chain: Area: Dustwallow Marsh → ADT: KALIMDOR_40_39.ADT → WMO: WALLPOST_TUNNEL03_225DEG.WMO → M2: 6HU_INN_SMALLTABLE02.MDX
    WORLD/EXPANSION05/DOODADS/HUMAN/DOODADS/6HU_LUMBERMILL_CHISEL02.MDX
      ↳ Chain: Area: Stormwind City → ADT: AZEROTH_30_47.ADT → WMO: 6HU_GARRISON_BLACKSMITHING_HUB.WMO → M2: 6HU_LUMBERMILL_CHISEL02.MDX
    WORLD/EXPANSION05/DOODADS/HUMAN/DOODADS/6HU_MAGETOWER_BANNER02.MDX
      ↳ Chain: Area: Stormwind City → ADT: AZEROTH_30_47.ADT → WMO: 7HU_GARRISON_BARRACKS_V2_EMBASSY.WMO → M2: 6HU_MAGETOWER_BANNER02.MDX
    WORLD/EXPANSION05/DOODADS/HUMAN/DOODADS/6HU_SALVAGEYARD_JUNKSHIELD01.MDX
      ↳ Chain: Area: Crestfall → ADT: AZEROTH_13_42.ADT → WMO: 8CRE_AMPTUNNEL01_2459264.WMO → M2: 6HU_SALVAGEYARD_JUNKSHIELD01.MDX
    WORLD/EXPANSION05/DOODADS/IRONHORDE/6IH_IRONHORDE_BARREL01.MDX
      ↳ Chain: Area: Kezan → ADT: KALIMDOR_51_49.ADT → WMO: GOBLIN_OIL_TANKER.WMO → M2: 6IH_IRONHORDE_BARREL01.MDX
    WORLD/EXPANSION05/DOODADS/IRONHORDE/6IH_IRONHORDE_CRATE01.MDX
      ↳ Chain: Area: Kezan → ADT: KALIMDOR_51_49.ADT → WMO: GOBLIN_OIL_TANKER.WMO → M2: 6IH_IRONHORDE_CRATE01.MDX
    WORLD/EXPANSION05/DOODADS/IRONHORDE/6IH_IRONHORDE_CRATE04.MDX
      ↳ Chain: Area: Kezan → ADT: KALIMDOR_51_49.ADT → WMO: GOBLIN_OIL_TANKER.WMO → M2: 6IH_IRONHORDE_CRATE04.MDX
    WORLD/EXPANSION05/DOODADS/IRONHORDE/6IH_IRONHORDE_FENCE01.MDX
      ↳ Chain: Area: Kezan → ADT: KALIMDOR_51_49.ADT → WMO: GOBLIN_OIL_TANKER.WMO → M2: 6IH_IRONHORDE_FENCE01.MDX
    WORLD/EXPANSION05/DOODADS/IRONHORDE/6IH_IRONHORDE_FENCE02.MDX
      ↳ Chain: Area: Kezan → ADT: KALIMDOR_51_49.ADT → WMO: GOBLIN_OIL_TANKER.WMO → M2: 6IH_IRONHORDE_FENCE02.MDX
    WORLD/EXPANSION05/DOODADS/IRONHORDE/6IH_IRONHORDE_JUG01.MDX
      ↳ Chain: Area: Kezan → ADT: KALIMDOR_51_49.ADT → WMO: GOBLIN_OIL_TANKER.WMO → M2: 6IH_IRONHORDE_JUG01.MDX
    WORLD/EXPANSION05/DOODADS/IRONHORDE/6IH_IRONHORDE_JUG02.MDX
      ↳ Chain: Area: Kezan → ADT: KALIMDOR_51_49.ADT → WMO: GOBLIN_OIL_TANKER.WMO → M2: 6IH_IRONHORDE_JUG02.MDX
    WORLD/EXPANSION05/DOODADS/IRONHORDE/6IH_IRONHORDE_SHIPCANNON03.MDX
      ↳ Chain: Area: Kezan → ADT: KALIMDOR_51_49.ADT → WMO: GOBLIN_OIL_TANKER.WMO → M2: 6IH_IRONHORDE_SHIPCANNON03.MDX
    WORLD/EXPANSION05/DOODADS/IRONHORDE/6IH_IRONHORDE_SHIPPADDLEWHEEL01.MDX
      ↳ Chain: Area: Kezan → ADT: KALIMDOR_51_49.ADT → WMO: GOBLIN_OIL_TANKER.WMO → M2: 6IH_IRONHORDE_SHIPPADDLEWHEEL01.MDX
    WORLD/EXPANSION05/DOODADS/IRONHORDE/6IH_IRONHORDE_SHIPPADDLEWHEEL02.MDX
      ↳ Chain: Area: Kezan → ADT: KALIMDOR_51_49.ADT → WMO: GOBLIN_OIL_TANKER.WMO → M2: 6IH_IRONHORDE_SHIPPADDLEWHEEL02.MDX
    WORLD/EXPANSION05/DOODADS/IRONHORDE/6IH_IRONHORDE_TRAINTRACKS_PILLAR02.MDX
      ↳ Chain: Area: Kezan → ADT: KALIMDOR_51_49.ADT → WMO: GOBLIN_OIL_TANKER.WMO → M2: 6IH_IRONHORDE_TRAINTRACKS_PILLAR02.MDX
    WORLD/EXPANSION05/DOODADS/OGRE/6OG_OGRE_CRITTERCAGE_01.MDX
      ↳ Chain: Area: Crestfall → ADT: AZEROTH_13_42.ADT → WMO: 8CRE_AMPTUNNEL01_2459264.WMO → M2: 6OG_OGRE_CRITTERCAGE_01.MDX
    WORLD/EXPANSION05/DOODADS/ORC/DOODADS/6OR_BARRACKS_AXE03.MDX
      ↳ Chain: Area: Crestfall → ADT: AZEROTH_13_42.ADT → WMO: 8CRE_AMPTUNNEL01_2459264.WMO → M2: 6OR_BARRACKS_AXE03.MDX
    WORLD/EXPANSION05/DOODADS/ORC/DOODADS/6OR_GARRISON_SPIKES02.MDX
      ↳ Chain: Area: Crestfall → ADT: AZEROTH_13_42.ADT → WMO: 8CRE_AMPTUNNEL01_2459264.WMO → M2: 6OR_GARRISON_SPIKES02.MDX
    WORLD/EXPANSION05/DOODADS/ORC/DOODADS/6OR_GARRISON_SPIKESBIG03.MDX
      ↳ Chain: Area: Crestfall → ADT: AZEROTH_13_42.ADT → WMO: 8CRE_AMPTUNNEL01_2459264.WMO → M2: 6OR_GARRISON_SPIKESBIG03.MDX
    WORLD/EXPANSION05/DOODADS/ORC/DOODADS/6OR_JEWELCRAFTING_TOOL02.MDX
      ↳ Chain: Area: KALIMDOR [53,54] → ADT: KALIMDOR_53_54.ADT → WMO: 6OR_GARRISON_WORKSHOP_V3.WMO → M2: 6OR_JEWELCRAFTING_TOOL02.MDX
    WORLD/EXPANSION05/DOODADS/ORC/DOODADS/6OR_JEWELCRAFTING_TOOL05.MDX
      ↳ Chain: Area: KALIMDOR [53,54] → ADT: KALIMDOR_53_54.ADT → WMO: 6OR_GARRISON_WORKSHOP_V3.WMO → M2: 6OR_JEWELCRAFTING_TOOL05.MDX
    WORLD/EXPANSION05/DOODADS/ORC/DOODADS/6OR_MAGETOWER_CHAIN02.MDX
      ↳ Chain: Area: Crestfall → ADT: AZEROTH_13_42.ADT → WMO: 8CRE_AMPTUNNEL01_2459264.WMO → M2: 6OR_MAGETOWER_CHAIN02.MDX
    WORLD/EXPANSION05/DOODADS/ORC/DOODADS/6OR_SALVAGEYARD_JUNKSHIELD01.MDX
      ↳ Chain: Area: Crestfall → ADT: AZEROTH_13_42.ADT → WMO: 8CRE_AMPTUNNEL01_2459264.WMO → M2: 6OR_SALVAGEYARD_JUNKSHIELD01.MDX
    WORLD/EXPANSION05/DOODADS/ORC/DOODADS/6OR_TOWNHALL_ARCHITECT_GOBSCREW.MDX
      ↳ Chain: Area: Kezan → ADT: KALIMDOR_55_50.ADT → WMO: 8OR_WARFRONTS_WORKSHOP_V2.WMO → M2: 6OR_TOWNHALL_ARCHITECT_GOBSCREW.MDX
    WORLD/EXPANSION05/DOODADS/ORC/DOODADS/6OR_TRADINGPOST_CRATE02.MDX
      ↳ Chain: Area: Crestfall → ADT: AZEROTH_13_42.ADT → WMO: 8CRE_AMPTUNNEL01_2459264.WMO → M2: 6OR_TRADINGPOST_CRATE02.MDX
    WORLD/EXPANSION05/DOODADS/ORC/DOODADS/6OR_TRADINGPOST_CRATELID01.MDX
      ↳ Chain: Area: Crestfall → ADT: AZEROTH_13_42.ADT → WMO: 8CRE_AMPTUNNEL01_2459264.WMO → M2: 6OR_TRADINGPOST_CRATELID01.MDX
    WORLD/EXPANSION05/DOODADS/ORCCLANS/6OC_ORCCLANS_CANDLE01.MDX
      ↳ Chain: Area: Stormwind City → ADT: AZEROTH_31_46.ADT → WMO: 6NG_SMALL_CAVE.WMO → M2: 6OC_ORCCLANS_CANDLE01.MDX
    WORLD/EXPANSION05/DOODADS/ORCCLANS/6OC_ORCCLANS_CANDLE02.MDX
      ↳ Chain: Area: Stormwind City → ADT: AZEROTH_31_46.ADT → WMO: 6NG_SMALL_CAVE.WMO → M2: 6OC_ORCCLANS_CANDLE02.MDX
    WORLD/EXPANSION05/DOODADS/ORCCLANS/6OC_ORCCLANS_CANDLE03.MDX
      ↳ Chain: Area: Stormwind City → ADT: AZEROTH_31_46.ADT → WMO: 6NG_SMALL_CAVE.WMO → M2: 6OC_ORCCLANS_CANDLE03.MDX
    WORLD/EXPANSION05/DOODADS/ORCCLANS/6OC_ORCCLANS_SPEAR01.MDX
      ↳ Chain: Area: Crestfall → ADT: AZEROTH_13_42.ADT → WMO: 8CRE_AMPTUNNEL01_2459264.WMO → M2: 6OC_ORCCLANS_SPEAR01.MDX
    WORLD/EXPANSION05/DOODADS/ORCCLANS/6OC_ORCCLANS_SPEARPOLE02.MDX
      ↳ Chain: Area: Crestfall → ADT: AZEROTH_13_42.ADT → WMO: 8CRE_AMPTUNNEL01_2459264.WMO → M2: 6OC_ORCCLANS_SPEARPOLE02.MDX
    WORLD/EXPANSION05/DOODADS/ORCCLANS/6OC_ORCCLANS_SPEARPOLE03.MDX
      ↳ Chain: Area: Crestfall → ADT: AZEROTH_13_42.ADT → WMO: 8CRE_AMPTUNNEL01_2459264.WMO → M2: 6OC_ORCCLANS_SPEARPOLE03.MDX
    WORLD/EXPANSION05/DOODADS/ORCCLANS/6OC_ORCCLANS_TONGS.MDX
      ↳ Chain: Area: KALIMDOR [53,54] → ADT: KALIMDOR_53_54.ADT → WMO: 6OR_GARRISON_WORKSHOP_V3.WMO → M2: 6OC_ORCCLANS_TONGS.MDX
    WORLD/EXPANSION05/DOODADS/ORCCLANS/6OC_SHADOWMOON_WALL03.MDX
      ↳ Chain: Area: Stormwind City → ADT: AZEROTH_31_46.ADT → WMO: 6NG_SMALL_CAVE.WMO → M2: 6OC_SHADOWMOON_WALL03.MDX
    WORLD/EXPANSION05/DOODADS/ORCCLANS/6OC_THUNDERLORD_WALL04.MDX
      ↳ Chain: Area: Stormwind City → ADT: AZEROTH_31_46.ADT → WMO: 6NG_SMALL_CAVE.WMO → M2: 6OC_THUNDERLORD_WALL04.MDX
    WORLD/EXPANSION05/DOODADS/SHADOWMOON/DOODADS/6SM_CELESTIALCROP01.MDX
      ↳ Chain: Area: Crestfall → ADT: AZEROTH_13_42.ADT → WMO: 8CRE_AMPTUNNEL01_2459264.WMO → M2: 6SM_CELESTIALCROP01.MDX
    WORLD/EXPANSION05/DOODADS/SHADOWMOON/DOODADS/6SM_MUSHROOM_B01.MDX
      ↳ Chain: Area: Crestfall → ADT: AZEROTH_13_42.ADT → WMO: 8CRE_AMPTUNNEL01_2459264.WMO → M2: 6SM_MUSHROOM_B01.MDX
    WORLD/EXPANSION05/DOODADS/SHADOWMOON/DOODADS/6SM_MUSHROOM_B02.MDX
      ↳ Chain: Area: Crestfall → ADT: AZEROTH_13_42.ADT → WMO: 8CRE_AMPTUNNEL01_2459264.WMO → M2: 6SM_MUSHROOM_B02.MDX
    WORLD/EXPANSION05/DOODADS/SHADOWMOON/DOODADS/6SM_ROCKMOSS_A01.MDX
      ↳ Chain: Area: Stormwind City → ADT: AZEROTH_31_46.ADT → WMO: 6NG_SMALL_CAVE.WMO → M2: 6SM_ROCKMOSS_A01.MDX
    WORLD/EXPANSION05/DOODADS/SHADOWMOON/DOODADS/6SM_ROCKMOSS_A02.MDX
      ↳ Chain: Area: Stormwind City → ADT: AZEROTH_31_46.ADT → WMO: 6NG_SMALL_CAVE.WMO → M2: 6SM_ROCKMOSS_A02.MDX
    WORLD/EXPANSION05/DOODADS/SHADOWMOON/DOODADS/6SM_ROCKMOSS_B01.MDX
      ↳ Chain: Area: Stormwind City → ADT: AZEROTH_31_46.ADT → WMO: 6NG_SMALL_CAVE.WMO → M2: 6SM_ROCKMOSS_B01.MDX
    WORLD/EXPANSION05/DOODADS/SHADOWMOON/DOODADS/6SM_ROCKMOSS_B02.MDX
      ↳ Chain: Area: Stormwind City → ADT: AZEROTH_31_46.ADT → WMO: 6NG_SMALL_CAVE.WMO → M2: 6SM_ROCKMOSS_B02.MDX
    WORLD/EXPANSION05/DOODADS/SHADOWMOON/DOODADS/6SM_ROCKMOSS_C01.MDX
      ↳ Chain: Area: Stormwind City → ADT: AZEROTH_31_46.ADT → WMO: 6NG_SMALL_CAVE.WMO → M2: 6SM_ROCKMOSS_C01.MDX
    WORLD/EXPANSION05/DOODADS/SHADOWMOON/DOODADS/6SM_ROCK_A01.MDX
      ↳ Chain: Area: Stormwind City → ADT: AZEROTH_31_46.ADT → WMO: 6NG_SMALL_CAVE.WMO → M2: 6SM_ROCK_A01.MDX
    WORLD/EXPANSION05/DOODADS/SHADOWMOON/DOODADS/6SM_ROCK_A02.MDX
      ↳ Chain: Area: Stormwind City → ADT: AZEROTH_31_46.ADT → WMO: 6NG_SMALL_CAVE.WMO → M2: 6SM_ROCK_A02.MDX
    WORLD/EXPANSION05/DOODADS/SHADOWMOON/DOODADS/6SM_ROCK_B01.MDX
      ↳ Chain: Area: Crestfall → ADT: AZEROTH_13_42.ADT → WMO: 8CRE_AMPTUNNEL01_2459264.WMO → M2: 6SM_ROCK_B01.MDX
    WORLD/EXPANSION05/DOODADS/SHADOWMOON/DOODADS/6SM_ROCK_B02.MDX
      ↳ Chain: Area: Stormwind City → ADT: AZEROTH_31_46.ADT → WMO: 6NG_SMALL_CAVE.WMO → M2: 6SM_ROCK_B02.MDX
    WORLD/EXPANSION05/DOODADS/SHADOWMOON/DOODADS/6SM_ROCK_C01.MDX
      ↳ Chain: Area: Stormwind City → ADT: AZEROTH_31_46.ADT → WMO: 6NG_SMALL_CAVE.WMO → M2: 6SM_ROCK_C01.MDX
    WORLD/EXPANSION05/DOODADS/SHADOWMOON/DOODADS/6SM_SEAWEED_A01.MDX
      ↳ Chain: Area: Stormwind City → ADT: AZEROTH_31_46.ADT → WMO: 6NG_SMALL_CAVE.WMO → M2: 6SM_SEAWEED_A01.MDX
    WORLD/EXPANSION05/DOODADS/SHADOWMOON/DOODADS/6SM_SEAWEED_B01.MDX
      ↳ Chain: Area: Stormwind City → ADT: AZEROTH_31_46.ADT → WMO: 6NG_SMALL_CAVE.WMO → M2: 6SM_SEAWEED_B01.MDX
    WORLD/EXPANSION05/DOODADS/SHADOWMOON/DOODADS/6SM_SMALLROCK_B01.MDX
      ↳ Chain: Area: Stormwind City → ADT: AZEROTH_31_46.ADT → WMO: 6NG_SMALL_CAVE.WMO → M2: 6SM_SMALLROCK_B01.MDX
    WORLD/EXPANSION05/DOODADS/SHADOWMOON/DOODADS/6SM_SMALLROCK_B02.MDX
      ↳ Chain: Area: Stormwind City → ADT: AZEROTH_31_46.ADT → WMO: 6NG_SMALL_CAVE.WMO → M2: 6SM_SMALLROCK_B02.MDX
    WORLD/EXPANSION05/DOODADS/SPIRESOFARRAK/DOODADS/6SA_SHRUB_B03.MDX
      ↳ Chain: Area: Crestfall → ADT: AZEROTH_13_42.ADT → WMO: 8CRE_AMPTUNNEL01_2459264.WMO → M2: 6SA_SHRUB_B03.MDX
    WORLD/EXPANSION05/DOODADS/TALADOR/DOODADS/6TD_WEB_A01.MDX
      ↳ Chain: Area: Crestfall → ADT: AZEROTH_13_42.ADT → WMO: 8CRE_AMPTUNNEL01_2459264.WMO → M2: 6TD_WEB_A01.MDX
    WORLD/EXPANSION05/DOODADS/TALADOR/DOODADS/6TD_WEB_A02.MDX
      ↳ Chain: Area: Crestfall → ADT: AZEROTH_13_42.ADT → WMO: 8CRE_AMPTUNNEL01_2459264.WMO → M2: 6TD_WEB_A02.MDX
    WORLD/EXPANSION05/DOODADS/TALADOR/DOODADS/6TD_WEB_A03.MDX
      ↳ Chain: Area: Crestfall → ADT: AZEROTH_13_42.ADT → WMO: 8CRE_AMPTUNNEL01_2459264.WMO → M2: 6TD_WEB_A03.MDX
    WORLD/EXPANSION05/DOODADS/TALADOR/DOODADS/6TD_WEB_A04.MDX
      ↳ Chain: Area: Crestfall → ADT: AZEROTH_13_42.ADT → WMO: 8CRE_AMPTUNNEL01_2459264.WMO → M2: 6TD_WEB_A04.MDX
    WORLD/EXPANSION05/DOODADS/TANAANJUNGLE/DOODADS/6TJ_PATCHTALLGRASS_A01.MDX
      ↳ Chain: Area: Crestfall → ADT: AZEROTH_13_42.ADT → WMO: 8CRE_AMPTUNNEL01_2459264.WMO → M2: 6TJ_PATCHTALLGRASS_A01.MDX
    WORLD/EXPANSION05/DOODADS/TANAANJUNGLE/DOODADS/6TJ_PATCHTALLGRASS_B01.MDX
      ↳ Chain: Area: Crestfall → ADT: AZEROTH_13_42.ADT → WMO: 8CRE_AMPTUNNEL01_2459264.WMO → M2: 6TJ_PATCHTALLGRASS_B01.MDX
    WORLD/EXPANSION06/DOODADS/ARAKNASHAL/7AN_FUNGUS_A01.MDX
      ↳ Chain: Area: Crestfall → ADT: AZEROTH_13_42.ADT → WMO: 8CRE_AMPTUNNEL01_2459264.WMO → M2: 7AN_FUNGUS_A01.MDX
    WORLD/EXPANSION06/DOODADS/ARAKNASHAL/7AN_FUNGUS_B01.MDX
      ↳ Chain: Area: Crestfall → ADT: AZEROTH_13_42.ADT → WMO: 8CRE_AMPTUNNEL01_2459264.WMO → M2: 7AN_FUNGUS_B01.MDX
    WORLD/EXPANSION06/DOODADS/ARAKNASHAL/7AN_FUNGUS_C01.MDX
      ↳ Chain: Area: Crestfall → ADT: AZEROTH_13_42.ADT → WMO: 8CRE_AMPTUNNEL01_2459264.WMO → M2: 7AN_FUNGUS_C01.MDX
    WORLD/EXPANSION06/DOODADS/ARAKNASHAL/7AN_HANGINGMOSS_A02.MDX
      ↳ Chain: Area: Crestfall → ADT: AZEROTH_13_42.ADT → WMO: 8CRE_AMPTUNNEL01_2459264.WMO → M2: 7AN_HANGINGMOSS_A02.MDX
    WORLD/EXPANSION06/DOODADS/ARAKNASHAL/7AN_HANGINGMOSS_B01.MDX
      ↳ Chain: Area: Crestfall → ADT: AZEROTH_13_42.ADT → WMO: 8CRE_AMPTUNNEL01_2459264.WMO → M2: 7AN_HANGINGMOSS_B01.MDX
    WORLD/EXPANSION06/DOODADS/ARAKNASHAL/7AN_MUSHROOMCLUMP_A01.MDX
      ↳ Chain: Area: Crestfall → ADT: AZEROTH_13_42.ADT → WMO: 8CRE_AMPTUNNEL01_2459264.WMO → M2: 7AN_MUSHROOMCLUMP_A01.MDX
    WORLD/EXPANSION06/DOODADS/ARAKNASHAL/7AN_MUSHROOMCLUMP_B01.MDX
      ↳ Chain: Area: Crestfall → ADT: AZEROTH_13_42.ADT → WMO: 8CRE_AMPTUNNEL01_2459264.WMO → M2: 7AN_MUSHROOMCLUMP_B01.MDX
    WORLD/EXPANSION06/DOODADS/ARAKNASHAL/7AN_MUSHROOMCLUMP_C01.MDX
      ↳ Chain: Area: Crestfall → ADT: AZEROTH_13_42.ADT → WMO: 8CRE_AMPTUNNEL01_2459264.WMO → M2: 7AN_MUSHROOMCLUMP_C01.MDX
    WORLD/EXPANSION06/DOODADS/ARAKNASHAL/7AN_SWAMPFLOWER_B02.MDX
      ↳ Chain: Area: Crestfall → ADT: AZEROTH_13_42.ADT → WMO: 8CRE_AMPTUNNEL01_2459264.WMO → M2: 7AN_SWAMPFLOWER_B02.MDX
    WORLD/EXPANSION06/DOODADS/ARGUS/7ARG_BONE_CLAW_C01.MDX
      ↳ Chain: Area: Crestfall → ADT: AZEROTH_13_42.ADT → WMO: 8CRE_AMPTUNNEL01_2459264.WMO → M2: 7ARG_BONE_CLAW_C01.MDX
    WORLD/EXPANSION06/DOODADS/ARTIFACT/7AF_HUNTER_DRAGONHEAD_BROKEN_JAW.MDX
      ↳ Chain: Area: Crestfall → ADT: AZEROTH_13_42.ADT → WMO: 8CRE_AMPTUNNEL01_2459264.WMO → M2: 7AF_HUNTER_DRAGONHEAD_BROKEN_JAW.MDX
    WORLD/EXPANSION06/DOODADS/ARTIFACT/7AF_HUNTER_DRAGONHEAD_BROKEN_SKULL.MDX
      ↳ Chain: Area: Crestfall → ADT: AZEROTH_13_42.ADT → WMO: 8CRE_AMPTUNNEL01_2459264.WMO → M2: 7AF_HUNTER_DRAGONHEAD_BROKEN_SKULL.MDX
    WORLD/EXPANSION06/DOODADS/ARTIFACT/7AF_HUNTER_DRAGONHEAD_BROKEN_SPINE.MDX
      ↳ Chain: Area: Crestfall → ADT: AZEROTH_13_42.ADT → WMO: 8CRE_AMPTUNNEL01_2459264.WMO → M2: 7AF_HUNTER_DRAGONHEAD_BROKEN_SPINE.MDX
    WORLD/EXPANSION06/DOODADS/ORC/7OR_ORC_BROKENCRATE01.MDX
      ↳ Chain: Area: Crestfall → ADT: AZEROTH_13_42.ADT → WMO: 8CRE_AMPTUNNEL01_2459264.WMO → M2: 7OR_ORC_BROKENCRATE01.MDX
    WORLD/EXPANSION06/DOODADS/ORC/7OR_PVP_NAGRANDARENA_HANGINGCAGE01.MDX
      ↳ Chain: Area: Crestfall → ADT: AZEROTH_13_42.ADT → WMO: 8CRE_AMPTUNNEL01_2459264.WMO → M2: 7OR_PVP_NAGRANDARENA_HANGINGCAGE01.MDX
    WORLD/EXPANSION06/DOODADS/SURAMAR/7SR_CRAGVINES_A01.MDX
      ↳ Chain: Area: Crestfall → ADT: AZEROTH_13_42.ADT → WMO: 8CRE_AMPTUNNEL01_2459264.WMO → M2: 7SR_CRAGVINES_A01.MDX
    WORLD/EXPANSION06/DOODADS/SURAMAR/7SR_CRAGVINES_A02.MDX
      ↳ Chain: Area: Crestfall → ADT: AZEROTH_13_42.ADT → WMO: 8CRE_AMPTUNNEL01_2459264.WMO → M2: 7SR_CRAGVINES_A02.MDX
    WORLD/EXPANSION06/DOODADS/SURAMAR/7SR_WATERBUSH_B01.MDX
      ↳ Chain: Area: Crestfall → ADT: AZEROTH_13_42.ADT → WMO: 8CRE_AMPTUNNEL01_2459264.WMO → M2: 7SR_WATERBUSH_B01.MDX
    WORLD/EXPANSION06/DOODADS/SURAMAR/7SR_WATERBUSH_C01.MDX
      ↳ Chain: Area: Crestfall → ADT: AZEROTH_13_42.ADT → WMO: 8CRE_AMPTUNNEL01_2459264.WMO → M2: 7SR_WATERBUSH_C01.MDX
    WORLD/EXPANSION06/DOODADS/VALSHARAH/7VS_NIGHTMARERAYSLONG01.MDX
      ↳ Chain: Area: Crestfall → ADT: AZEROTH_13_42.ADT → WMO: 8CRE_AMPTUNNEL01_2459264.WMO → M2: 7VS_NIGHTMARERAYSLONG01.MDX
    WORLD/EXPANSION06/DOODADS/VRYKUL/7VR_VRYKUL_BONEPILE02.MDX
      ↳ Chain: Area: Crestfall → ADT: AZEROTH_13_42.ADT → WMO: 8CRE_AMPTUNNEL01_2459264.WMO → M2: 7VR_VRYKUL_BONEPILE02.MDX
    WORLD/EXPANSION06/DOODADS/VRYKUL/7VR_VRYKUL_HOOK.MDX
      ↳ Chain: Area: Crestfall → ADT: AZEROTH_13_42.ADT → WMO: 8CRE_AMPTUNNEL01_2459264.WMO → M2: 7VR_VRYKUL_HOOK.MDX
    WORLD/EXPANSION07/DOODADS/8XP_FLYSWARMSLOW01.MDX
      ↳ Chain: Area: Crestfall → ADT: AZEROTH_13_42.ADT → WMO: 8CRE_AMPTUNNEL01_2459264.WMO → M2: 8XP_FLYSWARMSLOW01.MDX
    WORLD/EXPANSION07/DOODADS/8XP_KULTIRAS_GENERIC_WATER_DRIP02.MDX
      ↳ Chain: Area: Crestfall → ADT: AZEROTH_13_42.ADT → WMO: 8CRE_AMPTUNNEL01_2459264.WMO → M2: 8XP_KULTIRAS_GENERIC_WATER_DRIP02.MDX
    WORLD/EXPANSION07/DOODADS/BARBARIANZONE/8DRU_CRIMIVYBUSH_A01.MDX
      ↳ Chain: Area: Crestfall → ADT: AZEROTH_13_42.ADT → WMO: 8CRE_AMPTUNNEL01_2459264.WMO → M2: 8DRU_CRIMIVYBUSH_A01.MDX
    WORLD/EXPANSION07/DOODADS/BARBARIANZONE/8DRU_CRIMIVYBUSH_A02.MDX
      ↳ Chain: Area: Crestfall → ADT: AZEROTH_13_42.ADT → WMO: 8CRE_AMPTUNNEL01_2459264.WMO → M2: 8DRU_CRIMIVYBUSH_A02.MDX
    WORLD/EXPANSION07/DOODADS/BARBARIANZONE/8DRU_CRIMIVYBUSH_A03.MDX
      ↳ Chain: Area: Crestfall → ADT: AZEROTH_13_42.ADT → WMO: 8CRE_AMPTUNNEL01_2459264.WMO → M2: 8DRU_CRIMIVYBUSH_A03.MDX
    WORLD/EXPANSION07/DOODADS/BARBARIANZONE/8DRU_CRIMIVYBUSH_B01.MDX
      ↳ Chain: Area: Crestfall → ADT: AZEROTH_13_42.ADT → WMO: 8CRE_AMPTUNNEL01_2459264.WMO → M2: 8DRU_CRIMIVYBUSH_B01.MDX
    WORLD/EXPANSION07/DOODADS/BARBARIANZONE/8DRU_CRIMIVYBUSH_C01.MDX
      ↳ Chain: Area: Crestfall → ADT: AZEROTH_13_42.ADT → WMO: 8CRE_AMPTUNNEL01_2459264.WMO → M2: 8DRU_CRIMIVYBUSH_C01.MDX
    WORLD/EXPANSION07/DOODADS/BARBARIANZONE/8DRU_DEATHSHROOMCLUMP_A01.MDX
      ↳ Chain: Area: Crestfall → ADT: AZEROTH_13_42.ADT → WMO: 8CRE_AMPTUNNEL01_2459264.WMO → M2: 8DRU_DEATHSHROOMCLUMP_A01.MDX
    WORLD/EXPANSION07/DOODADS/BARBARIANZONE/8DRU_DEATHSHROOMCLUMP_A02.MDX
      ↳ Chain: Area: Crestfall → ADT: AZEROTH_13_42.ADT → WMO: 8CRE_AMPTUNNEL01_2459264.WMO → M2: 8DRU_DEATHSHROOMCLUMP_A02.MDX
    WORLD/EXPANSION07/DOODADS/BARBARIANZONE/8DRU_DEATHSHROOM_A01.MDX
      ↳ Chain: Area: Crestfall → ADT: AZEROTH_13_42.ADT → WMO: 8CRE_AMPTUNNEL01_2459264.WMO → M2: 8DRU_DEATHSHROOM_A01.MDX
    WORLD/EXPANSION07/DOODADS/BLOODTROLL/8TR_BLOOD_STAIN03.MDX
      ↳ Chain: Area: Crestfall → ADT: AZEROTH_13_42.ADT → WMO: 8CRE_AMPTUNNEL01_2459264.WMO → M2: 8TR_BLOOD_STAIN03.MDX
    WORLD/EXPANSION07/DOODADS/BLOODTROLL/8TR_BLOOD_STAIN04.MDX
      ↳ Chain: Area: Crestfall → ADT: AZEROTH_13_42.ADT → WMO: 8CRE_AMPTUNNEL01_2459264.WMO → M2: 8TR_BLOOD_STAIN04.MDX
    WORLD/EXPANSION07/DOODADS/DESERTZONE/8DES_BONES_ARMS01.MDX
      ↳ Chain: Area: Crestfall → ADT: AZEROTH_13_42.ADT → WMO: 8CRE_AMPTUNNEL01_2459264.WMO → M2: 8DES_BONES_ARMS01.MDX
    WORLD/EXPANSION07/DOODADS/DESERTZONE/8DES_BONES_ARMS02.MDX
      ↳ Chain: Area: Crestfall → ADT: AZEROTH_13_42.ADT → WMO: 8CRE_AMPTUNNEL01_2459264.WMO → M2: 8DES_BONES_ARMS02.MDX
    WORLD/EXPANSION07/DOODADS/DESERTZONE/8DES_BONES_RIBS02.MDX
      ↳ Chain: Area: Crestfall → ADT: AZEROTH_13_42.ADT → WMO: 8CRE_AMPTUNNEL01_2459264.WMO → M2: 8DES_BONES_RIBS02.MDX
    WORLD/EXPANSION07/DOODADS/DESERTZONE/8DES_BONES_SPINE01.MDX
      ↳ Chain: Area: Crestfall → ADT: AZEROTH_13_42.ADT → WMO: 8CRE_AMPTUNNEL01_2459264.WMO → M2: 8DES_BONES_SPINE01.MDX
    WORLD/EXPANSION07/DOODADS/DESERTZONE/8DES_BONES_TAIL01.MDX
      ↳ Chain: Area: Crestfall → ADT: AZEROTH_13_42.ADT → WMO: 8CRE_AMPTUNNEL01_2459264.WMO → M2: 8DES_BONES_TAIL01.MDX
    WORLD/EXPANSION07/DOODADS/DUNGEON/DOODADS/8DU_KULTIRASPRISON_FISHPIPE01.MDX
      ↳ Chain: Area: The Great Sea → ADT: AZEROTH_15_41.ADT → WMO: 8NZJ_NAZJATAR_EX01_2398163.WMO → M2: 8DU_KULTIRASPRISON_FISHPIPE01.MDX
    WORLD/EXPANSION07/DOODADS/HUMAN/8HU_KULTIRAS_CITYFENCE01.MDX
      ↳ Chain: Area: The Great Sea → ADT: AZEROTH_15_41.ADT → WMO: 8NZJ_NAZJATAR_EX01_2398163.WMO → M2: 8HU_KULTIRAS_CITYFENCE01.MDX
    WORLD/EXPANSION07/DOODADS/HUMAN/8HU_KULTIRAS_CITYFENCE01_POST.MDX
      ↳ Chain: Area: The Great Sea → ADT: AZEROTH_15_41.ADT → WMO: 8NZJ_NAZJATAR_EX01_2398163.WMO → M2: 8HU_KULTIRAS_CITYFENCE01_POST.MDX
    WORLD/EXPANSION07/DOODADS/HUMAN/8HU_KULTIRAS_DOCKS_PLANKNARROW01.MDX
      ↳ Chain: Area: Crestfall → ADT: AZEROTH_13_42.ADT → WMO: 8CRE_AMPTUNNEL01_2459264.WMO → M2: 8HU_KULTIRAS_DOCKS_PLANKNARROW01.MDX
    WORLD/EXPANSION07/DOODADS/HUMAN/8HU_KULTIRAS_DOCKS_PLANKNARROW01_NOCOLLISION.MDX
      ↳ Chain: Area: Crestfall → ADT: AZEROTH_13_42.ADT → WMO: 8CRE_AMPTUNNEL01_2459264.WMO → M2: 8HU_KULTIRAS_DOCKS_PLANKNARROW01_NOCOLLISION.MDX
    WORLD/EXPANSION07/DOODADS/HUMAN/8HU_KULTIRAS_HARPOON01.MDX
      ↳ Chain: Area: Crestfall → ADT: AZEROTH_13_42.ADT → WMO: 8CRE_AMPTUNNEL01_2459264.WMO → M2: 8HU_KULTIRAS_HARPOON01.MDX
    WORLD/EXPANSION07/DOODADS/HUMAN/8HU_KULTIRAS_MAUSOLEUMDECO01.MDX
      ↳ Chain: Area: The Great Sea → ADT: AZEROTH_15_41.ADT → WMO: 8NZJ_NAZJATAR_EX01_2398163.WMO → M2: 8HU_KULTIRAS_MAUSOLEUMDECO01.MDX
    WORLD/EXPANSION07/DOODADS/HUMAN/8HU_KULTIRAS_ROPEHANGING02.MDX
      ↳ Chain: Area: The Great Sea → ADT: AZEROTH_15_41.ADT → WMO: 8NZJ_NAZJATAR_EX01_2398163.WMO → M2: 8HU_KULTIRAS_ROPEHANGING02.MDX
    WORLD/EXPANSION07/DOODADS/HUMAN/8HU_KULTIRAS_SHIPLARGERIGGING02.MDX
      ↳ Chain: Area: The Great Sea → ADT: AZEROTH_15_41.ADT → WMO: 8NZJ_NAZJATAR_EX01_2398163.WMO → M2: 8HU_KULTIRAS_SHIPLARGERIGGING02.MDX
    WORLD/EXPANSION07/DOODADS/HUMAN/8HU_KULTIRAS_SHIPMEDIUMRIGGING01.MDX
      ↳ Chain: Area: The Great Sea → ADT: AZEROTH_15_41.ADT → WMO: 8NZJ_NAZJATAR_EX01_2398163.WMO → M2: 8HU_KULTIRAS_SHIPMEDIUMRIGGING01.MDX
    WORLD/EXPANSION07/DOODADS/HUMAN/8HU_KULTIRAS_WALLDECO01.MDX
      ↳ Chain: Area: The Great Sea → ADT: AZEROTH_15_41.ADT → WMO: 8NZJ_NAZJATAR_EX01_2398163.WMO → M2: 8HU_KULTIRAS_WALLDECO01.MDX
    WORLD/EXPANSION07/DOODADS/HUMAN/8HU_KULTIRAS_WALLLAMP01.MDX
      ↳ Chain: Area: The Great Sea → ADT: AZEROTH_15_41.ADT → WMO: 8NZJ_NAZJATAR_EX01_2398163.WMO → M2: 8HU_KULTIRAS_WALLLAMP01.MDX
    WORLD/EXPANSION07/DOODADS/HUMAN/8HU_KULTIRAS_WALLMAP01.MDX
      ↳ Chain: Area: Crestfall → ADT: AZEROTH_13_42.ADT → WMO: 8CRE_AMPTUNNEL01_2459264.WMO → M2: 8HU_KULTIRAS_WALLMAP01.MDX
    WORLD/EXPANSION07/DOODADS/HUMAN/8HU_KULTIRAS_WINDOW08.MDX
      ↳ Chain: Area: The Great Sea → ADT: AZEROTH_15_41.ADT → WMO: 8NZJ_NAZJATAR_EX01_2398163.WMO → M2: 8HU_KULTIRAS_WINDOW08.MDX
    WORLD/EXPANSION07/DOODADS/ZULDAZARZONE/8ZUL_BIGLEAFYBUSH_C01.MDX
      ↳ Chain: Area: Crestfall → ADT: AZEROTH_13_42.ADT → WMO: 8CRE_AMPTUNNEL01_2459264.WMO → M2: 8ZUL_BIGLEAFYBUSH_C01.MDX
    WORLD/EXPANSION07/DOODADS/ZULDAZARZONE/8ZUL_FERNBUSH_B01.MDX
      ↳ Chain: Area: Crestfall → ADT: AZEROTH_13_42.ADT → WMO: 8CRE_AMPTUNNEL01_2459264.WMO → M2: 8ZUL_FERNBUSH_B01.MDX
    WORLD/EXPANSION07/DOODADS/ZULDAZARZONE/8ZUL_FERNBUSH_B02.MDX
      ↳ Chain: Area: Crestfall → ADT: AZEROTH_13_42.ADT → WMO: 8CRE_AMPTUNNEL01_2459264.WMO → M2: 8ZUL_FERNBUSH_B02.MDX
    WORLD/EXPANSION07/DOODADS/ZULDAZARZONE/8ZUL_LEAFYBUSH_B01.MDX
      ↳ Chain: Area: Crestfall → ADT: AZEROTH_13_42.ADT → WMO: 8CRE_AMPTUNNEL01_2459264.WMO → M2: 8ZUL_LEAFYBUSH_B01.MDX
    WORLD/EXPANSION07/DOODADS/ZULDAZARZONE/8ZUL_LEAFYBUSH_B02.MDX
      ↳ Chain: Area: Crestfall → ADT: AZEROTH_13_42.ADT → WMO: 8CRE_AMPTUNNEL01_2459264.WMO → M2: 8ZUL_LEAFYBUSH_B02.MDX
    WORLD/GENERIC/BLOODELF/PASSIVE DOODADS/BE_LANTERN_BLUE_001.MDX
      ↳ Chain: Area: Isle of Quel'Danas → ADT: AZEROTH_40_12.ADT → WMO: BLOODELF_SMALLGAZEBO01.WMO → M2: BE_LANTERN_BLUE_001.MDX
    WORLD/GENERIC/BLOODELF/PASSIVE DOODADS/BE_LANTERN_BUSTED_001.MDX
      ↳ Chain: Area: Ghostlands → ADT: AZEROTH_38_22.ADT → WMO: WINDRUNNER_SPIRE.WMO → M2: BE_LANTERN_BUSTED_001.MDX
    WORLD/GENERIC/BLOODELF/PASSIVE DOODADS/BE_LANTERN_RED_001.MDX
      ↳ Chain: Area: Ghostlands → ADT: AZEROTH_38_22.ADT → WMO: WINDRUNNER_SPIRE.WMO → M2: BE_LANTERN_RED_001.MDX
    WORLD/GENERIC/BLOODELF/PASSIVE DOODADS/BL_ROUND_CRATE_001.MDX
      ↳ Chain: Area: Eversong Woods → ADT: AZEROTH_40_17.ADT → WMO: BLOODELF_SMALLHOUSE_ABAN01.WMO → M2: BL_ROUND_CRATE_001.MDX
    WORLD/GENERIC/BLOODELF/PASSIVE DOODADS/BL_ROUND_CRATE_002.MDX
      ↳ Chain: Area: Eversong Woods → ADT: AZEROTH_40_17.ADT → WMO: BLOODELF_SMALLHOUSE_ABAN01.WMO → M2: BL_ROUND_CRATE_002.MDX
    WORLD/GENERIC/BLOODELF/PASSIVE DOODADS/BL_ROUND_CRATE_003.MDX
      ↳ Chain: Area: Eversong Woods → ADT: AZEROTH_40_17.ADT → WMO: BLOODELF_SMALLHOUSE_ABAN01.WMO → M2: BL_ROUND_CRATE_003.MDX
    WORLD/GENERIC/BLOODELF/PASSIVE DOODADS/BL_SQ_CRATE_001.MDX
      ↳ Chain: Area: Eversong Woods → ADT: AZEROTH_40_17.ADT → WMO: BLOODELF_SMALLHOUSE_ABAN01.WMO → M2: BL_SQ_CRATE_001.MDX
    WORLD/GENERIC/BLOODELF/PASSIVE DOODADS/BL_SQ_CRATE_002.MDX
      ↳ Chain: Area: Eversong Woods → ADT: AZEROTH_40_17.ADT → WMO: BLOODELF_SMALLHOUSE_ABAN01.WMO → M2: BL_SQ_CRATE_002.MDX
    WORLD/GENERIC/BLOODELF/PASSIVE DOODADS/BL_SQ_CRATE_003.MDX
      ↳ Chain: Area: Eversong Woods → ADT: AZEROTH_39_20.ADT → WMO: BLOODELF_GUARDTOWER01.WMO → M2: BL_SQ_CRATE_003.MDX
    WORLD/GENERIC/BLOODELF/PASSIVE DOODADS/BL_SQ_CRATE_004_LID.MDX
      ↳ Chain: Area: Eversong Woods → ADT: AZEROTH_40_17.ADT → WMO: BLOODELF_SMALLHOUSE_ABAN01.WMO → M2: BL_SQ_CRATE_004_LID.MDX
    WORLD/GENERIC/BLOODELF/PASSIVE DOODADS/BL_SQ_CRATE_004_OPEN.MDX
      ↳ Chain: Area: Eversong Woods → ADT: AZEROTH_40_17.ADT → WMO: BLOODELF_SMALLHOUSE_ABAN01.WMO → M2: BL_SQ_CRATE_004_OPEN.MDX
    WORLD/GENERIC/DWARF/PASSIVE DOODADS/BRAZIERS/DWARVENBRAZIER02_BROKEN.MDX
      ↳ Chain: Area: Highlands → ADT: AZEROTH_42_39.ADT → WMO: WILDHAMMERDWARF_COTTAGEA.WMO → Unknown: WILDHAMMERDWARF_COTTAGEA_DESTROYED.WMO → M2: DWARVENBRAZIER02_BROKEN.MDX
    WORLD/GENERIC/DWARF/PASSIVE DOODADS/BRAZIERS/DWARVENBRAZIER02_OFF.MDX
      ↳ Chain: Area: Highlands → ADT: AZEROTH_42_39.ADT → WMO: WILDHAMMERDWARF_SMITHY.WMO → M2: DWARVENBRAZIER02_OFF.MDX
    WORLD/GENERIC/GNOME/PASSIVE DOODADS/PARTS/GNOME_ENGINE.MDX
      ↳ Chain: Area: Kezan → ADT: KALIMDOR_56_52.ADT → WMO: THOUSANDNEEDLES_RACERBARGE.WMO → M2: GNOME_ENGINE.MDX
    WORLD/GENERIC/GNOME/PASSIVE DOODADS/PARTS/GNOME_TESLA.MDX
      ↳ Chain: Area: Kezan → ADT: KALIMDOR_56_52.ADT → WMO: THOUSANDNEEDLES_RACERBARGE.WMO → M2: GNOME_TESLA.MDX
    WORLD/GENERIC/GOBLIN/PASSIVEDOODADS/BATTLEMAPS/GOBLIN_BATTLEMAP_01.MDX
      ↳ Chain: Area: KALIMDOR [53,54] → ADT: KALIMDOR_53_54.ADT → WMO: HORDE_GOBLIN_LAB_02.WMO → M2: GOBLIN_BATTLEMAP_01.MDX
    WORLD/GENERIC/GOBLIN/PASSIVEDOODADS/BATTLEMAPS/GOBLIN_BATTLEMAP_02.MDX
      ↳ Chain: Area: KALIMDOR [53,54] → ADT: KALIMDOR_53_54.ADT → WMO: HORDE_GOBLIN_LAB_02.WMO → M2: GOBLIN_BATTLEMAP_02.MDX
    WORLD/GENERIC/GOBLIN/PASSIVEDOODADS/BATTLEMAPS/GOBLIN_BATTLEMAP_04.MDX
      ↳ Chain: Area: Kezan → ADT: KALIMDOR_55_50.ADT → WMO: HORDE_GOBLIN_MANSION.WMO → M2: GOBLIN_BATTLEMAP_04.MDX
    WORLD/GENERIC/GOBLIN/PASSIVEDOODADS/BBQ/GOBLIN_BBQ_01.MDX
      ↳ Chain: Area: Kezan → ADT: KALIMDOR_56_52.ADT → WMO: THOUSANDNEEDLES_RACERBARGE.WMO → M2: GOBLIN_BBQ_01.MDX
    WORLD/GENERIC/GOBLIN/PASSIVEDOODADS/BBQ/GOBLIN_BBQ_02.MDX
      ↳ Chain: Area: Kezan → ADT: KALIMDOR_55_50.ADT → WMO: ZEPPELIN_TOWER_WALL.WMO → M2: GOBLIN_BBQ_02.MDX
    WORLD/GENERIC/GOBLIN/PASSIVEDOODADS/BBQ/GOBLIN_BBQ_03.MDX
      ↳ Chain: Area: Kezan → ADT: KALIMDOR_55_50.ADT → WMO: ZEPPELIN_TOWER_WALL.WMO → M2: GOBLIN_BBQ_03.MDX
    WORLD/GENERIC/GOBLIN/PASSIVEDOODADS/BEANBAGS/GOBLIN_BEANBAG_01.MDX
      ↳ Chain: Area: Kezan → ADT: KALIMDOR_55_50.ADT → WMO: HORDE_GOBLIN_MANSION.WMO → M2: GOBLIN_BEANBAG_01.MDX
    WORLD/GENERIC/GOBLIN/PASSIVEDOODADS/BEANBAGS/GOBLIN_BEANBAG_02.MDX
      ↳ Chain: Area: Highlands → ADT: AZEROTH_44_37.ADT → WMO: TH_GOBLIN_TOWN.WMO → M2: GOBLIN_BEANBAG_02.MDX
    WORLD/GENERIC/GOBLIN/PASSIVEDOODADS/BEANBAGS/GOBLIN_BEANBAG_03.MDX
      ↳ Chain: Area: Kezan → ADT: KALIMDOR_56_52.ADT → WMO: THOUSANDNEEDLES_RACERBARGE.WMO → M2: GOBLIN_BEANBAG_03.MDX
    WORLD/GENERIC/GOBLIN/PASSIVEDOODADS/BEANBAGS/GOBLIN_BEANBAG_04.MDX
      ↳ Chain: Area: Highlands → ADT: AZEROTH_44_37.ADT → WMO: TH_GOBLIN_TOWN.WMO → M2: GOBLIN_BEANBAG_04.MDX
    WORLD/GENERIC/GOBLIN/PASSIVEDOODADS/BEDS/GOBLIN_HORDE_BED_01.MDX
      ↳ Chain: Area: Kezan → ADT: KALIMDOR_56_52.ADT → WMO: THOUSANDNEEDLES_RACERBARGE.WMO → M2: GOBLIN_HORDE_BED_01.MDX
    WORLD/GENERIC/GOBLIN/PASSIVEDOODADS/BEDS/GOBLIN_HORDE_ORNATEBED_01.MDX
      ↳ Chain: Area: Kezan → ADT: KALIMDOR_55_50.ADT → WMO: HORDE_GOBLIN_MANSION.WMO → M2: GOBLIN_HORDE_ORNATEBED_01.MDX
    WORLD/GENERIC/GOBLIN/PASSIVEDOODADS/CEILINGFAN/GOBLIN_HORDE_CEILINGFAN_01.MDX
      ↳ Chain: Area: Kezan → ADT: KALIMDOR_55_50.ADT → WMO: 8OR_WARFRONTS_WORKSHOP_V2.WMO → M2: GOBLIN_HORDE_CEILINGFAN_01.MDX
    WORLD/GENERIC/GOBLIN/PASSIVEDOODADS/CEILINGFAN/GOBLIN_HORDE_CEILINGFAN_02.MDX
      ↳ Chain: Area: Kezan → ADT: KALIMDOR_55_50.ADT → WMO: 8OR_WARFRONTS_WORKSHOP_V2.WMO → M2: GOBLIN_HORDE_CEILINGFAN_02.MDX
    WORLD/GENERIC/GOBLIN/PASSIVEDOODADS/CLOTHES/GOBLIN_CLOTHES_02.MDX
      ↳ Chain: Area: Highlands → ADT: AZEROTH_44_37.ADT → WMO: TH_GOBLIN_TOWN.WMO → M2: GOBLIN_CLOTHES_02.MDX
    WORLD/GENERIC/GOBLIN/PASSIVEDOODADS/CRAZYMACHINES/GOBLIN_BATTERYMACHINE.MDX
      ↳ Chain: Area: Kezan → ADT: KALIMDOR_56_52.ADT → WMO: THOUSANDNEEDLES_RACERBARGE.WMO → M2: GOBLIN_BATTERYMACHINE.MDX
    WORLD/GENERIC/GOBLIN/PASSIVEDOODADS/CRAZYMACHINES/GOBLIN_COOKINGMACHINE.MDX
      ↳ Chain: Area: Kezan → ADT: KALIMDOR_55_50.ADT → WMO: ZEPPELIN_TOWER_WALL.WMO → M2: GOBLIN_COOKINGMACHINE.MDX
    WORLD/GENERIC/GOBLIN/PASSIVEDOODADS/CRAZYMACHINES/GOBLIN_CRAZYMACHINE_01.MDX
      ↳ Chain: Area: The Lost Isles → ADT: KALIMDOR_52_29.ADT → WMO: LOSTISLES_GOBLINMINE.WMO → M2: GOBLIN_CRAZYMACHINE_01.MDX
    WORLD/GENERIC/GOBLIN/PASSIVEDOODADS/CRAZYMACHINES/GOBLIN_CRAZYMACHINE_02.MDX
      ↳ Chain: Area: Kezan → ADT: KALIMDOR_55_50.ADT → WMO: 8OR_WARFRONTS_WORKSHOP_V2.WMO → M2: GOBLIN_CRAZYMACHINE_02.MDX
    WORLD/GENERIC/GOBLIN/PASSIVEDOODADS/CRAZYMACHINES/GOBLIN_CRAZYMACHINE_03.MDX
      ↳ Chain: Area: KALIMDOR [53,54] → ADT: KALIMDOR_53_54.ADT → WMO: AZSHARA_FREEWAY1.WMO → M2: GOBLIN_CRAZYMACHINE_03.MDX
    WORLD/GENERIC/GOBLIN/PASSIVEDOODADS/CRAZYMACHINES/GOBLIN_CRAZYMACHINE_07.MDX
      ↳ Chain: Area: KALIMDOR [53,55] → ADT: KALIMDOR_53_55.ADT → WMO: GOBLINSHIPFINAL.WMO → M2: GOBLIN_CRAZYMACHINE_07.MDX
    WORLD/GENERIC/GOBLIN/PASSIVEDOODADS/CRAZYMACHINES/GOBLIN_ROCKCUTTINGMACHINE_01.MDX
      ↳ Chain: Area: Kezan → ADT: KALIMDOR_54_49.ADT → WMO: GOBLIN_KEZAN_MINE_1ROOM.WMO → M2: GOBLIN_ROCKCUTTINGMACHINE_01.MDX
    WORLD/GENERIC/GOBLIN/PASSIVEDOODADS/DIAGRAMS/GOBLIN_DIAGRAM_01.MDX
      ↳ Chain: Area: KALIMDOR [53,53] → ADT: KALIMDOR_53_53.ADT → WMO: HORDE_GOBLIN_LAB_01.WMO → M2: GOBLIN_DIAGRAM_01.MDX
    WORLD/GENERIC/GOBLIN/PASSIVEDOODADS/DIAGRAMS/GOBLIN_DIAGRAM_02.MDX
      ↳ Chain: Area: Kezan → ADT: KALIMDOR_55_50.ADT → WMO: HORDE_GOBLIN_GARAGE.WMO → M2: GOBLIN_DIAGRAM_02.MDX
    WORLD/GENERIC/GOBLIN/PASSIVEDOODADS/DIAGRAMS/GOBLIN_DIAGRAM_03.MDX
      ↳ Chain: Area: Vashj'ir → ADT: AZEROTH_21_44.ADT → WMO: VASHJIR_LARGE_CAVE_B.WMO → M2: GOBLIN_DIAGRAM_03.MDX
    WORLD/GENERIC/GOBLIN/PASSIVEDOODADS/DIAGRAMS/GOBLIN_DIAGRAM_04.MDX
      ↳ Chain: Area: Vashj'ir → ADT: AZEROTH_21_44.ADT → WMO: VASHJIR_LARGE_CAVE_B.WMO → M2: GOBLIN_DIAGRAM_04.MDX
    WORLD/GENERIC/GOBLIN/PASSIVEDOODADS/ELEVATOR/GOBLIN_ELEVATOR.MDX
      ↳ Chain: Area: Kezan → ADT: KALIMDOR_51_49.ADT → WMO: GOBLIN_OIL_TANKER.WMO → M2: GOBLIN_ELEVATOR.MDX
    WORLD/GENERIC/GOBLIN/PASSIVEDOODADS/FOOD/GOBLIN_BUCKETOFOOD_01.MDX
      ↳ Chain: Area: Kezan → ADT: KALIMDOR_56_52.ADT → WMO: THOUSANDNEEDLES_RACERBARGE.WMO → M2: GOBLIN_BUCKETOFOOD_01.MDX
    WORLD/GENERIC/GOBLIN/PASSIVEDOODADS/FOOD/GOBLIN_BUCKETOFOOD_02.MDX
      ↳ Chain: Area: Kezan → ADT: KALIMDOR_55_50.ADT → WMO: ZEPPELIN_TOWER_WALL.WMO → M2: GOBLIN_BUCKETOFOOD_02.MDX
    WORLD/GENERIC/GOBLIN/PASSIVEDOODADS/FOOD/GOBLIN_FOOD_01.MDX
      ↳ Chain: Area: Kezan → ADT: KALIMDOR_55_50.ADT → WMO: ZEPPELIN_TOWER_WALL.WMO → M2: GOBLIN_FOOD_01.MDX
    WORLD/GENERIC/GOBLIN/PASSIVEDOODADS/FOOD/GOBLIN_FOOD_02.MDX
      ↳ Chain: Area: Kezan → ADT: KALIMDOR_55_50.ADT → WMO: ZEPPELIN_TOWER_WALL.WMO → M2: GOBLIN_FOOD_02.MDX
    WORLD/GENERIC/GOBLIN/PASSIVEDOODADS/FOOD/GOBLIN_FOOD_03.MDX
      ↳ Chain: Area: Kezan → ADT: KALIMDOR_55_50.ADT → WMO: ZEPPELIN_TOWER_WALL.WMO → M2: GOBLIN_FOOD_03.MDX
    WORLD/GENERIC/GOBLIN/PASSIVEDOODADS/FOOD/GOBLIN_FOOD_04.MDX
      ↳ Chain: Area: Kezan → ADT: KALIMDOR_55_50.ADT → WMO: ZEPPELIN_TOWER_WALL.WMO → M2: GOBLIN_FOOD_04.MDX
    WORLD/GENERIC/GOBLIN/PASSIVEDOODADS/FOOD/GOBLIN_FOOD_05.MDX
      ↳ Chain: Area: Kezan → ADT: KALIMDOR_56_52.ADT → WMO: THOUSANDNEEDLES_RACERBARGE.WMO → M2: GOBLIN_FOOD_05.MDX
    WORLD/GENERIC/GOBLIN/PASSIVEDOODADS/FOOD/GOBLIN_FOOD_06.MDX
      ↳ Chain: Area: Kezan → ADT: KALIMDOR_55_50.ADT → WMO: ZEPPELIN_TOWER_WALL.WMO → M2: GOBLIN_FOOD_06.MDX
    WORLD/GENERIC/GOBLIN/PASSIVEDOODADS/GOBLINPARTS/GOBLIN_NUT_01.MDX
      ↳ Chain: Area: KALIMDOR [53,53] → ADT: KALIMDOR_53_53.ADT → WMO: HORDE_GOBLIN_LAB_01.WMO → M2: GOBLIN_NUT_01.MDX
    WORLD/GENERIC/GOBLIN/PASSIVEDOODADS/GOBLINPARTS/GOBLIN_SPRING_01.MDX
      ↳ Chain: Area: Kezan → ADT: KALIMDOR_55_50.ADT → WMO: 8OR_WARFRONTS_WORKSHOP_V2.WMO → M2: GOBLIN_SPRING_01.MDX
    WORLD/GENERIC/GOBLIN/PASSIVEDOODADS/HANGINGLAMP/GOBLIN_HORDE_HANGINGLAMP_01.MDX
      ↳ Chain: Area: Kezan → ADT: KALIMDOR_55_50.ADT → WMO: ZEPPELIN_TOWER_WALL.WMO → M2: GOBLIN_HORDE_HANGINGLAMP_01.MDX
    WORLD/GENERIC/GOBLIN/PASSIVEDOODADS/HANGINGLAMP/GOBLIN_HORDE_HANGINGLAMP_02.MDX
      ↳ Chain: Area: KALIMDOR [53,54] → ADT: KALIMDOR_53_54.ADT → WMO: 6OR_GARRISON_WORKSHOP_V3.WMO → M2: GOBLIN_HORDE_HANGINGLAMP_02.MDX
    WORLD/GENERIC/GOBLIN/PASSIVEDOODADS/KEZAN/ASTROTURF/GOBLIN_KEZAN_ASTROTURF.MDX
      ↳ Chain: Area: Kezan → ADT: KALIMDOR_55_50.ADT → WMO: ZEPPELIN_TOWER_WALL.WMO → M2: GOBLIN_KEZAN_ASTROTURF.MDX
    WORLD/GENERIC/GOBLIN/PASSIVEDOODADS/KEZAN/ASTROTURF/GOBLIN_KEZAN_ASTROTURF_02.MDX
      ↳ Chain: Area: Kezan → ADT: KALIMDOR_55_50.ADT → WMO: ZEPPELIN_TOWER_WALL.WMO → M2: GOBLIN_KEZAN_ASTROTURF_02.MDX
    WORLD/GENERIC/GOBLIN/PASSIVEDOODADS/KEZAN/CHAIRS/GOBLIN_KEZAN_BEACHCHAIR_01.MDX
      ↳ Chain: Area: Highlands → ADT: AZEROTH_44_37.ADT → WMO: TH_GOBLIN_TOWN.WMO → M2: GOBLIN_KEZAN_BEACHCHAIR_01.MDX
    WORLD/GENERIC/GOBLIN/PASSIVEDOODADS/KEZAN/ITEMS/GOBLIN_ARROWYELLOW.MDX
      ↳ Chain: Area: Vashj'ir → ADT: AZEROTH_21_44.ADT → WMO: HORDE_SUBMARINE_CLOSED.WMO → M2: GOBLIN_ARROWYELLOW.MDX
    WORLD/GENERIC/GOBLIN/PASSIVEDOODADS/KEZAN/ITEMS/GOBLIN_BEACHBUCKET_01.MDX
      ↳ Chain: Area: Vashj'ir → ADT: AZEROTH_21_44.ADT → WMO: VASHJIR_LARGE_CAVE_B.WMO → M2: GOBLIN_BEACHBUCKET_01.MDX
    WORLD/GENERIC/GOBLIN/PASSIVEDOODADS/KEZAN/ITEMS/GOBLIN_BEACHBUCKET_02.MDX
      ↳ Chain: Area: Kezan → ADT: KALIMDOR_55_50.ADT → WMO: ZEPPELIN_TOWER_WALL.WMO → M2: GOBLIN_BEACHBUCKET_02.MDX
    WORLD/GENERIC/GOBLIN/PASSIVEDOODADS/KEZAN/ITEMS/GOBLIN_BEACHPARASOL_01.MDX
      ↳ Chain: Area: Highlands → ADT: AZEROTH_44_37.ADT → WMO: TH_GOBLIN_TOWN.WMO → M2: GOBLIN_BEACHPARASOL_01.MDX
    WORLD/GENERIC/GOBLIN/PASSIVEDOODADS/KEZAN/ITEMS/GOBLIN_BEACHSHOVEL_02.MDX
      ↳ Chain: Area: Kezan → ADT: KALIMDOR_53_49.ADT → WMO: GOBLIN_KEZAN_MINE.WMO → M2: GOBLIN_BEACHSHOVEL_02.MDX
    WORLD/GENERIC/GOBLIN/PASSIVEDOODADS/KEZAN/ITEMS/GOBLIN_BEACHTOWEL_01.MDX
      ↳ Chain: Area: Highlands → ADT: AZEROTH_44_37.ADT → WMO: TH_GOBLIN_TOWN.WMO → M2: GOBLIN_BEACHTOWEL_01.MDX
    WORLD/GENERIC/GOBLIN/PASSIVEDOODADS/KEZAN/ITEMS/GOBLIN_BEACHTOWEL_02.MDX
      ↳ Chain: Area: Highlands → ADT: AZEROTH_44_37.ADT → WMO: TH_GOBLIN_TOWN.WMO → M2: GOBLIN_BEACHTOWEL_02.MDX
    WORLD/GENERIC/GOBLIN/PASSIVEDOODADS/KEZAN/ITEMS/GOBLIN_CAN_01.MDX
      ↳ Chain: Area: Kezan → ADT: KALIMDOR_55_50.ADT → WMO: HORDE_GOBLIN_MANSION.WMO → M2: GOBLIN_CAN_01.MDX
    WORLD/GENERIC/GOBLIN/PASSIVEDOODADS/KEZAN/ITEMS/GOBLIN_CAN_02.MDX
      ↳ Chain: Area: Highlands → ADT: AZEROTH_44_37.ADT → WMO: TH_GOBLIN_TOWN.WMO → M2: GOBLIN_CAN_02.MDX
    WORLD/GENERIC/GOBLIN/PASSIVEDOODADS/KEZAN/ITEMS/GOBLIN_CAN_03.MDX
      ↳ Chain: Area: Highlands → ADT: AZEROTH_44_37.ADT → WMO: TH_GOBLIN_TOWN.WMO → M2: GOBLIN_CAN_03.MDX
    WORLD/GENERIC/GOBLIN/PASSIVEDOODADS/KEZAN/ITEMS/GOBLIN_CAN_STACK_01.MDX
      ↳ Chain: Area: Kezan → ADT: KALIMDOR_55_50.ADT → WMO: ZEPPELIN_TOWER_WALL.WMO → M2: GOBLIN_CAN_STACK_01.MDX
    WORLD/GENERIC/GOBLIN/PASSIVEDOODADS/KEZAN/ITEMS/GOBLIN_FORGE_01.MDX
      ↳ Chain: Area: Deepholm → ADT: DEEPHOME_32_31.ADT → WMO: DEEPHOLMEEXT_LIT.WMO → M2: GOBLIN_FORGE_01.MDX
    WORLD/GENERIC/GOBLIN/PASSIVEDOODADS/KEZAN/ITEMS/GOBLIN_HANKIE_01.MDX
      ↳ Chain: Area: Kezan → ADT: KALIMDOR_55_50.ADT → WMO: HORDE_GOBLIN_MANSION.WMO → M2: GOBLIN_HANKIE_01.MDX
    WORLD/GENERIC/GOBLIN/PASSIVEDOODADS/KEZAN/ITEMS/GOBLIN_HORDE_WAGON_03.MDX
      ↳ Chain: Area: Kezan → ADT: KALIMDOR_51_49.ADT → WMO: GOBLIN_OIL_TANKER.WMO → M2: GOBLIN_HORDE_WAGON_03.MDX
    WORLD/GENERIC/GOBLIN/PASSIVEDOODADS/KEZAN/ITEMS/GOBLIN_HORDE_WAGON_04.MDX
      ↳ Chain: Area: Kezan → ADT: KALIMDOR_55_50.ADT → WMO: ZEPPELIN_TOWER_WALL.WMO → M2: GOBLIN_HORDE_WAGON_04.MDX
    WORLD/GENERIC/GOBLIN/PASSIVEDOODADS/KEZAN/ITEMS/GOBLIN_KEZAN_ANVIL_01.MDX
      ↳ Chain: Area: Deepholm → ADT: DEEPHOME_32_31.ADT → WMO: DEEPHOLMEEXT_LIT.WMO → M2: GOBLIN_KEZAN_ANVIL_01.MDX
    WORLD/GENERIC/GOBLIN/PASSIVEDOODADS/KEZAN/ITEMS/GOBLIN_KEZAN_BEADDRAPE_02.MDX
      ↳ Chain: Area: Kezan → ADT: KALIMDOR_55_50.ADT → WMO: HORDE_GOBLIN_MANSION.WMO → M2: GOBLIN_KEZAN_BEADDRAPE_02.MDX
    WORLD/GENERIC/GOBLIN/PASSIVEDOODADS/KEZAN/ITEMS/GOBLIN_KEZAN_CHAIR_01.MDX
      ↳ Chain: Area: KALIMDOR [53,54] → ADT: KALIMDOR_53_54.ADT → WMO: AZSHARA_FREEWAY1.WMO → M2: GOBLIN_KEZAN_CHAIR_01.MDX
    WORLD/GENERIC/GOBLIN/PASSIVEDOODADS/KEZAN/ITEMS/GOBLIN_KEZAN_DRAPE_01.MDX
      ↳ Chain: Area: Vashj'ir → ADT: AZEROTH_21_44.ADT → WMO: HORDE_SUBMARINE_CLOSED.WMO → M2: GOBLIN_KEZAN_DRAPE_01.MDX
    WORLD/GENERIC/GOBLIN/PASSIVEDOODADS/KEZAN/ITEMS/GOBLIN_KEZAN_GASPUMP_01.MDX
      ↳ Chain: Area: Kezan → ADT: KALIMDOR_55_50.ADT → WMO: 8OR_WARFRONTS_WORKSHOP_V2.WMO → M2: GOBLIN_KEZAN_GASPUMP_01.MDX
    WORLD/GENERIC/GOBLIN/PASSIVEDOODADS/KEZAN/ITEMS/GOBLIN_KEZAN_HANGINGLAMP.MDX
      ↳ Chain: Area: KALIMDOR [53,54] → ADT: KALIMDOR_53_54.ADT → WMO: 6OR_GARRISON_WORKSHOP_V3.WMO → M2: GOBLIN_KEZAN_HANGINGLAMP.MDX
    WORLD/GENERIC/GOBLIN/PASSIVEDOODADS/KEZAN/ITEMS/GOBLIN_KEZAN_OILPUMP.MDX
      ↳ Chain: Area: Kezan → ADT: KALIMDOR_54_50.ADT → WMO: GOBLIN_PIPEROAD.WMO → M2: GOBLIN_KEZAN_OILPUMP.MDX
    WORLD/GENERIC/GOBLIN/PASSIVEDOODADS/KEZAN/ITEMS/GOBLIN_KEZAN_PAINTING_01.MDX
      ↳ Chain: Area: Kezan → ADT: KALIMDOR_56_52.ADT → WMO: THOUSANDNEEDLES_RACERBARGE.WMO → M2: GOBLIN_KEZAN_PAINTING_01.MDX
    WORLD/GENERIC/GOBLIN/PASSIVEDOODADS/KEZAN/ITEMS/GOBLIN_KEZAN_PAINTING_03.MDX
      ↳ Chain: Area: Kezan → ADT: KALIMDOR_56_52.ADT → WMO: THOUSANDNEEDLES_RACERBARGE.WMO → M2: GOBLIN_KEZAN_PAINTING_03.MDX
    WORLD/GENERIC/GOBLIN/PASSIVEDOODADS/KEZAN/ITEMS/GOBLIN_KEZAN_PAINTING_04.MDX
      ↳ Chain: Area: Kezan → ADT: KALIMDOR_55_51.ADT → WMO: HORDE_GOBLIN_BANK.WMO → M2: GOBLIN_KEZAN_PAINTING_04.MDX
    WORLD/GENERIC/GOBLIN/PASSIVEDOODADS/KEZAN/ITEMS/GOBLIN_KEZAN_RUG_01.MDX
      ↳ Chain: Area: Highlands → ADT: AZEROTH_44_37.ADT → WMO: TH_GOBLIN_TOWN.WMO → M2: GOBLIN_KEZAN_RUG_01.MDX
    WORLD/GENERIC/GOBLIN/PASSIVEDOODADS/KEZAN/ITEMS/GOBLIN_KEZAN_RUG_02.MDX
      ↳ Chain: Area: Kezan → ADT: KALIMDOR_56_52.ADT → WMO: THOUSANDNEEDLES_RACERBARGE.WMO → M2: GOBLIN_KEZAN_RUG_02.MDX
    WORLD/GENERIC/GOBLIN/PASSIVEDOODADS/KEZAN/ITEMS/GOBLIN_KEZAN_RUG_03.MDX
      ↳ Chain: Area: Kezan → ADT: KALIMDOR_56_52.ADT → WMO: THOUSANDNEEDLES_RACERBARGE.WMO → M2: GOBLIN_KEZAN_RUG_03.MDX
    WORLD/GENERIC/GOBLIN/PASSIVEDOODADS/KEZAN/ITEMS/GOBLIN_KEZAN_RUG_04.MDX
      ↳ Chain: Area: KALIMDOR [53,53] → ADT: KALIMDOR_53_53.ADT → WMO: HORDE_GOBLIN_LAB_01.WMO → M2: GOBLIN_KEZAN_RUG_04.MDX
    WORLD/GENERIC/GOBLIN/PASSIVEDOODADS/KEZAN/ITEMS/GOBLIN_KEZAN_RUG_05.MDX
      ↳ Chain: Area: KALIMDOR [53,53] → ADT: KALIMDOR_53_53.ADT → WMO: HORDE_GOBLIN_LAB_01.WMO → M2: GOBLIN_KEZAN_RUG_05.MDX
    WORLD/GENERIC/GOBLIN/PASSIVEDOODADS/KEZAN/ITEMS/GOBLIN_KEZAN_TABLELAMP_01.MDX
      ↳ Chain: Area: Kezan → ADT: KALIMDOR_56_52.ADT → WMO: THOUSANDNEEDLES_RACERBARGE.WMO → M2: GOBLIN_KEZAN_TABLELAMP_01.MDX
    WORLD/GENERIC/GOBLIN/PASSIVEDOODADS/KEZAN/ITEMS/GOBLIN_KEZAN_TABLELAMP_02.MDX
      ↳ Chain: Area: Vashj'ir → ADT: AZEROTH_21_44.ADT → WMO: HORDE_SUBMARINE_CLOSED.WMO → M2: GOBLIN_KEZAN_TABLELAMP_02.MDX
    WORLD/GENERIC/GOBLIN/PASSIVEDOODADS/KEZAN/ITEMS/GOBLIN_KEZAN_UNCLE_SAM_01.MDX
      ↳ Chain: Area: Kezan → ADT: KALIMDOR_55_50.ADT → WMO: HORDE_GOBLIN_DOCKS.WMO → M2: GOBLIN_KEZAN_UNCLE_SAM_01.MDX
    WORLD/GENERIC/GOBLIN/PASSIVEDOODADS/KEZAN/ITEMS/GOBLIN_KEZAN_WALLLAMP_01.MDX
      ↳ Chain: Area: Kezan → ADT: KALIMDOR_53_49.ADT → WMO: GOBLIN_KEZAN_MINE.WMO → M2: GOBLIN_KEZAN_WALLLAMP_01.MDX
    WORLD/GENERIC/GOBLIN/PASSIVEDOODADS/KEZAN/ITEMS/GOBLIN_KEZAN_WALLLAMP_02.MDX
      ↳ Chain: Area: Kezan → ADT: KALIMDOR_55_50.ADT → WMO: 8OR_WARFRONTS_WORKSHOP_V2.WMO → M2: GOBLIN_KEZAN_WALLLAMP_02.MDX
    WORLD/GENERIC/GOBLIN/PASSIVEDOODADS/KEZAN/ITEMS/GOBLIN_KEZAN_WALLLAMP_03.MDX
      ↳ Chain: Area: Kezan → ADT: KALIMDOR_51_49.ADT → WMO: GOBLIN_OIL_TANKER.WMO → M2: GOBLIN_KEZAN_WALLLAMP_03.MDX
    WORLD/GENERIC/GOBLIN/PASSIVEDOODADS/KEZAN/ITEMS/GOBLIN_KEZAN_WHEEL_02.MDX
      ↳ Chain: Area: Kezan → ADT: KALIMDOR_55_50.ADT → WMO: HORDE_GOBLIN_GARAGE.WMO → M2: GOBLIN_KEZAN_WHEEL_02.MDX
    WORLD/GENERIC/GOBLIN/PASSIVEDOODADS/KEZAN/ITEMS/GOBLIN_KEZAN_WHEEL_03.MDX
      ↳ Chain: Area: Kezan → ADT: KALIMDOR_55_50.ADT → WMO: HORDE_GOBLIN_GARAGE.WMO → M2: GOBLIN_KEZAN_WHEEL_03.MDX
    WORLD/GENERIC/GOBLIN/PASSIVEDOODADS/KEZAN/ITEMS/GOBLIN_KEZAN_WHEEL_04.MDX
      ↳ Chain: Area: Kezan → ADT: KALIMDOR_55_50.ADT → WMO: HORDE_GOBLIN_GARAGE.WMO → M2: GOBLIN_KEZAN_WHEEL_04.MDX
    WORLD/GENERIC/GOBLIN/PASSIVEDOODADS/KEZAN/ITEMS/GOBLIN_WINDSOCK_01.MDX
      ↳ Chain: Area: Kezan → ADT: KALIMDOR_55_50.ADT → WMO: ZEPPELIN_TOWER_WALL.WMO → M2: GOBLIN_WINDSOCK_01.MDX
    WORLD/GENERIC/GOBLIN/PASSIVEDOODADS/KEZAN/MINECART/GOBLIN_KEZAN_MINECART_01.MDX
      ↳ Chain: Area: Kezan → ADT: KALIMDOR_53_49.ADT → WMO: GOBLIN_KEZAN_MINE.WMO → M2: GOBLIN_KEZAN_MINECART_01.MDX
    WORLD/GENERIC/GOBLIN/PASSIVEDOODADS/KEZAN/MINECART/GOBLIN_KEZAN_MINECART_02.MDX
      ↳ Chain: Area: Kezan → ADT: KALIMDOR_53_49.ADT → WMO: GOBLIN_KEZAN_MINE.WMO → M2: GOBLIN_KEZAN_MINECART_02.MDX
    WORLD/GENERIC/GOBLIN/PASSIVEDOODADS/KEZAN/PINKFLAMINGO/GOBLIN_KEZAN_PINKFLAMINGO_01.MDX
      ↳ Chain: Area: Kezan → ADT: KALIMDOR_55_51.ADT → WMO: HORDE_GOBLIN_ONEROOM_01.WMO → M2: GOBLIN_KEZAN_PINKFLAMINGO_01.MDX
    WORLD/GENERIC/GOBLIN/PASSIVEDOODADS/KEZAN/POOLPONY/GOBLIN_KEZAN_POOLPONY_FLOATING_BLUE_01.MDX
      ↳ Chain: Area: Vashj'ir → ADT: AZEROTH_21_44.ADT → WMO: VASHJIR_LARGE_CAVE_B.WMO → M2: GOBLIN_KEZAN_POOLPONY_FLOATING_BLUE_01.MDX
    WORLD/GENERIC/GOBLIN/PASSIVEDOODADS/KEZAN/POOLPONY/GOBLIN_KEZAN_POOLPONY_FLOATING_GREEN_01.MDX
      ↳ Chain: Area: Vashj'ir → ADT: AZEROTH_21_44.ADT → WMO: VASHJIR_LARGE_CAVE_B.WMO → M2: GOBLIN_KEZAN_POOLPONY_FLOATING_GREEN_01.MDX
    WORLD/GENERIC/GOBLIN/PASSIVEDOODADS/KEZAN/POOLPONY/GOBLIN_KEZAN_POOLPONY_STATIONARY_BLUE_01.MDX
      ↳ Chain: Area: Kezan → ADT: KALIMDOR_56_52.ADT → WMO: THOUSANDNEEDLES_RACERBARGE.WMO → M2: GOBLIN_KEZAN_POOLPONY_STATIONARY_BLUE_01.MDX
    WORLD/GENERIC/GOBLIN/PASSIVEDOODADS/KEZAN/ROAD/GOBLIN_KEZAN_ROADSUPPORT_CLAMP.MDX
      ↳ Chain: Area: Kezan → ADT: KALIMDOR_55_50.ADT → WMO: HORDE_GOBLIN_GARAGE.WMO → M2: GOBLIN_KEZAN_ROADSUPPORT_CLAMP.MDX
    WORLD/GENERIC/GOBLIN/PASSIVEDOODADS/KEZAN/ROAD/GOBLIN_KEZAN_ROADSUPPORT_EXTRALONGSUPPORT.MDX
      ↳ Chain: Area: Kezan → ADT: KALIMDOR_55_50.ADT → WMO: HORDE_GOBLIN_GARAGE.WMO → M2: GOBLIN_KEZAN_ROADSUPPORT_EXTRALONGSUPPORT.MDX
    WORLD/GENERIC/GOBLIN/PASSIVEDOODADS/KEZAN/ROAD/GOBLIN_KEZAN_ROADSUPPORT_LONGSUPPORT.MDX
      ↳ Chain: Area: KALIMDOR [53,54] → ADT: KALIMDOR_53_54.ADT → WMO: 6OR_GARRISON_WORKSHOP_V3.WMO → M2: GOBLIN_KEZAN_ROADSUPPORT_LONGSUPPORT.MDX
    WORLD/GENERIC/GOBLIN/PASSIVEDOODADS/KEZAN/ROAD/GOBLIN_KEZAN_ROADSUPPORT_SINGLE.MDX
      ↳ Chain: Area: Kezan → ADT: KALIMDOR_55_50.ADT → WMO: 8OR_WARFRONTS_WORKSHOP_V2.WMO → M2: GOBLIN_KEZAN_ROADSUPPORT_SINGLE.MDX
    WORLD/GENERIC/GOBLIN/PASSIVEDOODADS/KEZAN/SIGNS/GOBLIN_KEZANBILLBOARD_02.MDX
      ↳ Chain: Area: Kezan → ADT: KALIMDOR_54_50.ADT → WMO: GOBLIN_PIPEROAD.WMO → M2: GOBLIN_KEZANBILLBOARD_02.MDX
    WORLD/GENERIC/GOBLIN/PASSIVEDOODADS/KEZAN/SIGNS/GOBLIN_KEZAN_SIGNPOST_02.MDX
      ↳ Chain: Area: Kezan → ADT: KALIMDOR_51_49.ADT → WMO: GOBLIN_OIL_TANKER.WMO → M2: GOBLIN_KEZAN_SIGNPOST_02.MDX
    WORLD/GENERIC/GOBLIN/PASSIVEDOODADS/KEZAN/SMOKE/GOBLIN_KEZAN_SMOKESTACKS_01.MDX
      ↳ Chain: Area: Kezan → ADT: KALIMDOR_51_49.ADT → WMO: GOBLIN_OIL_TANKER.WMO → M2: GOBLIN_KEZAN_SMOKESTACKS_01.MDX
    WORLD/GENERIC/GOBLIN/PASSIVEDOODADS/KEZAN/TENTS/GOBLIN_KEZAN_TELEGRAPHPOLE_01.MDX
      ↳ Chain: Area: Kezan → ADT: KALIMDOR_55_50.ADT → WMO: ZEPPELIN_TOWER_WALL.WMO → M2: GOBLIN_KEZAN_TELEGRAPHPOLE_01.MDX
    WORLD/GENERIC/GOBLIN/PASSIVEDOODADS/KEZAN/TENTS/GOBLIN_SLUMS_TENT_01.MDX
      ↳ Chain: Area: Highlands → ADT: AZEROTH_44_37.ADT → WMO: TH_GOBLIN_TOWN.WMO → M2: GOBLIN_SLUMS_TENT_01.MDX
    WORLD/GENERIC/GOBLIN/PASSIVEDOODADS/KEZAN/WALLS/GOBLIN_KEZANWALLCORNER_01.MDX
      ↳ Chain: Area: Kezan → ADT: KALIMDOR_55_51.ADT → WMO: HORDE_GOBLIN_CANNON_02.WMO → M2: GOBLIN_KEZANWALLCORNER_01.MDX
    WORLD/GENERIC/GOBLIN/PASSIVEDOODADS/KEZAN/WALLS/GOBLIN_KEZANWALLCORNER_02.MDX
      ↳ Chain: Area: Kezan → ADT: KALIMDOR_55_51.ADT → WMO: HORDE_GOBLIN_CANNON_02.WMO → M2: GOBLIN_KEZANWALLCORNER_02.MDX
    WORLD/GENERIC/GOBLIN/PASSIVEDOODADS/LAVALAMP/GOBLIN_LAVALAMP_01.MDX
      ↳ Chain: Area: Highlands → ADT: AZEROTH_44_37.ADT → WMO: TH_GOBLIN_TOWN.WMO → M2: GOBLIN_LAVALAMP_01.MDX
    WORLD/GENERIC/GOBLIN/PASSIVEDOODADS/LAVALAMP/GOBLIN_LAVALAMP_02.MDX
      ↳ Chain: Area: Kezan → ADT: KALIMDOR_55_51.ADT → WMO: HORDE_GOBLIN_ONEROOM_01.WMO → M2: GOBLIN_LAVALAMP_02.MDX
    WORLD/GENERIC/GOBLIN/PASSIVEDOODADS/LAVALAMP/GOBLIN_LAVALAMP_03.MDX
      ↳ Chain: Area: Kezan → ADT: KALIMDOR_56_52.ADT → WMO: THOUSANDNEEDLES_RACERBARGE.WMO → M2: GOBLIN_LAVALAMP_03.MDX
    WORLD/GENERIC/GOBLIN/PASSIVEDOODADS/LAVALAMP/GOBLIN_LAVALAMP_PLUG.MDX
      ↳ Chain: Area: KALIMDOR [53,54] → ADT: KALIMDOR_53_54.ADT → WMO: HORDE_GOBLIN_LAB_02.WMO → M2: GOBLIN_LAVALAMP_PLUG.MDX
    WORLD/GENERIC/GOBLIN/PASSIVEDOODADS/LOSTISLES/DIVINGHELM.MDX
      ↳ Chain: Area: KALIMDOR [53,55] → ADT: KALIMDOR_53_55.ADT → WMO: GOBLINSHIPFINAL.WMO → M2: DIVINGHELM.MDX
    WORLD/GENERIC/GOBLIN/PASSIVEDOODADS/LOSTISLES/GOBLINBATTERY_01.MDX
      ↳ Chain: Area: Kezan → ADT: KALIMDOR_55_50.ADT → WMO: 8OR_WARFRONTS_WORKSHOP_V2.WMO → M2: GOBLINBATTERY_01.MDX
    WORLD/GENERIC/GOBLIN/PASSIVEDOODADS/LOSTISLES/GOBLINBATTERY_02.MDX
      ↳ Chain: Area: Kezan → ADT: KALIMDOR_54_48.ADT → WMO: GOBLIN_SWINGBRIDGE_OPEN.WMO → M2: GOBLINBATTERY_02.MDX
    WORLD/GENERIC/GOBLIN/PASSIVEDOODADS/LOSTISLES/GOBLINBOTTLE_01.MDX
      ↳ Chain: Area: KALIMDOR [53,55] → ADT: KALIMDOR_53_55.ADT → WMO: GOBLINSHIPFINAL.WMO → M2: GOBLINBOTTLE_01.MDX
    WORLD/GENERIC/GOBLIN/PASSIVEDOODADS/LOSTISLES/GOBLINCUP_01.MDX
      ↳ Chain: Area: KALIMDOR [53,55] → ADT: KALIMDOR_53_55.ADT → WMO: GOBLINSHIPFINAL.WMO → M2: GOBLINCUP_01.MDX
    WORLD/GENERIC/GOBLIN/PASSIVEDOODADS/LOSTISLES/GOBLINCUP_02.MDX
      ↳ Chain: Area: KALIMDOR [53,55] → ADT: KALIMDOR_53_55.ADT → WMO: GOBLINSHIPFINAL.WMO → M2: GOBLINCUP_02.MDX
    WORLD/GENERIC/GOBLIN/PASSIVEDOODADS/LOSTISLES/GOBLIN_BAMBOO_LADDER_01.MDX
      ↳ Chain: Area: KALIMDOR [53,55] → ADT: KALIMDOR_53_55.ADT → WMO: GOBLINSHIPFINAL.WMO → M2: GOBLIN_BAMBOO_LADDER_01.MDX
    WORLD/GENERIC/GOBLIN/PASSIVEDOODADS/LOSTISLES/GOBLIN_BANNER_01.MDX
      ↳ Chain: Area: KALIMDOR [53,54] → ADT: KALIMDOR_53_54.ADT → WMO: AZSHARA_FREEWAY1.WMO → M2: GOBLIN_BANNER_01.MDX
    WORLD/GENERIC/GOBLIN/PASSIVEDOODADS/LOSTISLES/GOBLIN_BANNER_02.MDX
      ↳ Chain: Area: Highlands → ADT: AZEROTH_44_37.ADT → WMO: TH_GOBLIN_TOWN.WMO → M2: GOBLIN_BANNER_02.MDX
    WORLD/GENERIC/GOBLIN/PASSIVEDOODADS/LOSTISLES/GOBLIN_BARRICADE_02.MDX
      ↳ Chain: Area: KALIMDOR [53,55] → ADT: KALIMDOR_53_55.ADT → WMO: GOBLINSHIPFINAL.WMO → M2: GOBLIN_BARRICADE_02.MDX
    WORLD/GENERIC/GOBLIN/PASSIVEDOODADS/LOSTISLES/GOBLIN_CHRISTMASLIGHT_ALL.MDX
      ↳ Chain: Area: Highlands → ADT: AZEROTH_44_37.ADT → WMO: TH_GOBLIN_TOWN.WMO → M2: GOBLIN_CHRISTMASLIGHT_ALL.MDX
    WORLD/GENERIC/GOBLIN/PASSIVEDOODADS/LOSTISLES/GOBLIN_CHRISTMASLIGHT_ALL_LARGE.MDX
      ↳ Chain: Area: Kezan → ADT: KALIMDOR_55_50.ADT → WMO: ZEPPELIN_TOWER_WALL.WMO → M2: GOBLIN_CHRISTMASLIGHT_ALL_LARGE.MDX
    WORLD/GENERIC/GOBLIN/PASSIVEDOODADS/LOSTISLES/GOBLIN_CHRISTMASLIGHT_GREEN.MDX
      ↳ Chain: Area: Kezan → ADT: KALIMDOR_56_52.ADT → WMO: THOUSANDNEEDLES_RACERBARGE.WMO → M2: GOBLIN_CHRISTMASLIGHT_GREEN.MDX
    WORLD/GENERIC/GOBLIN/PASSIVEDOODADS/LOSTISLES/GOBLIN_CHRISTMASLIGHT_RED.MDX
      ↳ Chain: Area: Vashj'ir → ADT: AZEROTH_21_44.ADT → WMO: HORDE_SUBMARINE_CLOSED.WMO → M2: GOBLIN_CHRISTMASLIGHT_RED.MDX
    WORLD/GENERIC/GOBLIN/PASSIVEDOODADS/LOSTISLES/GOBLIN_CHRISTMASLIGHT_YELLOW.MDX
      ↳ Chain: Area: Kezan → ADT: KALIMDOR_55_50.ADT → WMO: ZEPPELIN_TOWER_WALL.WMO → M2: GOBLIN_CHRISTMASLIGHT_YELLOW.MDX
    WORLD/GENERIC/GOBLIN/PASSIVEDOODADS/LOSTISLES/GOBLIN_CRATE_01.MDX
      ↳ Chain: Area: KALIMDOR [53,55] → ADT: KALIMDOR_53_55.ADT → WMO: GOBLINSHIPFINAL.WMO → M2: GOBLIN_CRATE_01.MDX
    WORLD/GENERIC/GOBLIN/PASSIVEDOODADS/LOSTISLES/GOBLIN_CRATE_02.MDX
      ↳ Chain: Area: KALIMDOR [53,55] → ADT: KALIMDOR_53_55.ADT → WMO: GOBLINSHIPFINAL.WMO → M2: GOBLIN_CRATE_02.MDX
    WORLD/GENERIC/GOBLIN/PASSIVEDOODADS/LOSTISLES/GOBLIN_CRATE_03.MDX
      ↳ Chain: Area: Kezan → ADT: KALIMDOR_55_50.ADT → WMO: ZEPPELIN_TOWER_WALL.WMO → M2: GOBLIN_CRATE_03.MDX
    WORLD/GENERIC/GOBLIN/PASSIVEDOODADS/LOSTISLES/GOBLIN_CRATE_04.MDX
      ↳ Chain: Area: KALIMDOR [53,55] → ADT: KALIMDOR_53_55.ADT → WMO: GOBLINSHIPFINAL.WMO → M2: GOBLIN_CRATE_04.MDX
    WORLD/GENERIC/GOBLIN/PASSIVEDOODADS/LOSTISLES/GOBLIN_CRATE_05.MDX
      ↳ Chain: Area: KALIMDOR [53,55] → ADT: KALIMDOR_53_55.ADT → WMO: GOBLINSHIPFINAL.WMO → M2: GOBLIN_CRATE_05.MDX
    WORLD/GENERIC/GOBLIN/PASSIVEDOODADS/LOSTISLES/GOBLIN_CRATE_06.MDX
      ↳ Chain: Area: KALIMDOR [53,55] → ADT: KALIMDOR_53_55.ADT → WMO: GOBLINSHIPFINAL.WMO → M2: GOBLIN_CRATE_06.MDX
    WORLD/GENERIC/GOBLIN/PASSIVEDOODADS/LOSTISLES/GOBLIN_CRATE_07.MDX
      ↳ Chain: Area: KALIMDOR [53,55] → ADT: KALIMDOR_53_55.ADT → WMO: GOBLINSHIPFINAL.WMO → M2: GOBLIN_CRATE_07.MDX
    WORLD/GENERIC/GOBLIN/PASSIVEDOODADS/LOSTISLES/GOBLIN_ESCAPEPOD.MDX
      ↳ Chain: Area: Highlands → ADT: AZEROTH_44_37.ADT → WMO: TH_GOBLIN_TOWN.WMO → M2: GOBLIN_ESCAPEPOD.MDX
    WORLD/GENERIC/GOBLIN/PASSIVEDOODADS/LOSTISLES/GOBLIN_ESCAPEPOD_BLUE.MDX
      ↳ Chain: Area: KALIMDOR [53,54] → ADT: KALIMDOR_53_54.ADT → WMO: HORDE_GOBLIN_LAB_02.WMO → M2: GOBLIN_ESCAPEPOD_BLUE.MDX
    WORLD/GENERIC/GOBLIN/PASSIVEDOODADS/LOSTISLES/GOBLIN_ESCAPEPOD_GREEN.MDX
      ↳ Chain: Area: KALIMDOR [53,54] → ADT: KALIMDOR_53_54.ADT → WMO: HORDE_GOBLIN_LAB_02.WMO → M2: GOBLIN_ESCAPEPOD_GREEN.MDX
    WORLD/GENERIC/GOBLIN/PASSIVEDOODADS/LOSTISLES/GOBLIN_FENCE_BROWN_04.MDX
      ↳ Chain: Area: The Lost Isles → ADT: KALIMDOR_52_29.ADT → WMO: LOSTISLES_GOBLINMINE.WMO → M2: GOBLIN_FENCE_BROWN_04.MDX
    WORLD/GENERIC/GOBLIN/PASSIVEDOODADS/LOSTISLES/GOBLIN_FENCE_GREEN_01.MDX
      ↳ Chain: Area: KALIMDOR [53,55] → ADT: KALIMDOR_53_55.ADT → WMO: GOBLINSHIPFINAL.WMO → M2: GOBLIN_FENCE_GREEN_01.MDX
    WORLD/GENERIC/GOBLIN/PASSIVEDOODADS/LOSTISLES/GOBLIN_KEG_BROWN_01.MDX
      ↳ Chain: Area: Kezan → ADT: KALIMDOR_55_51.ADT → WMO: GOBLIN_RIVERBOAT.WMO → M2: GOBLIN_KEG_BROWN_01.MDX
    WORLD/GENERIC/GOBLIN/PASSIVEDOODADS/LOSTISLES/GOBLIN_KEG_BROWN_02.MDX
      ↳ Chain: Area: KALIMDOR [53,55] → ADT: KALIMDOR_53_55.ADT → WMO: GOBLINSHIPFINAL.WMO → M2: GOBLIN_KEG_BROWN_02.MDX
    WORLD/GENERIC/GOBLIN/PASSIVEDOODADS/LOSTISLES/GOBLIN_KEG_BROWN_03.MDX
      ↳ Chain: Area: Kezan → ADT: KALIMDOR_55_51.ADT → WMO: HORDE_GOBLIN_CANNON_02.WMO → M2: GOBLIN_KEG_BROWN_03.MDX
    WORLD/GENERIC/GOBLIN/PASSIVEDOODADS/LOSTISLES/GOBLIN_KEG_BROWN_04.MDX
      ↳ Chain: Area: Kezan → ADT: KALIMDOR_55_51.ADT → WMO: HORDE_GOBLIN_ONEROOM_03.WMO → M2: GOBLIN_KEG_BROWN_04.MDX
    WORLD/GENERIC/GOBLIN/PASSIVEDOODADS/LOSTISLES/GOBLIN_KEG_BROWN_05.MDX
      ↳ Chain: Area: KALIMDOR [53,55] → ADT: KALIMDOR_53_55.ADT → WMO: GOBLINSHIPFINAL.WMO → M2: GOBLIN_KEG_BROWN_05.MDX
    WORLD/GENERIC/GOBLIN/PASSIVEDOODADS/LOSTISLES/GOBLIN_KEG_GREEN_01.MDX
      ↳ Chain: Area: KALIMDOR [53,55] → ADT: KALIMDOR_53_55.ADT → WMO: GOBLINSHIPFINAL.WMO → M2: GOBLIN_KEG_GREEN_01.MDX
    WORLD/GENERIC/GOBLIN/PASSIVEDOODADS/LOSTISLES/GOBLIN_KEZAN_LAMP_01.MDX
      ↳ Chain: Area: Kezan → ADT: KALIMDOR_55_50.ADT → WMO: 8OR_WARFRONTS_WORKSHOP_V2.WMO → M2: GOBLIN_KEZAN_LAMP_01.MDX
    WORLD/GENERIC/GOBLIN/PASSIVEDOODADS/LOSTISLES/GOBLIN_KEZAN_OILPIPE.MDX
      ↳ Chain: Area: Highlands → ADT: AZEROTH_44_37.ADT → WMO: TH_GOBLIN_TOWN.WMO → M2: GOBLIN_KEZAN_OILPIPE.MDX
    WORLD/GENERIC/GOBLIN/PASSIVEDOODADS/LOSTISLES/GOBLIN_KEZAN_PIPE_01.MDX
      ↳ Chain: Area: Highlands → ADT: AZEROTH_44_37.ADT → WMO: TH_GOBLIN_TOWN.WMO → M2: GOBLIN_KEZAN_PIPE_01.MDX
    WORLD/GENERIC/GOBLIN/PASSIVEDOODADS/LOSTISLES/GOBLIN_KEZAN_PIPE_02.MDX
      ↳ Chain: Area: Kezan → ADT: KALIMDOR_55_50.ADT → WMO: 8OR_WARFRONTS_WORKSHOP_V2.WMO → M2: GOBLIN_KEZAN_PIPE_02.MDX
    WORLD/GENERIC/GOBLIN/PASSIVEDOODADS/LOSTISLES/GOBLIN_KEZAN_PIPE_03.MDX
      ↳ Chain: Area: Kezan → ADT: KALIMDOR_55_50.ADT → WMO: 8OR_WARFRONTS_WORKSHOP_V2.WMO → M2: GOBLIN_KEZAN_PIPE_03.MDX
    WORLD/GENERIC/GOBLIN/PASSIVEDOODADS/LOSTISLES/GOBLIN_KEZAN_PIPE_04.MDX
      ↳ Chain: Area: Kezan → ADT: KALIMDOR_55_50.ADT → WMO: 8OR_WARFRONTS_WORKSHOP_V2.WMO → M2: GOBLIN_KEZAN_PIPE_04.MDX
    WORLD/GENERIC/GOBLIN/PASSIVEDOODADS/LOSTISLES/GOBLIN_KEZAN_PIPE_05.MDX
      ↳ Chain: Area: KALIMDOR [53,54] → ADT: KALIMDOR_53_54.ADT → WMO: 6OR_GARRISON_WORKSHOP_V3.WMO → M2: GOBLIN_KEZAN_PIPE_05.MDX
    WORLD/GENERIC/GOBLIN/PASSIVEDOODADS/LOSTISLES/GOBLIN_KEZAN_PIPE_06.MDX
      ↳ Chain: Area: Kezan → ADT: KALIMDOR_55_50.ADT → WMO: 8OR_WARFRONTS_WORKSHOP_V2.WMO → M2: GOBLIN_KEZAN_PIPE_06.MDX
    WORLD/GENERIC/GOBLIN/PASSIVEDOODADS/LOSTISLES/GOBLIN_KEZAN_PIPE_CAP_01.MDX
      ↳ Chain: Area: Kezan → ADT: KALIMDOR_55_50.ADT → WMO: 8OR_WARFRONTS_WORKSHOP_V2.WMO → M2: GOBLIN_KEZAN_PIPE_CAP_01.MDX
    WORLD/GENERIC/GOBLIN/PASSIVEDOODADS/LOSTISLES/GOBLIN_KEZAN_PIPE_CAP_02.MDX
      ↳ Chain: Area: Kezan → ADT: KALIMDOR_54_48.ADT → WMO: GOBLIN_SWINGBRIDGE_OPEN.WMO → M2: GOBLIN_KEZAN_PIPE_CAP_02.MDX
    WORLD/GENERIC/GOBLIN/PASSIVEDOODADS/LOSTISLES/GOBLIN_KEZAN_PIPE_CAP_03.MDX
      ↳ Chain: Area: KALIMDOR [53,54] → ADT: KALIMDOR_53_54.ADT → WMO: 6OR_GARRISON_WORKSHOP_V3.WMO → M2: GOBLIN_KEZAN_PIPE_CAP_03.MDX
    WORLD/GENERIC/GOBLIN/PASSIVEDOODADS/LOSTISLES/GOBLIN_KEZAN_PIPE_CONNECTOR_01.MDX
      ↳ Chain: Area: Kezan → ADT: KALIMDOR_55_50.ADT → WMO: 8OR_WARFRONTS_WORKSHOP_V2.WMO → M2: GOBLIN_KEZAN_PIPE_CONNECTOR_01.MDX
    WORLD/GENERIC/GOBLIN/PASSIVEDOODADS/LOSTISLES/GOBLIN_KEZAN_PIPE_CONNECTOR_02.MDX
      ↳ Chain: Area: Kezan → ADT: KALIMDOR_55_50.ADT → WMO: 8OR_WARFRONTS_WORKSHOP_V2.WMO → M2: GOBLIN_KEZAN_PIPE_CONNECTOR_02.MDX
    WORLD/GENERIC/GOBLIN/PASSIVEDOODADS/LOSTISLES/GOBLIN_KEZAN_PIPE_TOP_01.MDX
      ↳ Chain: Area: Kezan → ADT: KALIMDOR_55_50.ADT → WMO: 8OR_WARFRONTS_WORKSHOP_V2.WMO → M2: GOBLIN_KEZAN_PIPE_TOP_01.MDX
    WORLD/GENERIC/GOBLIN/PASSIVEDOODADS/LOSTISLES/GOBLIN_KEZAN_PIPE_TOP_02.MDX
      ↳ Chain: Area: Kezan → ADT: KALIMDOR_56_52.ADT → WMO: THOUSANDNEEDLES_RACERBARGE.WMO → M2: GOBLIN_KEZAN_PIPE_TOP_02.MDX
    WORLD/GENERIC/GOBLIN/PASSIVEDOODADS/LOSTISLES/GOBLIN_KEZAN_PIPE_TOP_03.MDX
      ↳ Chain: Area: KALIMDOR [53,54] → ADT: KALIMDOR_53_54.ADT → WMO: 6OR_GARRISON_WORKSHOP_V3.WMO → M2: GOBLIN_KEZAN_PIPE_TOP_03.MDX
    WORLD/GENERIC/GOBLIN/PASSIVEDOODADS/LOSTISLES/GOBLIN_KEZAN_PIPE_TOP_04.MDX
      ↳ Chain: Area: Kezan → ADT: KALIMDOR_55_50.ADT → WMO: 8OR_WARFRONTS_WORKSHOP_V2.WMO → M2: GOBLIN_KEZAN_PIPE_TOP_04.MDX
    WORLD/GENERIC/GOBLIN/PASSIVEDOODADS/LOSTISLES/GOBLIN_KEZAN_ROAD_02.MDX
      ↳ Chain: Area: Kezan → ADT: KALIMDOR_54_50.ADT → WMO: GOBLIN_PIPEROAD.WMO → M2: GOBLIN_KEZAN_ROAD_02.MDX
    WORLD/GENERIC/GOBLIN/PASSIVEDOODADS/LOSTISLES/GOBLIN_KEZAN_WINDOW_01.MDX
      ↳ Chain: Area: Kezan → ADT: KALIMDOR_55_50.ADT → WMO: 8OR_WARFRONTS_WORKSHOP_V2.WMO → M2: GOBLIN_KEZAN_WINDOW_01.MDX
    WORLD/GENERIC/GOBLIN/PASSIVEDOODADS/LOSTISLES/GOBLIN_LAMPPOST_01.MDX
      ↳ Chain: Area: Kezan → ADT: KALIMDOR_55_49.ADT → WMO: GOBLINOILREFINERY.WMO → M2: GOBLIN_LAMPPOST_01.MDX
    WORLD/GENERIC/GOBLIN/PASSIVEDOODADS/LOSTISLES/GOBLIN_LAMPPOST_02.MDX
      ↳ Chain: Area: KALIMDOR [53,55] → ADT: KALIMDOR_53_55.ADT → WMO: GOBLINSHIPFINAL.WMO → M2: GOBLIN_LAMPPOST_02.MDX
    WORLD/GENERIC/GOBLIN/PASSIVEDOODADS/LOSTISLES/GOBLIN_LAMPPOST_04.MDX
      ↳ Chain: Area: KALIMDOR [53,55] → ADT: KALIMDOR_53_55.ADT → WMO: GOBLINSHIPFINAL.WMO → M2: GOBLIN_LAMPPOST_04.MDX
    WORLD/GENERIC/GOBLIN/PASSIVEDOODADS/LOSTISLES/GOBLIN_LOSTISLES_MINECART.MDX
      ↳ Chain: Area: The Lost Isles → ADT: KALIMDOR_52_29.ADT → WMO: LOSTISLES_GOBLINMINE.WMO → M2: GOBLIN_LOSTISLES_MINECART.MDX
    WORLD/GENERIC/GOBLIN/PASSIVEDOODADS/LOSTISLES/GOBLIN_LOSTISLES_MINECART_BROKEN.MDX
      ↳ Chain: Area: The Lost Isles → ADT: KALIMDOR_52_29.ADT → WMO: LOSTISLES_GOBLINMINE.WMO → M2: GOBLIN_LOSTISLES_MINECART_BROKEN.MDX
    WORLD/GENERIC/GOBLIN/PASSIVEDOODADS/LOSTISLES/GOBLIN_PAPER_01.MDX
      ↳ Chain: Area: KALIMDOR [53,55] → ADT: KALIMDOR_53_55.ADT → WMO: GOBLINSHIPFINAL.WMO → M2: GOBLIN_PAPER_01.MDX
    WORLD/GENERIC/GOBLIN/PASSIVEDOODADS/LOSTISLES/GOBLIN_PAPER_04.MDX
      ↳ Chain: Area: KALIMDOR [53,55] → ADT: KALIMDOR_53_55.ADT → WMO: GOBLINSHIPFINAL.WMO → M2: GOBLIN_PAPER_04.MDX
    WORLD/GENERIC/GOBLIN/PASSIVEDOODADS/LOSTISLES/GOBLIN_PAPER_05.MDX
      ↳ Chain: Area: Kezan → ADT: KALIMDOR_55_50.ADT → WMO: HORDE_GOBLIN_MANSION.WMO → M2: GOBLIN_PAPER_05.MDX
    WORLD/GENERIC/GOBLIN/PASSIVEDOODADS/LOSTISLES/GOBLIN_PAPER_06.MDX
      ↳ Chain: Area: KALIMDOR [53,55] → ADT: KALIMDOR_53_55.ADT → WMO: GOBLINSHIPFINAL.WMO → M2: GOBLIN_PAPER_06.MDX
    WORLD/GENERIC/GOBLIN/PASSIVEDOODADS/LOSTISLES/GOBLIN_POOLELEVATOR.MDX
      ↳ Chain: Area: Kezan → ADT: KALIMDOR_53_48.ADT → WMO: HORDE_GOBLIN_POOL.WMO → M2: GOBLIN_POOLELEVATOR.MDX
    WORLD/GENERIC/GOBLIN/PASSIVEDOODADS/LOSTISLES/GOBLIN_SIGNPOST_01.MDX
      ↳ Chain: Area: KALIMDOR [53,55] → ADT: KALIMDOR_53_55.ADT → WMO: GOBLINSHIPFINAL.WMO → M2: GOBLIN_SIGNPOST_01.MDX
    WORLD/GENERIC/GOBLIN/PASSIVEDOODADS/LOSTISLES/GOBLIN_SIGNPOST_02.MDX
      ↳ Chain: Area: KALIMDOR [53,55] → ADT: KALIMDOR_53_55.ADT → WMO: GOBLINSHIPFINAL.WMO → M2: GOBLIN_SIGNPOST_02.MDX
    WORLD/GENERIC/GOBLIN/PASSIVEDOODADS/LOSTISLES/GOBLIN_SIGNPOST_03.MDX
      ↳ Chain: Area: Kezan → ADT: KALIMDOR_56_52.ADT → WMO: THOUSANDNEEDLES_RACERBARGE.WMO → M2: GOBLIN_SIGNPOST_03.MDX
    WORLD/GENERIC/GOBLIN/PASSIVEDOODADS/LOSTISLES/GOBLIN_TABLE_GREEN.MDX
      ↳ Chain: Area: The Lost Isles → ADT: KALIMDOR_51_28.ADT → WMO: GOBLIN_DRYDOCK.WMO → M2: GOBLIN_TABLE_GREEN.MDX
    WORLD/GENERIC/GOBLIN/PASSIVEDOODADS/LOSTISLES/GOBLIN_TENT_01.MDX
      ↳ Chain: Area: KALIMDOR [53,55] → ADT: KALIMDOR_53_55.ADT → WMO: GOBLINSHIPFINAL.WMO → M2: GOBLIN_TENT_01.MDX
    WORLD/GENERIC/GOBLIN/PASSIVEDOODADS/LOSTISLES/GOBLIN_TENT_03.MDX
      ↳ Chain: Area: KALIMDOR [53,55] → ADT: KALIMDOR_53_55.ADT → WMO: GOBLINSHIPFINAL.WMO → M2: GOBLIN_TENT_03.MDX
    WORLD/GENERIC/GOBLIN/PASSIVEDOODADS/LOSTISLES/GOBLIN_TIRE_LARGE.MDX
      ↳ Chain: Area: Kezan → ADT: KALIMDOR_55_50.ADT → WMO: ZEPPELIN_TOWER_WALL.WMO → M2: GOBLIN_TIRE_LARGE.MDX
    WORLD/GENERIC/GOBLIN/PASSIVEDOODADS/LOSTISLES/GOBLIN_TIRE_PILE_LARGE.MDX
      ↳ Chain: Area: Kezan → ADT: KALIMDOR_56_52.ADT → WMO: THOUSANDNEEDLES_RACERBARGE.WMO → M2: GOBLIN_TIRE_PILE_LARGE.MDX
    WORLD/GENERIC/GOBLIN/PASSIVEDOODADS/LOSTISLES/GOBLIN_TIRE_PILE_SMALL.MDX
      ↳ Chain: Area: Kezan → ADT: KALIMDOR_55_50.ADT → WMO: HORDE_GOBLIN_GARAGE.WMO → M2: GOBLIN_TIRE_PILE_SMALL.MDX
    WORLD/GENERIC/GOBLIN/PASSIVEDOODADS/LOSTISLES/GOBLIN_WAGON_01.MDX
      ↳ Chain: Area: The Lost Isles → ADT: KALIMDOR_52_29.ADT → WMO: LOSTISLES_GOBLINMINE.WMO → M2: GOBLIN_WAGON_01.MDX
    WORLD/GENERIC/GOBLIN/PASSIVEDOODADS/LOSTISLES/POSTBOXGOBLIN.MDX
      ↳ Chain: Area: Highlands → ADT: AZEROTH_44_37.ADT → WMO: TH_GOBLIN_TOWN.WMO → M2: POSTBOXGOBLIN.MDX
    WORLD/GENERIC/GOBLIN/PASSIVEDOODADS/LOSTISLES/SPOOL/GOBLIN_SPOOL_01.MDX
      ↳ Chain: Area: Kezan → ADT: KALIMDOR_55_50.ADT → WMO: 8OR_WARFRONTS_WORKSHOP_V2.WMO → M2: GOBLIN_SPOOL_01.MDX
    WORLD/GENERIC/GOBLIN/PASSIVEDOODADS/LOSTISLES/SPOOL/GOBLIN_SPOOL_02.MDX
      ↳ Chain: Area: Kezan → ADT: KALIMDOR_55_50.ADT → WMO: 8OR_WARFRONTS_WORKSHOP_V2.WMO → M2: GOBLIN_SPOOL_02.MDX
    WORLD/GENERIC/GOBLIN/PASSIVEDOODADS/LOSTISLES/WIRE/GOBLIN_WIRE_01.MDX
      ↳ Chain: Area: The Lost Isles → ADT: KALIMDOR_52_29.ADT → WMO: LOSTISLES_GOBLINMINE.WMO → M2: GOBLIN_WIRE_01.MDX
    WORLD/GENERIC/GOBLIN/PASSIVEDOODADS/LOSTISLES/WIRE/GOBLIN_WIRE_02.MDX
      ↳ Chain: Area: Highlands → ADT: AZEROTH_44_37.ADT → WMO: TH_GOBLIN_TOWN.WMO → M2: GOBLIN_WIRE_02.MDX
    WORLD/GENERIC/GOBLIN/PASSIVEDOODADS/LOSTISLES/WIRE/GOBLIN_WIRE_03.MDX
      ↳ Chain: Area: The Lost Isles → ADT: KALIMDOR_52_29.ADT → WMO: LOSTISLES_GOBLINMINE.WMO → M2: GOBLIN_WIRE_03.MDX
    WORLD/GENERIC/GOBLIN/PASSIVEDOODADS/MINICANNON/HORDE_GOBLIN_MINICANNON01.MDX
      ↳ Chain: Area: Kezan → ADT: KALIMDOR_55_51.ADT → WMO: HORDE_GOBLIN_CANNONWALL_05.WMO → M2: HORDE_GOBLIN_MINICANNON01.MDX
    WORLD/GENERIC/GOBLIN/PASSIVEDOODADS/MINICANNON/HORDE_GOBLIN_MINICANNON02.MDX
      ↳ Chain: Area: Kezan → ADT: KALIMDOR_55_51.ADT → WMO: HORDE_GOBLIN_CANNON_02.WMO → M2: HORDE_GOBLIN_MINICANNON02.MDX
    WORLD/GENERIC/GOBLIN/PASSIVEDOODADS/MORTAR/GOBLIN_HORDE_MORTAR_01.MDX
      ↳ Chain: Area: Kezan → ADT: KALIMDOR_55_51.ADT → WMO: HORDE_GOBLIN_DOCKS2.WMO → M2: GOBLIN_HORDE_MORTAR_01.MDX
    WORLD/GENERIC/GOBLIN/PASSIVEDOODADS/OILDRUM/GOBLIN_FLOATINGOILDRUM_EXPLODER01.MDX
      ↳ Chain: Area: The Lost Isles → ADT: KALIMDOR_52_29.ADT → WMO: LOSTISLES_GOBLINMINE.WMO → M2: GOBLIN_FLOATINGOILDRUM_EXPLODER01.MDX
    WORLD/GENERIC/GOBLIN/PASSIVEDOODADS/OILDRUM/GOBLIN_OILDRUM_01.MDX
      ↳ Chain: Area: Kezan → ADT: KALIMDOR_55_50.ADT → WMO: 8OR_WARFRONTS_WORKSHOP_V2.WMO → M2: GOBLIN_OILDRUM_01.MDX
    WORLD/GENERIC/GOBLIN/PASSIVEDOODADS/PINUPCALENDAR/GOBLIN_HORDE_PINUPCALENDAR_01.MDX
      ↳ Chain: Area: Kezan → ADT: KALIMDOR_55_50.ADT → WMO: HORDE_GOBLIN_GARAGE.WMO → M2: GOBLIN_HORDE_PINUPCALENDAR_01.MDX
    WORLD/GENERIC/GOBLIN/PASSIVEDOODADS/PINUPCALENDAR/GOBLIN_HORDE_PINUPCALENDAR_02.MDX
      ↳ Chain: Area: Kezan → ADT: KALIMDOR_55_50.ADT → WMO: 8OR_WARFRONTS_WORKSHOP_V2.WMO → M2: GOBLIN_HORDE_PINUPCALENDAR_02.MDX
    WORLD/GENERIC/GOBLIN/PASSIVEDOODADS/PLUNGER/GOBLIN_PLUNGER.MDX
      ↳ Chain: Area: Kezan → ADT: KALIMDOR_55_51.ADT → WMO: HORDE_GOBLIN_CANNON_02.WMO → M2: GOBLIN_PLUNGER.MDX
    WORLD/GENERIC/GOBLIN/PASSIVEDOODADS/PONTOONS/GOBLIN_ENGINE_PONTOONS.MDX
      ↳ Chain: Area: KALIMDOR [53,55] → ADT: KALIMDOR_53_55.ADT → WMO: GOBLINSHIPFINAL.WMO → M2: GOBLIN_ENGINE_PONTOONS.MDX
    WORLD/GENERIC/GOBLIN/PASSIVEDOODADS/ROCKETS/GOBLIN_ROCKET_LIGHTLYSCORCHED.MDX
      ↳ Chain: Area: Kezan → ADT: KALIMDOR_55_51.ADT → WMO: HORDE_GOBLIN_CANNON_02.WMO → M2: GOBLIN_ROCKET_LIGHTLYSCORCHED.MDX
    WORLD/GENERIC/GOBLIN/PASSIVEDOODADS/ROCKETS/GOBLIN_ROCKET_SEATPILE.MDX
      ↳ Chain: Area: Kezan → ADT: KALIMDOR_55_51.ADT → WMO: HORDE_GOBLIN_ONEROOM_01.WMO → M2: GOBLIN_ROCKET_SEATPILE.MDX
    WORLD/GENERIC/GOBLIN/PASSIVEDOODADS/ROCKETS/GOBLIN_ROCKET_STANDING.MDX
      ↳ Chain: Area: Kezan → ADT: KALIMDOR_55_51.ADT → WMO: HORDE_GOBLIN_CANNON_02.WMO → M2: GOBLIN_ROCKET_STANDING.MDX
    WORLD/GENERIC/GOBLIN/PASSIVEDOODADS/RUGS/GOBLIN_HORDE_SHAGTHROWRUG_01.MDX
      ↳ Chain: Area: Kezan → ADT: KALIMDOR_56_52.ADT → WMO: THOUSANDNEEDLES_RACERBARGE.WMO → M2: GOBLIN_HORDE_SHAGTHROWRUG_01.MDX
    WORLD/GENERIC/GOBLIN/PASSIVEDOODADS/SHELF/GOBLIN_HORDE_SHELF_01.MDX
      ↳ Chain: Area: Kezan → ADT: KALIMDOR_55_50.ADT → WMO: 8OR_WARFRONTS_WORKSHOP_V2.WMO → M2: GOBLIN_HORDE_SHELF_01.MDX
    WORLD/GENERIC/GOBLIN/PASSIVEDOODADS/SHELF/GOBLIN_HORDE_SHELF_02.MDX
      ↳ Chain: Area: Kezan → ADT: KALIMDOR_55_50.ADT → WMO: 8OR_WARFRONTS_WORKSHOP_V2.WMO → M2: GOBLIN_HORDE_SHELF_02.MDX
    WORLD/GENERIC/GOBLIN/PASSIVEDOODADS/SKATEBOARDRAMP/GOBLIN_SKATEBOARDRAMP_01.MDX
      ↳ Chain: Area: Kezan → ADT: KALIMDOR_55_50.ADT → WMO: HORDE_GOBLIN_MANSION.WMO → M2: GOBLIN_SKATEBOARDRAMP_01.MDX
    WORLD/GENERIC/GOBLIN/PASSIVEDOODADS/TABLE/GOBLIN_TABLE_01.MDX
      ↳ Chain: Area: Kezan → ADT: KALIMDOR_55_50.ADT → WMO: 8OR_WARFRONTS_WORKSHOP_V2.WMO → M2: GOBLIN_TABLE_01.MDX
    WORLD/GENERIC/GOBLIN/PASSIVEDOODADS/TABLE/GOBLIN_TABLE_CLOTH_01.MDX
      ↳ Chain: Area: Kezan → ADT: KALIMDOR_56_52.ADT → WMO: THOUSANDNEEDLES_RACERBARGE.WMO → M2: GOBLIN_TABLE_CLOTH_01.MDX
    WORLD/GENERIC/GOBLIN/PASSIVEDOODADS/TABLE/GOBLIN_TABLE_SMALL_01.MDX
      ↳ Chain: Area: Kezan → ADT: KALIMDOR_55_51.ADT → WMO: HORDE_GOBLIN_BANK.WMO → M2: GOBLIN_TABLE_SMALL_01.MDX
    WORLD/GENERIC/GOBLIN/PASSIVEDOODADS/TOWNINABOX/GOBLIN_TOWNINABOX.MDX
      ↳ Chain: Area: Kezan → ADT: KALIMDOR_55_51.ADT → WMO: HORDE_GOBLIN_CANNON_02.WMO → M2: GOBLIN_TOWNINABOX.MDX
    WORLD/GENERIC/GOBLIN/PASSIVEDOODADS/TUB/GOBLIN_TUB_01.MDX
      ↳ Chain: Area: Kezan → ADT: KALIMDOR_56_52.ADT → WMO: THOUSANDNEEDLES_RACERBARGE.WMO → M2: GOBLIN_TUB_01.MDX
    WORLD/GENERIC/GOBLIN/PASSIVEDOODADS/WALLCOT/GOBLIN_HORDE_WALLCOT_01.MDX
      ↳ Chain: Area: Highlands → ADT: AZEROTH_44_37.ADT → WMO: TH_GOBLIN_TOWN.WMO → M2: GOBLIN_HORDE_WALLCOT_01.MDX
    WORLD/GENERIC/HUMAN/PASSIVE DOODADS/BANNERS/GILNEASWORGENBANNER.M2
      ↳ Chain: Area: Gilneas → ADT: AZEROTH_29_34.ADT → M2: GILNEASWORGENBANNER.M2
    WORLD/GENERIC/HUMAN/PASSIVE DOODADS/BOOKS/BOOK_DWARF_DARKIRON_01.MDX
      ↳ Chain: Area: Highlands → ADT: AZEROTH_42_37.ADT → WMO: WILDHAMMERDWARF_COTTAGEB.WMO → M2: BOOK_DWARF_DARKIRON_01.MDX
    WORLD/GENERIC/HUMAN/PASSIVE DOODADS/BOOKS/BOOK_DWARF_DARKIRON_02.MDX
      ↳ Chain: Area: Highlands → ADT: AZEROTH_42_39.ADT → WMO: WILDHAMMERDWARF_COTTAGEA.WMO → M2: BOOK_DWARF_DARKIRON_02.MDX
    WORLD/GENERIC/HUMAN/PASSIVE DOODADS/BOOKS/BOOK_DWARF_DARKIRON_03.MDX
      ↳ Chain: Area: Highlands → ADT: AZEROTH_42_39.ADT → WMO: WILDHAMMERDWARF_COTTAGEA.WMO → M2: BOOK_DWARF_DARKIRON_03.MDX
    WORLD/GENERIC/HUMAN/PASSIVE DOODADS/BOOKS/BOOK_DWARF_DARKIRON_04.MDX
      ↳ Chain: Area: Highlands → ADT: AZEROTH_42_39.ADT → WMO: WILDHAMMERDWARF_COTTAGEA.WMO → M2: BOOK_DWARF_DARKIRON_04.MDX
    WORLD/GENERIC/HUMAN/PASSIVE DOODADS/BOOKS/BOOK_DWARF_DARKIRON_BURNED_02.MDX
      ↳ Chain: Area: Highlands → ADT: AZEROTH_42_39.ADT → WMO: WILDHAMMERDWARF_COTTAGEA.WMO → Unknown: WILDHAMMERDWARF_COTTAGEA_DESTROYED.WMO → M2: BOOK_DWARF_DARKIRON_BURNED_02.MDX
    WORLD/GENERIC/HUMAN/PASSIVE DOODADS/BOOKS/BOOK_DWARF_DARKIRON_BURNED_03.MDX
      ↳ Chain: Area: Highlands → ADT: AZEROTH_42_39.ADT → WMO: WILDHAMMERDWARF_COTTAGEA.WMO → Unknown: WILDHAMMERDWARF_COTTAGEA_DESTROYED.WMO → M2: BOOK_DWARF_DARKIRON_BURNED_03.MDX
    WORLD/GENERIC/HUMAN/PASSIVE DOODADS/BOOKS/BOOK_DWARF_DARKIRON_BURNED_04.MDX
      ↳ Chain: Area: Highlands → ADT: AZEROTH_42_39.ADT → WMO: WILDHAMMERDWARF_COTTAGEA.WMO → Unknown: WILDHAMMERDWARF_COTTAGEA_DESTROYED.WMO → M2: BOOK_DWARF_DARKIRON_BURNED_04.MDX
    WORLD/GENERIC/HUMAN/PASSIVE DOODADS/BOOKS/BOOK_DWARF_DARKIRON_HUGE_01.MDX
      ↳ Chain: Area: Highlands → ADT: AZEROTH_42_39.ADT → WMO: WILDHAMMERDWARF_TWOSTORYA.WMO → M2: BOOK_DWARF_DARKIRON_HUGE_01.MDX
    WORLD/GENERIC/HUMAN/PASSIVE DOODADS/BOOKS/BOOK_DWARF_DARKIRON_HUGE_01OPEN.MDX
      ↳ Chain: Area: Highlands → ADT: AZEROTH_42_37.ADT → WMO: WILDHAMMERDWARF_COTTAGEB.WMO → M2: BOOK_DWARF_DARKIRON_HUGE_01OPEN.MDX
    WORLD/GENERIC/HUMAN/PASSIVE DOODADS/BOOKS/BOOK_DWARF_DARKIRON_HUGE_02.MDX
      ↳ Chain: Area: Highlands → ADT: AZEROTH_42_39.ADT → WMO: WILDHAMMERDWARF_TWOSTORYA.WMO → M2: BOOK_DWARF_DARKIRON_HUGE_02.MDX
    WORLD/GENERIC/HUMAN/PASSIVE DOODADS/BOOKS/BOOK_DWARF_DARKIRON_HUGE_02OPEN.MDX
      ↳ Chain: Area: Highlands → ADT: AZEROTH_42_37.ADT → WMO: WILDHAMMERDWARF_COTTAGEB.WMO → M2: BOOK_DWARF_DARKIRON_HUGE_02OPEN.MDX
    WORLD/GENERIC/HUMAN/PASSIVE DOODADS/FIREWOOD/FIREWOODPILE-INDOOR-ONLY.MDX
      ↳ Chain: Area: Highlands → ADT: AZEROTH_42_39.ADT → WMO: WILDHAMMERDWARF_COTTAGEA.WMO → M2: FIREWOODPILE-INDOOR-ONLY.MDX
    WORLD/GENERIC/HUMAN/PASSIVE DOODADS/MEAT/MEAT_01.MDX
      ↳ Chain: Area: Tol Barad → ADT: AZEROTH_19_35.ADT → WMO: TB_MICRO02.WMO → M2: MEAT_01.MDX
    WORLD/GENERIC/HUMAN/PASSIVE DOODADS/MEAT/MEAT_02.MDX
      ↳ Chain: Area: Highlands → ADT: AZEROTH_42_41.ADT → WMO: TH_OBSIDIAN_LAIR.WMO → M2: MEAT_02.MDX
    WORLD/GENERIC/HUMAN/PASSIVE DOODADS/MEAT/MEAT_03.MDX
      ↳ Chain: Area: Tol Barad → ADT: AZEROTH_19_35.ADT → WMO: TB_MICRO02.WMO → M2: MEAT_03.MDX
    WORLD/GENERIC/HUMAN/PASSIVE DOODADS/MEAT/MEAT_04.MDX
      ↳ Chain: Area: Tol Barad → ADT: AZEROTH_19_35.ADT → WMO: TB_MICRO02.WMO → M2: MEAT_04.MDX
    WORLD/GENERIC/HUMAN/PASSIVE DOODADS/MEAT/MEAT_05.MDX
      ↳ Chain: Area: Highlands → ADT: AZEROTH_42_41.ADT → WMO: TH_OBSIDIAN_LAIR.WMO → M2: MEAT_05.MDX
    WORLD/GENERIC/HUMAN/PASSIVE DOODADS/MEAT/MEAT_06.MDX
      ↳ Chain: Area: Highlands → ADT: AZEROTH_42_41.ADT → WMO: TH_OBSIDIAN_LAIR.WMO → M2: MEAT_06.MDX
    WORLD/GENERIC/HUMAN/PASSIVE DOODADS/MEAT/MEAT_07.MDX
      ↳ Chain: Area: Tol Barad → ADT: AZEROTH_19_35.ADT → WMO: TB_MICRO02.WMO → M2: MEAT_07.MDX
    WORLD/GENERIC/HUMAN/PASSIVE DOODADS/STORMWIND/STORMWIND_RUG_01.MDX
      ↳ Chain: Area: Elwynn Forest → ADT: AZEROTH_32_49.ADT → WMO: STORMWIND.WMO → M2: STORMWIND_RUG_01.MDX
    WORLD/GENERIC/HUMAN/PASSIVE DOODADS/STORMWIND/STORMWIND_WINDYPENNANT01.MDX
      ↳ Chain: Area: Elwynn Forest → ADT: AZEROTH_32_49.ADT → WMO: STORMWIND.WMO → M2: STORMWIND_WINDYPENNANT01.MDX
    WORLD/GENERIC/ORC/PASSIVE DOODADS/BARRELSANDCRATES/ORCCRATE03_FLOATING.MDX
      ↳ Chain: Area: Vashj'ir → ADT: AZEROTH_25_41.ADT → WMO: VASHJIR_SMALL_CAVE.WMO → M2: ORCCRATE03_FLOATING.MDX
    WORLD/GENERIC/ORC/PASSIVE DOODADS/TENTS/ORCTENT03.MDX
      ↳ Chain: Area: Vashj'ir → ADT: AZEROTH_21_44.ADT → WMO: VASHJIR_LARGE_CAVE_B.WMO → M2: ORCTENT03.MDX
    WORLD/GENERIC/OWLBEAR/OWLBEARSKULLS/OWLBEARSKULL01.MDX
      ↳ Chain: Area: Highlands → ADT: AZEROTH_42_39.ADT → WMO: WILDHAMMERDWARF_COTTAGEA.WMO → M2: OWLBEARSKULL01.MDX
    WORLD/GENERIC/PASSIVEDOODADS/COAL/COALPILELARGE_01.MDX
      ↳ Chain: Area: Hillsbrad Foothills → ADT: AZEROTH_30_34.ADT → WMO: AZ_WORGENMINE.WMO → M2: COALPILELARGE_01.MDX
    WORLD/GENERIC/PASSIVEDOODADS/COAL/COALPILEMEDIUM_01.MDX
      ↳ Chain: Area: Kezan → ADT: KALIMDOR_55_50.ADT → WMO: ZEPPELIN_TOWER_WALL.WMO → M2: COALPILEMEDIUM_01.MDX
    WORLD/GENERIC/PASSIVEDOODADS/COAL/COALPILESMALL_01.MDX
      ↳ Chain: Area: Kezan → ADT: KALIMDOR_55_50.ADT → WMO: ZEPPELIN_TOWER_WALL.WMO → M2: COALPILESMALL_01.MDX
    WORLD/GENERIC/PASSIVEDOODADS/DEATHSKELETONS/WORGENFEMALEDEATHSKELETON.MDX
      ↳ Chain: Area: Uldum → ADT: KALIMDOR_33_50.ADT → WMO: VASHJIR_SMALL_CAVE_A.WMO → M2: WORGENFEMALEDEATHSKELETON.MDX
    WORLD/GENERIC/PASSIVEDOODADS/DEATHSKELETONS/WORGENMALEDEATHSKELETON.MDX
      ↳ Chain: Area: Uldum → ADT: KALIMDOR_33_50.ADT → WMO: VASHJIR_SMALL_CAVE_A.WMO → M2: WORGENMALEDEATHSKELETON.MDX
    WORLD/GENERIC/PASSIVEDOODADS/FISH/FISHSCHOOL_01.MDX
      ↳ Chain: Area: Vashj'ir → ADT: AZEROTH_22_42.ADT → WMO: VASHJIR_ANTICHAMBER.WMO → M2: FISHSCHOOL_01.MDX
    WORLD/GENERIC/PASSIVEDOODADS/FISH/FISHSCHOOL_05.MDX
      ↳ Chain: Area: Vashj'ir → ADT: AZEROTH_22_42.ADT → WMO: VASHJIR_ANTICHAMBER.WMO → M2: FISHSCHOOL_05.MDX
    WORLD/GENERIC/PASSIVEDOODADS/FISH/FISH_FELBLOOD_SNAPPA.MDX
      ↳ Chain: Area: Vashj'ir → ADT: AZEROTH_22_42.ADT → WMO: VASHJIR_ANTICHAMBER.WMO → M2: FISH_FELBLOOD_SNAPPA.MDX
    WORLD/GENERIC/PASSIVEDOODADS/FISH/FISH_REDFLOATER.MDX
      ↳ Chain: Area: Vashj'ir → ADT: AZEROTH_24_40.ADT → WMO: TRANSPORT_SHIP_UD_SUNKENSHIP.WMO → M2: FISH_REDFLOATER.MDX
    WORLD/GENERIC/PASSIVEDOODADS/FISH/FISH_REDFLOATER_02.MDX
      ↳ Chain: Area: Vashj'ir → ADT: AZEROTH_24_40.ADT → WMO: TRANSPORT_SHIP_UD_SUNKENSHIP.WMO → M2: FISH_REDFLOATER_02.MDX
    WORLD/GENERIC/PASSIVEDOODADS/FISH/FISH_YELLOWFLOATER.MDX
      ↳ Chain: Area: Vashj'ir → ADT: AZEROTH_24_40.ADT → WMO: TRANSPORT_SHIP_UD_SUNKENSHIP.WMO → M2: FISH_YELLOWFLOATER.MDX
    WORLD/GENERIC/PASSIVEDOODADS/FRUITS/FRUIT_APPLE_02.MDX
      ↳ Chain: Area: Highlands → ADT: AZEROTH_42_37.ADT → WMO: WILDHAMMERDWARF_COTTAGEB.WMO → M2: FRUIT_APPLE_02.MDX
    WORLD/GENERIC/PASSIVEDOODADS/LIGHTS/GENERALTORCH03.MDX
      ↳ Chain: Area: Crestfall → ADT: AZEROTH_13_42.ADT → WMO: 8CRE_AMPTUNNEL01_2459264.WMO → M2: GENERALTORCH03.MDX
    WORLD/GENERIC/PASSIVEDOODADS/WEAPONS/NAGA_TRIDENT02.MDX
      ↳ Chain: Area: Uldum → ADT: KALIMDOR_33_50.ADT → WMO: VASHJIR_SMALL_CAVE_A.WMO → M2: NAGA_TRIDENT02.MDX
    WORLD/GENERIC/PASSIVEDOODADS/WEAPONS/NAGA_TRIDENT_HORIZONTAL.MDX
      ↳ Chain: Area: Vashj'ir → ADT: AZEROTH_25_41.ADT → WMO: VASHJIR_SMALL_CAVE.WMO → M2: NAGA_TRIDENT_HORIZONTAL.MDX
    WORLD/GENERIC/TAUREN/PASSIVE DOODADS/BASKETS/LARGEBASKET01_FLOATING.MDX
      ↳ Chain: Area: Kezan → ADT: KALIMDOR_56_52.ADT → WMO: THOUSANDNEEDLES_RACERBARGE.WMO → M2: LARGEBASKET01_FLOATING.MDX
    WORLD/GENERIC/UNDEAD/PASSIVE DOODADS/MEATWAGONHAULER/MEATWAGONHAULER.MDX/MEATWAGONHAULER.MDX
      ↳ Chain: Area: Alterac Mountains → ADT: AZEROTH_31_29.ADT → WMO: UNDERCITY.WMO → M2: MEATWAGONHAULER.MDX
    WORLD/GENERIC/UNDEAD/PASSIVE DOODADS/UNDERCITYCHANDELIERS/UNDEADCHANDELIER01S.MDX
      ↳ Chain: Area: Alterac Mountains → ADT: AZEROTH_31_29.ADT → WMO: UNDERCITY.WMO → M2: UNDEADCHANDELIER01S.MDX
    WORLD/GOOBER/G_FIREEMBERS_PROJECTED.MDX
      ↳ Chain: Area: Highlands → ADT: AZEROTH_42_39.ADT → WMO: WILDHAMMERDWARF_COTTAGEA.WMO → M2: G_FIREEMBERS_PROJECTED.MDX
    WORLD/KALIMDOR/BLACKFATHOM/PASSIVEDOODADS/WATERFALLS/BFD_WATERFALLS10_NOSOUND.MDX
      ↳ Chain: Area: Vashj'ir → ADT: AZEROTH_24_40.ADT → WMO: TRANSPORT_SHIP_UD_SUNKENSHIP.WMO → M2: BFD_WATERFALLS10_NOSOUND.MDX
    WORLD/KALIMDOR/BLACKFATHOM/PASSIVEDOODADS/WATERFALLS/BFD_WATERFALLS11_NOSOUND.MDX
      ↳ Chain: Area: Vashj'ir → ADT: AZEROTH_24_40.ADT → WMO: TRANSPORT_SHIP_UD_SUNKENSHIP.WMO → M2: BFD_WATERFALLS11_NOSOUND.MDX
    WORLD/KALIMDOR/DRAGONCAVE/PASSIVEDOODADS/BLACKDRAGONEGGS/BLACKDRAGONEGG_LARGE_01.MDX
      ↳ Chain: Area: Highlands → ADT: AZEROTH_42_41.ADT → WMO: TH_OBSIDIAN_LAIR.WMO → M2: BLACKDRAGONEGG_LARGE_01.MDX
    WORLD/KALIMDOR/DRAGONCAVE/PASSIVEDOODADS/BLACKDRAGONEGGS/BLACKDRAGONEGG_LARGE_02.MDX
      ↳ Chain: Area: Highlands → ADT: AZEROTH_42_41.ADT → WMO: TH_OBSIDIAN_LAIR.WMO → M2: BLACKDRAGONEGG_LARGE_02.MDX
    WORLD/KALIMDOR/HYJAL/PASSIVEDOODADS/SHRINES/HYJAL_MALORNE_SHRINE_INTACT_DOODADS.MDX
      ↳ Chain: Area: Felwood → ADT: KALIMDOR_35_23.ADT → WMO: HYJAL_MALORNE_SHRINE_INTACT.WMO → M2: HYJAL_MALORNE_SHRINE_INTACT_DOODADS.MDX
    WORLD/KALIMDOR/HYJAL/PASSIVEDOODADS/THEWORLDTREE/THEWORLDTREEROOT02.MDX
      ↳ Chain: Area: Hyjal → ADT: KALIMDOR_38_21.ADT → WMO: HYJAL_BARROW_DEN.WMO → M2: THEWORLDTREEROOT02.MDX
    WORLD/KALIMDOR/ORGRIMMAR/PASSIVEDOODADS/BLACKIRON/BLACKIRONORC_WAGON_02.MDX
      ↳ Chain: Area: Vashj'ir → ADT: AZEROTH_21_44.ADT → WMO: VASHJIR_LARGE_CAVE_B.WMO → M2: BLACKIRONORC_WAGON_02.MDX
    WORLD/KALIMDOR/TANARIS/PASSIVEDOODADS/GOBLIN/GO_SLUDGEFALL.MDX
      ↳ Chain: Area: Kezan → ADT: KALIMDOR_54_50.ADT → WMO: GOBLIN_PIPEROAD.WMO → M2: GO_SLUDGEFALL.MDX
    WORLD/KALIMDOR/THOUSANDNEEDLES/PASSIVEDOODADS/CRANE/BARGE_CRANE_01.MDX
      ↳ Chain: Area: Kezan → ADT: KALIMDOR_56_52.ADT → WMO: THOUSANDNEEDLES_RACERBARGE.WMO → M2: BARGE_CRANE_01.MDX
    WORLD/KALIMDOR/THOUSANDNEEDLES/PASSIVEDOODADS/GEARS/SPINNING_GEAR.MDX
      ↳ Chain: Area: Kezan → ADT: KALIMDOR_56_52.ADT → WMO: THOUSANDNEEDLES_RACERBARGE.WMO → M2: SPINNING_GEAR.MDX
    WORLD/KALIMDOR/THOUSANDNEEDLES/PASSIVEDOODADS/RACINGFLAGS/RACINGFLAG01_ANIMATED_01.MDX
      ↳ Chain: Area: Kezan → ADT: KALIMDOR_56_52.ADT → WMO: THOUSANDNEEDLES_RACERBARGE.WMO → M2: RACINGFLAG01_ANIMATED_01.MDX
    WORLD/KALIMDOR/THOUSANDNEEDLES/PASSIVEDOODADS/TUBES/GNOME_TUBE_01.MDX
      ↳ Chain: Area: Kezan → ADT: KALIMDOR_56_52.ADT → WMO: THOUSANDNEEDLES_RACERBARGE.WMO → M2: GNOME_TUBE_01.MDX
    WORLD/KALIMDOR/THOUSANDNEEDLES/PASSIVEDOODADS/TUBES/GNOME_TUBE_02.MDX
      ↳ Chain: Area: Kezan → ADT: KALIMDOR_56_52.ADT → WMO: THOUSANDNEEDLES_RACERBARGE.WMO → M2: GNOME_TUBE_02.MDX
    WORLD/KALIMDOR/THOUSANDNEEDLES/PASSIVEDOODADS/TUBES/GNOME_TUBE_03.MDX
      ↳ Chain: Area: Kezan → ADT: KALIMDOR_56_52.ADT → WMO: THOUSANDNEEDLES_RACERBARGE.WMO → M2: GNOME_TUBE_03.MDX
    WORLD/KALIMDOR/THOUSANDNEEDLES/PASSIVEDOODADS/TUBES/GNOME_TUBE_04.MDX
      ↳ Chain: Area: Kezan → ADT: KALIMDOR_56_52.ADT → WMO: THOUSANDNEEDLES_RACERBARGE.WMO → M2: GNOME_TUBE_04.MDX
    WORLD/KALIMDOR/THOUSANDNEEDLES/PASSIVEDOODADS/TUBES/GNOME_TUBE_LARGE.MDX
      ↳ Chain: Area: Kezan → ADT: KALIMDOR_56_52.ADT → WMO: THOUSANDNEEDLES_RACERBARGE.WMO → M2: GNOME_TUBE_LARGE.MDX
    WORLD/LORDAERON/SILVERMOON/PASSIVEDOODADS/TREES/SILVERMOONBURNTTREE03.MDX
      ↳ Chain: Area: Silvermoon City → ADT: AZEROTH_42_18.ADT → WMO: SILVERMOON_CITY_01.WMO → M2: SILVERMOONBURNTTREE03.MDX
    WORLD/LORDAERON/SILVERMOON/PASSIVEDOODADS/TREES/SILVERMOONDEADTREE02.MDX
      ↳ Chain: Area: Isle of Quel'Danas → ADT: AZEROTH_41_14.ADT → WMO: SUNWELL_RAID_FACADE.WMO → M2: SILVERMOONDEADTREE02.MDX
    WORLD/LORDAERON/SILVERMOON/PASSIVEDOODADS/TREES/SILVERMOONDEADTREE03.MDX
      ↳ Chain: Area: Isle of Quel'Danas → ADT: AZEROTH_41_14.ADT → WMO: SUNWELL_RAID_FACADE.WMO → M2: SILVERMOONDEADTREE03.MDX
    WORLD/LORDAERON/SILVERMOON/PASSIVEDOODADS/TREES/SILVERMOONPINE01.MDX
      ↳ Chain: Area: Silvermoon City → ADT: AZEROTH_42_18.ADT → WMO: SILVERMOON_CITY_01.WMO → M2: SILVERMOONPINE01.MDX
    WORLD/LORDAERON/SILVERMOON/PASSIVEDOODADS/TREES/SILVERMOONPINE02.MDX
      ↳ Chain: Area: Silvermoon City → ADT: AZEROTH_42_18.ADT → WMO: SILVERMOON_CITY_01.WMO → M2: SILVERMOONPINE02.MDX
    WORLD/LORDAERON/SILVERMOON/PASSIVEDOODADS/TREES/SILVERMOONSMALLROOTS01.MDX
      ↳ Chain: Area: Silvermoon City → ADT: AZEROTH_42_18.ADT → WMO: SILVERMOON_CITY_01.WMO → M2: SILVERMOONSMALLROOTS01.MDX
    WORLD/LORDAERON/SILVERMOON/PASSIVEDOODADS/TREES/SILVERMOONSMALLROOTS02.MDX
      ↳ Chain: Area: Silvermoon City → ADT: AZEROTH_42_18.ADT → WMO: SILVERMOON_CITY_01.WMO → M2: SILVERMOONSMALLROOTS02.MDX
    WORLD/LORDAERON/SILVERMOON/PASSIVEDOODADS/TREES/SILVERMOONSMALLROOTS03.MDX
      ↳ Chain: Area: Silvermoon City → ADT: AZEROTH_42_18.ADT → WMO: SILVERMOON_CITY_01.WMO → M2: SILVERMOONSMALLROOTS03.MDX
    WORLD/LORDAERON/SILVERMOON/PASSIVEDOODADS/TREES/SILVERMOONSMALLROOTS04.MDX
      ↳ Chain: Area: Silvermoon City → ADT: AZEROTH_42_18.ADT → WMO: SILVERMOON_CITY_01.WMO → M2: SILVERMOONSMALLROOTS04.MDX
    WORLD/LORDAERON/SILVERMOON/PASSIVEDOODADS/TREES/SILVERMOONSMALLTREE01.MDX
      ↳ Chain: Area: Eversong Woods → ADT: AZEROTH_40_18.ADT → WMO: BE_ARCHBRIDGE01.WMO → M2: SILVERMOONSMALLTREE01.MDX
    WORLD/LORDAERON/SILVERMOON/PASSIVEDOODADS/TREES/SILVERMOONSMALLTREE02.MDX
      ↳ Chain: Area: Silvermoon City → ADT: AZEROTH_42_18.ADT → WMO: SILVERMOON_CITY_01.WMO → M2: SILVERMOONSMALLTREE02.MDX
    WORLD/LORDAERON/SILVERMOON/PASSIVEDOODADS/TREES/SILVERMOONSMALLTREE03.MDX
      ↳ Chain: Area: Silvermoon City → ADT: AZEROTH_42_18.ADT → WMO: BLOODELF_SMALLHOUSE02.WMO → M2: SILVERMOONSMALLTREE03.MDX
    WORLD/LORDAERON/SILVERMOON/PASSIVEDOODADS/TREES/SILVERMOONSMALLTREE04.MDX
      ↳ Chain: Area: Silvermoon City → ADT: AZEROTH_42_18.ADT → WMO: SILVERMOON_CITY_01.WMO → M2: SILVERMOONSMALLTREE04.MDX
    WORLD/LORDAERON/SILVERMOON/PASSIVEDOODADS/TREES/SILVERMOONSMALLTREE05.MDX
      ↳ Chain: Area: Silvermoon City → ADT: AZEROTH_42_18.ADT → WMO: SILVERMOON_CITY_01.WMO → M2: SILVERMOONSMALLTREE05.MDX
    WORLD/LORDAERON/SILVERMOON/PASSIVEDOODADS/TREES/SILVERMOONSMALLTREE06.MDX
      ↳ Chain: Area: Eversong Woods → ADT: AZEROTH_40_18.ADT → WMO: BE_ARCHBRIDGE01.WMO → M2: SILVERMOONSMALLTREE06.MDX
    WORLD/LORDAERON/SILVERMOON/PASSIVEDOODADS/TREES/SILVERMOONSMALLTREE08.MDX
      ↳ Chain: Area: Silvermoon City → ADT: AZEROTH_42_18.ADT → WMO: BLOODELF_SMALLHOUSE02.WMO → M2: SILVERMOONSMALLTREE08.MDX
    WORLD/LORDAERON/SILVERMOON/PASSIVEDOODADS/TREES/SILVERMOONTREE01.MDX
      ↳ Chain: Area: Silvermoon City → ADT: AZEROTH_42_18.ADT → WMO: SILVERMOON_CITY_01.WMO → M2: SILVERMOONTREE01.MDX
    WORLD/LORDAERON/SILVERMOON/PASSIVEDOODADS/TREES/SILVERMOONTREE05.MDX
      ↳ Chain: Area: Silvermoon City → ADT: AZEROTH_42_18.ADT → WMO: SILVERMOON_CITY_01.WMO → M2: SILVERMOONTREE05.MDX
    WORLD/LORDAERON/SILVERMOON/PASSIVEDOODADS/TREES/SILVERMOONTREE06.MDX
      ↳ Chain: Area: Silvermoon City → ADT: AZEROTH_42_18.ADT → WMO: SILVERMOON_CITY_01.WMO → M2: SILVERMOONTREE06.MDX
    WORLD/NODXT/DETAIL/6SMGRASS06.MDX
      ↳ Chain: Area: Crestfall → ADT: AZEROTH_13_42.ADT → WMO: 8CRE_AMPTUNNEL01_2459264.WMO → M2: 6SMGRASS06.MDX
    WORLD/NODXT/DETAIL/6SMGRASS08.MDX
      ↳ Chain: Area: Crestfall → ADT: AZEROTH_13_42.ADT → WMO: 8CRE_AMPTUNNEL01_2459264.WMO → M2: 6SMGRASS08.MDX
    WORLD/NODXT/DETAIL/GILROSE01.MDX
      ↳ Chain: Area: Highlands → ADT: AZEROTH_42_39.ADT → WMO: WILDHAMMERDWARF_TWOSTORYA.WMO → M2: GILROSE01.MDX
    WORLD/NODXT/DETAIL/KZPAPER01.MDX
      ↳ Chain: Area: KALIMDOR [53,53] → ADT: KALIMDOR_53_53.ADT → WMO: HORDE_GOBLIN_LAB_01.WMO → M2: KZPAPER01.MDX
    WORLD/NODXT/DETAIL/KZPAPER03.MDX
      ↳ Chain: Area: KALIMDOR [53,53] → ADT: KALIMDOR_53_53.ADT → WMO: HORDE_GOBLIN_LAB_01.WMO → M2: KZPAPER03.MDX
    WORLD/NODXT/DETAIL/THGRA01.MDX
      ↳ Chain: Area: Highlands → ADT: AZEROTH_42_39.ADT → WMO: WILDHAMMERDWARF_COTTAGEA.WMO → M2: THGRA01.MDX
    WORLD/NODXT/DETAIL/THGRA02.MDX
      ↳ Chain: Area: Highlands → ADT: AZEROTH_42_39.ADT → WMO: WILDHAMMERDWARF_COTTAGEA.WMO → M2: THGRA02.MDX
    WORLD/NODXT/GENERIC/PASSIVEDOODADS/VOLUMETRICLIGHTS/LIGHTRAY_DUSTY_02.MDX
      ↳ Chain: Area: Gilneas → ADT: AZEROTH_27_35.ADT → WMO: GILNEAS_MANOR.WMO → M2: LIGHTRAY_DUSTY_02.MDX
    WORLD/NODXT/GENERIC/PASSIVEDOODADS/VOLUMETRICLIGHTS/UTHERSHRINELIGHTBEAM_NOSOUND.MDX
      ↳ Chain: Area: Winterspring → ADT: KALIMDOR_41_24.ADT → WMO: TIMBERMAWHOLD2.WMO → M2: UTHERSHRINELIGHTBEAM_NOSOUND.MDX
    WORLD/OPENAZEROTH/UNDERWATER/UW_BLOWING_SAND_01.M2
      ↳ Chain: Area: Vashj'ir → ADT: AZEROTH_18_39.ADT → M2: UW_BLOWING_SAND_01.M2
    WORLD/SKILLACTIVATED/TRADESKILLNODES/KAJAMITE_01.MDX
      ↳ Chain: Area: The Lost Isles → ADT: KALIMDOR_52_29.ADT → WMO: LOSTISLES_GOBLINMINE.WMO → M2: KAJAMITE_01.MDX
    WORLD/SKILLACTIVATED/TRADESKILLNODES/KAJAMITE_BARS_01.MDX
      ↳ Chain: Area: The Lost Isles → ADT: KALIMDOR_52_29.ADT → WMO: LOSTISLES_GOBLINMINE.WMO → M2: KAJAMITE_BARS_01.MDX

================================================================================
PHASE 3: M2 PARSING & TEXTURE EXTRACTION
================================================================================

================================================================================
STEP 12: Parsing M2 models for texture dependencies
================================================================================

Export Directory: Y:\wow-server\Zeppelin-Tools\Open Azeroth\Resource Parser Export
M2 files found: 9,892

Parsing M2 files for textures...
  Progress: 500/9,892 M2 files parsed...
  Progress: 1,000/9,892 M2 files parsed...
  Progress: 1,500/9,892 M2 files parsed...
  Progress: 2,000/9,892 M2 files parsed...
  Progress: 2,500/9,892 M2 files parsed...
  Progress: 3,000/9,892 M2 files parsed...
  Progress: 3,500/9,892 M2 files parsed...
  Progress: 4,000/9,892 M2 files parsed...
  Progress: 4,500/9,892 M2 files parsed...
  Progress: 5,000/9,892 M2 files parsed...
  Progress: 5,500/9,892 M2 files parsed...
  Progress: 6,000/9,892 M2 files parsed...
  Progress: 6,500/9,892 M2 files parsed...
  Progress: 7,000/9,892 M2 files parsed...
  Progress: 7,500/9,892 M2 files parsed...
  Progress: 8,000/9,892 M2 files parsed...
  Progress: 8,500/9,892 M2 files parsed...
  Progress: 9,000/9,892 M2 files parsed...
  Progress: 9,500/9,892 M2 files parsed...

  M2 files parsed: 9,892
  M2 files with textures: 9,884
  Unique textures from M2s: 4,044
  Unique textures from WMOs: 3,063
  Unique textures from ADTs: 665
  Total texture dependencies: 7,470

================================================================================
STEP 13: Filtering stock textures
================================================================================

Total unique textures found from parsing: 7,470
  Checking against stock WotLK asset registry...

Filtering results:
  ✅ Stock WotLK textures (already in base client): 2,223
  ⚠️  Custom/modern textures (need to extract): 5,058

================================================================================
STEP 14: Searching Asset Library for required textures
================================================================================

Assets Source: Y:\wow-server\Zeppelin-Tools\Asset Library\GAME ASSETS
  Using cached index: 369,575 available assets

Required textures: 5,058
  ⚠️  Found 5,047 of 5,058 requested textures
  ⚠️  Missing: 11 textures
  = 4,373 total root textures found

Automatically detected dependencies:
  + 300 specular texture variants

Total files found: 4,673
  (4,373 root textures + 300 speculars)

  ⚠️  MISSING TEXTURES - 11 FILES
  ==============================================================================
    DUNGEONS/CUSTOM/HUMAN/MM_CELLAR_WALL_01_NEW.BLP
      ↳ Chain: Area: Dustwallow Marsh → ADT: KALIMDOR_40_39.ADT → WMO: WALLPOST_TUNNEL03_225DEG.WMO → BLP: MM_CELLAR_WALL_01_NEW.BLP
    ENVIRONMENTS/STARS/HIGHLANDSSKY_CLOUDMASK02.BLP
      ↳ Chain: Unknown: HIGHLANDSSKY.M2 → BLP: HIGHLANDSSKY_CLOUDMASK02.BLP
    ENVIRONMENTS/STARS/HIGHLANDSSKY_FARCLOUDS01.BLP
      ↳ Chain: Unknown: HIGHLANDSSKY.M2 → BLP: HIGHLANDSSKY_FARCLOUDS01.BLP
    ENVIRONMENTS/STARS/HIGHLANDSSKY_LOWCLOUDS01.BLP
      ↳ Chain: Unknown: HIGHLANDSSKY.M2 → BLP: HIGHLANDSSKY_LOWCLOUDS01.BLP
    ENVIRONMENTS/STARS/HIGHLANDS_LIGHTNINGA.BLP
      ↳ Chain: Unknown: HIGHLANDSSKY.M2 → BLP: HIGHLANDS_LIGHTNINGA.BLP
    ERROR_1.BLP
      ↳ Chain: Area: Eastern Plaguelands → ADT: AZEROTH_43_25.ADT → TerrainTexture: ERROR_1.BLP
    ERROR_2.BLP
      ↳ Chain: Area: The North Sea → ADT: AZEROTH_46_19.ADT → TerrainTexture: ERROR_2.BLP
    ERROR_3.BLP
      ↳ Chain: Area: The Forbidding Sea → ADT: AZEROTH_46_24.ADT → TerrainTexture: ERROR_3.BLP
    TILESET/HYJAL/HYJAL_DIRT01.BLP
      ↳ Chain: Area: Winterspring → ADT: KALIMDOR_39_24.ADT → TerrainTexture: HYJAL_DIRT01.BLP
    TILESET/HYJAL/HYJAL_ROCK01.BLP
      ↳ Chain: Area: Ashenvale → ADT: KALIMDOR_38_24.ADT → TerrainTexture: HYJAL_ROCK01.BLP
    WORLD/GENERIC/HUMAN/PASSIVE DOODADS/BANNERS/GILNEASWORGBANNER.BLP
      ↳ Chain: Area: Gilneas → ADT: AZEROTH_29_34.ADT → M2: GILNEASWORGENBANNER.M2 → BLP: GILNEASWORGBANNER.BLP

================================================================================
STEP 15: Extracting textures to export directory
================================================================================

Extracting to: Y:\wow-server\Zeppelin-Tools\Open Azeroth\Resource Parser Export

  Extracted: 4,373 base textures
  Extracted: 300 specular variants
  Total: 4,673 textures

  ⚠️  MISSING TEXTURES - 11 FILES
  ==============================================================================
    DUNGEONS/CUSTOM/HUMAN/MM_CELLAR_WALL_01_NEW.BLP
      ↳ Chain: Area: Dustwallow Marsh → ADT: KALIMDOR_40_39.ADT → WMO: WALLPOST_TUNNEL03_225DEG.WMO → BLP: MM_CELLAR_WALL_01_NEW.BLP
    ENVIRONMENTS/STARS/HIGHLANDSSKY_CLOUDMASK02.BLP
      ↳ Chain: Unknown: HIGHLANDSSKY.M2 → BLP: HIGHLANDSSKY_CLOUDMASK02.BLP
    ENVIRONMENTS/STARS/HIGHLANDSSKY_FARCLOUDS01.BLP
      ↳ Chain: Unknown: HIGHLANDSSKY.M2 → BLP: HIGHLANDSSKY_FARCLOUDS01.BLP
    ENVIRONMENTS/STARS/HIGHLANDSSKY_LOWCLOUDS01.BLP
      ↳ Chain: Unknown: HIGHLANDSSKY.M2 → BLP: HIGHLANDSSKY_LOWCLOUDS01.BLP
    ENVIRONMENTS/STARS/HIGHLANDS_LIGHTNINGA.BLP
      ↳ Chain: Unknown: HIGHLANDSSKY.M2 → BLP: HIGHLANDS_LIGHTNINGA.BLP
    ERROR_1.BLP
      ↳ Chain: Area: Eastern Plaguelands → ADT: AZEROTH_43_25.ADT → TerrainTexture: ERROR_1.BLP
    ERROR_2.BLP
      ↳ Chain: Area: The North Sea → ADT: AZEROTH_46_19.ADT → TerrainTexture: ERROR_2.BLP
    ERROR_3.BLP
      ↳ Chain: Area: The Forbidding Sea → ADT: AZEROTH_46_24.ADT → TerrainTexture: ERROR_3.BLP
    TILESET/HYJAL/HYJAL_DIRT01.BLP
      ↳ Chain: Area: Winterspring → ADT: KALIMDOR_39_24.ADT → TerrainTexture: HYJAL_DIRT01.BLP
    TILESET/HYJAL/HYJAL_ROCK01.BLP
      ↳ Chain: Area: Ashenvale → ADT: KALIMDOR_38_24.ADT → TerrainTexture: HYJAL_ROCK01.BLP
    WORLD/GENERIC/HUMAN/PASSIVE DOODADS/BANNERS/GILNEASWORGBANNER.BLP
      ↳ Chain: Area: Gilneas → ADT: AZEROTH_29_34.ADT → M2: GILNEASWORGENBANNER.M2 → BLP: GILNEASWORGBANNER.BLP

================================================================================
PHASE 4: REPORTING & MPQ BUILDING
================================================================================

================================================================================
STEP 16: Analyzing missing assets by area
================================================================================

  Areas affected by missing assets: 8
  Total unique missing assets: 11

  Affected Areas:
  ==============================================================================

  AREA: Ahn'Qiraj: The Fallen Kingdom
    - Ground effect IDs: [71234, 73625, 73784]

  AREA: Ashenvale
    - BLP textures: 1 missing

  AREA: Deepholm
    - Ground effect IDs: [73823, 78792]

  AREA: Dustwallow Marsh
    - BLP textures: 1 missing
    - Ground effect IDs: [69897, 69900]

  AREA: Eastern Plaguelands
    - BLP textures: 1 missing

  AREA: Felwood
    - Ground effect IDs: [19289, 19290]

  AREA: Gilneas
    - BLP textures: 1 missing
    - Ground effect IDs: [18233]

  AREA: Highlands
    - Ground effect IDs: [72131, 73006, 73226, 73229]

  AREA: Hyjal
    - Ground effect IDs: [19289, 19290, 19335, 73018]

  AREA: KALIMDOR [52,52]
    - Ground effect IDs: [141570, 144818]

  AREA: KALIMDOR [52,54]
    - Ground effect IDs: [141056, 141057, 141570, 144817, 144818, 144819, 144822]

  AREA: KALIMDOR [52,55]
    - Ground effect IDs: [141570, 144817, 144819, 144822]

  AREA: KALIMDOR [53,53]
    - Ground effect IDs: [141056, 141057, 141197, 141570, 144817, 144818, 144822, 146493, 157060]

  AREA: KALIMDOR [53,54]
    - Ground effect IDs: [141056, 141057, 141197, 141570, 144817, 144818, 144819, 144822, 146493, 156984, 156993]

  AREA: KALIMDOR [53,55]
    - Ground effect IDs: [141057, 141570, 144817, 144818, 144819, 144822]

  AREA: KALIMDOR [54,52]
    - Ground effect IDs: [144819]

  AREA: KALIMDOR [54,53]
    - Ground effect IDs: [141056, 141057, 141197, 141570, 144817, 144818, 144819, 144822, 146493]

  AREA: KALIMDOR [54,54]
    - Ground effect IDs: [141056, 141057, 141197, 141570, 144817, 144818, 144819, 144822, 146493, 156984, 156993]

  AREA: KALIMDOR [54,55]
    - Ground effect IDs: [141057, 141570, 144817, 144819, 144822]

  AREA: KALIMDOR [55,52]
    - Ground effect IDs: [144819]

  AREA: KALIMDOR [55,53]
    - Ground effect IDs: [141570, 144817, 144818, 144819, 144822]

  AREA: KALIMDOR [55,54]
    - Ground effect IDs: [141570, 144817, 144818, 144819, 144822]

  AREA: KALIMDOR [55,55]
    - Ground effect IDs: [141570, 144817, 144819, 144822]

  AREA: Kezan
    - Ground effect IDs: [141056, 141057, 141197, 141570, 144817, 144818, 144819, 144822, 146493, 156984, 156993, 157060]

  AREA: Silithus
    - Ground effect IDs: [71234, 73625, 73627, 73784, 77463]

  AREA: Silverpine Forest
    - Ground effect IDs: [18233]

  AREA: Stonetalon Mountains
    - Ground effect IDs: [69897]

  AREA: Tanaris
    - Ground effect IDs: [72993, 73631, 73633, 77463, 78428, 78885]

  AREA: The Barrens
    - Ground effect IDs: [69897, 69900, 69902, 69906, 69924, 69933]

  AREA: The Forbidding Sea
    - BLP textures: 1 missing

  AREA: The Lost Isles
    - Ground effect IDs: [19600]

  AREA: The North Sea
    - BLP textures: 1 missing

  AREA: Thousand Needles
    - Ground effect IDs: [69897, 69900, 69924, 69933]

  AREA: Uldum
    - Ground effect IDs: [73784, 77463, 78428, 78885]

  AREA: Un'Goro Crater
    - Ground effect IDs: [71019, 71020, 71234, 72989, 72993, 73625, 73631, 73633, 73784, 75321, 77463]

  AREA: Vashj'ir
    - Ground effect IDs: [19730, 19731, 19732, 19864, 19874, 59954, 69447, 69503, 70343, 70344, 70739, 71473, 72470, 72702]

  AREA: Winterspring
    - BLP textures: 1 missing
    - Ground effect IDs: [19289, 19290]

  Duplicate WMO report saved: Y:\wow-server\Zeppelin-Craft\Scripts\Resource Parser\duplicate_wmos_fixed.txt

================================================================================
STEP 17: Building MPQ file
================================================================================

Scanning export directory...

MPQ Configuration:
  MPQEditor: Y:\wow-server\Zeppelin-Tools\MPQ Editor\MPQEditor.exe
  Output MPQ: Y:\binhex-nginx\nginx\MPQ\optional\PATCH-O.MPQ
  Source Dir: Y:\wow-server\Zeppelin-Tools\Open Azeroth\Resource Parser Export
  Files to package: 27,196

Generated MPQ script (Y:\wow-server\Zeppelin-Tools\MPQ Editor\resource_parser_build.txt):
  a "Y:\binhex-nginx\nginx\MPQ\optional\PATCH-O.MPQ" "Y:\wow-server\Zeppelin-Tools\Open Azeroth\Resource Parser Export\*" /auto /r /c
  f "Y:\binhex-nginx\nginx\MPQ\optional\PATCH-O.MPQ"
  compact "Y:\binhex-nginx\nginx\MPQ\optional\PATCH-O.MPQ"
  exit

Executing MPQEditor (this may take several minutes for 27,196 files)...
  (No progress output - wait for completion)

  ✅ MPQ built successfully (943s): Y:\binhex-nginx\nginx\MPQ\optional\PATCH-O.MPQ
  📦 Size: 2843.3 MB

================================================================================
EXTRACTION COMPLETE
================================================================================
MPQ File: Y:\binhex-nginx\nginx\MPQ\optional\PATCH-O.MPQ
================================================================================

================================================================================
STEP 18: Generating log file
================================================================================