DBC Conflict Scanner
Log: /workspace/project/Zeppelin-Craft/cli/logs/dbc_conflicts.log

# DBC Conflict Report
# Generated: 2026-02-07 06:39:17

[1/2] Scanning 6 zpak(s) for conflicts...

[2/2] Results:

achievement (2 redundant)

  ID 1429: (REDUNDANT)
    [ 20] worgoblin ([BASE,F-030]_achievement.sql)
    [999] zepcraft-legacy ([BASE,F-044]_achievement.sql)
  ID 1430: (REDUNDANT)
    [ 20] worgoblin ([BASE,F-030]_achievement.sql)
    [999] zepcraft-legacy ([BASE,F-044]_achievement.sql)


achievement_criteria (8 redundant)

  ID 13471: (REDUNDANT)
    [ 20] worgoblin ([BASE,F-030]_achievement_criteria.sql)
    [999] zepcraft-legacy ([BASE,F-044]_achievement_criteria.sql)
  ID 13472: (REDUNDANT)
    [ 20] worgoblin ([BASE,F-030]_achievement_criteria.sql)
    [999] zepcraft-legacy ([BASE,F-044]_achievement_criteria.sql)
  ID 13473: (REDUNDANT)
    [ 20] worgoblin ([BASE,F-030]_achievement_criteria.sql)
    [999] zepcraft-legacy ([BASE,F-044]_achievement_criteria.sql)
  ID 13474: (REDUNDANT)
    [ 20] worgoblin ([BASE,F-030]_achievement_criteria.sql)
    [999] zepcraft-legacy ([BASE,F-044]_achievement_criteria.sql)
  ID 13475: (REDUNDANT)
    [ 20] worgoblin ([BASE,F-030]_achievement_criteria.sql)
    [999] zepcraft-legacy ([BASE,F-044]_achievement_criteria.sql)
  ID 13476: (REDUNDANT)
    [ 20] worgoblin ([BASE,F-030]_achievement_criteria.sql)
    [999] zepcraft-legacy ([BASE,F-044]_achievement_criteria.sql)
  ID 13477: (REDUNDANT)
    [ 20] worgoblin ([BASE,F-030]_achievement_criteria.sql)
    [999] zepcraft-legacy ([BASE,F-044]_achievement_criteria.sql)
  ID 13478: (REDUNDANT)
    [ 20] worgoblin ([BASE,F-030]_achievement_criteria.sql)
    [999] zepcraft-legacy ([BASE,F-044]_achievement_criteria.sql)
  ... and 5 more redundants (see log file)


characterfacialhairstyles (51 redundant)

  ID 9: (REDUNDANT)
    [ 10] hd-everything ([BASE,F-049]_characterfacialhairstyles.sql)
    [ 20] worgoblin ([BASE,F-030]_characterfacialhairstyles.sql)
  ID 9|0|0: (REDUNDANT)
    [ 10] hd-everything ([BASE,F-049]_characterfacialhairstyles.sql)
    [ 20] worgoblin ([BASE,F-030]_characterfacialhairstyles.sql)
  ID 9|0|1: (REDUNDANT)
    [ 10] hd-everything ([BASE,F-049]_characterfacialhairstyles.sql)
    [ 20] worgoblin ([BASE,F-030]_characterfacialhairstyles.sql)
  ID 9|0|10: (REDUNDANT)
    [ 10] hd-everything ([BASE,F-049]_characterfacialhairstyles.sql)
    [ 20] worgoblin ([BASE,F-030]_characterfacialhairstyles.sql)
  ID 9|0|11: (REDUNDANT)
    [ 10] hd-everything ([BASE,F-049]_characterfacialhairstyles.sql)
    [ 20] worgoblin ([BASE,F-030]_characterfacialhairstyles.sql)
  ID 9|0|12: (REDUNDANT)
    [ 10] hd-everything ([BASE,F-049]_characterfacialhairstyles.sql)
    [ 20] worgoblin ([BASE,F-030]_characterfacialhairstyles.sql)
  ID 9|0|13: (REDUNDANT)
    [ 10] hd-everything ([BASE,F-049]_characterfacialhairstyles.sql)
    [ 20] worgoblin ([BASE,F-030]_characterfacialhairstyles.sql)
  ID 9|0|14: (REDUNDANT)
    [ 10] hd-everything ([BASE,F-049]_characterfacialhairstyles.sql)
    [ 20] worgoblin ([BASE,F-030]_characterfacialhairstyles.sql)
  ID 9|0|15: (REDUNDANT)
    [ 10] hd-everything ([BASE,F-049]_characterfacialhairstyles.sql)
    [ 20] worgoblin ([BASE,F-030]_characterfacialhairstyles.sql)
  ID 9|0|16: (REDUNDANT)
    [ 10] hd-everything ([BASE,F-049]_characterfacialhairstyles.sql)
    [ 20] worgoblin ([BASE,F-030]_characterfacialhairstyles.sql)
  ID 9|0|17: (REDUNDANT)
    [ 10] hd-everything ([BASE,F-049]_characterfacialhairstyles.sql)
    [ 20] worgoblin ([BASE,F-030]_characterfacialhairstyles.sql)
  ID 9|0|18: (REDUNDANT)
    [ 10] hd-everything ([BASE,F-049]_characterfacialhairstyles.sql)
    [ 20] worgoblin ([BASE,F-030]_characterfacialhairstyles.sql)
  ID 9|0|19: (REDUNDANT)
    [ 10] hd-everything ([BASE,F-049]_characterfacialhairstyles.sql)
    [ 20] worgoblin ([BASE,F-030]_characterfacialhairstyles.sql)
  ID 9|0|2: (REDUNDANT)
    [ 10] hd-everything ([BASE,F-049]_characterfacialhairstyles.sql)
    [ 20] worgoblin ([BASE,F-030]_characterfacialhairstyles.sql)
  ID 9|0|20: (REDUNDANT)
    [ 10] hd-everything ([BASE,F-049]_characterfacialhairstyles.sql)
    [ 20] worgoblin ([BASE,F-030]_characterfacialhairstyles.sql)
  ID 9|0|21: (REDUNDANT)
    [ 10] hd-everything ([BASE,F-049]_characterfacialhairstyles.sql)
    [ 20] worgoblin ([BASE,F-030]_characterfacialhairstyles.sql)
  ID 9|0|22: (REDUNDANT)
    [ 10] hd-everything ([BASE,F-049]_characterfacialhairstyles.sql)
    [ 20] worgoblin ([BASE,F-030]_characterfacialhairstyles.sql)
  ID 9|0|23: (REDUNDANT)
    [ 10] hd-everything ([BASE,F-049]_characterfacialhairstyles.sql)
    [ 20] worgoblin ([BASE,F-030]_characterfacialhairstyles.sql)
  ID 9|0|24: (REDUNDANT)
    [ 10] hd-everything ([BASE,F-049]_characterfacialhairstyles.sql)
    [ 20] worgoblin ([BASE,F-030]_characterfacialhairstyles.sql)
  ID 9|0|3: (REDUNDANT)
    [ 10] hd-everything ([BASE,F-049]_characterfacialhairstyles.sql)
    [ 20] worgoblin ([BASE,F-030]_characterfacialhairstyles.sql)
  ID 9|0|4: (REDUNDANT)
    [ 10] hd-everything ([BASE,F-049]_characterfacialhairstyles.sql)
    [ 20] worgoblin ([BASE,F-030]_characterfacialhairstyles.sql)
  ID 9|0|5: (REDUNDANT)
    [ 10] hd-everything ([BASE,F-049]_characterfacialhairstyles.sql)
    [ 20] worgoblin ([BASE,F-030]_characterfacialhairstyles.sql)
  ID 9|0|6: (REDUNDANT)
    [ 10] hd-everything ([BASE,F-049]_characterfacialhairstyles.sql)
    [ 20] worgoblin ([BASE,F-030]_characterfacialhairstyles.sql)
  ID 9|0|7: (REDUNDANT)
    [ 10] hd-everything ([BASE,F-049]_characterfacialhairstyles.sql)
    [ 20] worgoblin ([BASE,F-030]_characterfacialhairstyles.sql)
  ID 9|0|8: (REDUNDANT)
    [ 10] hd-everything ([BASE,F-049]_characterfacialhairstyles.sql)
    [ 20] worgoblin ([BASE,F-030]_characterfacialhairstyles.sql)
  ID 9|0|9: (REDUNDANT)
    [ 10] hd-everything ([BASE,F-049]_characterfacialhairstyles.sql)
    [ 20] worgoblin ([BASE,F-030]_characterfacialhairstyles.sql)
  ID 9|1|0: (REDUNDANT)
    [ 10] hd-everything ([BASE,F-049]_characterfacialhairstyles.sql)
    [ 20] worgoblin ([BASE,F-030]_characterfacialhairstyles.sql)
  ID 9|1|1: (REDUNDANT)
    [ 10] hd-everything ([BASE,F-049]_characterfacialhairstyles.sql)
    [ 20] worgoblin ([BASE,F-030]_characterfacialhairstyles.sql)
  ID 9|1|10: (REDUNDANT)
    [ 10] hd-everything ([BASE,F-049]_characterfacialhairstyles.sql)
    [ 20] worgoblin ([BASE,F-030]_characterfacialhairstyles.sql)
  ID 9|1|11: (REDUNDANT)
    [ 10] hd-everything ([BASE,F-049]_characterfacialhairstyles.sql)
    [ 20] worgoblin ([BASE,F-030]_characterfacialhairstyles.sql)
  ID 9|1|12: (REDUNDANT)
    [ 10] hd-everything ([BASE,F-049]_characterfacialhairstyles.sql)
    [ 20] worgoblin ([BASE,F-030]_characterfacialhairstyles.sql)
  ID 9|1|13: (REDUNDANT)
    [ 10] hd-everything ([BASE,F-049]_characterfacialhairstyles.sql)
    [ 20] worgoblin ([BASE,F-030]_characterfacialhairstyles.sql)
  ID 9|1|14: (REDUNDANT)
    [ 10] hd-everything ([BASE,F-049]_characterfacialhairstyles.sql)
    [ 20] worgoblin ([BASE,F-030]_characterfacialhairstyles.sql)
  ID 9|1|15: (REDUNDANT)
    [ 10] hd-everything ([BASE,F-049]_characterfacialhairstyles.sql)
    [ 20] worgoblin ([BASE,F-030]_characterfacialhairstyles.sql)
  ID 9|1|16: (REDUNDANT)
    [ 10] hd-everything ([BASE,F-049]_characterfacialhairstyles.sql)
    [ 20] worgoblin ([BASE,F-030]_characterfacialhairstyles.sql)
  ID 9|1|17: (REDUNDANT)
    [ 10] hd-everything ([BASE,F-049]_characterfacialhairstyles.sql)
    [ 20] worgoblin ([BASE,F-030]_characterfacialhairstyles.sql)
  ID 9|1|18: (REDUNDANT)
    [ 10] hd-everything ([BASE,F-049]_characterfacialhairstyles.sql)
    [ 20] worgoblin ([BASE,F-030]_characterfacialhairstyles.sql)
  ID 9|1|19: (REDUNDANT)
    [ 10] hd-everything ([BASE,F-049]_characterfacialhairstyles.sql)
    [ 20] worgoblin ([BASE,F-030]_characterfacialhairstyles.sql)
  ID 9|1|2: (REDUNDANT)
    [ 10] hd-everything ([BASE,F-049]_characterfacialhairstyles.sql)
    [ 20] worgoblin ([BASE,F-030]_characterfacialhairstyles.sql)
  ID 9|1|20: (REDUNDANT)
    [ 10] hd-everything ([BASE,F-049]_characterfacialhairstyles.sql)
    [ 20] worgoblin ([BASE,F-030]_characterfacialhairstyles.sql)
  ID 9|1|21: (REDUNDANT)
    [ 10] hd-everything ([BASE,F-049]_characterfacialhairstyles.sql)
    [ 20] worgoblin ([BASE,F-030]_characterfacialhairstyles.sql)
  ID 9|1|22: (REDUNDANT)
    [ 10] hd-everything ([BASE,F-049]_characterfacialhairstyles.sql)
    [ 20] worgoblin ([BASE,F-030]_characterfacialhairstyles.sql)
  ID 9|1|23: (REDUNDANT)
    [ 10] hd-everything ([BASE,F-049]_characterfacialhairstyles.sql)
    [ 20] worgoblin ([BASE,F-030]_characterfacialhairstyles.sql)
  ID 9|1|24: (REDUNDANT)
    [ 10] hd-everything ([BASE,F-049]_characterfacialhairstyles.sql)
    [ 20] worgoblin ([BASE,F-030]_characterfacialhairstyles.sql)
  ID 9|1|3: (REDUNDANT)
    [ 10] hd-everything ([BASE,F-049]_characterfacialhairstyles.sql)
    [ 20] worgoblin ([BASE,F-030]_characterfacialhairstyles.sql)
  ID 9|1|4: (REDUNDANT)
    [ 10] hd-everything ([BASE,F-049]_characterfacialhairstyles.sql)
    [ 20] worgoblin ([BASE,F-030]_characterfacialhairstyles.sql)
  ID 9|1|5: (REDUNDANT)
    [ 10] hd-everything ([BASE,F-049]_characterfacialhairstyles.sql)
    [ 20] worgoblin ([BASE,F-030]_characterfacialhairstyles.sql)
  ID 9|1|6: (REDUNDANT)
    [ 10] hd-everything ([BASE,F-049]_characterfacialhairstyles.sql)
    [ 20] worgoblin ([BASE,F-030]_characterfacialhairstyles.sql)
  ID 9|1|7: (REDUNDANT)
    [ 10] hd-everything ([BASE,F-049]_characterfacialhairstyles.sql)
    [ 20] worgoblin ([BASE,F-030]_characterfacialhairstyles.sql)
  ID 9|1|8: (REDUNDANT)
    [ 10] hd-everything ([BASE,F-049]_characterfacialhairstyles.sql)
    [ 20] worgoblin ([BASE,F-030]_characterfacialhairstyles.sql)
  ID 9|1|9: (REDUNDANT)
    [ 10] hd-everything ([BASE,F-049]_characterfacialhairstyles.sql)
    [ 20] worgoblin ([BASE,F-030]_characterfacialhairstyles.sql)
  ... and 48 more redundants (see log file)


charhairgeosets (4 conflicts)

  ID 241: (CONFLICT)
    [ 10] hd-everything ([BASE,F-049]_charhairgeosets.sql)
           UPDATE: update `charhairgeosets` set `geoset` = 19 where `id` = 241;
    [ 20] worgoblin ([BASE,F-030]_charhairgeosets.sql)
           DELETE: delete from `charhairgeosets` where `id` = 241;
  ID 242: (CONFLICT)
    [ 10] hd-everything ([BASE,F-049]_charhairgeosets.sql)
           UPDATE: update `charhairgeosets` set `variation` = 1, `show_scalp` = 0 where `id` = 242;
    [ 20] worgoblin ([BASE,F-030]_charhairgeosets.sql)
           DELETE: delete from `charhairgeosets` where `id` = 242;
  ID 243: (CONFLICT)
    [ 10] hd-everything ([BASE,F-049]_charhairgeosets.sql)
           UPDATE: update `charhairgeosets` set `gender` = 1, `geoset` = 2 where `id` = 243;
    [ 20] worgoblin ([BASE,F-030]_charhairgeosets.sql)
           DELETE: delete from `charhairgeosets` where `id` = 243;
  ID 244: (CONFLICT)
    [ 10] hd-everything ([BASE,F-049]_charhairgeosets.sql)
           UPDATE: update `charhairgeosets` set `gender` = 1, `variation` = 1, `geoset` = 3, `show_scalp` = 0 where `id...
    [ 20] worgoblin ([BASE,F-030]_charhairgeosets.sql)
           DELETE: delete from `charhairgeosets` where `id` = 244;


charsections (6 conflicts)

  ID 4681: (CONFLICT)
    [ 10] hd-everything ([BASE,F-049]_charsections.sql)
           UPDATE: update `charsections` set `flags` = 17 where `id` = 4681;
    [ 20] worgoblin ([BASE,F-030]_charsections.sql)
           DELETE: delete from `charsections` where `id` = 4681;
  ID 4682: (CONFLICT)
    [ 10] hd-everything ([BASE,F-049]_charsections.sql)
           UPDATE: update `charsections` set `flags` = 17 where `id` = 4682;
    [ 20] worgoblin ([BASE,F-030]_charsections.sql)
           DELETE: delete from `charsections` where `id` = 4682;
  ID 4683: (CONFLICT)
    [ 10] hd-everything ([BASE,F-049]_charsections.sql)
           UPDATE: update `charsections` set `flags` = 17 where `id` = 4683;
    [ 20] worgoblin ([BASE,F-030]_charsections.sql)
           DELETE: delete from `charsections` where `id` = 4683;
  ID 4684: (CONFLICT)
    [ 10] hd-everything ([BASE,F-049]_charsections.sql)
           UPDATE: update `charsections` set `flags` = 17 where `id` = 4684;
    [ 20] worgoblin ([BASE,F-030]_charsections.sql)
           DELETE: delete from `charsections` where `id` = 4684;
  ID 4685: (CONFLICT)
    [ 10] hd-everything ([BASE,F-049]_charsections.sql)
           UPDATE: update `charsections` set `flags` = 17 where `id` = 4685;
    [ 20] worgoblin ([BASE,F-030]_charsections.sql)
           DELETE: delete from `charsections` where `id` = 4685;
  ID 4686: (CONFLICT)
    [ 10] hd-everything ([BASE,F-049]_charsections.sql)
           UPDATE: update `charsections` set `flags` = 17 where `id` = 4686;
    [ 20] worgoblin ([BASE,F-030]_charsections.sql)
           DELETE: delete from `charsections` where `id` = 4686;
  ... and 1 more conflicts (see log file)


emotestextsound (232 conflicts, 294 redundant)

  ID 600: (CONFLICT)
    [ 10] hd-everything ([BASE,F-049]_emotestextsound.sql)
           DELETE: delete from `emotestextsound` where `id` = 600;
           INSERT: insert into `emotestextsound` (`id`, `emotes_text_id`, `race_id`, `sex_id`, `sound_id`) values (600,...
    [ 20] worgoblin ([BASE,F-030]_emotestextsound.sql)
           DELETE: delete from `emotestextsound` where `id` = 600;
           INSERT: insert into `emotestextsound` (`id`, `emotes_text_id`, `race_id`, `sex_id`, `sound_id`) values (600,...
    [999] zepcraft-legacy ([BASE,F-044]_emotestextsound.sql)
           DELETE: delete from `emotestextsound` where `id` = 600;
           INSERT: insert into `emotestextsound` (`id`, `emotes_text_id`, `race_id`, `sex_id`, `sound_id`) values (600,...
  ID 601: (CONFLICT)
    [ 10] hd-everything ([BASE,F-049]_emotestextsound.sql)
           DELETE: delete from `emotestextsound` where `id` = 601;
           INSERT: insert into `emotestextsound` (`id`, `emotes_text_id`, `race_id`, `sex_id`, `sound_id`) values (601,...
    [ 20] worgoblin ([BASE,F-030]_emotestextsound.sql)
           DELETE: delete from `emotestextsound` where `id` = 601;
           INSERT: insert into `emotestextsound` (`id`, `emotes_text_id`, `race_id`, `sex_id`, `sound_id`) values (601,...
    [999] zepcraft-legacy ([BASE,F-044]_emotestextsound.sql)
           DELETE: delete from `emotestextsound` where `id` = 601;
           INSERT: insert into `emotestextsound` (`id`, `emotes_text_id`, `race_id`, `sex_id`, `sound_id`) values (601,...
  ID 602: (CONFLICT)
    [ 10] hd-everything ([BASE,F-049]_emotestextsound.sql)
           DELETE: delete from `emotestextsound` where `id` = 602;
           INSERT: insert into `emotestextsound` (`id`, `emotes_text_id`, `race_id`, `sex_id`, `sound_id`) values (602,...
    [ 20] worgoblin ([BASE,F-030]_emotestextsound.sql)
           DELETE: delete from `emotestextsound` where `id` = 602;
           INSERT: insert into `emotestextsound` (`id`, `emotes_text_id`, `race_id`, `sex_id`, `sound_id`) values (602,...
    [999] zepcraft-legacy ([BASE,F-044]_emotestextsound.sql)
           DELETE: delete from `emotestextsound` where `id` = 602;
           INSERT: insert into `emotestextsound` (`id`, `emotes_text_id`, `race_id`, `sex_id`, `sound_id`) values (602,...
  ID 603: (CONFLICT)
    [ 10] hd-everything ([BASE,F-049]_emotestextsound.sql)
           DELETE: delete from `emotestextsound` where `id` = 603;
           INSERT: insert into `emotestextsound` (`id`, `emotes_text_id`, `race_id`, `sex_id`, `sound_id`) values (603,...
    [ 20] worgoblin ([BASE,F-030]_emotestextsound.sql)
           DELETE: delete from `emotestextsound` where `id` = 603;
           INSERT: insert into `emotestextsound` (`id`, `emotes_text_id`, `race_id`, `sex_id`, `sound_id`) values (603,...
    [999] zepcraft-legacy ([BASE,F-044]_emotestextsound.sql)
           DELETE: delete from `emotestextsound` where `id` = 603;
           INSERT: insert into `emotestextsound` (`id`, `emotes_text_id`, `race_id`, `sex_id`, `sound_id`) values (603,...
  ID 604: (CONFLICT)
    [ 10] hd-everything ([BASE,F-049]_emotestextsound.sql)
           DELETE: delete from `emotestextsound` where `id` = 604;
           INSERT: insert into `emotestextsound` (`id`, `emotes_text_id`, `race_id`, `sex_id`, `sound_id`) values (604,...
    [ 20] worgoblin ([BASE,F-030]_emotestextsound.sql)
           DELETE: delete from `emotestextsound` where `id` = 604;
           INSERT: insert into `emotestextsound` (`id`, `emotes_text_id`, `race_id`, `sex_id`, `sound_id`) values (604,...
    [999] zepcraft-legacy ([BASE,F-044]_emotestextsound.sql)
           DELETE: delete from `emotestextsound` where `id` = 604;
           INSERT: insert into `emotestextsound` (`id`, `emotes_text_id`, `race_id`, `sex_id`, `sound_id`) values (604,...
  ID 605: (CONFLICT)
    [ 10] hd-everything ([BASE,F-049]_emotestextsound.sql)
           DELETE: delete from `emotestextsound` where `id` = 605;
           INSERT: insert into `emotestextsound` (`id`, `emotes_text_id`, `race_id`, `sex_id`, `sound_id`) values (605, 47, 1, 0, 6923);
    [ 20] worgoblin ([BASE,F-030]_emotestextsound.sql)
           DELETE: delete from `emotestextsound` where `id` = 605;
           INSERT: insert into `emotestextsound` (`id`, `emotes_text_id`, `race_id`, `sex_id`, `sound_id`) values (605, 97, 23, 0, 19029);
    [999] zepcraft-legacy ([BASE,F-044]_emotestextsound.sql)
           DELETE: delete from `emotestextsound` where `id` = 605;
           INSERT: insert into `emotestextsound` (`id`, `emotes_text_id`, `race_id`, `sex_id`, `sound_id`) values (605, 97, 23, 0, 19029);
  ID 606: (CONFLICT)
    [ 10] hd-everything ([BASE,F-049]_emotestextsound.sql)
           DELETE: delete from `emotestextsound` where `id` = 606;
           INSERT: insert into `emotestextsound` (`id`, `emotes_text_id`, `race_id`, `sex_id`, `sound_id`) values (606, 52, 1, 0, 6923);
    [ 20] worgoblin ([BASE,F-030]_emotestextsound.sql)
           DELETE: delete from `emotestextsound` where `id` = 606;
           INSERT: insert into `emotestextsound` (`id`, `emotes_text_id`, `race_id`, `sex_id`, `sound_id`) values (606, 325, 23, 0, 19031);
    [999] zepcraft-legacy ([BASE,F-044]_emotestextsound.sql)
           DELETE: delete from `emotestextsound` where `id` = 606;
           INSERT: insert into `emotestextsound` (`id`, `emotes_text_id`, `race_id`, `sex_id`, `sound_id`) values (606, 325, 23, 0, 19031);
  ID 607: (CONFLICT)
    [ 10] hd-everything ([BASE,F-049]_emotestextsound.sql)
           DELETE: delete from `emotestextsound` where `id` = 607;
           INSERT: insert into `emotestextsound` (`id`, `emotes_text_id`, `race_id`, `sex_id`, `sound_id`) values (607, 58, 1, 0, 6922);
    [ 20] worgoblin ([BASE,F-030]_emotestextsound.sql)
           DELETE: delete from `emotestextsound` where `id` = 607;
           INSERT: insert into `emotestextsound` (`id`, `emotes_text_id`, `race_id`, `sex_id`, `sound_id`) values (607, 453, 23, 0, 19033);
    [999] zepcraft-legacy ([BASE,F-044]_emotestextsound.sql)
           DELETE: delete from `emotestextsound` where `id` = 607;
           INSERT: insert into `emotestextsound` (`id`, `emotes_text_id`, `race_id`, `sex_id`, `sound_id`) values (607, 453, 23, 0, 19033);
  ID 608: (CONFLICT)
    [ 10] hd-everything ([BASE,F-049]_emotestextsound.sql)
           DELETE: delete from `emotestextsound` where `id` = 608;
           INSERT: insert into `emotestextsound` (`id`, `emotes_text_id`, `race_id`, `sex_id`, `sound_id`) values (608, 60, 1, 0, 6923);
    [ 20] worgoblin ([BASE,F-030]_emotestextsound.sql)
           DELETE: delete from `emotestextsound` where `id` = 608;
           INSERT: insert into `emotestextsound` (`id`, `emotes_text_id`, `race_id`, `sex_id`, `sound_id`) values (608, 67, 23, 0, 19023);
    [999] zepcraft-legacy ([BASE,F-044]_emotestextsound.sql)
           DELETE: delete from `emotestextsound` where `id` = 608;
           INSERT: insert into `emotestextsound` (`id`, `emotes_text_id`, `race_id`, `sex_id`, `sound_id`) values (608, 67, 23, 0, 19023);
  ID 609: (CONFLICT)
    [ 10] hd-everything ([BASE,F-049]_emotestextsound.sql)
           DELETE: delete from `emotestextsound` where `id` = 609;
           INSERT: insert into `emotestextsound` (`id`, `emotes_text_id`, `race_id`, `sex_id`, `sound_id`) values (609, 65, 1, 0, 6921);
    [ 20] worgoblin ([BASE,F-030]_emotestextsound.sql)
           DELETE: delete from `emotestextsound` where `id` = 609;
           INSERT: insert into `emotestextsound` (`id`, `emotes_text_id`, `race_id`, `sex_id`, `sound_id`) values (609, 183, 23, 0, 19026);
    [999] zepcraft-legacy ([BASE,F-044]_emotestextsound.sql)
           DELETE: delete from `emotestextsound` where `id` = 609;
           INSERT: insert into `emotestextsound` (`id`, `emotes_text_id`, `race_id`, `sex_id`, `sound_id`) values (609, 183, 23, 0, 19026);
  ID 610: (CONFLICT)
    [ 10] hd-everything ([BASE,F-049]_emotestextsound.sql)
           DELETE: delete from `emotestextsound` where `id` = 610;
           INSERT: insert into `emotestextsound` (`id`, `emotes_text_id`, `race_id`, `sex_id`, `sound_id`) values (610, 76, 1, 0, 6923);
    [ 20] worgoblin ([BASE,F-030]_emotestextsound.sql)
           DELETE: delete from `emotestextsound` where `id` = 610;
           INSERT: insert into `emotestextsound` (`id`, `emotes_text_id`, `race_id`, `sex_id`, `sound_id`) values (610, 264, 23, 0, 19030);
    [999] zepcraft-legacy ([BASE,F-044]_emotestextsound.sql)
           DELETE: delete from `emotestextsound` where `id` = 610;
           INSERT: insert into `emotestextsound` (`id`, `emotes_text_id`, `race_id`, `sex_id`, `sound_id`) values (610, 264, 23, 0, 19030);
  ID 611: (CONFLICT)
    [ 10] hd-everything ([BASE,F-049]_emotestextsound.sql)
           DELETE: delete from `emotestextsound` where `id` = 611;
           INSERT: insert into `emotestextsound` (`id`, `emotes_text_id`, `race_id`, `sex_id`, `sound_id`) values (611, 136, 1, 0, 6919);
    [ 20] worgoblin ([BASE,F-030]_emotestextsound.sql)
           DELETE: delete from `emotestextsound` where `id` = 611;
           INSERT: insert into `emotestextsound` (`id`, `emotes_text_id`, `race_id`, `sex_id`, `sound_id`) values (611, 21, 23, 0, 18972);
    [999] zepcraft-legacy ([BASE,F-044]_emotestextsound.sql)
           DELETE: delete from `emotestextsound` where `id` = 611;
           INSERT: insert into `emotestextsound` (`id`, `emotes_text_id`, `race_id`, `sex_id`, `sound_id`) values (611, 21, 23, 0, 18972);
  ID 612: (CONFLICT)
    [ 10] hd-everything ([BASE,F-049]_emotestextsound.sql)
           DELETE: delete from `emotestextsound` where `id` = 612;
           INSERT: insert into `emotestextsound` (`id`, `emotes_text_id`, `race_id`, `sex_id`, `sound_id`) values (612, 20, 1, 1, 6918);
    [ 20] worgoblin ([BASE,F-030]_emotestextsound.sql)
           DELETE: delete from `emotestextsound` where `id` = 612;
           INSERT: insert into `emotestextsound` (`id`, `emotes_text_id`, `race_id`, `sex_id`, `sound_id`) values (612, 305, 23, 0, 18971);
    [999] zepcraft-legacy ([BASE,F-044]_emotestextsound.sql)
           DELETE: delete from `emotestextsound` where `id` = 612;
           INSERT: insert into `emotestextsound` (`id`, `emotes_text_id`, `race_id`, `sex_id`, `sound_id`) values (612, 305, 23, 0, 18971);
  ID 613: (CONFLICT)
    [ 10] hd-everything ([BASE,F-049]_emotestextsound.sql)
           DELETE: delete from `emotestextsound` where `id` = 613;
           INSERT: insert into `emotestextsound` (`id`, `emotes_text_id`, `race_id`, `sex_id`, `sound_id`) values (613, 22, 1, 1, 6914);
    [ 20] worgoblin ([BASE,F-030]_emotestextsound.sql)
           DELETE: delete from `emotestextsound` where `id` = 613;
           INSERT: insert into `emotestextsound` (`id`, `emotes_text_id`, `race_id`, `sex_id`, `sound_id`) values (613, 329, 23, 0, 19028);
    [999] zepcraft-legacy ([BASE,F-044]_emotestextsound.sql)
           DELETE: delete from `emotestextsound` where `id` = 613;
           INSERT: insert into `emotestextsound` (`id`, `emotes_text_id`, `race_id`, `sex_id`, `sound_id`) values (613, 329, 23, 0, 19028);
  ID 614: (CONFLICT)
    [ 10] hd-everything ([BASE,F-049]_emotestextsound.sql)
           DELETE: delete from `emotestextsound` where `id` = 614;
           INSERT: insert into `emotestextsound` (`id`, `emotes_text_id`, `race_id`, `sex_id`, `sound_id`) values (614, 23, 1, 1, 6918);
    [ 20] worgoblin ([BASE,F-030]_emotestextsound.sql)
           DELETE: delete from `emotestextsound` where `id` = 614;
           INSERT: insert into `emotestextsound` (`id`, `emotes_text_id`, `race_id`, `sex_id`, `sound_id`) values (614, 328, 23, 0, 19013);
    [999] zepcraft-legacy ([BASE,F-044]_emotestextsound.sql)
           DELETE: delete from `emotestextsound` where `id` = 614;
           INSERT: insert into `emotestextsound` (`id`, `emotes_text_id`, `race_id`, `sex_id`, `sound_id`) values (614, 328, 23, 0, 19013);
  ID 616: (CONFLICT)
    [ 10] hd-everything ([BASE,F-049]_emotestextsound.sql)
           DELETE: delete from `emotestextsound` where `id` = 616;
           INSERT: insert into `emotestextsound` (`id`, `emotes_text_id`, `race_id`, `sex_id`, `sound_id`) values (616, 45, 1, 1, 6918);
    [ 20] worgoblin ([BASE,F-030]_emotestextsound.sql)
           DELETE: delete from `emotestextsound` where `id` = 616;
           INSERT: insert into `emotestextsound` (`id`, `emotes_text_id`, `race_id`, `sex_id`, `sound_id`) values (616, 26, 9, 0, 19091);
    [999] zepcraft-legacy ([BASE,F-044]_emotestextsound.sql)
           DELETE: delete from `emotestextsound` where `id` = 616;
           INSERT: insert into `emotestextsound` (`id`, `emotes_text_id`, `race_id`, `sex_id`, `sound_id`) values (616, 26, 9, 0, 19091);
  ID 617: (CONFLICT)
    [ 10] hd-everything ([BASE,F-049]_emotestextsound.sql)
           DELETE: delete from `emotestextsound` where `id` = 617;
           INSERT: insert into `emotestextsound` (`id`, `emotes_text_id`, `race_id`, `sex_id`, `sound_id`) values (617, 47, 1, 1, 6918);
    [ 20] worgoblin ([BASE,F-030]_emotestextsound.sql)
           DELETE: delete from `emotestextsound` where `id` = 617;
           INSERT: insert into `emotestextsound` (`id`, `emotes_text_id`, `race_id`, `sex_id`, `sound_id`) values (617, 307, 9, 0, 19086);
    [999] zepcraft-legacy ([BASE,F-044]_emotestextsound.sql)
           DELETE: delete from `emotestextsound` where `id` = 617;
           INSERT: insert into `emotestextsound` (`id`, `emotes_text_id`, `race_id`, `sex_id`, `sound_id`) values (617, 307, 9, 0, 19086);
  ID 618: (CONFLICT)
    [ 10] hd-everything ([BASE,F-049]_emotestextsound.sql)
           DELETE: delete from `emotestextsound` where `id` = 618;
           INSERT: insert into `emotestextsound` (`id`, `emotes_text_id`, `race_id`, `sex_id`, `sound_id`) values (618, 52, 1, 1, 6918);
    [ 20] worgoblin ([BASE,F-030]_emotestextsound.sql)
           DELETE: delete from `emotestextsound` where `id` = 618;
           INSERT: insert into `emotestextsound` (`id`, `emotes_text_id`, `race_id`, `sex_id`, `sound_id`) values (618, 324, 9, 0, 19132);
    [999] zepcraft-legacy ([BASE,F-044]_emotestextsound.sql)
           DELETE: delete from `emotestextsound` where `id` = 618;
           INSERT: insert into `emotestextsound` (`id`, `emotes_text_id`, `race_id`, `sex_id`, `sound_id`) values (618, 324, 9, 0, 19132);
  ID 619: (CONFLICT)
    [ 10] hd-everything ([BASE,F-049]_emotestextsound.sql)
           DELETE: delete from `emotestextsound` where `id` = 619;
           INSERT: insert into `emotestextsound` (`id`, `emotes_text_id`, `race_id`, `sex_id`, `sound_id`) values (619, 58, 1, 1, 6917);
    [ 20] worgoblin ([BASE,F-030]_emotestextsound.sql)
           DELETE: delete from `emotestextsound` where `id` = 619;
           INSERT: insert into `emotestextsound` (`id`, `emotes_text_id`, `race_id`, `sex_id`, `sound_id`) values (619, 326, 9, 0, 19134);
    [999] zepcraft-legacy ([BASE,F-044]_emotestextsound.sql)
           DELETE: delete from `emotestextsound` where `id` = 619;
           INSERT: insert into `emotestextsound` (`id`, `emotes_text_id`, `race_id`, `sex_id`, `sound_id`) values (619, 326, 9, 0, 19134);
  ID 620: (CONFLICT)
    [ 10] hd-everything ([BASE,F-049]_emotestextsound.sql)
           DELETE: delete from `emotestextsound` where `id` = 620;
           INSERT: insert into `emotestextsound` (`id`, `emotes_text_id`, `race_id`, `sex_id`, `sound_id`) values (620, 60, 1, 1, 6918);
    [ 20] worgoblin ([BASE,F-030]_emotestextsound.sql)
           DELETE: delete from `emotestextsound` where `id` = 620;
           INSERT: insert into `emotestextsound` (`id`, `emotes_text_id`, `race_id`, `sex_id`, `sound_id`) values (620, 55, 9, 0, 19135);
    [999] zepcraft-legacy ([BASE,F-044]_emotestextsound.sql)
           DELETE: delete from `emotestextsound` where `id` = 620;
           INSERT: insert into `emotestextsound` (`id`, `emotes_text_id`, `race_id`, `sex_id`, `sound_id`) values (620, 55, 9, 0, 19135);
  ID 621: (CONFLICT)
    [ 10] hd-everything ([BASE,F-049]_emotestextsound.sql)
           DELETE: delete from `emotestextsound` where `id` = 621;
           INSERT: insert into `emotestextsound` (`id`, `emotes_text_id`, `race_id`, `sex_id`, `sound_id`) values (621, 65, 1, 1, 6916);
    [ 20] worgoblin ([BASE,F-030]_emotestextsound.sql)
           DELETE: delete from `emotestextsound` where `id` = 621;
           INSERT: insert into `emotestextsound` (`id`, `emotes_text_id`, `race_id`, `sex_id`, `sound_id`) values (621, 306, 9, 0, 19130);
    [999] zepcraft-legacy ([BASE,F-044]_emotestextsound.sql)
           DELETE: delete from `emotestextsound` where `id` = 621;
           INSERT: insert into `emotestextsound` (`id`, `emotes_text_id`, `race_id`, `sex_id`, `sound_id`) values (621, 306, 9, 0, 19130);
  ID 622: (CONFLICT)
    [ 10] hd-everything ([BASE,F-049]_emotestextsound.sql)
           DELETE: delete from `emotestextsound` where `id` = 622;
           INSERT: insert into `emotestextsound` (`id`, `emotes_text_id`, `race_id`, `sex_id`, `sound_id`) values (622, 76, 1, 1, 6918);
    [ 20] worgoblin ([BASE,F-030]_emotestextsound.sql)
           DELETE: delete from `emotestextsound` where `id` = 622;
           INSERT: insert into `emotestextsound` (`id`, `emotes_text_id`, `race_id`, `sex_id`, `sound_id`) values (622, 303, 9, 0, 19136);
    [999] zepcraft-legacy ([BASE,F-044]_emotestextsound.sql)
           DELETE: delete from `emotestextsound` where `id` = 622;
           INSERT: insert into `emotestextsound` (`id`, `emotes_text_id`, `race_id`, `sex_id`, `sound_id`) values (622, 303, 9, 0, 19136);
  ID 623: (CONFLICT)
    [ 10] hd-everything ([BASE,F-049]_emotestextsound.sql)
           DELETE: delete from `emotestextsound` where `id` = 623;
           INSERT: insert into `emotestextsound` (`id`, `emotes_text_id`, `race_id`, `sex_id`, `sound_id`) values (623, 136, 1, 1, 6914);
    [ 20] worgoblin ([BASE,F-030]_emotestextsound.sql)
           DELETE: delete from `emotestextsound` where `id` = 623;
           INSERT: insert into `emotestextsound` (`id`, `emotes_text_id`, `race_id`, `sex_id`, `sound_id`) values (623, 304, 9, 0, 19137);
    [999] zepcraft-legacy ([BASE,F-044]_emotestextsound.sql)
           DELETE: delete from `emotestextsound` where `id` = 623;
           INSERT: insert into `emotestextsound` (`id`, `emotes_text_id`, `race_id`, `sex_id`, `sound_id`) values (623, 304, 9, 0, 19137);
  ID 624: (CONFLICT)
    [ 10] hd-everything ([BASE,F-049]_emotestextsound.sql)
           DELETE: delete from `emotestextsound` where `id` = 624;
           INSERT: insert into `emotestextsound` (`id`, `emotes_text_id`, `race_id`, `sex_id`, `sound_id`) values (624, 20, 2, 0, 6943);
    [ 20] worgoblin ([BASE,F-030]_emotestextsound.sql)
           DELETE: delete from `emotestextsound` where `id` = 624;
           INSERT: insert into `emotestextsound` (`id`, `emotes_text_id`, `race_id`, `sex_id`, `sound_id`) values (624, 323, 9, 0, 19142);
    [999] zepcraft-legacy ([BASE,F-044]_emotestextsound.sql)
           DELETE: delete from `emotestextsound` where `id` = 624;
           INSERT: insert into `emotestextsound` (`id`, `emotes_text_id`, `race_id`, `sex_id`, `sound_id`) values (624, 323, 9, 0, 19142);
  ID 625: (CONFLICT)
    [ 10] hd-everything ([BASE,F-049]_emotestextsound.sql)
           DELETE: delete from `emotestextsound` where `id` = 625;
           INSERT: insert into `emotestextsound` (`id`, `emotes_text_id`, `race_id`, `sex_id`, `sound_id`) values (625, 22, 2, 0, 6939);
    [ 20] worgoblin ([BASE,F-030]_emotestextsound.sql)
           DELETE: delete from `emotestextsound` where `id` = 625;
           INSERT: insert into `emotestextsound` (`id`, `emotes_text_id`, `race_id`, `sex_id`, `sound_id`) values (625, 327, 9, 0, 19141);
    [999] zepcraft-legacy ([BASE,F-044]_emotestextsound.sql)
           DELETE: delete from `emotestextsound` where `id` = 625;
           INSERT: insert into `emotestextsound` (`id`, `emotes_text_id`, `race_id`, `sex_id`, `sound_id`) values (625, 327, 9, 0, 19141);
  ID 626: (CONFLICT)
    [ 10] hd-everything ([BASE,F-049]_emotestextsound.sql)
           DELETE: delete from `emotestextsound` where `id` = 626;
           INSERT: insert into `emotestextsound` (`id`, `emotes_text_id`, `race_id`, `sex_id`, `sound_id`) values (626, 23, 2, 0, 6943);
    [ 20] worgoblin ([BASE,F-030]_emotestextsound.sql)
           DELETE: delete from `emotestextsound` where `id` = 626;
           INSERT: insert into `emotestextsound` (`id`, `emotes_text_id`, `race_id`, `sex_id`, `sound_id`) values (626, 19, 9, 0, 19133);
    [999] zepcraft-legacy ([BASE,F-044]_emotestextsound.sql)
           DELETE: delete from `emotestextsound` where `id` = 626;
           INSERT: insert into `emotestextsound` (`id`, `emotes_text_id`, `race_id`, `sex_id`, `sound_id`) values (626, 19, 9, 0, 19133);
  ID 627: (CONFLICT)
    [ 10] hd-everything ([BASE,F-049]_emotestextsound.sql)
           DELETE: delete from `emotestextsound` where `id` = 627;
           INSERT: insert into `emotestextsound` (`id`, `emotes_text_id`, `race_id`, `sex_id`, `sound_id`) values (627, 31, 2, 0, 6941);
    [ 20] worgoblin ([BASE,F-030]_emotestextsound.sql)
           DELETE: delete from `emotestextsound` where `id` = 627;
           INSERT: insert into `emotestextsound` (`id`, `emotes_text_id`, `race_id`, `sex_id`, `sound_id`) values (627, 66, 9, 0, 19139);
    [999] zepcraft-legacy ([BASE,F-044]_emotestextsound.sql)
           DELETE: delete from `emotestextsound` where `id` = 627;
           INSERT: insert into `emotestextsound` (`id`, `emotes_text_id`, `race_id`, `sex_id`, `sound_id`) values (627, 66, 9, 0, 19139);
  ID 628: (CONFLICT)
    [ 10] hd-everything ([BASE,F-049]_emotestextsound.sql)
           DELETE: delete from `emotestextsound` where `id` = 628;
           INSERT: insert into `emotestextsound` (`id`, `emotes_text_id`, `race_id`, `sex_id`, `sound_id`) values (628, 45, 2, 0, 6943);
    [ 20] worgoblin ([BASE,F-030]_emotestextsound.sql)
           DELETE: delete from `emotestextsound` where `id` = 628;
           INSERT: insert into `emotestextsound` (`id`, `emotes_text_id`, `race_id`, `sex_id`, `sound_id`) values (628, 97, 9, 0, 19146);
    [999] zepcraft-legacy ([BASE,F-044]_emotestextsound.sql)
           DELETE: delete from `emotestextsound` where `id` = 628;
           INSERT: insert into `emotestextsound` (`id`, `emotes_text_id`, `race_id`, `sex_id`, `sound_id`) values (628, 97, 9, 0, 19146);
  ID 629: (CONFLICT)
    [ 10] hd-everything ([BASE,F-049]_emotestextsound.sql)
           DELETE: delete from `emotestextsound` where `id` = 629;
           INSERT: insert into `emotestextsound` (`id`, `emotes_text_id`, `race_id`, `sex_id`, `sound_id`) values (629, 47, 2, 0, 6943);
    [ 20] worgoblin ([BASE,F-030]_emotestextsound.sql)
           DELETE: delete from `emotestextsound` where `id` = 629;
           INSERT: insert into `emotestextsound` (`id`, `emotes_text_id`, `race_id`, `sex_id`, `sound_id`) values (629, 325, 9, 0, 19148);
    [999] zepcraft-legacy ([BASE,F-044]_emotestextsound.sql)
           DELETE: delete from `emotestextsound` where `id` = 629;
           INSERT: insert into `emotestextsound` (`id`, `emotes_text_id`, `race_id`, `sex_id`, `sound_id`) values (629, 325, 9, 0, 19148);
  ID 630: (CONFLICT)
    [ 10] hd-everything ([BASE,F-049]_emotestextsound.sql)
           DELETE: delete from `emotestextsound` where `id` = 630;
           INSERT: insert into `emotestextsound` (`id`, `emotes_text_id`, `race_id`, `sex_id`, `sound_id`) values (630, 52, 2, 0, 6943);
    [ 20] worgoblin ([BASE,F-030]_emotestextsound.sql)
           DELETE: delete from `emotestextsound` where `id` = 630;
           INSERT: insert into `emotestextsound` (`id`, `emotes_text_id`, `race_id`, `sex_id`, `sound_id`) values (630, 453, 9, 0, 19152);
    [999] zepcraft-legacy ([BASE,F-044]_emotestextsound.sql)
           DELETE: delete from `emotestextsound` where `id` = 630;
           INSERT: insert into `emotestextsound` (`id`, `emotes_text_id`, `race_id`, `sex_id`, `sound_id`) values (630, 453, 9, 0, 19152);
  ID 631: (CONFLICT)
    [ 10] hd-everything ([BASE,F-049]_emotestextsound.sql)
           DELETE: delete from `emotestextsound` where `id` = 631;
           INSERT: insert into `emotestextsound` (`id`, `emotes_text_id`, `race_id`, `sex_id`, `sound_id`) values (631, 58, 2, 0, 6942);
    [ 20] worgoblin ([BASE,F-030]_emotestextsound.sql)
           DELETE: delete from `emotestextsound` where `id` = 631;
           INSERT: insert into `emotestextsound` (`id`, `emotes_text_id`, `race_id`, `sex_id`, `sound_id`) values (631, 67, 9, 0, 19140);
    [999] zepcraft-legacy ([BASE,F-044]_emotestextsound.sql)
           DELETE: delete from `emotestextsound` where `id` = 631;
           INSERT: insert into `emotestextsound` (`id`, `emotes_text_id`, `race_id`, `sex_id`, `sound_id`) values (631, 67, 9, 0, 19140);
  ID 632: (CONFLICT)
    [ 10] hd-everything ([BASE,F-049]_emotestextsound.sql)
           DELETE: delete from `emotestextsound` where `id` = 632;
           INSERT: insert into `emotestextsound` (`id`, `emotes_text_id`, `race_id`, `sex_id`, `sound_id`) values (632, 60, 2, 0, 6943);
    [ 20] worgoblin ([BASE,F-030]_emotestextsound.sql)
           DELETE: delete from `emotestextsound` where `id` = 632;
           INSERT: insert into `emotestextsound` (`id`, `emotes_text_id`, `race_id`, `sex_id`, `sound_id`) values (632, 183, 9, 0, 19143);
    [999] zepcraft-legacy ([BASE,F-044]_emotestextsound.sql)
           DELETE: delete from `emotestextsound` where `id` = 632;
           INSERT: insert into `emotestextsound` (`id`, `emotes_text_id`, `race_id`, `sex_id`, `sound_id`) values (632, 183, 9, 0, 19143);
  ID 633: (CONFLICT)
    [ 10] hd-everything ([BASE,F-049]_emotestextsound.sql)
           DELETE: delete from `emotestextsound` where `id` = 633;
           INSERT: insert into `emotestextsound` (`id`, `emotes_text_id`, `race_id`, `sex_id`, `sound_id`) values (633, 65, 2, 0, 6941);
    [ 20] worgoblin ([BASE,F-030]_emotestextsound.sql)
           DELETE: delete from `emotestextsound` where `id` = 633;
           INSERT: insert into `emotestextsound` (`id`, `emotes_text_id`, `race_id`, `sex_id`, `sound_id`) values (633, 264, 9, 0, 19147);
    [999] zepcraft-legacy ([BASE,F-044]_emotestextsound.sql)
           DELETE: delete from `emotestextsound` where `id` = 633;
           INSERT: insert into `emotestextsound` (`id`, `emotes_text_id`, `race_id`, `sex_id`, `sound_id`) values (633, 264, 9, 0, 19147);
  ID 634: (CONFLICT)
    [ 10] hd-everything ([BASE,F-049]_emotestextsound.sql)
           DELETE: delete from `emotestextsound` where `id` = 634;
           INSERT: insert into `emotestextsound` (`id`, `emotes_text_id`, `race_id`, `sex_id`, `sound_id`) values (634, 76, 2, 0, 6943);
    [ 20] worgoblin ([BASE,F-030]_emotestextsound.sql)
           DELETE: delete from `emotestextsound` where `id` = 634;
           INSERT: insert into `emotestextsound` (`id`, `emotes_text_id`, `race_id`, `sex_id`, `sound_id`) values (634, 21, 9, 0, 19089);
    [999] zepcraft-legacy ([BASE,F-044]_emotestextsound.sql)
           DELETE: delete from `emotestextsound` where `id` = 634;
           INSERT: insert into `emotestextsound` (`id`, `emotes_text_id`, `race_id`, `sex_id`, `sound_id`) values (634, 21, 9, 0, 19089);
  ID 635: (CONFLICT)
    [ 10] hd-everything ([BASE,F-049]_emotestextsound.sql)
           DELETE: delete from `emotestextsound` where `id` = 635;
           INSERT: insert into `emotestextsound` (`id`, `emotes_text_id`, `race_id`, `sex_id`, `sound_id`) values (635, 136, 2, 0, 6939);
    [ 20] worgoblin ([BASE,F-030]_emotestextsound.sql)
           DELETE: delete from `emotestextsound` where `id` = 635;
           INSERT: insert into `emotestextsound` (`id`, `emotes_text_id`, `race_id`, `sex_id`, `sound_id`) values (635, 305, 9, 0, 19088);
    [999] zepcraft-legacy ([BASE,F-044]_emotestextsound.sql)
           DELETE: delete from `emotestextsound` where `id` = 635;
           INSERT: insert into `emotestextsound` (`id`, `emotes_text_id`, `race_id`, `sex_id`, `sound_id`) values (635, 305, 9, 0, 19088);
  ID 636: (CONFLICT)
    [ 10] hd-everything ([BASE,F-049]_emotestextsound.sql)
           DELETE: delete from `emotestextsound` where `id` = 636;
           INSERT: insert into `emotestextsound` (`id`, `emotes_text_id`, `race_id`, `sex_id`, `sound_id`) values (636, 20, 2, 1, 6938);
    [ 20] worgoblin ([BASE,F-030]_emotestextsound.sql)
           DELETE: delete from `emotestextsound` where `id` = 636;
           INSERT: insert into `emotestextsound` (`id`, `emotes_text_id`, `race_id`, `sex_id`, `sound_id`) values (636, 329, 9, 0, 19145);
    [999] zepcraft-legacy ([BASE,F-044]_emotestextsound.sql)
           DELETE: delete from `emotestextsound` where `id` = 636;
           INSERT: insert into `emotestextsound` (`id`, `emotes_text_id`, `race_id`, `sex_id`, `sound_id`) values (636, 329, 9, 0, 19145);
  ID 637: (CONFLICT)
    [ 10] hd-everything ([BASE,F-049]_emotestextsound.sql)
           DELETE: delete from `emotestextsound` where `id` = 637;
           INSERT: insert into `emotestextsound` (`id`, `emotes_text_id`, `race_id`, `sex_id`, `sound_id`) values (637, 22, 2, 1, 6934);
    [ 20] worgoblin ([BASE,F-030]_emotestextsound.sql)
           DELETE: delete from `emotestextsound` where `id` = 637;
           INSERT: insert into `emotestextsound` (`id`, `emotes_text_id`, `race_id`, `sex_id`, `sound_id`) values (637, 328, 9, 0, 19131);
    [999] zepcraft-legacy ([BASE,F-044]_emotestextsound.sql)
           DELETE: delete from `emotestextsound` where `id` = 637;
           INSERT: insert into `emotestextsound` (`id`, `emotes_text_id`, `race_id`, `sex_id`, `sound_id`) values (637, 328, 9, 0, 19131);
  ID 638: (CONFLICT)
    [ 10] hd-everything ([BASE,F-049]_emotestextsound.sql)
           DELETE: delete from `emotestextsound` where `id` = 638;
           INSERT: insert into `emotestextsound` (`id`, `emotes_text_id`, `race_id`, `sex_id`, `sound_id`) values (638, 23, 2, 1, 6938);
    [ 20] worgoblin ([BASE,F-030]_emotestextsound.sql)
           DELETE: delete from `emotestextsound` where `id` = 638;
           INSERT: insert into `emotestextsound` (`id`, `emotes_text_id`, `race_id`, `sex_id`, `sound_id`) values (638, 26, 9, 1, 19199);
    [999] zepcraft-legacy ([BASE,F-044]_emotestextsound.sql)
           DELETE: delete from `emotestextsound` where `id` = 638;
           INSERT: insert into `emotestextsound` (`id`, `emotes_text_id`, `race_id`, `sex_id`, `sound_id`) values (638, 26, 9, 1, 19199);
  ID 639: (CONFLICT)
    [ 10] hd-everything ([BASE,F-049]_emotestextsound.sql)
           DELETE: delete from `emotestextsound` where `id` = 639;
           INSERT: insert into `emotestextsound` (`id`, `emotes_text_id`, `race_id`, `sex_id`, `sound_id`) values (639, 31, 2, 1, 6936);
    [ 20] worgoblin ([BASE,F-030]_emotestextsound.sql)
           DELETE: delete from `emotestextsound` where `id` = 639;
           INSERT: insert into `emotestextsound` (`id`, `emotes_text_id`, `race_id`, `sex_id`, `sound_id`) values (639, 307, 9, 1, 19197);
    [999] zepcraft-legacy ([BASE,F-044]_emotestextsound.sql)
           DELETE: delete from `emotestextsound` where `id` = 639;
           INSERT: insert into `emotestextsound` (`id`, `emotes_text_id`, `race_id`, `sex_id`, `sound_id`) values (639, 307, 9, 1, 19197);
  ID 640: (CONFLICT)
    [ 10] hd-everything ([BASE,F-049]_emotestextsound.sql)
           DELETE: delete from `emotestextsound` where `id` = 640;
           INSERT: insert into `emotestextsound` (`id`, `emotes_text_id`, `race_id`, `sex_id`, `sound_id`) values (640, 45, 2, 1, 6938);
    [ 20] worgoblin ([BASE,F-030]_emotestextsound.sql)
           DELETE: delete from `emotestextsound` where `id` = 640;
           INSERT: insert into `emotestextsound` (`id`, `emotes_text_id`, `race_id`, `sex_id`, `sound_id`) values (640, 324, 9, 1, 19241);
    [999] zepcraft-legacy ([BASE,F-044]_emotestextsound.sql)
           DELETE: delete from `emotestextsound` where `id` = 640;
           INSERT: insert into `emotestextsound` (`id`, `emotes_text_id`, `race_id`, `sex_id`, `sound_id`) values (640, 324, 9, 1, 19241);
  ID 641: (CONFLICT)
    [ 10] hd-everything ([BASE,F-049]_emotestextsound.sql)
           DELETE: delete from `emotestextsound` where `id` = 641;
           INSERT: insert into `emotestextsound` (`id`, `emotes_text_id`, `race_id`, `sex_id`, `sound_id`) values (641, 47, 2, 1, 6938);
    [ 20] worgoblin ([BASE,F-030]_emotestextsound.sql)
           DELETE: delete from `emotestextsound` where `id` = 641;
           INSERT: insert into `emotestextsound` (`id`, `emotes_text_id`, `race_id`, `sex_id`, `sound_id`) values (641, 326, 9, 1, 19243);
    [999] zepcraft-legacy ([BASE,F-044]_emotestextsound.sql)
           DELETE: delete from `emotestextsound` where `id` = 641;
           INSERT: insert into `emotestextsound` (`id`, `emotes_text_id`, `race_id`, `sex_id`, `sound_id`) values (641, 326, 9, 1, 19243);
  ID 642: (CONFLICT)
    [ 10] hd-everything ([BASE,F-049]_emotestextsound.sql)
           DELETE: delete from `emotestextsound` where `id` = 642;
           INSERT: insert into `emotestextsound` (`id`, `emotes_text_id`, `race_id`, `sex_id`, `sound_id`) values (642, 52, 2, 1, 6938);
    [ 20] worgoblin ([BASE,F-030]_emotestextsound.sql)
           DELETE: delete from `emotestextsound` where `id` = 642;
           INSERT: insert into `emotestextsound` (`id`, `emotes_text_id`, `race_id`, `sex_id`, `sound_id`) values (642, 55, 9, 1, 19244);
    [999] zepcraft-legacy ([BASE,F-044]_emotestextsound.sql)
           DELETE: delete from `emotestextsound` where `id` = 642;
           INSERT: insert into `emotestextsound` (`id`, `emotes_text_id`, `race_id`, `sex_id`, `sound_id`) values (642, 55, 9, 1, 19244);
  ID 643: (CONFLICT)
    [ 10] hd-everything ([BASE,F-049]_emotestextsound.sql)
           DELETE: delete from `emotestextsound` where `id` = 643;
           INSERT: insert into `emotestextsound` (`id`, `emotes_text_id`, `race_id`, `sex_id`, `sound_id`) values (643, 58, 2, 1, 6937);
    [ 20] worgoblin ([BASE,F-030]_emotestextsound.sql)
           DELETE: delete from `emotestextsound` where `id` = 643;
           INSERT: insert into `emotestextsound` (`id`, `emotes_text_id`, `race_id`, `sex_id`, `sound_id`) values (643, 306, 9, 1, 19239);
    [999] zepcraft-legacy ([BASE,F-044]_emotestextsound.sql)
           DELETE: delete from `emotestextsound` where `id` = 643;
           INSERT: insert into `emotestextsound` (`id`, `emotes_text_id`, `race_id`, `sex_id`, `sound_id`) values (643, 306, 9, 1, 19239);
  ID 644: (CONFLICT)
    [ 10] hd-everything ([BASE,F-049]_emotestextsound.sql)
           DELETE: delete from `emotestextsound` where `id` = 644;
           INSERT: insert into `emotestextsound` (`id`, `emotes_text_id`, `race_id`, `sex_id`, `sound_id`) values (644, 60, 2, 1, 6938);
    [ 20] worgoblin ([BASE,F-030]_emotestextsound.sql)
           DELETE: delete from `emotestextsound` where `id` = 644;
           INSERT: insert into `emotestextsound` (`id`, `emotes_text_id`, `race_id`, `sex_id`, `sound_id`) values (644, 303, 9, 1, 19245);
    [999] zepcraft-legacy ([BASE,F-044]_emotestextsound.sql)
           DELETE: delete from `emotestextsound` where `id` = 644;
           INSERT: insert into `emotestextsound` (`id`, `emotes_text_id`, `race_id`, `sex_id`, `sound_id`) values (644, 303, 9, 1, 19245);
  ID 645: (CONFLICT)
    [ 10] hd-everything ([BASE,F-049]_emotestextsound.sql)
           DELETE: delete from `emotestextsound` where `id` = 645;
           INSERT: insert into `emotestextsound` (`id`, `emotes_text_id`, `race_id`, `sex_id`, `sound_id`) values (645, 65, 2, 1, 6936);
    [ 20] worgoblin ([BASE,F-030]_emotestextsound.sql)
           DELETE: delete from `emotestextsound` where `id` = 645;
           INSERT: insert into `emotestextsound` (`id`, `emotes_text_id`, `race_id`, `sex_id`, `sound_id`) values (645, 304, 9, 1, 19246);
    [999] zepcraft-legacy ([BASE,F-044]_emotestextsound.sql)
           DELETE: delete from `emotestextsound` where `id` = 645;
           INSERT: insert into `emotestextsound` (`id`, `emotes_text_id`, `race_id`, `sex_id`, `sound_id`) values (645, 304, 9, 1, 19246);
  ID 646: (CONFLICT)
    [ 10] hd-everything ([BASE,F-049]_emotestextsound.sql)
           DELETE: delete from `emotestextsound` where `id` = 646;
           INSERT: insert into `emotestextsound` (`id`, `emotes_text_id`, `race_id`, `sex_id`, `sound_id`) values (646, 76, 2, 1, 6938);
    [ 20] worgoblin ([BASE,F-030]_emotestextsound.sql)
           DELETE: delete from `emotestextsound` where `id` = 646;
           INSERT: insert into `emotestextsound` (`id`, `emotes_text_id`, `race_id`, `sex_id`, `sound_id`) values (646, 323, 9, 1, 19252);
    [999] zepcraft-legacy ([BASE,F-044]_emotestextsound.sql)
           DELETE: delete from `emotestextsound` where `id` = 646;
           INSERT: insert into `emotestextsound` (`id`, `emotes_text_id`, `race_id`, `sex_id`, `sound_id`) values (646, 323, 9, 1, 19252);
  ID 647: (CONFLICT)
    [ 10] hd-everything ([BASE,F-049]_emotestextsound.sql)
           DELETE: delete from `emotestextsound` where `id` = 647;
           INSERT: insert into `emotestextsound` (`id`, `emotes_text_id`, `race_id`, `sex_id`, `sound_id`) values (647, 136, 2, 1, 6934);
    [ 20] worgoblin ([BASE,F-030]_emotestextsound.sql)
           DELETE: delete from `emotestextsound` where `id` = 647;
           INSERT: insert into `emotestextsound` (`id`, `emotes_text_id`, `race_id`, `sex_id`, `sound_id`) values (647, 327, 9, 1, 19251);
    [999] zepcraft-legacy ([BASE,F-044]_emotestextsound.sql)
           DELETE: delete from `emotestextsound` where `id` = 647;
           INSERT: insert into `emotestextsound` (`id`, `emotes_text_id`, `race_id`, `sex_id`, `sound_id`) values (647, 327, 9, 1, 19251);
  ID 648: (CONFLICT)
    [ 10] hd-everything ([BASE,F-049]_emotestextsound.sql)
           DELETE: delete from `emotestextsound` where `id` = 648;
           INSERT: insert into `emotestextsound` (`id`, `emotes_text_id`, `race_id`, `sex_id`, `sound_id`) values (648, 20, 3, 0, 6903);
    [ 20] worgoblin ([BASE,F-030]_emotestextsound.sql)
           DELETE: delete from `emotestextsound` where `id` = 648;
           INSERT: insert into `emotestextsound` (`id`, `emotes_text_id`, `race_id`, `sex_id`, `sound_id`) values (648, 19, 9, 1, 19242);
    [999] zepcraft-legacy ([BASE,F-044]_emotestextsound.sql)
           DELETE: delete from `emotestextsound` where `id` = 648;
           INSERT: insert into `emotestextsound` (`id`, `emotes_text_id`, `race_id`, `sex_id`, `sound_id`) values (648, 19, 9, 1, 19242);
  ID 649: (CONFLICT)
    [ 10] hd-everything ([BASE,F-049]_emotestextsound.sql)
           DELETE: delete from `emotestextsound` where `id` = 649;
           INSERT: insert into `emotestextsound` (`id`, `emotes_text_id`, `race_id`, `sex_id`, `sound_id`) values (649, 22, 3, 0, 6899);
    [ 20] worgoblin ([BASE,F-030]_emotestextsound.sql)
           DELETE: delete from `emotestextsound` where `id` = 649;
           INSERT: insert into `emotestextsound` (`id`, `emotes_text_id`, `race_id`, `sex_id`, `sound_id`) values (649, 66, 9, 1, 19249);
    [999] zepcraft-legacy ([BASE,F-044]_emotestextsound.sql)
           DELETE: delete from `emotestextsound` where `id` = 649;
           INSERT: insert into `emotestextsound` (`id`, `emotes_text_id`, `race_id`, `sex_id`, `sound_id`) values (649, 66, 9, 1, 19249);
  ID 650: (CONFLICT)
    [ 10] hd-everything ([BASE,F-049]_emotestextsound.sql)
           DELETE: delete from `emotestextsound` where `id` = 650;
           INSERT: insert into `emotestextsound` (`id`, `emotes_text_id`, `race_id`, `sex_id`, `sound_id`) values (650, 23, 3, 0, 6903);
    [ 20] worgoblin ([BASE,F-030]_emotestextsound.sql)
           DELETE: delete from `emotestextsound` where `id` = 650;
           INSERT: insert into `emotestextsound` (`id`, `emotes_text_id`, `race_id`, `sex_id`, `sound_id`) values (650, 97, 9, 1, 19256);
    [999] zepcraft-legacy ([BASE,F-044]_emotestextsound.sql)
           DELETE: delete from `emotestextsound` where `id` = 650;
           INSERT: insert into `emotestextsound` (`id`, `emotes_text_id`, `race_id`, `sex_id`, `sound_id`) values (650, 97, 9, 1, 19256);
  ID 651: (CONFLICT)
    [ 10] hd-everything ([BASE,F-049]_emotestextsound.sql)
           DELETE: delete from `emotestextsound` where `id` = 651;
           INSERT: insert into `emotestextsound` (`id`, `emotes_text_id`, `race_id`, `sex_id`, `sound_id`) values (651, 31, 3, 0, 6901);
    [ 20] worgoblin ([BASE,F-030]_emotestextsound.sql)
           DELETE: delete from `emotestextsound` where `id` = 651;
           INSERT: insert into `emotestextsound` (`id`, `emotes_text_id`, `race_id`, `sex_id`, `sound_id`) values (651, 325, 9, 1, 19258);
    [999] zepcraft-legacy ([BASE,F-044]_emotestextsound.sql)
           DELETE: delete from `emotestextsound` where `id` = 651;
           INSERT: insert into `emotestextsound` (`id`, `emotes_text_id`, `race_id`, `sex_id`, `sound_id`) values (651, 325, 9, 1, 19258);
  ID 652: (CONFLICT)
    [ 10] hd-everything ([BASE,F-049]_emotestextsound.sql)
           DELETE: delete from `emotestextsound` where `id` = 652;
           INSERT: insert into `emotestextsound` (`id`, `emotes_text_id`, `race_id`, `sex_id`, `sound_id`) values (652, 45, 3, 0, 6903);
    [ 20] worgoblin ([BASE,F-030]_emotestextsound.sql)
           DELETE: delete from `emotestextsound` where `id` = 652;
           INSERT: insert into `emotestextsound` (`id`, `emotes_text_id`, `race_id`, `sex_id`, `sound_id`) values (652, 453, 9, 1, 19260);
    [999] zepcraft-legacy ([BASE,F-044]_emotestextsound.sql)
           DELETE: delete from `emotestextsound` where `id` = 652;
           INSERT: insert into `emotestextsound` (`id`, `emotes_text_id`, `race_id`, `sex_id`, `sound_id`) values (652, 453, 9, 1, 19260);
  ID 653: (CONFLICT)
    [ 10] hd-everything ([BASE,F-049]_emotestextsound.sql)
           DELETE: delete from `emotestextsound` where `id` = 653;
           INSERT: insert into `emotestextsound` (`id`, `emotes_text_id`, `race_id`, `sex_id`, `sound_id`) values (653, 47, 3, 0, 6903);
    [ 20] worgoblin ([BASE,F-030]_emotestextsound.sql)
           DELETE: delete from `emotestextsound` where `id` = 653;
           INSERT: insert into `emotestextsound` (`id`, `emotes_text_id`, `race_id`, `sex_id`, `sound_id`) values (653, 67, 9, 1, 19250);
    [999] zepcraft-legacy ([BASE,F-044]_emotestextsound.sql)
           DELETE: delete from `emotestextsound` where `id` = 653;
           INSERT: insert into `emotestextsound` (`id`, `emotes_text_id`, `race_id`, `sex_id`, `sound_id`) values (653, 67, 9, 1, 19250);
  ID 654: (CONFLICT)
    [ 10] hd-everything ([BASE,F-049]_emotestextsound.sql)
           DELETE: delete from `emotestextsound` where `id` = 654;
           INSERT: insert into `emotestextsound` (`id`, `emotes_text_id`, `race_id`, `sex_id`, `sound_id`) values (654, 52, 3, 0, 6903);
    [ 20] worgoblin ([BASE,F-030]_emotestextsound.sql)
           DELETE: delete from `emotestextsound` where `id` = 654;
           INSERT: insert into `emotestextsound` (`id`, `emotes_text_id`, `race_id`, `sex_id`, `sound_id`) values (654, 183, 9, 1, 19253);
    [999] zepcraft-legacy ([BASE,F-044]_emotestextsound.sql)
           DELETE: delete from `emotestextsound` where `id` = 654;
           INSERT: insert into `emotestextsound` (`id`, `emotes_text_id`, `race_id`, `sex_id`, `sound_id`) values (654, 183, 9, 1, 19253);
  ID 655: (CONFLICT)
    [ 10] hd-everything ([BASE,F-049]_emotestextsound.sql)
           DELETE: delete from `emotestextsound` where `id` = 655;
           INSERT: insert into `emotestextsound` (`id`, `emotes_text_id`, `race_id`, `sex_id`, `sound_id`) values (655, 58, 3, 0, 6902);
    [ 20] worgoblin ([BASE,F-030]_emotestextsound.sql)
           DELETE: delete from `emotestextsound` where `id` = 655;
           INSERT: insert into `emotestextsound` (`id`, `emotes_text_id`, `race_id`, `sex_id`, `sound_id`) values (655, 264, 9, 1, 19257);
    [999] zepcraft-legacy ([BASE,F-044]_emotestextsound.sql)
           DELETE: delete from `emotestextsound` where `id` = 655;
           INSERT: insert into `emotestextsound` (`id`, `emotes_text_id`, `race_id`, `sex_id`, `sound_id`) values (655, 264, 9, 1, 19257);
  ID 656: (CONFLICT)
    [ 10] hd-everything ([BASE,F-049]_emotestextsound.sql)
           DELETE: delete from `emotestextsound` where `id` = 656;
           INSERT: insert into `emotestextsound` (`id`, `emotes_text_id`, `race_id`, `sex_id`, `sound_id`) values (656, 60, 3, 0, 6903);
    [ 20] worgoblin ([BASE,F-030]_emotestextsound.sql)
           DELETE: delete from `emotestextsound` where `id` = 656;
           INSERT: insert into `emotestextsound` (`id`, `emotes_text_id`, `race_id`, `sex_id`, `sound_id`) values (656, 21, 9, 1, 19202);
    [999] zepcraft-legacy ([BASE,F-044]_emotestextsound.sql)
           DELETE: delete from `emotestextsound` where `id` = 656;
           INSERT: insert into `emotestextsound` (`id`, `emotes_text_id`, `race_id`, `sex_id`, `sound_id`) values (656, 21, 9, 1, 19202);
  ID 657: (CONFLICT)
    [ 10] hd-everything ([BASE,F-049]_emotestextsound.sql)
           DELETE: delete from `emotestextsound` where `id` = 657;
           INSERT: insert into `emotestextsound` (`id`, `emotes_text_id`, `race_id`, `sex_id`, `sound_id`) values (657, 65, 3, 0, 6901);
    [ 20] worgoblin ([BASE,F-030]_emotestextsound.sql)
           DELETE: delete from `emotestextsound` where `id` = 657;
           INSERT: insert into `emotestextsound` (`id`, `emotes_text_id`, `race_id`, `sex_id`, `sound_id`) values (657, 305, 9, 1, 19198);
    [999] zepcraft-legacy ([BASE,F-044]_emotestextsound.sql)
           DELETE: delete from `emotestextsound` where `id` = 657;
           INSERT: insert into `emotestextsound` (`id`, `emotes_text_id`, `race_id`, `sex_id`, `sound_id`) values (657, 305, 9, 1, 19198);
  ID 658: (CONFLICT)
    [ 10] hd-everything ([BASE,F-049]_emotestextsound.sql)
           DELETE: delete from `emotestextsound` where `id` = 658;
           INSERT: insert into `emotestextsound` (`id`, `emotes_text_id`, `race_id`, `sex_id`, `sound_id`) values (658, 76, 3, 0, 6903);
    [ 20] worgoblin ([BASE,F-030]_emotestextsound.sql)
           DELETE: delete from `emotestextsound` where `id` = 658;
           INSERT: insert into `emotestextsound` (`id`, `emotes_text_id`, `race_id`, `sex_id`, `sound_id`) values (658, 329, 9, 1, 19255);
    [999] zepcraft-legacy ([BASE,F-044]_emotestextsound.sql)
           DELETE: delete from `emotestextsound` where `id` = 658;
           INSERT: insert into `emotestextsound` (`id`, `emotes_text_id`, `race_id`, `sex_id`, `sound_id`) values (658, 329, 9, 1, 19255);
  ID 659: (CONFLICT)
    [ 10] hd-everything ([BASE,F-049]_emotestextsound.sql)
           DELETE: delete from `emotestextsound` where `id` = 659;
           INSERT: insert into `emotestextsound` (`id`, `emotes_text_id`, `race_id`, `sex_id`, `sound_id`) values (659, 136, 3, 0, 6899);
    [ 20] worgoblin ([BASE,F-030]_emotestextsound.sql)
           DELETE: delete from `emotestextsound` where `id` = 659;
           INSERT: insert into `emotestextsound` (`id`, `emotes_text_id`, `race_id`, `sex_id`, `sound_id`) values (659, 328, 9, 1, 19240);
    [999] zepcraft-legacy ([BASE,F-044]_emotestextsound.sql)
           DELETE: delete from `emotestextsound` where `id` = 659;
           INSERT: insert into `emotestextsound` (`id`, `emotes_text_id`, `race_id`, `sex_id`, `sound_id`) values (659, 328, 9, 1, 19240);
  ID 660: (CONFLICT)
    [ 10] hd-everything ([BASE,F-049]_emotestextsound.sql)
           DELETE: delete from `emotestextsound` where `id` = 660;
           INSERT: insert into `emotestextsound` (`id`, `emotes_text_id`, `race_id`, `sex_id`, `sound_id`) values (660, 20, 3, 1, 6894);
    [ 20] worgoblin ([BASE,F-030]_emotestextsound.sql)
           DELETE: delete from `emotestextsound` where `id` = 660;
           INSERT: insert into `emotestextsound` (`id`, `emotes_text_id`, `race_id`, `sex_id`, `sound_id`) values (660, 26, 12, 0, 19299);
    [999] zepcraft-legacy ([BASE,F-044]_emotestextsound.sql)
           DELETE: delete from `emotestextsound` where `id` = 660;
           INSERT: insert into `emotestextsound` (`id`, `emotes_text_id`, `race_id`, `sex_id`, `sound_id`) values (660, 26, 12, 0, 19299);
  ID 661: (CONFLICT)
    [ 10] hd-everything ([BASE,F-049]_emotestextsound.sql)
           DELETE: delete from `emotestextsound` where `id` = 661;
           INSERT: insert into `emotestextsound` (`id`, `emotes_text_id`, `race_id`, `sex_id`, `sound_id`) values (661, 22, 3, 1, 6896);
    [ 20] worgoblin ([BASE,F-030]_emotestextsound.sql)
           DELETE: delete from `emotestextsound` where `id` = 661;
           INSERT: insert into `emotestextsound` (`id`, `emotes_text_id`, `race_id`, `sex_id`, `sound_id`) values (661, 307, 12, 0, 19295);
    [999] zepcraft-legacy ([BASE,F-044]_emotestextsound.sql)
           DELETE: delete from `emotestextsound` where `id` = 661;
           INSERT: insert into `emotestextsound` (`id`, `emotes_text_id`, `race_id`, `sex_id`, `sound_id`) values (661, 307, 12, 0, 19295);
  ID 662: (CONFLICT)
    [ 10] hd-everything ([BASE,F-049]_emotestextsound.sql)
           DELETE: delete from `emotestextsound` where `id` = 662;
           INSERT: insert into `emotestextsound` (`id`, `emotes_text_id`, `race_id`, `sex_id`, `sound_id`) values (662, 23, 3, 1, 6894);
    [ 20] worgoblin ([BASE,F-030]_emotestextsound.sql)
           DELETE: delete from `emotestextsound` where `id` = 662;
           INSERT: insert into `emotestextsound` (`id`, `emotes_text_id`, `race_id`, `sex_id`, `sound_id`) values (662, 324, 12, 0, 19339);
    [999] zepcraft-legacy ([BASE,F-044]_emotestextsound.sql)
           DELETE: delete from `emotestextsound` where `id` = 662;
           INSERT: insert into `emotestextsound` (`id`, `emotes_text_id`, `race_id`, `sex_id`, `sound_id`) values (662, 324, 12, 0, 19339);
  ID 663: (CONFLICT)
    [ 10] hd-everything ([BASE,F-049]_emotestextsound.sql)
           DELETE: delete from `emotestextsound` where `id` = 663;
           INSERT: insert into `emotestextsound` (`id`, `emotes_text_id`, `race_id`, `sex_id`, `sound_id`) values (663, 31, 3, 1, 6895);
    [ 20] worgoblin ([BASE,F-030]_emotestextsound.sql)
           DELETE: delete from `emotestextsound` where `id` = 663;
           INSERT: insert into `emotestextsound` (`id`, `emotes_text_id`, `race_id`, `sex_id`, `sound_id`) values (663, 326, 12, 0, 19341);
    [999] zepcraft-legacy ([BASE,F-044]_emotestextsound.sql)
           DELETE: delete from `emotestextsound` where `id` = 663;
           INSERT: insert into `emotestextsound` (`id`, `emotes_text_id`, `race_id`, `sex_id`, `sound_id`) values (663, 326, 12, 0, 19341);
  ID 664: (CONFLICT)
    [ 10] hd-everything ([BASE,F-049]_emotestextsound.sql)
           DELETE: delete from `emotestextsound` where `id` = 664;
           INSERT: insert into `emotestextsound` (`id`, `emotes_text_id`, `race_id`, `sex_id`, `sound_id`) values (664, 45, 3, 1, 6894);
    [ 20] worgoblin ([BASE,F-030]_emotestextsound.sql)
           DELETE: delete from `emotestextsound` where `id` = 664;
           INSERT: insert into `emotestextsound` (`id`, `emotes_text_id`, `race_id`, `sex_id`, `sound_id`) values (664, 55, 12, 0, 19343);
    [999] zepcraft-legacy ([BASE,F-044]_emotestextsound.sql)
           DELETE: delete from `emotestextsound` where `id` = 664;
           INSERT: insert into `emotestextsound` (`id`, `emotes_text_id`, `race_id`, `sex_id`, `sound_id`) values (664, 55, 12, 0, 19343);
  ID 665: (CONFLICT)
    [ 10] hd-everything ([BASE,F-049]_emotestextsound.sql)
           DELETE: delete from `emotestextsound` where `id` = 665;
           INSERT: insert into `emotestextsound` (`id`, `emotes_text_id`, `race_id`, `sex_id`, `sound_id`) values (665, 47, 3, 1, 6894);
    [ 20] worgoblin ([BASE,F-030]_emotestextsound.sql)
           DELETE: delete from `emotestextsound` where `id` = 665;
           INSERT: insert into `emotestextsound` (`id`, `emotes_text_id`, `race_id`, `sex_id`, `sound_id`) values (665, 306, 12, 0, 19337);
    [999] zepcraft-legacy ([BASE,F-044]_emotestextsound.sql)
           DELETE: delete from `emotestextsound` where `id` = 665;
           INSERT: insert into `emotestextsound` (`id`, `emotes_text_id`, `race_id`, `sex_id`, `sound_id`) values (665, 306, 12, 0, 19337);
  ID 666: (CONFLICT)
    [ 10] hd-everything ([BASE,F-049]_emotestextsound.sql)
           DELETE: delete from `emotestextsound` where `id` = 666;
           INSERT: insert into `emotestextsound` (`id`, `emotes_text_id`, `race_id`, `sex_id`, `sound_id`) values (666, 52, 3, 1, 6894);
    [ 20] worgoblin ([BASE,F-030]_emotestextsound.sql)
           DELETE: delete from `emotestextsound` where `id` = 666;
           INSERT: insert into `emotestextsound` (`id`, `emotes_text_id`, `race_id`, `sex_id`, `sound_id`) values (666, 303, 12, 0, 19344);
    [999] zepcraft-legacy ([BASE,F-044]_emotestextsound.sql)
           DELETE: delete from `emotestextsound` where `id` = 666;
           INSERT: insert into `emotestextsound` (`id`, `emotes_text_id`, `race_id`, `sex_id`, `sound_id`) values (666, 303, 12, 0, 19344);
  ID 667: (CONFLICT)
    [ 10] hd-everything ([BASE,F-049]_emotestextsound.sql)
           DELETE: delete from `emotestextsound` where `id` = 667;
           INSERT: insert into `emotestextsound` (`id`, `emotes_text_id`, `race_id`, `sex_id`, `sound_id`) values (667, 58, 3, 1, 6898);
    [ 20] worgoblin ([BASE,F-030]_emotestextsound.sql)
           DELETE: delete from `emotestextsound` where `id` = 667;
           INSERT: insert into `emotestextsound` (`id`, `emotes_text_id`, `race_id`, `sex_id`, `sound_id`) values (667, 304, 12, 0, 19346);
    [999] zepcraft-legacy ([BASE,F-044]_emotestextsound.sql)
           DELETE: delete from `emotestextsound` where `id` = 667;
           INSERT: insert into `emotestextsound` (`id`, `emotes_text_id`, `race_id`, `sex_id`, `sound_id`) values (667, 304, 12, 0, 19346);
  ID 668: (CONFLICT)
    [ 10] hd-everything ([BASE,F-049]_emotestextsound.sql)
           DELETE: delete from `emotestextsound` where `id` = 668;
           INSERT: insert into `emotestextsound` (`id`, `emotes_text_id`, `race_id`, `sex_id`, `sound_id`) values (668, 60, 3, 1, 6894);
    [ 20] worgoblin ([BASE,F-030]_emotestextsound.sql)
           DELETE: delete from `emotestextsound` where `id` = 668;
           INSERT: insert into `emotestextsound` (`id`, `emotes_text_id`, `race_id`, `sex_id`, `sound_id`) values (668, 323, 12, 0, 19352);
    [999] zepcraft-legacy ([BASE,F-044]_emotestextsound.sql)
           DELETE: delete from `emotestextsound` where `id` = 668;
           INSERT: insert into `emotestextsound` (`id`, `emotes_text_id`, `race_id`, `sex_id`, `sound_id`) values (668, 323, 12, 0, 19352);
  ID 669: (CONFLICT)
    [ 10] hd-everything ([BASE,F-049]_emotestextsound.sql)
           DELETE: delete from `emotestextsound` where `id` = 669;
           INSERT: insert into `emotestextsound` (`id`, `emotes_text_id`, `race_id`, `sex_id`, `sound_id`) values (669, 65, 3, 1, 6895);
    [ 20] worgoblin ([BASE,F-030]_emotestextsound.sql)
           DELETE: delete from `emotestextsound` where `id` = 669;
           INSERT: insert into `emotestextsound` (`id`, `emotes_text_id`, `race_id`, `sex_id`, `sound_id`) values (669, 327, 12, 0, 19351);
    [999] zepcraft-legacy ([BASE,F-044]_emotestextsound.sql)
           DELETE: delete from `emotestextsound` where `id` = 669;
           INSERT: insert into `emotestextsound` (`id`, `emotes_text_id`, `race_id`, `sex_id`, `sound_id`) values (669, 327, 12, 0, 19351);
  ID 670: (CONFLICT)
    [ 10] hd-everything ([BASE,F-049]_emotestextsound.sql)
           DELETE: delete from `emotestextsound` where `id` = 670;
           INSERT: insert into `emotestextsound` (`id`, `emotes_text_id`, `race_id`, `sex_id`, `sound_id`) values (670, 76, 3, 1, 6894);
    [ 20] worgoblin ([BASE,F-030]_emotestextsound.sql)
           DELETE: delete from `emotestextsound` where `id` = 670;
           INSERT: insert into `emotestextsound` (`id`, `emotes_text_id`, `race_id`, `sex_id`, `sound_id`) values (670, 19, 12, 0, 19340);
    [999] zepcraft-legacy ([BASE,F-044]_emotestextsound.sql)
           DELETE: delete from `emotestextsound` where `id` = 670;
           INSERT: insert into `emotestextsound` (`id`, `emotes_text_id`, `race_id`, `sex_id`, `sound_id`) values (670, 19, 12, 0, 19340);
  ID 671: (CONFLICT)
    [ 10] hd-everything ([BASE,F-049]_emotestextsound.sql)
           DELETE: delete from `emotestextsound` where `id` = 671;
           INSERT: insert into `emotestextsound` (`id`, `emotes_text_id`, `race_id`, `sex_id`, `sound_id`) values (671, 136, 3, 1, 6896);
    [ 20] worgoblin ([BASE,F-030]_emotestextsound.sql)
           DELETE: delete from `emotestextsound` where `id` = 671;
           INSERT: insert into `emotestextsound` (`id`, `emotes_text_id`, `race_id`, `sex_id`, `sound_id`) values (671, 66, 12, 0, 19349);
    [999] zepcraft-legacy ([BASE,F-044]_emotestextsound.sql)
           DELETE: delete from `emotestextsound` where `id` = 671;
           INSERT: insert into `emotestextsound` (`id`, `emotes_text_id`, `race_id`, `sex_id`, `sound_id`) values (671, 66, 12, 0, 19349);
  ID 672: (CONFLICT)
    [ 10] hd-everything ([BASE,F-049]_emotestextsound.sql)
           DELETE: delete from `emotestextsound` where `id` = 672;
           INSERT: insert into `emotestextsound` (`id`, `emotes_text_id`, `race_id`, `sex_id`, `sound_id`) values (672, 20, 4, 0, 6933);
    [ 20] worgoblin ([BASE,F-030]_emotestextsound.sql)
           DELETE: delete from `emotestextsound` where `id` = 672;
           INSERT: insert into `emotestextsound` (`id`, `emotes_text_id`, `race_id`, `sex_id`, `sound_id`) values (672, 97, 12, 0, 19356);
    [999] zepcraft-legacy ([BASE,F-044]_emotestextsound.sql)
           DELETE: delete from `emotestextsound` where `id` = 672;
           INSERT: insert into `emotestextsound` (`id`, `emotes_text_id`, `race_id`, `sex_id`, `sound_id`) values (672, 97, 12, 0, 19356);
  ID 673: (CONFLICT)
    [ 10] hd-everything ([BASE,F-049]_emotestextsound.sql)
           DELETE: delete from `emotestextsound` where `id` = 673;
           INSERT: insert into `emotestextsound` (`id`, `emotes_text_id`, `race_id`, `sex_id`, `sound_id`) values (673, 22, 4, 0, 6929);
    [ 20] worgoblin ([BASE,F-030]_emotestextsound.sql)
           DELETE: delete from `emotestextsound` where `id` = 673;
           INSERT: insert into `emotestextsound` (`id`, `emotes_text_id`, `race_id`, `sex_id`, `sound_id`) values (673, 325, 12, 0, 19358);
    [999] zepcraft-legacy ([BASE,F-044]_emotestextsound.sql)
           DELETE: delete from `emotestextsound` where `id` = 673;
           INSERT: insert into `emotestextsound` (`id`, `emotes_text_id`, `race_id`, `sex_id`, `sound_id`) values (673, 325, 12, 0, 19358);
  ID 674: (CONFLICT)
    [ 10] hd-everything ([BASE,F-049]_emotestextsound.sql)
           DELETE: delete from `emotestextsound` where `id` = 674;
           INSERT: insert into `emotestextsound` (`id`, `emotes_text_id`, `race_id`, `sex_id`, `sound_id`) values (674, 23, 4, 0, 6933);
    [ 20] worgoblin ([BASE,F-030]_emotestextsound.sql)
           DELETE: delete from `emotestextsound` where `id` = 674;
           INSERT: insert into `emotestextsound` (`id`, `emotes_text_id`, `race_id`, `sex_id`, `sound_id`) values (674, 453, 12, 0, 19360);
    [999] zepcraft-legacy ([BASE,F-044]_emotestextsound.sql)
           DELETE: delete from `emotestextsound` where `id` = 674;
           INSERT: insert into `emotestextsound` (`id`, `emotes_text_id`, `race_id`, `sex_id`, `sound_id`) values (674, 453, 12, 0, 19360);
  ID 675: (CONFLICT)
    [ 10] hd-everything ([BASE,F-049]_emotestextsound.sql)
           DELETE: delete from `emotestextsound` where `id` = 675;
           INSERT: insert into `emotestextsound` (`id`, `emotes_text_id`, `race_id`, `sex_id`, `sound_id`) values (675, 31, 4, 0, 6931);
    [ 20] worgoblin ([BASE,F-030]_emotestextsound.sql)
           DELETE: delete from `emotestextsound` where `id` = 675;
           INSERT: insert into `emotestextsound` (`id`, `emotes_text_id`, `race_id`, `sex_id`, `sound_id`) values (675, 67, 12, 0, 19350);
    [999] zepcraft-legacy ([BASE,F-044]_emotestextsound.sql)
           DELETE: delete from `emotestextsound` where `id` = 675;
           INSERT: insert into `emotestextsound` (`id`, `emotes_text_id`, `race_id`, `sex_id`, `sound_id`) values (675, 67, 12, 0, 19350);
  ID 676: (CONFLICT)
    [ 10] hd-everything ([BASE,F-049]_emotestextsound.sql)
           DELETE: delete from `emotestextsound` where `id` = 676;
           INSERT: insert into `emotestextsound` (`id`, `emotes_text_id`, `race_id`, `sex_id`, `sound_id`) values (676, 45, 4, 0, 6933);
    [ 20] worgoblin ([BASE,F-030]_emotestextsound.sql)
           DELETE: delete from `emotestextsound` where `id` = 676;
           INSERT: insert into `emotestextsound` (`id`, `emotes_text_id`, `race_id`, `sex_id`, `sound_id`) values (676, 183, 12, 0, 19353);
    [999] zepcraft-legacy ([BASE,F-044]_emotestextsound.sql)
           DELETE: delete from `emotestextsound` where `id` = 676;
           INSERT: insert into `emotestextsound` (`id`, `emotes_text_id`, `race_id`, `sex_id`, `sound_id`) values (676, 183, 12, 0, 19353);
  ID 677: (CONFLICT)
    [ 10] hd-everything ([BASE,F-049]_emotestextsound.sql)
           DELETE: delete from `emotestextsound` where `id` = 677;
           INSERT: insert into `emotestextsound` (`id`, `emotes_text_id`, `race_id`, `sex_id`, `sound_id`) values (677, 47, 4, 0, 6933);
    [ 20] worgoblin ([BASE,F-030]_emotestextsound.sql)
           DELETE: delete from `emotestextsound` where `id` = 677;
           INSERT: insert into `emotestextsound` (`id`, `emotes_text_id`, `race_id`, `sex_id`, `sound_id`) values (677, 21, 12, 0, 19296);
    [999] zepcraft-legacy ([BASE,F-044]_emotestextsound.sql)
           DELETE: delete from `emotestextsound` where `id` = 677;
           INSERT: insert into `emotestextsound` (`id`, `emotes_text_id`, `race_id`, `sex_id`, `sound_id`) values (677, 21, 12, 0, 19296);
  ID 678: (CONFLICT)
    [ 10] hd-everything ([BASE,F-049]_emotestextsound.sql)
           DELETE: delete from `emotestextsound` where `id` = 678;
           INSERT: insert into `emotestextsound` (`id`, `emotes_text_id`, `race_id`, `sex_id`, `sound_id`) values (678, 52, 4, 0, 6933);
    [ 20] worgoblin ([BASE,F-030]_emotestextsound.sql)
           DELETE: delete from `emotestextsound` where `id` = 678;
           INSERT: insert into `emotestextsound` (`id`, `emotes_text_id`, `race_id`, `sex_id`, `sound_id`) values (678, 329, 12, 0, 19355);
    [999] zepcraft-legacy ([BASE,F-044]_emotestextsound.sql)
           DELETE: delete from `emotestextsound` where `id` = 678;
           INSERT: insert into `emotestextsound` (`id`, `emotes_text_id`, `race_id`, `sex_id`, `sound_id`) values (678, 329, 12, 0, 19355);
  ID 679: (CONFLICT)
    [ 10] hd-everything ([BASE,F-049]_emotestextsound.sql)
           DELETE: delete from `emotestextsound` where `id` = 679;
           INSERT: insert into `emotestextsound` (`id`, `emotes_text_id`, `race_id`, `sex_id`, `sound_id`) values (679, 58, 4, 0, 6932);
    [ 20] worgoblin ([BASE,F-030]_emotestextsound.sql)
           DELETE: delete from `emotestextsound` where `id` = 679;
           INSERT: insert into `emotestextsound` (`id`, `emotes_text_id`, `race_id`, `sex_id`, `sound_id`) values (679, 328, 12, 0, 19338);
    [999] zepcraft-legacy ([BASE,F-044]_emotestextsound.sql)
           DELETE: delete from `emotestextsound` where `id` = 679;
           INSERT: insert into `emotestextsound` (`id`, `emotes_text_id`, `race_id`, `sex_id`, `sound_id`) values (679, 328, 12, 0, 19338);
  ID 680: (CONFLICT)
    [ 10] hd-everything ([BASE,F-049]_emotestextsound.sql)
           DELETE: delete from `emotestextsound` where `id` = 680;
           INSERT: insert into `emotestextsound` (`id`, `emotes_text_id`, `race_id`, `sex_id`, `sound_id`) values (680, 60, 4, 0, 6933);
    [ 20] worgoblin ([BASE,F-030]_emotestextsound.sql)
           DELETE: delete from `emotestextsound` where `id` = 680;
           INSERT: insert into `emotestextsound` (`id`, `emotes_text_id`, `race_id`, `sex_id`, `sound_id`) values (680, 26, 12, 1, 19378);
    [999] zepcraft-legacy ([BASE,F-044]_emotestextsound.sql)
           DELETE: delete from `emotestextsound` where `id` = 680;
           INSERT: insert into `emotestextsound` (`id`, `emotes_text_id`, `race_id`, `sex_id`, `sound_id`) values (680, 26, 12, 1, 19378);
  ID 681: (CONFLICT)
    [ 10] hd-everything ([BASE,F-049]_emotestextsound.sql)
           DELETE: delete from `emotestextsound` where `id` = 681;
           INSERT: insert into `emotestextsound` (`id`, `emotes_text_id`, `race_id`, `sex_id`, `sound_id`) values (681, 65, 4, 0, 6931);
    [ 20] worgoblin ([BASE,F-030]_emotestextsound.sql)
           DELETE: delete from `emotestextsound` where `id` = 681;
           INSERT: insert into `emotestextsound` (`id`, `emotes_text_id`, `race_id`, `sex_id`, `sound_id`) values (681, 307, 12, 1, 19366);
    [999] zepcraft-legacy ([BASE,F-044]_emotestextsound.sql)
           DELETE: delete from `emotestextsound` where `id` = 681;
           INSERT: insert into `emotestextsound` (`id`, `emotes_text_id`, `race_id`, `sex_id`, `sound_id`) values (681, 307, 12, 1, 19366);
  ID 682: (CONFLICT)
    [ 10] hd-everything ([BASE,F-049]_emotestextsound.sql)
           DELETE: delete from `emotestextsound` where `id` = 682;
           INSERT: insert into `emotestextsound` (`id`, `emotes_text_id`, `race_id`, `sex_id`, `sound_id`) values (682, 76, 4, 0, 6933);
    [ 20] worgoblin ([BASE,F-030]_emotestextsound.sql)
           DELETE: delete from `emotestextsound` where `id` = 682;
           INSERT: insert into `emotestextsound` (`id`, `emotes_text_id`, `race_id`, `sex_id`, `sound_id`) values (682, 324, 12, 1, 19429);
    [999] zepcraft-legacy ([BASE,F-044]_emotestextsound.sql)
           DELETE: delete from `emotestextsound` where `id` = 682;
           INSERT: insert into `emotestextsound` (`id`, `emotes_text_id`, `race_id`, `sex_id`, `sound_id`) values (682, 324, 12, 1, 19429);
  ID 683: (CONFLICT)
    [ 10] hd-everything ([BASE,F-049]_emotestextsound.sql)
           DELETE: delete from `emotestextsound` where `id` = 683;
           INSERT: insert into `emotestextsound` (`id`, `emotes_text_id`, `race_id`, `sex_id`, `sound_id`) values (683, 136, 4, 0, 6929);
    [ 20] worgoblin ([BASE,F-030]_emotestextsound.sql)
           DELETE: delete from `emotestextsound` where `id` = 683;
           INSERT: insert into `emotestextsound` (`id`, `emotes_text_id`, `race_id`, `sex_id`, `sound_id`) values (683, 326, 12, 1, 19433);
    [999] zepcraft-legacy ([BASE,F-044]_emotestextsound.sql)
           DELETE: delete from `emotestextsound` where `id` = 683;
           INSERT: insert into `emotestextsound` (`id`, `emotes_text_id`, `race_id`, `sex_id`, `sound_id`) values (683, 326, 12, 1, 19433);
  ID 684: (CONFLICT)
    [ 10] hd-everything ([BASE,F-049]_emotestextsound.sql)
           DELETE: delete from `emotestextsound` where `id` = 684;
           INSERT: insert into `emotestextsound` (`id`, `emotes_text_id`, `race_id`, `sex_id`, `sound_id`) values (684, 20, 4, 1, 6928);
    [ 20] worgoblin ([BASE,F-030]_emotestextsound.sql)
           DELETE: delete from `emotestextsound` where `id` = 684;
           INSERT: insert into `emotestextsound` (`id`, `emotes_text_id`, `race_id`, `sex_id`, `sound_id`) values (684, 55, 12, 1, 19434);
    [999] zepcraft-legacy ([BASE,F-044]_emotestextsound.sql)
           DELETE: delete from `emotestextsound` where `id` = 684;
           INSERT: insert into `emotestextsound` (`id`, `emotes_text_id`, `race_id`, `sex_id`, `sound_id`) values (684, 55, 12, 1, 19434);
  ID 685: (CONFLICT)
    [ 10] hd-everything ([BASE,F-049]_emotestextsound.sql)
           DELETE: delete from `emotestextsound` where `id` = 685;
           INSERT: insert into `emotestextsound` (`id`, `emotes_text_id`, `race_id`, `sex_id`, `sound_id`) values (685, 22, 4, 1, 6924);
    [ 20] worgoblin ([BASE,F-030]_emotestextsound.sql)
           DELETE: delete from `emotestextsound` where `id` = 685;
           INSERT: insert into `emotestextsound` (`id`, `emotes_text_id`, `race_id`, `sex_id`, `sound_id`) values (685, 306, 12, 1, 19426);
    [999] zepcraft-legacy ([BASE,F-044]_emotestextsound.sql)
           DELETE: delete from `emotestextsound` where `id` = 685;
           INSERT: insert into `emotestextsound` (`id`, `emotes_text_id`, `race_id`, `sex_id`, `sound_id`) values (685, 306, 12, 1, 19426);
  ID 686: (CONFLICT)
    [ 10] hd-everything ([BASE,F-049]_emotestextsound.sql)
           DELETE: delete from `emotestextsound` where `id` = 686;
           INSERT: insert into `emotestextsound` (`id`, `emotes_text_id`, `race_id`, `sex_id`, `sound_id`) values (686, 23, 4, 1, 6928);
    [ 20] worgoblin ([BASE,F-030]_emotestextsound.sql)
           DELETE: delete from `emotestextsound` where `id` = 686;
           INSERT: insert into `emotestextsound` (`id`, `emotes_text_id`, `race_id`, `sex_id`, `sound_id`) values (686, 303, 12, 1, 19435);
    [999] zepcraft-legacy ([BASE,F-044]_emotestextsound.sql)
           DELETE: delete from `emotestextsound` where `id` = 686;
           INSERT: insert into `emotestextsound` (`id`, `emotes_text_id`, `race_id`, `sex_id`, `sound_id`) values (686, 303, 12, 1, 19435);
  ID 687: (CONFLICT)
    [ 10] hd-everything ([BASE,F-049]_emotestextsound.sql)
           DELETE: delete from `emotestextsound` where `id` = 687;
           INSERT: insert into `emotestextsound` (`id`, `emotes_text_id`, `race_id`, `sex_id`, `sound_id`) values (687, 31, 4, 1, 6926);
    [ 20] worgoblin ([BASE,F-030]_emotestextsound.sql)
           DELETE: delete from `emotestextsound` where `id` = 687;
           INSERT: insert into `emotestextsound` (`id`, `emotes_text_id`, `race_id`, `sex_id`, `sound_id`) values (687, 323, 12, 1, 19440);
    [999] zepcraft-legacy ([BASE,F-044]_emotestextsound.sql)
           DELETE: delete from `emotestextsound` where `id` = 687;
           INSERT: insert into `emotestextsound` (`id`, `emotes_text_id`, `race_id`, `sex_id`, `sound_id`) values (687, 323, 12, 1, 19440);
  ID 688: (CONFLICT)
    [ 10] hd-everything ([BASE,F-049]_emotestextsound.sql)
           DELETE: delete from `emotestextsound` where `id` = 688;
           INSERT: insert into `emotestextsound` (`id`, `emotes_text_id`, `race_id`, `sex_id`, `sound_id`) values (688, 45, 4, 1, 6928);
    [ 20] worgoblin ([BASE,F-030]_emotestextsound.sql)
           DELETE: delete from `emotestextsound` where `id` = 688;
           INSERT: insert into `emotestextsound` (`id`, `emotes_text_id`, `race_id`, `sex_id`, `sound_id`) values (688, 327, 12, 1, 19439);
    [999] zepcraft-legacy ([BASE,F-044]_emotestextsound.sql)
           DELETE: delete from `emotestextsound` where `id` = 688;
           INSERT: insert into `emotestextsound` (`id`, `emotes_text_id`, `race_id`, `sex_id`, `sound_id`) values (688, 327, 12, 1, 19439);
  ID 689: (CONFLICT)
    [ 10] hd-everything ([BASE,F-049]_emotestextsound.sql)
           DELETE: delete from `emotestextsound` where `id` = 689;
           INSERT: insert into `emotestextsound` (`id`, `emotes_text_id`, `race_id`, `sex_id`, `sound_id`) values (689, 47, 4, 1, 6928);
    [ 20] worgoblin ([BASE,F-030]_emotestextsound.sql)
           DELETE: delete from `emotestextsound` where `id` = 689;
           INSERT: insert into `emotestextsound` (`id`, `emotes_text_id`, `race_id`, `sex_id`, `sound_id`) values (689, 19, 12, 1, 19431);
    [999] zepcraft-legacy ([BASE,F-044]_emotestextsound.sql)
           DELETE: delete from `emotestextsound` where `id` = 689;
           INSERT: insert into `emotestextsound` (`id`, `emotes_text_id`, `race_id`, `sex_id`, `sound_id`) values (689, 19, 12, 1, 19431);
  ID 690: (CONFLICT)
    [ 10] hd-everything ([BASE,F-049]_emotestextsound.sql)
           DELETE: delete from `emotestextsound` where `id` = 690;
           INSERT: insert into `emotestextsound` (`id`, `emotes_text_id`, `race_id`, `sex_id`, `sound_id`) values (690, 52, 4, 1, 6928);
    [ 20] worgoblin ([BASE,F-030]_emotestextsound.sql)
           DELETE: delete from `emotestextsound` where `id` = 690;
           INSERT: insert into `emotestextsound` (`id`, `emotes_text_id`, `race_id`, `sex_id`, `sound_id`) values (690, 66, 12, 1, 19437);
    [999] zepcraft-legacy ([BASE,F-044]_emotestextsound.sql)
           DELETE: delete from `emotestextsound` where `id` = 690;
           INSERT: insert into `emotestextsound` (`id`, `emotes_text_id`, `race_id`, `sex_id`, `sound_id`) values (690, 66, 12, 1, 19437);
  ID 691: (CONFLICT)
    [ 10] hd-everything ([BASE,F-049]_emotestextsound.sql)
           DELETE: delete from `emotestextsound` where `id` = 691;
           INSERT: insert into `emotestextsound` (`id`, `emotes_text_id`, `race_id`, `sex_id`, `sound_id`) values (691, 58, 4, 1, 6927);
    [ 20] worgoblin ([BASE,F-030]_emotestextsound.sql)
           DELETE: delete from `emotestextsound` where `id` = 691;
           INSERT: insert into `emotestextsound` (`id`, `emotes_text_id`, `race_id`, `sex_id`, `sound_id`) values (691, 97, 12, 1, 19443);
    [999] zepcraft-legacy ([BASE,F-044]_emotestextsound.sql)
           DELETE: delete from `emotestextsound` where `id` = 691;
           INSERT: insert into `emotestextsound` (`id`, `emotes_text_id`, `race_id`, `sex_id`, `sound_id`) values (691, 97, 12, 1, 19443);
  ID 692: (CONFLICT)
    [ 10] hd-everything ([BASE,F-049]_emotestextsound.sql)
           DELETE: delete from `emotestextsound` where `id` = 692;
           INSERT: insert into `emotestextsound` (`id`, `emotes_text_id`, `race_id`, `sex_id`, `sound_id`) values (692, 60, 4, 1, 6928);
    [ 20] worgoblin ([BASE,F-030]_emotestextsound.sql)
           DELETE: delete from `emotestextsound` where `id` = 692;
           INSERT: insert into `emotestextsound` (`id`, `emotes_text_id`, `race_id`, `sex_id`, `sound_id`) values (692, 325, 12, 1, 19446);
    [999] zepcraft-legacy ([BASE,F-044]_emotestextsound.sql)
           DELETE: delete from `emotestextsound` where `id` = 692;
           INSERT: insert into `emotestextsound` (`id`, `emotes_text_id`, `race_id`, `sex_id`, `sound_id`) values (692, 325, 12, 1, 19446);
  ID 693: (CONFLICT)
    [ 10] hd-everything ([BASE,F-049]_emotestextsound.sql)
           DELETE: delete from `emotestextsound` where `id` = 693;
           INSERT: insert into `emotestextsound` (`id`, `emotes_text_id`, `race_id`, `sex_id`, `sound_id`) values (693, 65, 4, 1, 6926);
    [ 20] worgoblin ([BASE,F-030]_emotestextsound.sql)
           DELETE: delete from `emotestextsound` where `id` = 693;
           INSERT: insert into `emotestextsound` (`id`, `emotes_text_id`, `race_id`, `sex_id`, `sound_id`) values (693, 453, 12, 1, 19450);
    [999] zepcraft-legacy ([BASE,F-044]_emotestextsound.sql)
           DELETE: delete from `emotestextsound` where `id` = 693;
           INSERT: insert into `emotestextsound` (`id`, `emotes_text_id`, `race_id`, `sex_id`, `sound_id`) values (693, 453, 12, 1, 19450);
  ID 694: (CONFLICT)
    [ 10] hd-everything ([BASE,F-049]_emotestextsound.sql)
           DELETE: delete from `emotestextsound` where `id` = 694;
           INSERT: insert into `emotestextsound` (`id`, `emotes_text_id`, `race_id`, `sex_id`, `sound_id`) values (694, 76, 4, 1, 6928);
    [ 20] worgoblin ([BASE,F-030]_emotestextsound.sql)
           DELETE: delete from `emotestextsound` where `id` = 694;
           INSERT: insert into `emotestextsound` (`id`, `emotes_text_id`, `race_id`, `sex_id`, `sound_id`) values (694, 67, 12, 1, 19438);
    [999] zepcraft-legacy ([BASE,F-044]_emotestextsound.sql)
           DELETE: delete from `emotestextsound` where `id` = 694;
           INSERT: insert into `emotestextsound` (`id`, `emotes_text_id`, `race_id`, `sex_id`, `sound_id`) values (694, 67, 12, 1, 19438);
  ID 695: (CONFLICT)
    [ 10] hd-everything ([BASE,F-049]_emotestextsound.sql)
           DELETE: delete from `emotestextsound` where `id` = 695;
           INSERT: insert into `emotestextsound` (`id`, `emotes_text_id`, `race_id`, `sex_id`, `sound_id`) values (695, 136, 4, 1, 6924);
    [ 20] worgoblin ([BASE,F-030]_emotestextsound.sql)
           DELETE: delete from `emotestextsound` where `id` = 695;
           INSERT: insert into `emotestextsound` (`id`, `emotes_text_id`, `race_id`, `sex_id`, `sound_id`) values (695, 305, 12, 1, 19373);
    [999] zepcraft-legacy ([BASE,F-044]_emotestextsound.sql)
           DELETE: delete from `emotestextsound` where `id` = 695;
           INSERT: insert into `emotestextsound` (`id`, `emotes_text_id`, `race_id`, `sex_id`, `sound_id`) values (695, 305, 12, 1, 19373);
  ID 696: (CONFLICT)
    [ 10] hd-everything ([BASE,F-049]_emotestextsound.sql)
           DELETE: delete from `emotestextsound` where `id` = 696;
           INSERT: insert into `emotestextsound` (`id`, `emotes_text_id`, `race_id`, `sex_id`, `sound_id`) values (696, 20, 5, 0, 6974);
    [ 20] worgoblin ([BASE,F-030]_emotestextsound.sql)
           DELETE: delete from `emotestextsound` where `id` = 696;
           INSERT: insert into `emotestextsound` (`id`, `emotes_text_id`, `race_id`, `sex_id`, `sound_id`) values (696, 329, 12, 1, 19441);
    [999] zepcraft-legacy ([BASE,F-044]_emotestextsound.sql)
           DELETE: delete from `emotestextsound` where `id` = 696;
           INSERT: insert into `emotestextsound` (`id`, `emotes_text_id`, `race_id`, `sex_id`, `sound_id`) values (696, 329, 12, 1, 19441);
  ID 697: (CONFLICT)
    [ 10] hd-everything ([BASE,F-049]_emotestextsound.sql)
           DELETE: delete from `emotestextsound` where `id` = 697;
           INSERT: insert into `emotestextsound` (`id`, `emotes_text_id`, `race_id`, `sex_id`, `sound_id`) values (697, 22, 5, 0, 6970);
    [ 20] worgoblin ([BASE,F-030]_emotestextsound.sql)
           DELETE: delete from `emotestextsound` where `id` = 697;
           INSERT: insert into `emotestextsound` (`id`, `emotes_text_id`, `race_id`, `sex_id`, `sound_id`) values (697, 328, 12, 1, 19428);
    [999] zepcraft-legacy ([BASE,F-044]_emotestextsound.sql)
           DELETE: delete from `emotestextsound` where `id` = 697;
           INSERT: insert into `emotestextsound` (`id`, `emotes_text_id`, `race_id`, `sex_id`, `sound_id`) values (697, 328, 12, 1, 19428);
  ID 698: (CONFLICT)
    [ 10] hd-everything ([BASE,F-049]_emotestextsound.sql)
           DELETE: delete from `emotestextsound` where `id` = 698;
           INSERT: insert into `emotestextsound` (`id`, `emotes_text_id`, `race_id`, `sex_id`, `sound_id`) values (698, 23, 5, 0, 6974);
    [ 20] worgoblin ([BASE,F-030]_emotestextsound.sql)
           DELETE: delete from `emotestextsound` where `id` = 698;
           INSERT: insert into `emotestextsound` (`id`, `emotes_text_id`, `race_id`, `sex_id`, `sound_id`) values (698, 304, 12, 1, 19516);
    [999] zepcraft-legacy ([BASE,F-044]_emotestextsound.sql)
           DELETE: delete from `emotestextsound` where `id` = 698;
           INSERT: insert into `emotestextsound` (`id`, `emotes_text_id`, `race_id`, `sex_id`, `sound_id`) values (698, 304, 12, 1, 19516);
  ID 699: (CONFLICT)
    [ 10] hd-everything ([BASE,F-049]_emotestextsound.sql)
           DELETE: delete from `emotestextsound` where `id` = 699;
           INSERT: insert into `emotestextsound` (`id`, `emotes_text_id`, `race_id`, `sex_id`, `sound_id`) values (699, 31, 5, 0, 6972);
    [ 20] worgoblin ([BASE,F-030]_emotestextsound.sql)
           DELETE: delete from `emotestextsound` where `id` = 699;
           INSERT: insert into `emotestextsound` (`id`, `emotes_text_id`, `race_id`, `sex_id`, `sound_id`) values (699, 21, 12, 1, 19517);
    [999] zepcraft-legacy ([BASE,F-044]_emotestextsound.sql)
           DELETE: delete from `emotestextsound` where `id` = 699;
           INSERT: insert into `emotestextsound` (`id`, `emotes_text_id`, `race_id`, `sex_id`, `sound_id`) values (699, 21, 12, 1, 19517);
  ID 700: (CONFLICT)
    [ 10] hd-everything ([BASE,F-049]_emotestextsound.sql)
           DELETE: delete from `emotestextsound` where `id` = 700;
           INSERT: insert into `emotestextsound` (`id`, `emotes_text_id`, `race_id`, `sex_id`, `sound_id`) values (700, 45, 5, 0, 6974);
    [ 20] worgoblin ([BASE,F-030]_emotestextsound.sql)
           DELETE: delete from `emotestextsound` where `id` = 700;
           INSERT: insert into `emotestextsound` (`id`, `emotes_text_id`, `race_id`, `sex_id`, `sound_id`) values (700, 305, 12, 0, 19296);
    [999] zepcraft-legacy ([BASE,F-044]_emotestextsound.sql)
           DELETE: delete from `emotestextsound` where `id` = 700;
           INSERT: insert into `emotestextsound` (`id`, `emotes_text_id`, `race_id`, `sex_id`, `sound_id`) values (700, 305, 12, 0, 19296);
  ID 701: (CONFLICT)
    [ 10] hd-everything ([BASE,F-049]_emotestextsound.sql)
           DELETE: delete from `emotestextsound` where `id` = 701;
           INSERT: insert into `emotestextsound` (`id`, `emotes_text_id`, `race_id`, `sex_id`, `sound_id`) values (701, 47, 5, 0, 6974);
    [ 20] worgoblin ([BASE,F-030]_emotestextsound.sql)
           DELETE: delete from `emotestextsound` where `id` = 701;
           INSERT: insert into `emotestextsound` (`id`, `emotes_text_id`, `race_id`, `sex_id`, `sound_id`) values (701, 102, 23, 0, 19017);
    [999] zepcraft-legacy ([BASE,F-044]_emotestextsound.sql)
           DELETE: delete from `emotestextsound` where `id` = 701;
           INSERT: insert into `emotestextsound` (`id`, `emotes_text_id`, `race_id`, `sex_id`, `sound_id`) values (701, 102, 23, 0, 19017);
  ID 702: (CONFLICT)
    [ 10] hd-everything ([BASE,F-049]_emotestextsound.sql)
           DELETE: delete from `emotestextsound` where `id` = 702;
           INSERT: insert into `emotestextsound` (`id`, `emotes_text_id`, `race_id`, `sex_id`, `sound_id`) values (702, 52, 5, 0, 6974);
    [ 20] worgoblin ([BASE,F-030]_emotestextsound.sql)
           DELETE: delete from `emotestextsound` where `id` = 702;
           INSERT: insert into `emotestextsound` (`id`, `emotes_text_id`, `race_id`, `sex_id`, `sound_id`) values (702, 102, 12, 0, 19343);
    [999] zepcraft-legacy ([BASE,F-044]_emotestextsound.sql)
           DELETE: delete from `emotestextsound` where `id` = 702;
           INSERT: insert into `emotestextsound` (`id`, `emotes_text_id`, `race_id`, `sex_id`, `sound_id`) values (702, 102, 12, 0, 19343);
  ID 703: (CONFLICT)
    [ 10] hd-everything ([BASE,F-049]_emotestextsound.sql)
           DELETE: delete from `emotestextsound` where `id` = 703;
           INSERT: insert into `emotestextsound` (`id`, `emotes_text_id`, `race_id`, `sex_id`, `sound_id`) values (703, 58, 5, 0, 6973);
    [ 20] worgoblin ([BASE,F-030]_emotestextsound.sql)
           DELETE: delete from `emotestextsound` where `id` = 703;
           INSERT: insert into `emotestextsound` (`id`, `emotes_text_id`, `race_id`, `sex_id`, `sound_id`) values (703, 102, 12, 1, 19434);
    [999] zepcraft-legacy ([BASE,F-044]_emotestextsound.sql)
           DELETE: delete from `emotestextsound` where `id` = 703;
           INSERT: insert into `emotestextsound` (`id`, `emotes_text_id`, `race_id`, `sex_id`, `sound_id`) values (703, 102, 12, 1, 19434);
  ID 704: (CONFLICT)
    [ 10] hd-everything ([BASE,F-049]_emotestextsound.sql)
           DELETE: delete from `emotestextsound` where `id` = 704;
           INSERT: insert into `emotestextsound` (`id`, `emotes_text_id`, `race_id`, `sex_id`, `sound_id`) values (704, 60, 5, 0, 6974);
    [ 20] worgoblin ([BASE,F-030]_emotestextsound.sql)
           DELETE: delete from `emotestextsound` where `id` = 704;
           INSERT: insert into `emotestextsound` (`id`, `emotes_text_id`, `race_id`, `sex_id`, `sound_id`) values (704, 102, 9, 1, 19244);
    [999] zepcraft-legacy ([BASE,F-044]_emotestextsound.sql)
           DELETE: delete from `emotestextsound` where `id` = 704;
           INSERT: insert into `emotestextsound` (`id`, `emotes_text_id`, `race_id`, `sex_id`, `sound_id`) values (704, 102, 9, 1, 19244);
  ID 705: (CONFLICT)
    [ 10] hd-everything ([BASE,F-049]_emotestextsound.sql)
           DELETE: delete from `emotestextsound` where `id` = 705;
           INSERT: insert into `emotestextsound` (`id`, `emotes_text_id`, `race_id`, `sex_id`, `sound_id`) values (705, 65, 5, 0, 6972);
    [ 20] worgoblin ([BASE,F-030]_emotestextsound.sql)
           DELETE: delete from `emotestextsound` where `id` = 705;
           INSERT: insert into `emotestextsound` (`id`, `emotes_text_id`, `race_id`, `sex_id`, `sound_id`) values (705, 102, 9, 0, 19135);
    [999] zepcraft-legacy ([BASE,F-044]_emotestextsound.sql)
           DELETE: delete from `emotestextsound` where `id` = 705;
           INSERT: insert into `emotestextsound` (`id`, `emotes_text_id`, `race_id`, `sex_id`, `sound_id`) values (705, 102, 9, 0, 19135);
  ID 706: (CONFLICT)
    [ 10] hd-everything ([BASE,F-049]_emotestextsound.sql)
           DELETE: delete from `emotestextsound` where `id` = 706;
           INSERT: insert into `emotestextsound` (`id`, `emotes_text_id`, `race_id`, `sex_id`, `sound_id`) values (706, 76, 5, 0, 6974);
    [ 20] worgoblin ([BASE,F-030]_emotestextsound.sql)
           DELETE: delete from `emotestextsound` where `id` = 706;
           INSERT: insert into `emotestextsound` (`id`, `emotes_text_id`, `race_id`, `sex_id`, `sound_id`) values (706, 264, 12, 0, 19357);
    [999] zepcraft-legacy ([BASE,F-044]_emotestextsound.sql)
           DELETE: delete from `emotestextsound` where `id` = 706;
           INSERT: insert into `emotestextsound` (`id`, `emotes_text_id`, `race_id`, `sex_id`, `sound_id`) values (706, 264, 12, 0, 19357);
  ID 707: (CONFLICT)
    [ 10] hd-everything ([BASE,F-049]_emotestextsound.sql)
           DELETE: delete from `emotestextsound` where `id` = 707;
           INSERT: insert into `emotestextsound` (`id`, `emotes_text_id`, `race_id`, `sex_id`, `sound_id`) values (707, 136, 5, 0, 6970);
    [ 20] worgoblin ([BASE,F-030]_emotestextsound.sql)
           DELETE: delete from `emotestextsound` where `id` = 707;
           INSERT: insert into `emotestextsound` (`id`, `emotes_text_id`, `race_id`, `sex_id`, `sound_id`) values (707, 264, 12, 1, 19445);
    [999] zepcraft-legacy ([BASE,F-044]_emotestextsound.sql)
           DELETE: delete from `emotestextsound` where `id` = 707;
           INSERT: insert into `emotestextsound` (`id`, `emotes_text_id`, `race_id`, `sex_id`, `sound_id`) values (707, 264, 12, 1, 19445);
  ID 708: (CONFLICT)
    [ 10] hd-everything ([BASE,F-049]_emotestextsound.sql)
           DELETE: delete from `emotestextsound` where `id` = 708;
           INSERT: insert into `emotestextsound` (`id`, `emotes_text_id`, `race_id`, `sex_id`, `sound_id`) values (708, 20, 5, 1, 6969);
    [ 20] worgoblin ([BASE,F-030]_emotestextsound.sql)
           DELETE: delete from `emotestextsound` where `id` = 708;
           INSERT: insert into `emotestextsound` (`id`, `emotes_text_id`, `race_id`, `sex_id`, `sound_id`) values (708, 307, 23, 0, 23329);
    [999] zepcraft-legacy ([BASE,F-044]_emotestextsound.sql)
           DELETE: delete from `emotestextsound` where `id` = 708;
           INSERT: insert into `emotestextsound` (`id`, `emotes_text_id`, `race_id`, `sex_id`, `sound_id`) values (708, 307, 23, 0, 23329);
  ID 709: (CONFLICT)
    [ 10] hd-everything ([BASE,F-049]_emotestextsound.sql)
           DELETE: delete from `emotestextsound` where `id` = 709;
           INSERT: insert into `emotestextsound` (`id`, `emotes_text_id`, `race_id`, `sex_id`, `sound_id`) values (709, 22, 5, 1, 6965);
    [ 20] worgoblin ([BASE,F-030]_emotestextsound.sql)
           DELETE: delete from `emotestextsound` where `id` = 709;
           INSERT: insert into `emotestextsound` (`id`, `emotes_text_id`, `race_id`, `sex_id`, `sound_id`) values (709, 307, 23, 1, 23328);
    [999] zepcraft-legacy ([BASE,F-044]_emotestextsound.sql)
           DELETE: delete from `emotestextsound` where `id` = 709;
           INSERT: insert into `emotestextsound` (`id`, `emotes_text_id`, `race_id`, `sex_id`, `sound_id`) values (709, 307, 23, 1, 23328);
  ID 716: (CONFLICT)
    [ 10] hd-everything ([BASE,F-049]_emotestextsound.sql)
           DELETE: delete from `emotestextsound` where `id` = 716;
           INSERT: insert into `emotestextsound` (`id`, `emotes_text_id`, `race_id`, `sex_id`, `sound_id`) values (716, 60, 5, 1, 6969);
    [ 20] worgoblin ([BASE,F-030]_emotestextsound.sql)
           DELETE: delete from `emotestextsound` where `id` = 716;
           INSERT: insert into `emotestextsound` (`id`, `emotes_text_id`, `race_id`, `sex_id`, `sound_id`) values (716, 75, 12, 0, 21448);
    [999] zepcraft-legacy ([BASE,F-044]_emotestextsound.sql)
           DELETE: delete from `emotestextsound` where `id` = 716;
           INSERT: insert into `emotestextsound` (`id`, `emotes_text_id`, `race_id`, `sex_id`, `sound_id`) values (716, 75, 12, 0, 21448);
  ID 717: (CONFLICT)
    [ 10] hd-everything ([BASE,F-049]_emotestextsound.sql)
           DELETE: delete from `emotestextsound` where `id` = 717;
           INSERT: insert into `emotestextsound` (`id`, `emotes_text_id`, `race_id`, `sex_id`, `sound_id`) values (717, 65, 5, 1, 6967);
    [ 20] worgoblin ([BASE,F-030]_emotestextsound.sql)
           DELETE: delete from `emotestextsound` where `id` = 717;
           INSERT: insert into `emotestextsound` (`id`, `emotes_text_id`, `race_id`, `sex_id`, `sound_id`) values (717, 75, 9, 0, 19144);
    [999] zepcraft-legacy ([BASE,F-044]_emotestextsound.sql)
           DELETE: delete from `emotestextsound` where `id` = 717;
           INSERT: insert into `emotestextsound` (`id`, `emotes_text_id`, `race_id`, `sex_id`, `sound_id`) values (717, 75, 9, 0, 19144);
  ID 718: (CONFLICT)
    [ 10] hd-everything ([BASE,F-049]_emotestextsound.sql)
           DELETE: delete from `emotestextsound` where `id` = 718;
           INSERT: insert into `emotestextsound` (`id`, `emotes_text_id`, `race_id`, `sex_id`, `sound_id`) values (718, 76, 5, 1, 6969);
    [ 20] worgoblin ([BASE,F-030]_emotestextsound.sql)
           DELETE: delete from `emotestextsound` where `id` = 718;
           INSERT: insert into `emotestextsound` (`id`, `emotes_text_id`, `race_id`, `sex_id`, `sound_id`) values (718, 75, 12, 1, 22449);
    [999] zepcraft-legacy ([BASE,F-044]_emotestextsound.sql)
           DELETE: delete from `emotestextsound` where `id` = 718;
           INSERT: insert into `emotestextsound` (`id`, `emotes_text_id`, `race_id`, `sex_id`, `sound_id`) values (718, 75, 12, 1, 22449);
  ID 719: (CONFLICT)
    [ 10] hd-everything ([BASE,F-049]_emotestextsound.sql)
           DELETE: delete from `emotestextsound` where `id` = 719;
           INSERT: insert into `emotestextsound` (`id`, `emotes_text_id`, `race_id`, `sex_id`, `sound_id`) values (719, 136, 5, 1, 6965);
    [ 20] worgoblin ([BASE,F-030]_emotestextsound.sql)
           DELETE: delete from `emotestextsound` where `id` = 719;
           INSERT: insert into `emotestextsound` (`id`, `emotes_text_id`, `race_id`, `sex_id`, `sound_id`) values (719, 75, 9, 1, 19254);
    [999] zepcraft-legacy ([BASE,F-044]_emotestextsound.sql)
           DELETE: delete from `emotestextsound` where `id` = 719;
           INSERT: insert into `emotestextsound` (`id`, `emotes_text_id`, `race_id`, `sex_id`, `sound_id`) values (719, 75, 9, 1, 19254);
  ID 720: (CONFLICT)
    [ 10] hd-everything ([BASE,F-049]_emotestextsound.sql)
           DELETE: delete from `emotestextsound` where `id` = 720;
           INSERT: insert into `emotestextsound` (`id`, `emotes_text_id`, `race_id`, `sex_id`, `sound_id`) values (720, 20, 6, 0, 6953);
    [ 20] worgoblin ([BASE,F-030]_emotestextsound.sql)
           DELETE: delete from `emotestextsound` where `id` = 720;
           INSERT: insert into `emotestextsound` (`id`, `emotes_text_id`, `race_id`, `sex_id`, `sound_id`) values (720, 75, 23, 0, 19027);
    [999] zepcraft-legacy ([BASE,F-044]_emotestextsound.sql)
           DELETE: delete from `emotestextsound` where `id` = 720;
           INSERT: insert into `emotestextsound` (`id`, `emotes_text_id`, `race_id`, `sex_id`, `sound_id`) values (720, 75, 23, 0, 19027);
  ID 721: (CONFLICT)
    [ 10] hd-everything ([BASE,F-049]_emotestextsound.sql)
           DELETE: delete from `emotestextsound` where `id` = 721;
           INSERT: insert into `emotestextsound` (`id`, `emotes_text_id`, `race_id`, `sex_id`, `sound_id`) values (721, 22, 6, 0, 6949);
    [ 20] worgoblin ([BASE,F-030]_emotestextsound.sql)
           DELETE: delete from `emotestextsound` where `id` = 721;
           INSERT: insert into `emotestextsound` (`id`, `emotes_text_id`, `race_id`, `sex_id`, `sound_id`) values (721, 75, 23, 1, 18777);
    [999] zepcraft-legacy ([BASE,F-044]_emotestextsound.sql)
           DELETE: delete from `emotestextsound` where `id` = 721;
           INSERT: insert into `emotestextsound` (`id`, `emotes_text_id`, `race_id`, `sex_id`, `sound_id`) values (721, 75, 23, 1, 18777);
  ID 722: (CONFLICT)
    [ 10] hd-everything ([BASE,F-049]_emotestextsound.sql)
           DELETE: delete from `emotestextsound` where `id` = 722;
           INSERT: insert into `emotestextsound` (`id`, `emotes_text_id`, `race_id`, `sex_id`, `sound_id`) values (722, 23, 6, 0, 6953);
    [ 20] worgoblin ([BASE,F-030]_emotestextsound.sql)
           DELETE: delete from `emotestextsound` where `id` = 722;
           INSERT: insert into `emotestextsound` (`id`, `emotes_text_id`, `race_id`, `sex_id`, `sound_id`) values (722, 75, 3, 1, 25251);
    [999] zepcraft-legacy ([BASE,F-044]_emotestextsound.sql)
           DELETE: delete from `emotestextsound` where `id` = 722;
           INSERT: insert into `emotestextsound` (`id`, `emotes_text_id`, `race_id`, `sex_id`, `sound_id`) values (722, 75, 3, 1, 25251);
  ID 723: (CONFLICT)
    [ 10] hd-everything ([BASE,F-049]_emotestextsound.sql)
           DELETE: delete from `emotestextsound` where `id` = 723;
           INSERT: insert into `emotestextsound` (`id`, `emotes_text_id`, `race_id`, `sex_id`, `sound_id`) values (723, 31, 6, 0, 6951);
    [ 20] worgoblin ([BASE,F-030]_emotestextsound.sql)
           DELETE: delete from `emotestextsound` where `id` = 723;
           INSERT: insert into `emotestextsound` (`id`, `emotes_text_id`, `race_id`, `sex_id`, `sound_id`) values (723, 75, 3, 0, 25252);
    [999] zepcraft-legacy ([BASE,F-044]_emotestextsound.sql)
           DELETE: delete from `emotestextsound` where `id` = 723;
           INSERT: insert into `emotestextsound` (`id`, `emotes_text_id`, `race_id`, `sex_id`, `sound_id`) values (723, 75, 3, 0, 25252);
  ID 724: (CONFLICT)
    [ 10] hd-everything ([BASE,F-049]_emotestextsound.sql)
           DELETE: delete from `emotestextsound` where `id` = 724;
           INSERT: insert into `emotestextsound` (`id`, `emotes_text_id`, `race_id`, `sex_id`, `sound_id`) values (724, 45, 6, 0, 6953);
    [ 20] worgoblin ([BASE,F-030]_emotestextsound.sql)
           DELETE: delete from `emotestextsound` where `id` = 724;
           INSERT: insert into `emotestextsound` (`id`, `emotes_text_id`, `race_id`, `sex_id`, `sound_id`) values (724, 75, 7, 1, 25253);
    [999] zepcraft-legacy ([BASE,F-044]_emotestextsound.sql)
           DELETE: delete from `emotestextsound` where `id` = 724;
           INSERT: insert into `emotestextsound` (`id`, `emotes_text_id`, `race_id`, `sex_id`, `sound_id`) values (724, 75, 7, 1, 25253);
  ID 725: (CONFLICT)
    [ 10] hd-everything ([BASE,F-049]_emotestextsound.sql)
           DELETE: delete from `emotestextsound` where `id` = 725;
           INSERT: insert into `emotestextsound` (`id`, `emotes_text_id`, `race_id`, `sex_id`, `sound_id`) values (725, 47, 6, 0, 6953);
    [ 20] worgoblin ([BASE,F-030]_emotestextsound.sql)
           DELETE: delete from `emotestextsound` where `id` = 725;
           INSERT: insert into `emotestextsound` (`id`, `emotes_text_id`, `race_id`, `sex_id`, `sound_id`) values (725, 75, 7, 0, 25254);
    [999] zepcraft-legacy ([BASE,F-044]_emotestextsound.sql)
           DELETE: delete from `emotestextsound` where `id` = 725;
           INSERT: insert into `emotestextsound` (`id`, `emotes_text_id`, `race_id`, `sex_id`, `sound_id`) values (725, 75, 7, 0, 25254);
  ID 726: (CONFLICT)
    [ 10] hd-everything ([BASE,F-049]_emotestextsound.sql)
           DELETE: delete from `emotestextsound` where `id` = 726;
           INSERT: insert into `emotestextsound` (`id`, `emotes_text_id`, `race_id`, `sex_id`, `sound_id`) values (726, 52, 6, 0, 6953);
    [ 20] worgoblin ([BASE,F-030]_emotestextsound.sql)
           DELETE: delete from `emotestextsound` where `id` = 726;
           INSERT: insert into `emotestextsound` (`id`, `emotes_text_id`, `race_id`, `sex_id`, `sound_id`) values (726, 75, 1, 1, 25255);
    [999] zepcraft-legacy ([BASE,F-044]_emotestextsound.sql)
           DELETE: delete from `emotestextsound` where `id` = 726;
           INSERT: insert into `emotestextsound` (`id`, `emotes_text_id`, `race_id`, `sex_id`, `sound_id`) values (726, 75, 1, 1, 25255);
  ID 727: (CONFLICT)
    [ 10] hd-everything ([BASE,F-049]_emotestextsound.sql)
           DELETE: delete from `emotestextsound` where `id` = 727;
           INSERT: insert into `emotestextsound` (`id`, `emotes_text_id`, `race_id`, `sex_id`, `sound_id`) values (727, 58, 6, 0, 6952);
    [ 20] worgoblin ([BASE,F-030]_emotestextsound.sql)
           DELETE: delete from `emotestextsound` where `id` = 727;
           INSERT: insert into `emotestextsound` (`id`, `emotes_text_id`, `race_id`, `sex_id`, `sound_id`) values (727, 75, 1, 0, 25256);
    [999] zepcraft-legacy ([BASE,F-044]_emotestextsound.sql)
           DELETE: delete from `emotestextsound` where `id` = 727;
           INSERT: insert into `emotestextsound` (`id`, `emotes_text_id`, `race_id`, `sex_id`, `sound_id`) values (727, 75, 1, 0, 25256);
  ID 728: (CONFLICT)
    [ 10] hd-everything ([BASE,F-049]_emotestextsound.sql)
           DELETE: delete from `emotestextsound` where `id` = 728;
           INSERT: insert into `emotestextsound` (`id`, `emotes_text_id`, `race_id`, `sex_id`, `sound_id`) values (728, 60, 6, 0, 6953);
    [ 20] worgoblin ([BASE,F-030]_emotestextsound.sql)
           DELETE: delete from `emotestextsound` where `id` = 728;
           INSERT: insert into `emotestextsound` (`id`, `emotes_text_id`, `race_id`, `sex_id`, `sound_id`) values (728, 75, 4, 1, 25257);
    [999] zepcraft-legacy ([BASE,F-044]_emotestextsound.sql)
           DELETE: delete from `emotestextsound` where `id` = 728;
           INSERT: insert into `emotestextsound` (`id`, `emotes_text_id`, `race_id`, `sex_id`, `sound_id`) values (728, 75, 4, 1, 25257);
  ID 729: (CONFLICT)
    [ 10] hd-everything ([BASE,F-049]_emotestextsound.sql)
           DELETE: delete from `emotestextsound` where `id` = 729;
           INSERT: insert into `emotestextsound` (`id`, `emotes_text_id`, `race_id`, `sex_id`, `sound_id`) values (729, 65, 6, 0, 6951);
    [ 20] worgoblin ([BASE,F-030]_emotestextsound.sql)
           DELETE: delete from `emotestextsound` where `id` = 729;
           INSERT: insert into `emotestextsound` (`id`, `emotes_text_id`, `race_id`, `sex_id`, `sound_id`) values (729, 75, 4, 0, 25258);
    [999] zepcraft-legacy ([BASE,F-044]_emotestextsound.sql)
           DELETE: delete from `emotestextsound` where `id` = 729;
           INSERT: insert into `emotestextsound` (`id`, `emotes_text_id`, `race_id`, `sex_id`, `sound_id`) values (729, 75, 4, 0, 25258);
  ID 730: (CONFLICT)
    [ 10] hd-everything ([BASE,F-049]_emotestextsound.sql)
           DELETE: delete from `emotestextsound` where `id` = 730;
           INSERT: insert into `emotestextsound` (`id`, `emotes_text_id`, `race_id`, `sex_id`, `sound_id`) values (730, 76, 6, 0, 6953);
    [ 20] worgoblin ([BASE,F-030]_emotestextsound.sql)
           DELETE: delete from `emotestextsound` where `id` = 730;
           INSERT: insert into `emotestextsound` (`id`, `emotes_text_id`, `race_id`, `sex_id`, `sound_id`) values (730, 75, 2, 1, 25259);
    [999] zepcraft-legacy ([BASE,F-044]_emotestextsound.sql)
           DELETE: delete from `emotestextsound` where `id` = 730;
           INSERT: insert into `emotestextsound` (`id`, `emotes_text_id`, `race_id`, `sex_id`, `sound_id`) values (730, 75, 2, 1, 25259);
  ID 731: (CONFLICT)
    [ 10] hd-everything ([BASE,F-049]_emotestextsound.sql)
           DELETE: delete from `emotestextsound` where `id` = 731;
           INSERT: insert into `emotestextsound` (`id`, `emotes_text_id`, `race_id`, `sex_id`, `sound_id`) values (731, 136, 6, 0, 6949);
    [ 20] worgoblin ([BASE,F-030]_emotestextsound.sql)
           DELETE: delete from `emotestextsound` where `id` = 731;
           INSERT: insert into `emotestextsound` (`id`, `emotes_text_id`, `race_id`, `sex_id`, `sound_id`) values (731, 75, 2, 0, 25260);
    [999] zepcraft-legacy ([BASE,F-044]_emotestextsound.sql)
           DELETE: delete from `emotestextsound` where `id` = 731;
           INSERT: insert into `emotestextsound` (`id`, `emotes_text_id`, `race_id`, `sex_id`, `sound_id`) values (731, 75, 2, 0, 25260);
  ID 732: (CONFLICT)
    [ 10] hd-everything ([BASE,F-049]_emotestextsound.sql)
           DELETE: delete from `emotestextsound` where `id` = 732;
           INSERT: insert into `emotestextsound` (`id`, `emotes_text_id`, `race_id`, `sex_id`, `sound_id`) values (732, 20, 6, 1, 6948);
    [ 20] worgoblin ([BASE,F-030]_emotestextsound.sql)
           DELETE: delete from `emotestextsound` where `id` = 732;
           INSERT: insert into `emotestextsound` (`id`, `emotes_text_id`, `race_id`, `sex_id`, `sound_id`) values (732, 75, 6, 1, 25261);
    [999] zepcraft-legacy ([BASE,F-044]_emotestextsound.sql)
           DELETE: delete from `emotestextsound` where `id` = 732;
           INSERT: insert into `emotestextsound` (`id`, `emotes_text_id`, `race_id`, `sex_id`, `sound_id`) values (732, 75, 6, 1, 25261);
  ID 733: (CONFLICT)
    [ 10] hd-everything ([BASE,F-049]_emotestextsound.sql)
           DELETE: delete from `emotestextsound` where `id` = 733;
           INSERT: insert into `emotestextsound` (`id`, `emotes_text_id`, `race_id`, `sex_id`, `sound_id`) values (733, 22, 6, 1, 6944);
    [ 20] worgoblin ([BASE,F-030]_emotestextsound.sql)
           DELETE: delete from `emotestextsound` where `id` = 733;
           INSERT: insert into `emotestextsound` (`id`, `emotes_text_id`, `race_id`, `sex_id`, `sound_id`) values (733, 75, 6, 0, 25262);
    [999] zepcraft-legacy ([BASE,F-044]_emotestextsound.sql)
           DELETE: delete from `emotestextsound` where `id` = 733;
           INSERT: insert into `emotestextsound` (`id`, `emotes_text_id`, `race_id`, `sex_id`, `sound_id`) values (733, 75, 6, 0, 25262);
  ID 734: (CONFLICT)
    [ 10] hd-everything ([BASE,F-049]_emotestextsound.sql)
           DELETE: delete from `emotestextsound` where `id` = 734;
           INSERT: insert into `emotestextsound` (`id`, `emotes_text_id`, `race_id`, `sex_id`, `sound_id`) values (734, 23, 6, 1, 6948);
    [ 20] worgoblin ([BASE,F-030]_emotestextsound.sql)
           DELETE: delete from `emotestextsound` where `id` = 734;
           INSERT: insert into `emotestextsound` (`id`, `emotes_text_id`, `race_id`, `sex_id`, `sound_id`) values (734, 75, 8, 1, 25263);
    [999] zepcraft-legacy ([BASE,F-044]_emotestextsound.sql)
           DELETE: delete from `emotestextsound` where `id` = 734;
           INSERT: insert into `emotestextsound` (`id`, `emotes_text_id`, `race_id`, `sex_id`, `sound_id`) values (734, 75, 8, 1, 25263);
  ID 735: (CONFLICT)
    [ 10] hd-everything ([BASE,F-049]_emotestextsound.sql)
           DELETE: delete from `emotestextsound` where `id` = 735;
           INSERT: insert into `emotestextsound` (`id`, `emotes_text_id`, `race_id`, `sex_id`, `sound_id`) values (735, 31, 6, 1, 6946);
    [ 20] worgoblin ([BASE,F-030]_emotestextsound.sql)
           DELETE: delete from `emotestextsound` where `id` = 735;
           INSERT: insert into `emotestextsound` (`id`, `emotes_text_id`, `race_id`, `sex_id`, `sound_id`) values (735, 75, 8, 0, 25264);
    [999] zepcraft-legacy ([BASE,F-044]_emotestextsound.sql)
           DELETE: delete from `emotestextsound` where `id` = 735;
           INSERT: insert into `emotestextsound` (`id`, `emotes_text_id`, `race_id`, `sex_id`, `sound_id`) values (735, 75, 8, 0, 25264);
  ID 736: (CONFLICT)
    [ 10] hd-everything ([BASE,F-049]_emotestextsound.sql)
           DELETE: delete from `emotestextsound` where `id` = 736;
           INSERT: insert into `emotestextsound` (`id`, `emotes_text_id`, `race_id`, `sex_id`, `sound_id`) values (736, 45, 6, 1, 6948);
    [ 20] worgoblin ([BASE,F-030]_emotestextsound.sql)
           DELETE: delete from `emotestextsound` where `id` = 736;
           INSERT: insert into `emotestextsound` (`id`, `emotes_text_id`, `race_id`, `sex_id`, `sound_id`) values (736, 75, 5, 1, 25265);
    [999] zepcraft-legacy ([BASE,F-044]_emotestextsound.sql)
           DELETE: delete from `emotestextsound` where `id` = 736;
           INSERT: insert into `emotestextsound` (`id`, `emotes_text_id`, `race_id`, `sex_id`, `sound_id`) values (736, 75, 5, 1, 25265);
  ID 737: (CONFLICT)
    [ 10] hd-everything ([BASE,F-049]_emotestextsound.sql)
           DELETE: delete from `emotestextsound` where `id` = 737;
           INSERT: insert into `emotestextsound` (`id`, `emotes_text_id`, `race_id`, `sex_id`, `sound_id`) values (737, 47, 6, 1, 6948);
    [ 20] worgoblin ([BASE,F-030]_emotestextsound.sql)
           DELETE: delete from `emotestextsound` where `id` = 737;
           INSERT: insert into `emotestextsound` (`id`, `emotes_text_id`, `race_id`, `sex_id`, `sound_id`) values (737, 75, 5, 0, 25266);
    [999] zepcraft-legacy ([BASE,F-044]_emotestextsound.sql)
           DELETE: delete from `emotestextsound` where `id` = 737;
           INSERT: insert into `emotestextsound` (`id`, `emotes_text_id`, `race_id`, `sex_id`, `sound_id`) values (737, 75, 5, 0, 25266);
  ID 738: (CONFLICT)
    [ 10] hd-everything ([BASE,F-049]_emotestextsound.sql)
           DELETE: delete from `emotestextsound` where `id` = 738;
           INSERT: insert into `emotestextsound` (`id`, `emotes_text_id`, `race_id`, `sex_id`, `sound_id`) values (738, 52, 6, 1, 6948);
    [ 20] worgoblin ([BASE,F-030]_emotestextsound.sql)
           DELETE: delete from `emotestextsound` where `id` = 738;
           INSERT: insert into `emotestextsound` (`id`, `emotes_text_id`, `race_id`, `sex_id`, `sound_id`) values (738, 75, 10, 0, 25268);
    [999] zepcraft-legacy ([BASE,F-044]_emotestextsound.sql)
           DELETE: delete from `emotestextsound` where `id` = 738;
           INSERT: insert into `emotestextsound` (`id`, `emotes_text_id`, `race_id`, `sex_id`, `sound_id`) values (738, 75, 10, 0, 25268);
  ID 739: (CONFLICT)
    [ 10] hd-everything ([BASE,F-049]_emotestextsound.sql)
           DELETE: delete from `emotestextsound` where `id` = 739;
           INSERT: insert into `emotestextsound` (`id`, `emotes_text_id`, `race_id`, `sex_id`, `sound_id`) values (739, 58, 6, 1, 6947);
    [ 20] worgoblin ([BASE,F-030]_emotestextsound.sql)
           DELETE: delete from `emotestextsound` where `id` = 739;
           INSERT: insert into `emotestextsound` (`id`, `emotes_text_id`, `race_id`, `sex_id`, `sound_id`) values (739, 75, 10, 1, 25267);
    [999] zepcraft-legacy ([BASE,F-044]_emotestextsound.sql)
           DELETE: delete from `emotestextsound` where `id` = 739;
           INSERT: insert into `emotestextsound` (`id`, `emotes_text_id`, `race_id`, `sex_id`, `sound_id`) values (739, 75, 10, 1, 25267);
  ID 740: (CONFLICT)
    [ 10] hd-everything ([BASE,F-049]_emotestextsound.sql)
           DELETE: delete from `emotestextsound` where `id` = 740;
           INSERT: insert into `emotestextsound` (`id`, `emotes_text_id`, `race_id`, `sex_id`, `sound_id`) values (740, 60, 6, 1, 6948);
    [ 20] worgoblin ([BASE,F-030]_emotestextsound.sql)
           DELETE: delete from `emotestextsound` where `id` = 740;
           INSERT: insert into `emotestextsound` (`id`, `emotes_text_id`, `race_id`, `sex_id`, `sound_id`) values (740, 75, 11, 0, 25270);
    [999] zepcraft-legacy ([BASE,F-044]_emotestextsound.sql)
           DELETE: delete from `emotestextsound` where `id` = 740;
           INSERT: insert into `emotestextsound` (`id`, `emotes_text_id`, `race_id`, `sex_id`, `sound_id`) values (740, 75, 11, 0, 25270);
  ID 741: (CONFLICT)
    [ 10] hd-everything ([BASE,F-049]_emotestextsound.sql)
           DELETE: delete from `emotestextsound` where `id` = 741;
           INSERT: insert into `emotestextsound` (`id`, `emotes_text_id`, `race_id`, `sex_id`, `sound_id`) values (741, 65, 6, 1, 6946);
    [ 20] worgoblin ([BASE,F-030]_emotestextsound.sql)
           DELETE: delete from `emotestextsound` where `id` = 741;
           INSERT: insert into `emotestextsound` (`id`, `emotes_text_id`, `race_id`, `sex_id`, `sound_id`) values (741, 75, 11, 1, 25269);
    [999] zepcraft-legacy ([BASE,F-044]_emotestextsound.sql)
           DELETE: delete from `emotestextsound` where `id` = 741;
           INSERT: insert into `emotestextsound` (`id`, `emotes_text_id`, `race_id`, `sex_id`, `sound_id`) values (741, 75, 11, 1, 25269);
  ID 742: (CONFLICT)
    [ 10] hd-everything ([BASE,F-049]_emotestextsound.sql)
           DELETE: delete from `emotestextsound` where `id` = 742;
           INSERT: insert into `emotestextsound` (`id`, `emotes_text_id`, `race_id`, `sex_id`, `sound_id`) values (742, 76, 6, 1, 6948);
    [ 20] worgoblin ([BASE,F-030]_emotestextsound.sql)
           DELETE: delete from `emotestextsound` where `id` = 742;
           INSERT: insert into `emotestextsound` (`id`, `emotes_text_id`, `race_id`, `sex_id`, `sound_id`) values (742, 60, 4, 1, 6928);
    [999] zepcraft-legacy ([BASE,F-044]_emotestextsound.sql)
           DELETE: delete from `emotestextsound` where `id` = 742;
           INSERT: insert into `emotestextsound` (`id`, `emotes_text_id`, `race_id`, `sex_id`, `sound_id`) values (742, 60, 4, 1, 6928);
  ID 743: (CONFLICT)
    [ 10] hd-everything ([BASE,F-049]_emotestextsound.sql)
           DELETE: delete from `emotestextsound` where `id` = 743;
           INSERT: insert into `emotestextsound` (`id`, `emotes_text_id`, `race_id`, `sex_id`, `sound_id`) values (743, 136, 6, 1, 6944);
    [ 20] worgoblin ([BASE,F-030]_emotestextsound.sql)
           DELETE: delete from `emotestextsound` where `id` = 743;
           INSERT: insert into `emotestextsound` (`id`, `emotes_text_id`, `race_id`, `sex_id`, `sound_id`) values (743, 60, 4, 0, 6933);
    [999] zepcraft-legacy ([BASE,F-044]_emotestextsound.sql)
           DELETE: delete from `emotestextsound` where `id` = 743;
           INSERT: insert into `emotestextsound` (`id`, `emotes_text_id`, `race_id`, `sex_id`, `sound_id`) values (743, 60, 4, 0, 6933);
  ID 744: (CONFLICT)
    [ 10] hd-everything ([BASE,F-049]_emotestextsound.sql)
           DELETE: delete from `emotestextsound` where `id` = 744;
           INSERT: insert into `emotestextsound` (`id`, `emotes_text_id`, `race_id`, `sex_id`, `sound_id`) values (744, 20, 7, 0, 6913);
    [ 20] worgoblin ([BASE,F-030]_emotestextsound.sql)
           DELETE: delete from `emotestextsound` where `id` = 744;
           INSERT: insert into `emotestextsound` (`id`, `emotes_text_id`, `race_id`, `sex_id`, `sound_id`) values (744, 60, 10, 0, 9652);
    [999] zepcraft-legacy ([BASE,F-044]_emotestextsound.sql)
           DELETE: delete from `emotestextsound` where `id` = 744;
           INSERT: insert into `emotestextsound` (`id`, `emotes_text_id`, `race_id`, `sex_id`, `sound_id`) values (744, 60, 10, 0, 9652);
  ID 745: (CONFLICT)
    [ 10] hd-everything ([BASE,F-049]_emotestextsound.sql)
           DELETE: delete from `emotestextsound` where `id` = 745;
           INSERT: insert into `emotestextsound` (`id`, `emotes_text_id`, `race_id`, `sex_id`, `sound_id`) values (745, 22, 7, 0, 6909);
    [ 20] worgoblin ([BASE,F-030]_emotestextsound.sql)
           DELETE: delete from `emotestextsound` where `id` = 745;
           INSERT: insert into `emotestextsound` (`id`, `emotes_text_id`, `race_id`, `sex_id`, `sound_id`) values (745, 60, 10, 1, 9648);
    [999] zepcraft-legacy ([BASE,F-044]_emotestextsound.sql)
           DELETE: delete from `emotestextsound` where `id` = 745;
           INSERT: insert into `emotestextsound` (`id`, `emotes_text_id`, `race_id`, `sex_id`, `sound_id`) values (745, 60, 10, 1, 9648);
  ID 746: (CONFLICT)
    [ 10] hd-everything ([BASE,F-049]_emotestextsound.sql)
           DELETE: delete from `emotestextsound` where `id` = 746;
           INSERT: insert into `emotestextsound` (`id`, `emotes_text_id`, `race_id`, `sex_id`, `sound_id`) values (746, 23, 7, 0, 6913);
    [ 20] worgoblin ([BASE,F-030]_emotestextsound.sql)
           DELETE: delete from `emotestextsound` where `id` = 746;
           INSERT: insert into `emotestextsound` (`id`, `emotes_text_id`, `race_id`, `sex_id`, `sound_id`) values (746, 60, 11, 0, 9702);
    [999] zepcraft-legacy ([BASE,F-044]_emotestextsound.sql)
           DELETE: delete from `emotestextsound` where `id` = 746;
           INSERT: insert into `emotestextsound` (`id`, `emotes_text_id`, `race_id`, `sex_id`, `sound_id`) values (746, 60, 11, 0, 9702);
  ID 747: (CONFLICT)
    [ 10] hd-everything ([BASE,F-049]_emotestextsound.sql)
           DELETE: delete from `emotestextsound` where `id` = 747;
           INSERT: insert into `emotestextsound` (`id`, `emotes_text_id`, `race_id`, `sex_id`, `sound_id`) values (747, 31, 7, 0, 6911);
    [ 20] worgoblin ([BASE,F-030]_emotestextsound.sql)
           DELETE: delete from `emotestextsound` where `id` = 747;
           INSERT: insert into `emotestextsound` (`id`, `emotes_text_id`, `race_id`, `sex_id`, `sound_id`) values (747, 60, 11, 1, 9677);
    [999] zepcraft-legacy ([BASE,F-044]_emotestextsound.sql)
           DELETE: delete from `emotestextsound` where `id` = 747;
           INSERT: insert into `emotestextsound` (`id`, `emotes_text_id`, `race_id`, `sex_id`, `sound_id`) values (747, 60, 11, 1, 9677);
  ID 748: (CONFLICT)
    [ 10] hd-everything ([BASE,F-049]_emotestextsound.sql)
           DELETE: delete from `emotestextsound` where `id` = 748;
           INSERT: insert into `emotestextsound` (`id`, `emotes_text_id`, `race_id`, `sex_id`, `sound_id`) values (748, 45, 7, 0, 6913);
    [ 20] worgoblin ([BASE,F-030]_emotestextsound.sql)
           DELETE: delete from `emotestextsound` where `id` = 748;
           INSERT: insert into `emotestextsound` (`id`, `emotes_text_id`, `race_id`, `sex_id`, `sound_id`) values (748, 60, 3, 1, 6894);
    [999] zepcraft-legacy ([BASE,F-044]_emotestextsound.sql)
           DELETE: delete from `emotestextsound` where `id` = 748;
           INSERT: insert into `emotestextsound` (`id`, `emotes_text_id`, `race_id`, `sex_id`, `sound_id`) values (748, 60, 3, 1, 6894);
  ID 749: (CONFLICT)
    [ 10] hd-everything ([BASE,F-049]_emotestextsound.sql)
           DELETE: delete from `emotestextsound` where `id` = 749;
           INSERT: insert into `emotestextsound` (`id`, `emotes_text_id`, `race_id`, `sex_id`, `sound_id`) values (749, 47, 7, 0, 6913);
    [ 20] worgoblin ([BASE,F-030]_emotestextsound.sql)
           DELETE: delete from `emotestextsound` where `id` = 749;
           INSERT: insert into `emotestextsound` (`id`, `emotes_text_id`, `race_id`, `sex_id`, `sound_id`) values (749, 60, 3, 0, 6903);
    [999] zepcraft-legacy ([BASE,F-044]_emotestextsound.sql)
           DELETE: delete from `emotestextsound` where `id` = 749;
           INSERT: insert into `emotestextsound` (`id`, `emotes_text_id`, `race_id`, `sex_id`, `sound_id`) values (749, 60, 3, 0, 6903);
  ID 750: (CONFLICT)
    [ 10] hd-everything ([BASE,F-049]_emotestextsound.sql)
           DELETE: delete from `emotestextsound` where `id` = 750;
           INSERT: insert into `emotestextsound` (`id`, `emotes_text_id`, `race_id`, `sex_id`, `sound_id`) values (750, 52, 7, 0, 6913);
    [ 20] worgoblin ([BASE,F-030]_emotestextsound.sql)
           DELETE: delete from `emotestextsound` where `id` = 750;
           INSERT: insert into `emotestextsound` (`id`, `emotes_text_id`, `race_id`, `sex_id`, `sound_id`) values (750, 60, 7, 0, 6913);
    [999] zepcraft-legacy ([BASE,F-044]_emotestextsound.sql)
           DELETE: delete from `emotestextsound` where `id` = 750;
           INSERT: insert into `emotestextsound` (`id`, `emotes_text_id`, `race_id`, `sex_id`, `sound_id`) values (750, 60, 7, 0, 6913);
  ID 751: (CONFLICT)
    [ 10] hd-everything ([BASE,F-049]_emotestextsound.sql)
           DELETE: delete from `emotestextsound` where `id` = 751;
           INSERT: insert into `emotestextsound` (`id`, `emotes_text_id`, `race_id`, `sex_id`, `sound_id`) values (751, 58, 7, 0, 6912);
    [ 20] worgoblin ([BASE,F-030]_emotestextsound.sql)
           DELETE: delete from `emotestextsound` where `id` = 751;
           INSERT: insert into `emotestextsound` (`id`, `emotes_text_id`, `race_id`, `sex_id`, `sound_id`) values (751, 60, 7, 1, 6908);
    [999] zepcraft-legacy ([BASE,F-044]_emotestextsound.sql)
           DELETE: delete from `emotestextsound` where `id` = 751;
           INSERT: insert into `emotestextsound` (`id`, `emotes_text_id`, `race_id`, `sex_id`, `sound_id`) values (751, 60, 7, 1, 6908);
  ID 752: (CONFLICT)
    [ 10] hd-everything ([BASE,F-049]_emotestextsound.sql)
           DELETE: delete from `emotestextsound` where `id` = 752;
           INSERT: insert into `emotestextsound` (`id`, `emotes_text_id`, `race_id`, `sex_id`, `sound_id`) values (752, 60, 7, 0, 6913);
    [ 20] worgoblin ([BASE,F-030]_emotestextsound.sql)
           DELETE: delete from `emotestextsound` where `id` = 752;
           INSERT: insert into `emotestextsound` (`id`, `emotes_text_id`, `race_id`, `sex_id`, `sound_id`) values (752, 60, 1, 1, 6918);
    [999] zepcraft-legacy ([BASE,F-044]_emotestextsound.sql)
           DELETE: delete from `emotestextsound` where `id` = 752;
           INSERT: insert into `emotestextsound` (`id`, `emotes_text_id`, `race_id`, `sex_id`, `sound_id`) values (752, 60, 1, 1, 6918);
  ID 753: (CONFLICT)
    [ 10] hd-everything ([BASE,F-049]_emotestextsound.sql)
           DELETE: delete from `emotestextsound` where `id` = 753;
           INSERT: insert into `emotestextsound` (`id`, `emotes_text_id`, `race_id`, `sex_id`, `sound_id`) values (753, 65, 7, 0, 6911);
    [ 20] worgoblin ([BASE,F-030]_emotestextsound.sql)
           DELETE: delete from `emotestextsound` where `id` = 753;
           INSERT: insert into `emotestextsound` (`id`, `emotes_text_id`, `race_id`, `sex_id`, `sound_id`) values (753, 60, 1, 0, 6923);
    [999] zepcraft-legacy ([BASE,F-044]_emotestextsound.sql)
           DELETE: delete from `emotestextsound` where `id` = 753;
           INSERT: insert into `emotestextsound` (`id`, `emotes_text_id`, `race_id`, `sex_id`, `sound_id`) values (753, 60, 1, 0, 6923);
  ID 754: (CONFLICT)
    [ 10] hd-everything ([BASE,F-049]_emotestextsound.sql)
           DELETE: delete from `emotestextsound` where `id` = 754;
           INSERT: insert into `emotestextsound` (`id`, `emotes_text_id`, `race_id`, `sex_id`, `sound_id`) values (754, 76, 7, 0, 6913);
    [ 20] worgoblin ([BASE,F-030]_emotestextsound.sql)
           DELETE: delete from `emotestextsound` where `id` = 754;
           INSERT: insert into `emotestextsound` (`id`, `emotes_text_id`, `race_id`, `sex_id`, `sound_id`) values (754, 60, 2, 0, 6943);
    [999] zepcraft-legacy ([BASE,F-044]_emotestextsound.sql)
           DELETE: delete from `emotestextsound` where `id` = 754;
           INSERT: insert into `emotestextsound` (`id`, `emotes_text_id`, `race_id`, `sex_id`, `sound_id`) values (754, 60, 2, 0, 6943);
  ID 755: (CONFLICT)
    [ 10] hd-everything ([BASE,F-049]_emotestextsound.sql)
           DELETE: delete from `emotestextsound` where `id` = 755;
           INSERT: insert into `emotestextsound` (`id`, `emotes_text_id`, `race_id`, `sex_id`, `sound_id`) values (755, 136, 7, 0, 6909);
    [ 20] worgoblin ([BASE,F-030]_emotestextsound.sql)
           DELETE: delete from `emotestextsound` where `id` = 755;
           INSERT: insert into `emotestextsound` (`id`, `emotes_text_id`, `race_id`, `sex_id`, `sound_id`) values (755, 60, 2, 1, 6938);
    [999] zepcraft-legacy ([BASE,F-044]_emotestextsound.sql)
           DELETE: delete from `emotestextsound` where `id` = 755;
           INSERT: insert into `emotestextsound` (`id`, `emotes_text_id`, `race_id`, `sex_id`, `sound_id`) values (755, 60, 2, 1, 6938);
  ID 756: (CONFLICT)
    [ 10] hd-everything ([BASE,F-049]_emotestextsound.sql)
           DELETE: delete from `emotestextsound` where `id` = 756;
           INSERT: insert into `emotestextsound` (`id`, `emotes_text_id`, `race_id`, `sex_id`, `sound_id`) values (756, 20, 7, 1, 6908);
    [ 20] worgoblin ([BASE,F-030]_emotestextsound.sql)
           DELETE: delete from `emotestextsound` where `id` = 756;
           INSERT: insert into `emotestextsound` (`id`, `emotes_text_id`, `race_id`, `sex_id`, `sound_id`) values (756, 60, 6, 1, 6948);
    [999] zepcraft-legacy ([BASE,F-044]_emotestextsound.sql)
           DELETE: delete from `emotestextsound` where `id` = 756;
           INSERT: insert into `emotestextsound` (`id`, `emotes_text_id`, `race_id`, `sex_id`, `sound_id`) values (756, 60, 6, 1, 6948);
  ID 757: (CONFLICT)
    [ 10] hd-everything ([BASE,F-049]_emotestextsound.sql)
           DELETE: delete from `emotestextsound` where `id` = 757;
           INSERT: insert into `emotestextsound` (`id`, `emotes_text_id`, `race_id`, `sex_id`, `sound_id`) values (757, 22, 7, 1, 6904);
    [ 20] worgoblin ([BASE,F-030]_emotestextsound.sql)
           DELETE: delete from `emotestextsound` where `id` = 757;
           INSERT: insert into `emotestextsound` (`id`, `emotes_text_id`, `race_id`, `sex_id`, `sound_id`) values (757, 60, 6, 0, 6953);
    [999] zepcraft-legacy ([BASE,F-044]_emotestextsound.sql)
           DELETE: delete from `emotestextsound` where `id` = 757;
           INSERT: insert into `emotestextsound` (`id`, `emotes_text_id`, `race_id`, `sex_id`, `sound_id`) values (757, 60, 6, 0, 6953);
  ID 758: (CONFLICT)
    [ 10] hd-everything ([BASE,F-049]_emotestextsound.sql)
           DELETE: delete from `emotestextsound` where `id` = 758;
           INSERT: insert into `emotestextsound` (`id`, `emotes_text_id`, `race_id`, `sex_id`, `sound_id`) values (758, 23, 7, 1, 6908);
    [ 20] worgoblin ([BASE,F-030]_emotestextsound.sql)
           DELETE: delete from `emotestextsound` where `id` = 758;
           INSERT: insert into `emotestextsound` (`id`, `emotes_text_id`, `race_id`, `sex_id`, `sound_id`) values (758, 60, 8, 1, 6958);
    [999] zepcraft-legacy ([BASE,F-044]_emotestextsound.sql)
           DELETE: delete from `emotestextsound` where `id` = 758;
           INSERT: insert into `emotestextsound` (`id`, `emotes_text_id`, `race_id`, `sex_id`, `sound_id`) values (758, 60, 8, 1, 6958);
  ID 759: (CONFLICT)
    [ 10] hd-everything ([BASE,F-049]_emotestextsound.sql)
           DELETE: delete from `emotestextsound` where `id` = 759;
           INSERT: insert into `emotestextsound` (`id`, `emotes_text_id`, `race_id`, `sex_id`, `sound_id`) values (759, 31, 7, 1, 6906);
    [ 20] worgoblin ([BASE,F-030]_emotestextsound.sql)
           DELETE: delete from `emotestextsound` where `id` = 759;
           INSERT: insert into `emotestextsound` (`id`, `emotes_text_id`, `race_id`, `sex_id`, `sound_id`) values (759, 60, 8, 0, 6963);
    [999] zepcraft-legacy ([BASE,F-044]_emotestextsound.sql)
           DELETE: delete from `emotestextsound` where `id` = 759;
           INSERT: insert into `emotestextsound` (`id`, `emotes_text_id`, `race_id`, `sex_id`, `sound_id`) values (759, 60, 8, 0, 6963);
  ID 760: (CONFLICT)
    [ 10] hd-everything ([BASE,F-049]_emotestextsound.sql)
           DELETE: delete from `emotestextsound` where `id` = 760;
           INSERT: insert into `emotestextsound` (`id`, `emotes_text_id`, `race_id`, `sex_id`, `sound_id`) values (760, 45, 7, 1, 6908);
    [ 20] worgoblin ([BASE,F-030]_emotestextsound.sql)
           DELETE: delete from `emotestextsound` where `id` = 760;
           INSERT: insert into `emotestextsound` (`id`, `emotes_text_id`, `race_id`, `sex_id`, `sound_id`) values (760, 60, 5, 1, 6969);
    [999] zepcraft-legacy ([BASE,F-044]_emotestextsound.sql)
           DELETE: delete from `emotestextsound` where `id` = 760;
           INSERT: insert into `emotestextsound` (`id`, `emotes_text_id`, `race_id`, `sex_id`, `sound_id`) values (760, 60, 5, 1, 6969);
  ID 761: (CONFLICT)
    [ 10] hd-everything ([BASE,F-049]_emotestextsound.sql)
           DELETE: delete from `emotestextsound` where `id` = 761;
           INSERT: insert into `emotestextsound` (`id`, `emotes_text_id`, `race_id`, `sex_id`, `sound_id`) values (761, 47, 7, 1, 6908);
    [ 20] worgoblin ([BASE,F-030]_emotestextsound.sql)
           DELETE: delete from `emotestextsound` where `id` = 761;
           INSERT: insert into `emotestextsound` (`id`, `emotes_text_id`, `race_id`, `sex_id`, `sound_id`) values (761, 60, 5, 0, 6974);
    [999] zepcraft-legacy ([BASE,F-044]_emotestextsound.sql)
           DELETE: delete from `emotestextsound` where `id` = 761;
           INSERT: insert into `emotestextsound` (`id`, `emotes_text_id`, `race_id`, `sex_id`, `sound_id`) values (761, 60, 5, 0, 6974);
  ID 762: (CONFLICT)
    [ 10] hd-everything ([BASE,F-049]_emotestextsound.sql)
           DELETE: delete from `emotestextsound` where `id` = 762;
           INSERT: insert into `emotestextsound` (`id`, `emotes_text_id`, `race_id`, `sex_id`, `sound_id`) values (762, 52, 7, 1, 6908);
    [ 20] worgoblin ([BASE,F-030]_emotestextsound.sql)
           DELETE: delete from `emotestextsound` where `id` = 762;
           INSERT: insert into `emotestextsound` (`id`, `emotes_text_id`, `race_id`, `sex_id`, `sound_id`) values (762, 60, 23, 1, 18770);
    [999] zepcraft-legacy ([BASE,F-044]_emotestextsound.sql)
           DELETE: delete from `emotestextsound` where `id` = 762;
           INSERT: insert into `emotestextsound` (`id`, `emotes_text_id`, `race_id`, `sex_id`, `sound_id`) values (762, 60, 23, 1, 18770);
  ID 763: (CONFLICT)
    [ 10] hd-everything ([BASE,F-049]_emotestextsound.sql)
           DELETE: delete from `emotestextsound` where `id` = 763;
           INSERT: insert into `emotestextsound` (`id`, `emotes_text_id`, `race_id`, `sex_id`, `sound_id`) values (763, 58, 7, 1, 6907);
    [ 20] worgoblin ([BASE,F-030]_emotestextsound.sql)
           DELETE: delete from `emotestextsound` where `id` = 763;
           INSERT: insert into `emotestextsound` (`id`, `emotes_text_id`, `race_id`, `sex_id`, `sound_id`) values (763, 60, 23, 0, 19021);
    [999] zepcraft-legacy ([BASE,F-044]_emotestextsound.sql)
           DELETE: delete from `emotestextsound` where `id` = 763;
           INSERT: insert into `emotestextsound` (`id`, `emotes_text_id`, `race_id`, `sex_id`, `sound_id`) values (763, 60, 23, 0, 19021);
  ID 765: (CONFLICT)
    [ 10] hd-everything ([BASE,F-049]_emotestextsound.sql)
           DELETE: delete from `emotestextsound` where `id` = 765;
           INSERT: insert into `emotestextsound` (`id`, `emotes_text_id`, `race_id`, `sex_id`, `sound_id`) values (765, 65, 7, 1, 6906);
    [ 20] worgoblin ([BASE,F-030]_emotestextsound.sql)
           DELETE: delete from `emotestextsound` where `id` = 765;
           INSERT: insert into `emotestextsound` (`id`, `emotes_text_id`, `race_id`, `sex_id`, `sound_id`) values (765, 60, 12, 1, 23319);
    [999] zepcraft-legacy ([BASE,F-044]_emotestextsound.sql)
           DELETE: delete from `emotestextsound` where `id` = 765;
           INSERT: insert into `emotestextsound` (`id`, `emotes_text_id`, `race_id`, `sex_id`, `sound_id`) values (765, 60, 12, 1, 23319);
  ID 766: (CONFLICT)
    [ 10] hd-everything ([BASE,F-049]_emotestextsound.sql)
           DELETE: delete from `emotestextsound` where `id` = 766;
           INSERT: insert into `emotestextsound` (`id`, `emotes_text_id`, `race_id`, `sex_id`, `sound_id`) values (766, 76, 7, 1, 6908);
    [ 20] worgoblin ([BASE,F-030]_emotestextsound.sql)
           DELETE: delete from `emotestextsound` where `id` = 766;
           INSERT: insert into `emotestextsound` (`id`, `emotes_text_id`, `race_id`, `sex_id`, `sound_id`) values (766, 60, 9, 1, 19248);
    [999] zepcraft-legacy ([BASE,F-044]_emotestextsound.sql)
           DELETE: delete from `emotestextsound` where `id` = 766;
           INSERT: insert into `emotestextsound` (`id`, `emotes_text_id`, `race_id`, `sex_id`, `sound_id`) values (766, 60, 9, 1, 19248);
  ID 767: (CONFLICT)
    [ 10] hd-everything ([BASE,F-049]_emotestextsound.sql)
           DELETE: delete from `emotestextsound` where `id` = 767;
           INSERT: insert into `emotestextsound` (`id`, `emotes_text_id`, `race_id`, `sex_id`, `sound_id`) values (767, 136, 7, 1, 6904);
    [ 20] worgoblin ([BASE,F-030]_emotestextsound.sql)
           DELETE: delete from `emotestextsound` where `id` = 767;
           INSERT: insert into `emotestextsound` (`id`, `emotes_text_id`, `race_id`, `sex_id`, `sound_id`) values (767, 60, 9, 0, 23330);
    [999] zepcraft-legacy ([BASE,F-044]_emotestextsound.sql)
           DELETE: delete from `emotestextsound` where `id` = 767;
           INSERT: insert into `emotestextsound` (`id`, `emotes_text_id`, `race_id`, `sex_id`, `sound_id`) values (767, 60, 9, 0, 23330);
  ID 768: (CONFLICT)
    [ 10] hd-everything ([BASE,F-049]_emotestextsound.sql)
           DELETE: delete from `emotestextsound` where `id` = 768;
           INSERT: insert into `emotestextsound` (`id`, `emotes_text_id`, `race_id`, `sex_id`, `sound_id`) values (768, 20, 8, 0, 6963);
    [ 20] worgoblin ([BASE,F-030]_emotestextsound.sql)
           DELETE: delete from `emotestextsound` where `id` = 768;
           INSERT: insert into `emotestextsound` (`id`, `emotes_text_id`, `race_id`, `sex_id`, `sound_id`) values (768, 31, 10, 1, 9647);
    [999] zepcraft-legacy ([BASE,F-044]_emotestextsound.sql)
           DELETE: delete from `emotestextsound` where `id` = 768;
           INSERT: insert into `emotestextsound` (`id`, `emotes_text_id`, `race_id`, `sex_id`, `sound_id`) values (768, 31, 10, 1, 9647);
  ID 769: (CONFLICT)
    [ 10] hd-everything ([BASE,F-049]_emotestextsound.sql)
           DELETE: delete from `emotestextsound` where `id` = 769;
           INSERT: insert into `emotestextsound` (`id`, `emotes_text_id`, `race_id`, `sex_id`, `sound_id`) values (769, 22, 8, 0, 6959);
    [ 20] worgoblin ([BASE,F-030]_emotestextsound.sql)
           DELETE: delete from `emotestextsound` where `id` = 769;
           INSERT: insert into `emotestextsound` (`id`, `emotes_text_id`, `race_id`, `sex_id`, `sound_id`) values (769, 31, 10, 0, 9651);
    [999] zepcraft-legacy ([BASE,F-044]_emotestextsound.sql)
           DELETE: delete from `emotestextsound` where `id` = 769;
           INSERT: insert into `emotestextsound` (`id`, `emotes_text_id`, `race_id`, `sex_id`, `sound_id`) values (769, 31, 10, 0, 9651);
  ID 770: (CONFLICT)
    [ 10] hd-everything ([BASE,F-049]_emotestextsound.sql)
           DELETE: delete from `emotestextsound` where `id` = 770;
           INSERT: insert into `emotestextsound` (`id`, `emotes_text_id`, `race_id`, `sex_id`, `sound_id`) values (770, 23, 8, 0, 6963);
    [ 20] worgoblin ([BASE,F-030]_emotestextsound.sql)
           DELETE: delete from `emotestextsound` where `id` = 770;
           INSERT: insert into `emotestextsound` (`id`, `emotes_text_id`, `race_id`, `sex_id`, `sound_id`) values (770, 31, 11, 1, 9676);
    [999] zepcraft-legacy ([BASE,F-044]_emotestextsound.sql)
           DELETE: delete from `emotestextsound` where `id` = 770;
           INSERT: insert into `emotestextsound` (`id`, `emotes_text_id`, `race_id`, `sex_id`, `sound_id`) values (770, 31, 11, 1, 9676);
  ID 771: (CONFLICT)
    [ 10] hd-everything ([BASE,F-049]_emotestextsound.sql)
           DELETE: delete from `emotestextsound` where `id` = 771;
           INSERT: insert into `emotestextsound` (`id`, `emotes_text_id`, `race_id`, `sex_id`, `sound_id`) values (771, 31, 8, 0, 6961);
    [ 20] worgoblin ([BASE,F-030]_emotestextsound.sql)
           DELETE: delete from `emotestextsound` where `id` = 771;
           INSERT: insert into `emotestextsound` (`id`, `emotes_text_id`, `race_id`, `sex_id`, `sound_id`) values (771, 31, 11, 0, 9701);
    [999] zepcraft-legacy ([BASE,F-044]_emotestextsound.sql)
           DELETE: delete from `emotestextsound` where `id` = 771;
           INSERT: insert into `emotestextsound` (`id`, `emotes_text_id`, `race_id`, `sex_id`, `sound_id`) values (771, 31, 11, 0, 9701);
  ID 772: (CONFLICT)
    [ 10] hd-everything ([BASE,F-049]_emotestextsound.sql)
           DELETE: delete from `emotestextsound` where `id` = 772;
           INSERT: insert into `emotestextsound` (`id`, `emotes_text_id`, `race_id`, `sex_id`, `sound_id`) values (772, 45, 8, 0, 6963);
    [ 20] worgoblin ([BASE,F-030]_emotestextsound.sql)
           DELETE: delete from `emotestextsound` where `id` = 772;
           INSERT: insert into `emotestextsound` (`id`, `emotes_text_id`, `race_id`, `sex_id`, `sound_id`) values (772, 31, 3, 1, 6895);
    [999] zepcraft-legacy ([BASE,F-044]_emotestextsound.sql)
           DELETE: delete from `emotestextsound` where `id` = 772;
           INSERT: insert into `emotestextsound` (`id`, `emotes_text_id`, `race_id`, `sex_id`, `sound_id`) values (772, 31, 3, 1, 6895);
  ID 773: (CONFLICT)
    [ 10] hd-everything ([BASE,F-049]_emotestextsound.sql)
           DELETE: delete from `emotestextsound` where `id` = 773;
           INSERT: insert into `emotestextsound` (`id`, `emotes_text_id`, `race_id`, `sex_id`, `sound_id`) values (773, 47, 8, 0, 6963);
    [ 20] worgoblin ([BASE,F-030]_emotestextsound.sql)
           DELETE: delete from `emotestextsound` where `id` = 773;
           INSERT: insert into `emotestextsound` (`id`, `emotes_text_id`, `race_id`, `sex_id`, `sound_id`) values (773, 31, 3, 0, 6901);
    [999] zepcraft-legacy ([BASE,F-044]_emotestextsound.sql)
           DELETE: delete from `emotestextsound` where `id` = 773;
           INSERT: insert into `emotestextsound` (`id`, `emotes_text_id`, `race_id`, `sex_id`, `sound_id`) values (773, 31, 3, 0, 6901);
  ID 774: (CONFLICT)
    [ 10] hd-everything ([BASE,F-049]_emotestextsound.sql)
           DELETE: delete from `emotestextsound` where `id` = 774;
           INSERT: insert into `emotestextsound` (`id`, `emotes_text_id`, `race_id`, `sex_id`, `sound_id`) values (774, 52, 8, 0, 6963);
    [ 20] worgoblin ([BASE,F-030]_emotestextsound.sql)
           DELETE: delete from `emotestextsound` where `id` = 774;
           INSERT: insert into `emotestextsound` (`id`, `emotes_text_id`, `race_id`, `sex_id`, `sound_id`) values (774, 31, 7, 1, 6906);
    [999] zepcraft-legacy ([BASE,F-044]_emotestextsound.sql)
           DELETE: delete from `emotestextsound` where `id` = 774;
           INSERT: insert into `emotestextsound` (`id`, `emotes_text_id`, `race_id`, `sex_id`, `sound_id`) values (774, 31, 7, 1, 6906);
  ID 775: (CONFLICT)
    [ 10] hd-everything ([BASE,F-049]_emotestextsound.sql)
           DELETE: delete from `emotestextsound` where `id` = 775;
           INSERT: insert into `emotestextsound` (`id`, `emotes_text_id`, `race_id`, `sex_id`, `sound_id`) values (775, 58, 8, 0, 6962);
    [ 20] worgoblin ([BASE,F-030]_emotestextsound.sql)
           DELETE: delete from `emotestextsound` where `id` = 775;
           INSERT: insert into `emotestextsound` (`id`, `emotes_text_id`, `race_id`, `sex_id`, `sound_id`) values (775, 31, 7, 0, 6911);
    [999] zepcraft-legacy ([BASE,F-044]_emotestextsound.sql)
           DELETE: delete from `emotestextsound` where `id` = 775;
           INSERT: insert into `emotestextsound` (`id`, `emotes_text_id`, `race_id`, `sex_id`, `sound_id`) values (775, 31, 7, 0, 6911);
  ID 776: (CONFLICT)
    [ 10] hd-everything ([BASE,F-049]_emotestextsound.sql)
           DELETE: delete from `emotestextsound` where `id` = 776;
           INSERT: insert into `emotestextsound` (`id`, `emotes_text_id`, `race_id`, `sex_id`, `sound_id`) values (776, 60, 8, 0, 6963);
    [ 20] worgoblin ([BASE,F-030]_emotestextsound.sql)
           DELETE: delete from `emotestextsound` where `id` = 776;
           INSERT: insert into `emotestextsound` (`id`, `emotes_text_id`, `race_id`, `sex_id`, `sound_id`) values (776, 31, 1, 1, 6916);
    [999] zepcraft-legacy ([BASE,F-044]_emotestextsound.sql)
           DELETE: delete from `emotestextsound` where `id` = 776;
           INSERT: insert into `emotestextsound` (`id`, `emotes_text_id`, `race_id`, `sex_id`, `sound_id`) values (776, 31, 1, 1, 6916);
  ID 777: (CONFLICT)
    [ 10] hd-everything ([BASE,F-049]_emotestextsound.sql)
           DELETE: delete from `emotestextsound` where `id` = 777;
           INSERT: insert into `emotestextsound` (`id`, `emotes_text_id`, `race_id`, `sex_id`, `sound_id`) values (777, 65, 8, 0, 6961);
    [ 20] worgoblin ([BASE,F-030]_emotestextsound.sql)
           DELETE: delete from `emotestextsound` where `id` = 777;
           INSERT: insert into `emotestextsound` (`id`, `emotes_text_id`, `race_id`, `sex_id`, `sound_id`) values (777, 31, 1, 0, 6921);
    [999] zepcraft-legacy ([BASE,F-044]_emotestextsound.sql)
           DELETE: delete from `emotestextsound` where `id` = 777;
           INSERT: insert into `emotestextsound` (`id`, `emotes_text_id`, `race_id`, `sex_id`, `sound_id`) values (777, 31, 1, 0, 6921);
  ID 778: (CONFLICT)
    [ 10] hd-everything ([BASE,F-049]_emotestextsound.sql)
           DELETE: delete from `emotestextsound` where `id` = 778;
           INSERT: insert into `emotestextsound` (`id`, `emotes_text_id`, `race_id`, `sex_id`, `sound_id`) values (778, 76, 8, 0, 6963);
    [ 20] worgoblin ([BASE,F-030]_emotestextsound.sql)
           DELETE: delete from `emotestextsound` where `id` = 778;
           INSERT: insert into `emotestextsound` (`id`, `emotes_text_id`, `race_id`, `sex_id`, `sound_id`) values (778, 31, 4, 1, 6926);
    [999] zepcraft-legacy ([BASE,F-044]_emotestextsound.sql)
           DELETE: delete from `emotestextsound` where `id` = 778;
           INSERT: insert into `emotestextsound` (`id`, `emotes_text_id`, `race_id`, `sex_id`, `sound_id`) values (778, 31, 4, 1, 6926);
  ID 779: (CONFLICT)
    [ 10] hd-everything ([BASE,F-049]_emotestextsound.sql)
           DELETE: delete from `emotestextsound` where `id` = 779;
           INSERT: insert into `emotestextsound` (`id`, `emotes_text_id`, `race_id`, `sex_id`, `sound_id`) values (779, 136, 8, 0, 6959);
    [ 20] worgoblin ([BASE,F-030]_emotestextsound.sql)
           DELETE: delete from `emotestextsound` where `id` = 779;
           INSERT: insert into `emotestextsound` (`id`, `emotes_text_id`, `race_id`, `sex_id`, `sound_id`) values (779, 31, 4, 0, 6931);
    [999] zepcraft-legacy ([BASE,F-044]_emotestextsound.sql)
           DELETE: delete from `emotestextsound` where `id` = 779;
           INSERT: insert into `emotestextsound` (`id`, `emotes_text_id`, `race_id`, `sex_id`, `sound_id`) values (779, 31, 4, 0, 6931);
  ID 780: (CONFLICT)
    [ 10] hd-everything ([BASE,F-049]_emotestextsound.sql)
           DELETE: delete from `emotestextsound` where `id` = 780;
           INSERT: insert into `emotestextsound` (`id`, `emotes_text_id`, `race_id`, `sex_id`, `sound_id`) values (780, 20, 8, 1, 6958);
    [ 20] worgoblin ([BASE,F-030]_emotestextsound.sql)
           DELETE: delete from `emotestextsound` where `id` = 780;
           INSERT: insert into `emotestextsound` (`id`, `emotes_text_id`, `race_id`, `sex_id`, `sound_id`) values (780, 31, 2, 1, 6936);
    [999] zepcraft-legacy ([BASE,F-044]_emotestextsound.sql)
           DELETE: delete from `emotestextsound` where `id` = 780;
           INSERT: insert into `emotestextsound` (`id`, `emotes_text_id`, `race_id`, `sex_id`, `sound_id`) values (780, 31, 2, 1, 6936);
  ID 781: (CONFLICT)
    [ 10] hd-everything ([BASE,F-049]_emotestextsound.sql)
           DELETE: delete from `emotestextsound` where `id` = 781;
           INSERT: insert into `emotestextsound` (`id`, `emotes_text_id`, `race_id`, `sex_id`, `sound_id`) values (781, 22, 8, 1, 6954);
    [ 20] worgoblin ([BASE,F-030]_emotestextsound.sql)
           DELETE: delete from `emotestextsound` where `id` = 781;
           INSERT: insert into `emotestextsound` (`id`, `emotes_text_id`, `race_id`, `sex_id`, `sound_id`) values (781, 31, 2, 0, 6941);
    [999] zepcraft-legacy ([BASE,F-044]_emotestextsound.sql)
           DELETE: delete from `emotestextsound` where `id` = 781;
           INSERT: insert into `emotestextsound` (`id`, `emotes_text_id`, `race_id`, `sex_id`, `sound_id`) values (781, 31, 2, 0, 6941);
  ID 782: (CONFLICT)
    [ 10] hd-everything ([BASE,F-049]_emotestextsound.sql)
           DELETE: delete from `emotestextsound` where `id` = 782;
           INSERT: insert into `emotestextsound` (`id`, `emotes_text_id`, `race_id`, `sex_id`, `sound_id`) values (782, 23, 8, 1, 6958);
    [ 20] worgoblin ([BASE,F-030]_emotestextsound.sql)
           DELETE: delete from `emotestextsound` where `id` = 782;
           INSERT: insert into `emotestextsound` (`id`, `emotes_text_id`, `race_id`, `sex_id`, `sound_id`) values (782, 31, 6, 1, 6946);
    [999] zepcraft-legacy ([BASE,F-044]_emotestextsound.sql)
           DELETE: delete from `emotestextsound` where `id` = 782;
           INSERT: insert into `emotestextsound` (`id`, `emotes_text_id`, `race_id`, `sex_id`, `sound_id`) values (782, 31, 6, 1, 6946);
  ID 783: (CONFLICT)
    [ 10] hd-everything ([BASE,F-049]_emotestextsound.sql)
           DELETE: delete from `emotestextsound` where `id` = 783;
           INSERT: insert into `emotestextsound` (`id`, `emotes_text_id`, `race_id`, `sex_id`, `sound_id`) values (783, 31, 8, 1, 6956);
    [ 20] worgoblin ([BASE,F-030]_emotestextsound.sql)
           DELETE: delete from `emotestextsound` where `id` = 783;
           INSERT: insert into `emotestextsound` (`id`, `emotes_text_id`, `race_id`, `sex_id`, `sound_id`) values (783, 31, 6, 0, 6951);
    [999] zepcraft-legacy ([BASE,F-044]_emotestextsound.sql)
           DELETE: delete from `emotestextsound` where `id` = 783;
           INSERT: insert into `emotestextsound` (`id`, `emotes_text_id`, `race_id`, `sex_id`, `sound_id`) values (783, 31, 6, 0, 6951);
  ID 784: (CONFLICT)
    [ 10] hd-everything ([BASE,F-049]_emotestextsound.sql)
           DELETE: delete from `emotestextsound` where `id` = 784;
           INSERT: insert into `emotestextsound` (`id`, `emotes_text_id`, `race_id`, `sex_id`, `sound_id`) values (784, 45, 8, 1, 6958);
    [ 20] worgoblin ([BASE,F-030]_emotestextsound.sql)
           DELETE: delete from `emotestextsound` where `id` = 784;
           INSERT: insert into `emotestextsound` (`id`, `emotes_text_id`, `race_id`, `sex_id`, `sound_id`) values (784, 31, 8, 1, 6956);
    [999] zepcraft-legacy ([BASE,F-044]_emotestextsound.sql)
           DELETE: delete from `emotestextsound` where `id` = 784;
           INSERT: insert into `emotestextsound` (`id`, `emotes_text_id`, `race_id`, `sex_id`, `sound_id`) values (784, 31, 8, 1, 6956);
  ID 785: (CONFLICT)
    [ 10] hd-everything ([BASE,F-049]_emotestextsound.sql)
           DELETE: delete from `emotestextsound` where `id` = 785;
           INSERT: insert into `emotestextsound` (`id`, `emotes_text_id`, `race_id`, `sex_id`, `sound_id`) values (785, 47, 8, 1, 6958);
    [ 20] worgoblin ([BASE,F-030]_emotestextsound.sql)
           DELETE: delete from `emotestextsound` where `id` = 785;
           INSERT: insert into `emotestextsound` (`id`, `emotes_text_id`, `race_id`, `sex_id`, `sound_id`) values (785, 31, 8, 0, 6961);
    [999] zepcraft-legacy ([BASE,F-044]_emotestextsound.sql)
           DELETE: delete from `emotestextsound` where `id` = 785;
           INSERT: insert into `emotestextsound` (`id`, `emotes_text_id`, `race_id`, `sex_id`, `sound_id`) values (785, 31, 8, 0, 6961);
  ID 786: (CONFLICT)
    [ 10] hd-everything ([BASE,F-049]_emotestextsound.sql)
           DELETE: delete from `emotestextsound` where `id` = 786;
           INSERT: insert into `emotestextsound` (`id`, `emotes_text_id`, `race_id`, `sex_id`, `sound_id`) values (786, 52, 8, 1, 6958);
    [ 20] worgoblin ([BASE,F-030]_emotestextsound.sql)
           DELETE: delete from `emotestextsound` where `id` = 786;
           INSERT: insert into `emotestextsound` (`id`, `emotes_text_id`, `race_id`, `sex_id`, `sound_id`) values (786, 31, 5, 1, 6967);
    [999] zepcraft-legacy ([BASE,F-044]_emotestextsound.sql)
           DELETE: delete from `emotestextsound` where `id` = 786;
           INSERT: insert into `emotestextsound` (`id`, `emotes_text_id`, `race_id`, `sex_id`, `sound_id`) values (786, 31, 5, 1, 6967);
  ID 787: (CONFLICT)
    [ 10] hd-everything ([BASE,F-049]_emotestextsound.sql)
           DELETE: delete from `emotestextsound` where `id` = 787;
           INSERT: insert into `emotestextsound` (`id`, `emotes_text_id`, `race_id`, `sex_id`, `sound_id`) values (787, 58, 8, 1, 6957);
    [ 20] worgoblin ([BASE,F-030]_emotestextsound.sql)
           DELETE: delete from `emotestextsound` where `id` = 787;
           INSERT: insert into `emotestextsound` (`id`, `emotes_text_id`, `race_id`, `sex_id`, `sound_id`) values (787, 31, 5, 0, 6972);
    [999] zepcraft-legacy ([BASE,F-044]_emotestextsound.sql)
           DELETE: delete from `emotestextsound` where `id` = 787;
           INSERT: insert into `emotestextsound` (`id`, `emotes_text_id`, `race_id`, `sex_id`, `sound_id`) values (787, 31, 5, 0, 6972);
  ID 788: (CONFLICT)
    [ 10] hd-everything ([BASE,F-049]_emotestextsound.sql)
           DELETE: delete from `emotestextsound` where `id` = 788;
           INSERT: insert into `emotestextsound` (`id`, `emotes_text_id`, `race_id`, `sex_id`, `sound_id`) values (788, 60, 8, 1, 6958);
    [ 20] worgoblin ([BASE,F-030]_emotestextsound.sql)
           DELETE: delete from `emotestextsound` where `id` = 788;
           INSERT: insert into `emotestextsound` (`id`, `emotes_text_id`, `race_id`, `sex_id`, `sound_id`) values (788, 31, 23, 1, 18648);
    [999] zepcraft-legacy ([BASE,F-044]_emotestextsound.sql)
           DELETE: delete from `emotestextsound` where `id` = 788;
           INSERT: insert into `emotestextsound` (`id`, `emotes_text_id`, `race_id`, `sex_id`, `sound_id`) values (788, 31, 23, 1, 18648);
  ID 789: (CONFLICT)
    [ 10] hd-everything ([BASE,F-049]_emotestextsound.sql)
           DELETE: delete from `emotestextsound` where `id` = 789;
           INSERT: insert into `emotestextsound` (`id`, `emotes_text_id`, `race_id`, `sex_id`, `sound_id`) values (789, 65, 8, 1, 6956);
    [ 20] worgoblin ([BASE,F-030]_emotestextsound.sql)
           DELETE: delete from `emotestextsound` where `id` = 789;
           INSERT: insert into `emotestextsound` (`id`, `emotes_text_id`, `race_id`, `sex_id`, `sound_id`) values (789, 31, 23, 0, 18975);
    [999] zepcraft-legacy ([BASE,F-044]_emotestextsound.sql)
           DELETE: delete from `emotestextsound` where `id` = 789;
           INSERT: insert into `emotestextsound` (`id`, `emotes_text_id`, `race_id`, `sex_id`, `sound_id`) values (789, 31, 23, 0, 18975);
  ID 790: (CONFLICT)
    [ 10] hd-everything ([BASE,F-049]_emotestextsound.sql)
           DELETE: delete from `emotestextsound` where `id` = 790;
           INSERT: insert into `emotestextsound` (`id`, `emotes_text_id`, `race_id`, `sex_id`, `sound_id`) values (790, 76, 8, 1, 6958);
    [ 20] worgoblin ([BASE,F-030]_emotestextsound.sql)
           DELETE: delete from `emotestextsound` where `id` = 790;
           INSERT: insert into `emotestextsound` (`id`, `emotes_text_id`, `race_id`, `sex_id`, `sound_id`) values (790, 31, 12, 1, 23321);
    [999] zepcraft-legacy ([BASE,F-044]_emotestextsound.sql)
           DELETE: delete from `emotestextsound` where `id` = 790;
           INSERT: insert into `emotestextsound` (`id`, `emotes_text_id`, `race_id`, `sex_id`, `sound_id`) values (790, 31, 12, 1, 23321);
  ID 791: (CONFLICT)
    [ 10] hd-everything ([BASE,F-049]_emotestextsound.sql)
           DELETE: delete from `emotestextsound` where `id` = 791;
           INSERT: insert into `emotestextsound` (`id`, `emotes_text_id`, `race_id`, `sex_id`, `sound_id`) values (791, 136, 8, 1, 6954);
    [ 20] worgoblin ([BASE,F-030]_emotestextsound.sql)
           DELETE: delete from `emotestextsound` where `id` = 791;
           INSERT: insert into `emotestextsound` (`id`, `emotes_text_id`, `race_id`, `sex_id`, `sound_id`) values (791, 31, 12, 0, 23326);
    [999] zepcraft-legacy ([BASE,F-044]_emotestextsound.sql)
           DELETE: delete from `emotestextsound` where `id` = 791;
           INSERT: insert into `emotestextsound` (`id`, `emotes_text_id`, `race_id`, `sex_id`, `sound_id`) values (791, 31, 12, 0, 23326);
  ID 792: (CONFLICT)
    [ 10] hd-everything ([BASE,F-049]_emotestextsound.sql)
           DELETE: delete from `emotestextsound` where `id` = 792;
           INSERT: insert into `emotestextsound` (`id`, `emotes_text_id`, `race_id`, `sex_id`, `sound_id`) values (792, 20, 10, 0, 9652);
    [ 20] worgoblin ([BASE,F-030]_emotestextsound.sql)
           DELETE: delete from `emotestextsound` where `id` = 792;
           INSERT: insert into `emotestextsound` (`id`, `emotes_text_id`, `race_id`, `sex_id`, `sound_id`) values (792, 31, 9, 1, 19200);
    [999] zepcraft-legacy ([BASE,F-044]_emotestextsound.sql)
           DELETE: delete from `emotestextsound` where `id` = 792;
           INSERT: insert into `emotestextsound` (`id`, `emotes_text_id`, `race_id`, `sex_id`, `sound_id`) values (792, 31, 9, 1, 19200);
  ID 793: (CONFLICT)
    [ 10] hd-everything ([BASE,F-049]_emotestextsound.sql)
           DELETE: delete from `emotestextsound` where `id` = 793;
           INSERT: insert into `emotestextsound` (`id`, `emotes_text_id`, `race_id`, `sex_id`, `sound_id`) values (793, 22, 10, 0, 9650);
    [ 20] worgoblin ([BASE,F-030]_emotestextsound.sql)
           DELETE: delete from `emotestextsound` where `id` = 793;
           INSERT: insert into `emotestextsound` (`id`, `emotes_text_id`, `race_id`, `sex_id`, `sound_id`) values (793, 31, 9, 0, 19092);
    [999] zepcraft-legacy ([BASE,F-044]_emotestextsound.sql)
           DELETE: delete from `emotestextsound` where `id` = 793;
           INSERT: insert into `emotestextsound` (`id`, `emotes_text_id`, `race_id`, `sex_id`, `sound_id`) values (793, 31, 9, 0, 19092);
  ID 794: (CONFLICT)
    [ 10] hd-everything ([BASE,F-049]_emotestextsound.sql)
           DELETE: delete from `emotestextsound` where `id` = 794;
           INSERT: insert into `emotestextsound` (`id`, `emotes_text_id`, `race_id`, `sex_id`, `sound_id`) values (794, 23, 10, 0, 9652);
    [ 20] worgoblin ([BASE,F-030]_emotestextsound.sql)
           DELETE: delete from `emotestextsound` where `id` = 794;
           INSERT: insert into `emotestextsound` (`id`, `emotes_text_id`, `race_id`, `sex_id`, `sound_id`) values (794, 22, 10, 1, 9646);
    [999] zepcraft-legacy ([BASE,F-044]_emotestextsound.sql)
           DELETE: delete from `emotestextsound` where `id` = 794;
           INSERT: insert into `emotestextsound` (`id`, `emotes_text_id`, `race_id`, `sex_id`, `sound_id`) values (794, 22, 10, 1, 9646);
  ID 795: (CONFLICT)
    [ 10] hd-everything ([BASE,F-049]_emotestextsound.sql)
           DELETE: delete from `emotestextsound` where `id` = 795;
           INSERT: insert into `emotestextsound` (`id`, `emotes_text_id`, `race_id`, `sex_id`, `sound_id`) values (795, 31, 10, 0, 9651);
    [ 20] worgoblin ([BASE,F-030]_emotestextsound.sql)
           DELETE: delete from `emotestextsound` where `id` = 795;
           INSERT: insert into `emotestextsound` (`id`, `emotes_text_id`, `race_id`, `sex_id`, `sound_id`) values (795, 22, 10, 0, 9650);
    [999] zepcraft-legacy ([BASE,F-044]_emotestextsound.sql)
           DELETE: delete from `emotestextsound` where `id` = 795;
           INSERT: insert into `emotestextsound` (`id`, `emotes_text_id`, `race_id`, `sex_id`, `sound_id`) values (795, 22, 10, 0, 9650);
  ID 796: (CONFLICT)
    [ 10] hd-everything ([BASE,F-049]_emotestextsound.sql)
           DELETE: delete from `emotestextsound` where `id` = 796;
           INSERT: insert into `emotestextsound` (`id`, `emotes_text_id`, `race_id`, `sex_id`, `sound_id`) values (796, 45, 10, 0, 9652);
    [ 20] worgoblin ([BASE,F-030]_emotestextsound.sql)
           DELETE: delete from `emotestextsound` where `id` = 796;
           INSERT: insert into `emotestextsound` (`id`, `emotes_text_id`, `race_id`, `sex_id`, `sound_id`) values (796, 22, 11, 1, 9675);
    [999] zepcraft-legacy ([BASE,F-044]_emotestextsound.sql)
           DELETE: delete from `emotestextsound` where `id` = 796;
           INSERT: insert into `emotestextsound` (`id`, `emotes_text_id`, `race_id`, `sex_id`, `sound_id`) values (796, 22, 11, 1, 9675);
  ID 797: (CONFLICT)
    [ 10] hd-everything ([BASE,F-049]_emotestextsound.sql)
           DELETE: delete from `emotestextsound` where `id` = 797;
           INSERT: insert into `emotestextsound` (`id`, `emotes_text_id`, `race_id`, `sex_id`, `sound_id`) values (797, 47, 10, 0, 9652);
    [ 20] worgoblin ([BASE,F-030]_emotestextsound.sql)
           DELETE: delete from `emotestextsound` where `id` = 797;
           INSERT: insert into `emotestextsound` (`id`, `emotes_text_id`, `race_id`, `sex_id`, `sound_id`) values (797, 22, 11, 0, 9700);
    [999] zepcraft-legacy ([BASE,F-044]_emotestextsound.sql)
           DELETE: delete from `emotestextsound` where `id` = 797;
           INSERT: insert into `emotestextsound` (`id`, `emotes_text_id`, `race_id`, `sex_id`, `sound_id`) values (797, 22, 11, 0, 9700);
  ID 798: (CONFLICT)
    [ 10] hd-everything ([BASE,F-049]_emotestextsound.sql)
           DELETE: delete from `emotestextsound` where `id` = 798;
           INSERT: insert into `emotestextsound` (`id`, `emotes_text_id`, `race_id`, `sex_id`, `sound_id`) values (798, 52, 10, 0, 9652);
    [ 20] worgoblin ([BASE,F-030]_emotestextsound.sql)
           DELETE: delete from `emotestextsound` where `id` = 798;
           INSERT: insert into `emotestextsound` (`id`, `emotes_text_id`, `race_id`, `sex_id`, `sound_id`) values (798, 22, 3, 1, 6896);
    [999] zepcraft-legacy ([BASE,F-044]_emotestextsound.sql)
           DELETE: delete from `emotestextsound` where `id` = 798;
           INSERT: insert into `emotestextsound` (`id`, `emotes_text_id`, `race_id`, `sex_id`, `sound_id`) values (798, 22, 3, 1, 6896);
  ID 799: (CONFLICT)
    [ 10] hd-everything ([BASE,F-049]_emotestextsound.sql)
           DELETE: delete from `emotestextsound` where `id` = 799;
           INSERT: insert into `emotestextsound` (`id`, `emotes_text_id`, `race_id`, `sex_id`, `sound_id`) values (799, 58, 10, 0, 9874);
    [ 20] worgoblin ([BASE,F-030]_emotestextsound.sql)
           DELETE: delete from `emotestextsound` where `id` = 799;
           INSERT: insert into `emotestextsound` (`id`, `emotes_text_id`, `race_id`, `sex_id`, `sound_id`) values (799, 22, 3, 0, 6899);
    [999] zepcraft-legacy ([BASE,F-044]_emotestextsound.sql)
           DELETE: delete from `emotestextsound` where `id` = 799;
           INSERT: insert into `emotestextsound` (`id`, `emotes_text_id`, `race_id`, `sex_id`, `sound_id`) values (799, 22, 3, 0, 6899);
  ID 800: (CONFLICT)
    [ 10] hd-everything ([BASE,F-049]_emotestextsound.sql)
           DELETE: delete from `emotestextsound` where `id` = 800;
           INSERT: insert into `emotestextsound` (`id`, `emotes_text_id`, `race_id`, `sex_id`, `sound_id`) values (800, 60, 10, 0, 9652);
    [ 20] worgoblin ([BASE,F-030]_emotestextsound.sql)
           DELETE: delete from `emotestextsound` where `id` = 800;
           INSERT: insert into `emotestextsound` (`id`, `emotes_text_id`, `race_id`, `sex_id`, `sound_id`) values (800, 22, 7, 1, 6904);
    [999] zepcraft-legacy ([BASE,F-044]_emotestextsound.sql)
           DELETE: delete from `emotestextsound` where `id` = 800;
           INSERT: insert into `emotestextsound` (`id`, `emotes_text_id`, `race_id`, `sex_id`, `sound_id`) values (800, 22, 7, 1, 6904);
  ID 801: (CONFLICT)
    [ 10] hd-everything ([BASE,F-049]_emotestextsound.sql)
           DELETE: delete from `emotestextsound` where `id` = 801;
           INSERT: insert into `emotestextsound` (`id`, `emotes_text_id`, `race_id`, `sex_id`, `sound_id`) values (801, 65, 10, 0, 9651);
    [ 20] worgoblin ([BASE,F-030]_emotestextsound.sql)
           DELETE: delete from `emotestextsound` where `id` = 801;
           INSERT: insert into `emotestextsound` (`id`, `emotes_text_id`, `race_id`, `sex_id`, `sound_id`) values (801, 22, 7, 0, 6909);
    [999] zepcraft-legacy ([BASE,F-044]_emotestextsound.sql)
           DELETE: delete from `emotestextsound` where `id` = 801;
           INSERT: insert into `emotestextsound` (`id`, `emotes_text_id`, `race_id`, `sex_id`, `sound_id`) values (801, 22, 7, 0, 6909);
  ID 802: (CONFLICT)
    [ 10] hd-everything ([BASE,F-049]_emotestextsound.sql)
           DELETE: delete from `emotestextsound` where `id` = 802;
           INSERT: insert into `emotestextsound` (`id`, `emotes_text_id`, `race_id`, `sex_id`, `sound_id`) values (802, 76, 10, 0, 9652);
    [ 20] worgoblin ([BASE,F-030]_emotestextsound.sql)
           DELETE: delete from `emotestextsound` where `id` = 802;
           INSERT: insert into `emotestextsound` (`id`, `emotes_text_id`, `race_id`, `sex_id`, `sound_id`) values (802, 22, 1, 1, 6914);
    [999] zepcraft-legacy ([BASE,F-044]_emotestextsound.sql)
           DELETE: delete from `emotestextsound` where `id` = 802;
           INSERT: insert into `emotestextsound` (`id`, `emotes_text_id`, `race_id`, `sex_id`, `sound_id`) values (802, 22, 1, 1, 6914);
  ID 803: (CONFLICT)
    [ 10] hd-everything ([BASE,F-049]_emotestextsound.sql)
           DELETE: delete from `emotestextsound` where `id` = 803;
           INSERT: insert into `emotestextsound` (`id`, `emotes_text_id`, `race_id`, `sex_id`, `sound_id`) values (803, 136, 10, 0, 9650);
    [ 20] worgoblin ([BASE,F-030]_emotestextsound.sql)
           DELETE: delete from `emotestextsound` where `id` = 803;
           INSERT: insert into `emotestextsound` (`id`, `emotes_text_id`, `race_id`, `sex_id`, `sound_id`) values (803, 22, 1, 0, 6919);
    [999] zepcraft-legacy ([BASE,F-044]_emotestextsound.sql)
           DELETE: delete from `emotestextsound` where `id` = 803;
           INSERT: insert into `emotestextsound` (`id`, `emotes_text_id`, `race_id`, `sex_id`, `sound_id`) values (803, 22, 1, 0, 6919);
  ID 804: (CONFLICT)
    [ 10] hd-everything ([BASE,F-049]_emotestextsound.sql)
           DELETE: delete from `emotestextsound` where `id` = 804;
           INSERT: insert into `emotestextsound` (`id`, `emotes_text_id`, `race_id`, `sex_id`, `sound_id`) values (804, 20, 10, 1, 9648);
    [ 20] worgoblin ([BASE,F-030]_emotestextsound.sql)
           DELETE: delete from `emotestextsound` where `id` = 804;
           INSERT: insert into `emotestextsound` (`id`, `emotes_text_id`, `race_id`, `sex_id`, `sound_id`) values (804, 22, 4, 1, 6924);
    [999] zepcraft-legacy ([BASE,F-044]_emotestextsound.sql)
           DELETE: delete from `emotestextsound` where `id` = 804;
           INSERT: insert into `emotestextsound` (`id`, `emotes_text_id`, `race_id`, `sex_id`, `sound_id`) values (804, 22, 4, 1, 6924);
  ID 805: (CONFLICT)
    [ 10] hd-everything ([BASE,F-049]_emotestextsound.sql)
           DELETE: delete from `emotestextsound` where `id` = 805;
           INSERT: insert into `emotestextsound` (`id`, `emotes_text_id`, `race_id`, `sex_id`, `sound_id`) values (805, 22, 10, 1, 9646);
    [ 20] worgoblin ([BASE,F-030]_emotestextsound.sql)
           DELETE: delete from `emotestextsound` where `id` = 805;
           INSERT: insert into `emotestextsound` (`id`, `emotes_text_id`, `race_id`, `sex_id`, `sound_id`) values (805, 22, 4, 0, 6929);
    [999] zepcraft-legacy ([BASE,F-044]_emotestextsound.sql)
           DELETE: delete from `emotestextsound` where `id` = 805;
           INSERT: insert into `emotestextsound` (`id`, `emotes_text_id`, `race_id`, `sex_id`, `sound_id`) values (805, 22, 4, 0, 6929);
  ID 806: (CONFLICT)
    [ 10] hd-everything ([BASE,F-049]_emotestextsound.sql)
           DELETE: delete from `emotestextsound` where `id` = 806;
           INSERT: insert into `emotestextsound` (`id`, `emotes_text_id`, `race_id`, `sex_id`, `sound_id`) values (806, 23, 10, 1, 9648);
    [ 20] worgoblin ([BASE,F-030]_emotestextsound.sql)
           DELETE: delete from `emotestextsound` where `id` = 806;
           INSERT: insert into `emotestextsound` (`id`, `emotes_text_id`, `race_id`, `sex_id`, `sound_id`) values (806, 22, 2, 1, 6934);
    [999] zepcraft-legacy ([BASE,F-044]_emotestextsound.sql)
           DELETE: delete from `emotestextsound` where `id` = 806;
           INSERT: insert into `emotestextsound` (`id`, `emotes_text_id`, `race_id`, `sex_id`, `sound_id`) values (806, 22, 2, 1, 6934);
  ID 807: (CONFLICT)
    [ 10] hd-everything ([BASE,F-049]_emotestextsound.sql)
           DELETE: delete from `emotestextsound` where `id` = 807;
           INSERT: insert into `emotestextsound` (`id`, `emotes_text_id`, `race_id`, `sex_id`, `sound_id`) values (807, 31, 10, 1, 9647);
    [ 20] worgoblin ([BASE,F-030]_emotestextsound.sql)
           DELETE: delete from `emotestextsound` where `id` = 807;
           INSERT: insert into `emotestextsound` (`id`, `emotes_text_id`, `race_id`, `sex_id`, `sound_id`) values (807, 22, 2, 0, 6939);
    [999] zepcraft-legacy ([BASE,F-044]_emotestextsound.sql)
           DELETE: delete from `emotestextsound` where `id` = 807;
           INSERT: insert into `emotestextsound` (`id`, `emotes_text_id`, `race_id`, `sex_id`, `sound_id`) values (807, 22, 2, 0, 6939);
  ID 808: (CONFLICT)
    [ 10] hd-everything ([BASE,F-049]_emotestextsound.sql)
           DELETE: delete from `emotestextsound` where `id` = 808;
           INSERT: insert into `emotestextsound` (`id`, `emotes_text_id`, `race_id`, `sex_id`, `sound_id`) values (808, 45, 10, 1, 9648);
    [ 20] worgoblin ([BASE,F-030]_emotestextsound.sql)
           DELETE: delete from `emotestextsound` where `id` = 808;
           INSERT: insert into `emotestextsound` (`id`, `emotes_text_id`, `race_id`, `sex_id`, `sound_id`) values (808, 22, 6, 1, 6944);
    [999] zepcraft-legacy ([BASE,F-044]_emotestextsound.sql)
           DELETE: delete from `emotestextsound` where `id` = 808;
           INSERT: insert into `emotestextsound` (`id`, `emotes_text_id`, `race_id`, `sex_id`, `sound_id`) values (808, 22, 6, 1, 6944);
  ID 809: (CONFLICT)
    [ 10] hd-everything ([BASE,F-049]_emotestextsound.sql)
           DELETE: delete from `emotestextsound` where `id` = 809;
           INSERT: insert into `emotestextsound` (`id`, `emotes_text_id`, `race_id`, `sex_id`, `sound_id`) values (809, 47, 10, 1, 9648);
    [ 20] worgoblin ([BASE,F-030]_emotestextsound.sql)
           DELETE: delete from `emotestextsound` where `id` = 809;
           INSERT: insert into `emotestextsound` (`id`, `emotes_text_id`, `race_id`, `sex_id`, `sound_id`) values (809, 22, 6, 0, 6949);
    [999] zepcraft-legacy ([BASE,F-044]_emotestextsound.sql)
           DELETE: delete from `emotestextsound` where `id` = 809;
           INSERT: insert into `emotestextsound` (`id`, `emotes_text_id`, `race_id`, `sex_id`, `sound_id`) values (809, 22, 6, 0, 6949);
  ID 810: (CONFLICT)
    [ 10] hd-everything ([BASE,F-049]_emotestextsound.sql)
           DELETE: delete from `emotestextsound` where `id` = 810;
           INSERT: insert into `emotestextsound` (`id`, `emotes_text_id`, `race_id`, `sex_id`, `sound_id`) values (810, 52, 10, 1, 9648);
    [ 20] worgoblin ([BASE,F-030]_emotestextsound.sql)
           DELETE: delete from `emotestextsound` where `id` = 810;
           INSERT: insert into `emotestextsound` (`id`, `emotes_text_id`, `race_id`, `sex_id`, `sound_id`) values (810, 22, 8, 1, 6954);
    [999] zepcraft-legacy ([BASE,F-044]_emotestextsound.sql)
           DELETE: delete from `emotestextsound` where `id` = 810;
           INSERT: insert into `emotestextsound` (`id`, `emotes_text_id`, `race_id`, `sex_id`, `sound_id`) values (810, 22, 8, 1, 6954);
  ID 811: (CONFLICT)
    [ 10] hd-everything ([BASE,F-049]_emotestextsound.sql)
           DELETE: delete from `emotestextsound` where `id` = 811;
           INSERT: insert into `emotestextsound` (`id`, `emotes_text_id`, `race_id`, `sex_id`, `sound_id`) values (811, 58, 10, 1, 9873);
    [ 20] worgoblin ([BASE,F-030]_emotestextsound.sql)
           DELETE: delete from `emotestextsound` where `id` = 811;
           INSERT: insert into `emotestextsound` (`id`, `emotes_text_id`, `race_id`, `sex_id`, `sound_id`) values (811, 22, 8, 0, 6959);
    [999] zepcraft-legacy ([BASE,F-044]_emotestextsound.sql)
           DELETE: delete from `emotestextsound` where `id` = 811;
           INSERT: insert into `emotestextsound` (`id`, `emotes_text_id`, `race_id`, `sex_id`, `sound_id`) values (811, 22, 8, 0, 6959);
  ID 812: (CONFLICT)
    [ 10] hd-everything ([BASE,F-049]_emotestextsound.sql)
           DELETE: delete from `emotestextsound` where `id` = 812;
           INSERT: insert into `emotestextsound` (`id`, `emotes_text_id`, `race_id`, `sex_id`, `sound_id`) values (812, 60, 10, 1, 9648);
    [ 20] worgoblin ([BASE,F-030]_emotestextsound.sql)
           DELETE: delete from `emotestextsound` where `id` = 812;
           INSERT: insert into `emotestextsound` (`id`, `emotes_text_id`, `race_id`, `sex_id`, `sound_id`) values (812, 22, 5, 1, 6965);
    [999] zepcraft-legacy ([BASE,F-044]_emotestextsound.sql)
           DELETE: delete from `emotestextsound` where `id` = 812;
           INSERT: insert into `emotestextsound` (`id`, `emotes_text_id`, `race_id`, `sex_id`, `sound_id`) values (812, 22, 5, 1, 6965);
  ID 813: (CONFLICT)
    [ 10] hd-everything ([BASE,F-049]_emotestextsound.sql)
           DELETE: delete from `emotestextsound` where `id` = 813;
           INSERT: insert into `emotestextsound` (`id`, `emotes_text_id`, `race_id`, `sex_id`, `sound_id`) values (813, 65, 10, 1, 9647);
    [ 20] worgoblin ([BASE,F-030]_emotestextsound.sql)
           DELETE: delete from `emotestextsound` where `id` = 813;
           INSERT: insert into `emotestextsound` (`id`, `emotes_text_id`, `race_id`, `sex_id`, `sound_id`) values (813, 22, 5, 0, 6970);
    [999] zepcraft-legacy ([BASE,F-044]_emotestextsound.sql)
           DELETE: delete from `emotestextsound` where `id` = 813;
           INSERT: insert into `emotestextsound` (`id`, `emotes_text_id`, `race_id`, `sex_id`, `sound_id`) values (813, 22, 5, 0, 6970);
  ID 814: (CONFLICT)
    [ 10] hd-everything ([BASE,F-049]_emotestextsound.sql)
           DELETE: delete from `emotestextsound` where `id` = 814;
           INSERT: insert into `emotestextsound` (`id`, `emotes_text_id`, `race_id`, `sex_id`, `sound_id`) values (814, 76, 10, 1, 9648);
    [ 20] worgoblin ([BASE,F-030]_emotestextsound.sql)
           DELETE: delete from `emotestextsound` where `id` = 814;
           INSERT: insert into `emotestextsound` (`id`, `emotes_text_id`, `race_id`, `sex_id`, `sound_id`) values (814, 22, 23, 1, 18645);
    [999] zepcraft-legacy ([BASE,F-044]_emotestextsound.sql)
           DELETE: delete from `emotestextsound` where `id` = 814;
           INSERT: insert into `emotestextsound` (`id`, `emotes_text_id`, `race_id`, `sex_id`, `sound_id`) values (814, 22, 23, 1, 18645);
  ID 815: (CONFLICT)
    [ 10] hd-everything ([BASE,F-049]_emotestextsound.sql)
           DELETE: delete from `emotestextsound` where `id` = 815;
           INSERT: insert into `emotestextsound` (`id`, `emotes_text_id`, `race_id`, `sex_id`, `sound_id`) values (815, 136, 10, 1, 9646);
    [ 20] worgoblin ([BASE,F-030]_emotestextsound.sql)
           DELETE: delete from `emotestextsound` where `id` = 815;
           INSERT: insert into `emotestextsound` (`id`, `emotes_text_id`, `race_id`, `sex_id`, `sound_id`) values (815, 22, 23, 0, 18973);
    [999] zepcraft-legacy ([BASE,F-044]_emotestextsound.sql)
           DELETE: delete from `emotestextsound` where `id` = 815;
           INSERT: insert into `emotestextsound` (`id`, `emotes_text_id`, `race_id`, `sex_id`, `sound_id`) values (815, 22, 23, 0, 18973);
  ID 816: (CONFLICT)
    [ 10] hd-everything ([BASE,F-049]_emotestextsound.sql)
           DELETE: delete from `emotestextsound` where `id` = 816;
           INSERT: insert into `emotestextsound` (`id`, `emotes_text_id`, `race_id`, `sex_id`, `sound_id`) values (816, 20, 11, 0, 9702);
    [ 20] worgoblin ([BASE,F-030]_emotestextsound.sql)
           DELETE: delete from `emotestextsound` where `id` = 816;
           INSERT: insert into `emotestextsound` (`id`, `emotes_text_id`, `race_id`, `sex_id`, `sound_id`) values (816, 22, 12, 1, 23322);
    [999] zepcraft-legacy ([BASE,F-044]_emotestextsound.sql)
           DELETE: delete from `emotestextsound` where `id` = 816;
           INSERT: insert into `emotestextsound` (`id`, `emotes_text_id`, `race_id`, `sex_id`, `sound_id`) values (816, 22, 12, 1, 23322);
  ID 817: (CONFLICT)
    [ 10] hd-everything ([BASE,F-049]_emotestextsound.sql)
           DELETE: delete from `emotestextsound` where `id` = 817;
           INSERT: insert into `emotestextsound` (`id`, `emotes_text_id`, `race_id`, `sex_id`, `sound_id`) values (817, 22, 11, 0, 9700);
    [ 20] worgoblin ([BASE,F-030]_emotestextsound.sql)
           DELETE: delete from `emotestextsound` where `id` = 817;
           INSERT: insert into `emotestextsound` (`id`, `emotes_text_id`, `race_id`, `sex_id`, `sound_id`) values (817, 22, 12, 0, 23327);
    [999] zepcraft-legacy ([BASE,F-044]_emotestextsound.sql)
           DELETE: delete from `emotestextsound` where `id` = 817;
           INSERT: insert into `emotestextsound` (`id`, `emotes_text_id`, `race_id`, `sex_id`, `sound_id`) values (817, 22, 12, 0, 23327);
  ID 818: (CONFLICT)
    [ 10] hd-everything ([BASE,F-049]_emotestextsound.sql)
           DELETE: delete from `emotestextsound` where `id` = 818;
           INSERT: insert into `emotestextsound` (`id`, `emotes_text_id`, `race_id`, `sex_id`, `sound_id`) values (818, 23, 11, 0, 9702);
    [ 20] worgoblin ([BASE,F-030]_emotestextsound.sql)
           DELETE: delete from `emotestextsound` where `id` = 818;
           INSERT: insert into `emotestextsound` (`id`, `emotes_text_id`, `race_id`, `sex_id`, `sound_id`) values (818, 22, 9, 1, 19201);
    [999] zepcraft-legacy ([BASE,F-044]_emotestextsound.sql)
           DELETE: delete from `emotestextsound` where `id` = 818;
           INSERT: insert into `emotestextsound` (`id`, `emotes_text_id`, `race_id`, `sex_id`, `sound_id`) values (818, 22, 9, 1, 19201);
  ID 819: (CONFLICT)
    [ 10] hd-everything ([BASE,F-049]_emotestextsound.sql)
           DELETE: delete from `emotestextsound` where `id` = 819;
           INSERT: insert into `emotestextsound` (`id`, `emotes_text_id`, `race_id`, `sex_id`, `sound_id`) values (819, 31, 11, 0, 9701);
    [ 20] worgoblin ([BASE,F-030]_emotestextsound.sql)
           DELETE: delete from `emotestextsound` where `id` = 819;
           INSERT: insert into `emotestextsound` (`id`, `emotes_text_id`, `race_id`, `sex_id`, `sound_id`) values (819, 22, 9, 0, 19090);
    [999] zepcraft-legacy ([BASE,F-044]_emotestextsound.sql)
           DELETE: delete from `emotestextsound` where `id` = 819;
           INSERT: insert into `emotestextsound` (`id`, `emotes_text_id`, `race_id`, `sex_id`, `sound_id`) values (819, 22, 9, 0, 19090);
  ID 820: (CONFLICT)
    [ 10] hd-everything ([BASE,F-049]_emotestextsound.sql)
           DELETE: delete from `emotestextsound` where `id` = 820;
           INSERT: insert into `emotestextsound` (`id`, `emotes_text_id`, `race_id`, `sex_id`, `sound_id`) values (820, 45, 11, 0, 9702);
    [ 20] worgoblin ([BASE,F-030]_emotestextsound.sql)
           DELETE: delete from `emotestextsound` where `id` = 820;
           INSERT: insert into `emotestextsound` (`id`, `emotes_text_id`, `race_id`, `sex_id`, `sound_id`) values (820, 136, 10, 1, 9646);
    [999] zepcraft-legacy ([BASE,F-044]_emotestextsound.sql)
           DELETE: delete from `emotestextsound` where `id` = 820;
           INSERT: insert into `emotestextsound` (`id`, `emotes_text_id`, `race_id`, `sex_id`, `sound_id`) values (820, 136, 10, 1, 9646);
  ID 821: (CONFLICT)
    [ 10] hd-everything ([BASE,F-049]_emotestextsound.sql)
           DELETE: delete from `emotestextsound` where `id` = 821;
           INSERT: insert into `emotestextsound` (`id`, `emotes_text_id`, `race_id`, `sex_id`, `sound_id`) values (821, 47, 11, 0, 9702);
    [ 20] worgoblin ([BASE,F-030]_emotestextsound.sql)
           DELETE: delete from `emotestextsound` where `id` = 821;
           INSERT: insert into `emotestextsound` (`id`, `emotes_text_id`, `race_id`, `sex_id`, `sound_id`) values (821, 136, 10, 0, 9650);
    [999] zepcraft-legacy ([BASE,F-044]_emotestextsound.sql)
           DELETE: delete from `emotestextsound` where `id` = 821;
           INSERT: insert into `emotestextsound` (`id`, `emotes_text_id`, `race_id`, `sex_id`, `sound_id`) values (821, 136, 10, 0, 9650);
  ID 822: (CONFLICT)
    [ 10] hd-everything ([BASE,F-049]_emotestextsound.sql)
           DELETE: delete from `emotestextsound` where `id` = 822;
           INSERT: insert into `emotestextsound` (`id`, `emotes_text_id`, `race_id`, `sex_id`, `sound_id`) values (822, 52, 11, 0, 9702);
    [ 20] worgoblin ([BASE,F-030]_emotestextsound.sql)
           DELETE: delete from `emotestextsound` where `id` = 822;
           INSERT: insert into `emotestextsound` (`id`, `emotes_text_id`, `race_id`, `sex_id`, `sound_id`) values (822, 136, 11, 1, 9675);
    [999] zepcraft-legacy ([BASE,F-044]_emotestextsound.sql)
           DELETE: delete from `emotestextsound` where `id` = 822;
           INSERT: insert into `emotestextsound` (`id`, `emotes_text_id`, `race_id`, `sex_id`, `sound_id`) values (822, 136, 11, 1, 9675);
  ID 823: (CONFLICT)
    [ 10] hd-everything ([BASE,F-049]_emotestextsound.sql)
           DELETE: delete from `emotestextsound` where `id` = 823;
           INSERT: insert into `emotestextsound` (`id`, `emotes_text_id`, `race_id`, `sex_id`, `sound_id`) values (823, 58, 11, 0, 9876);
    [ 20] worgoblin ([BASE,F-030]_emotestextsound.sql)
           DELETE: delete from `emotestextsound` where `id` = 823;
           INSERT: insert into `emotestextsound` (`id`, `emotes_text_id`, `race_id`, `sex_id`, `sound_id`) values (823, 136, 11, 0, 9700);
    [999] zepcraft-legacy ([BASE,F-044]_emotestextsound.sql)
           DELETE: delete from `emotestextsound` where `id` = 823;
           INSERT: insert into `emotestextsound` (`id`, `emotes_text_id`, `race_id`, `sex_id`, `sound_id`) values (823, 136, 11, 0, 9700);
  ID 824: (CONFLICT)
    [ 10] hd-everything ([BASE,F-049]_emotestextsound.sql)
           DELETE: delete from `emotestextsound` where `id` = 824;
           INSERT: insert into `emotestextsound` (`id`, `emotes_text_id`, `race_id`, `sex_id`, `sound_id`) values (824, 60, 11, 0, 9702);
    [ 20] worgoblin ([BASE,F-030]_emotestextsound.sql)
           DELETE: delete from `emotestextsound` where `id` = 824;
           INSERT: insert into `emotestextsound` (`id`, `emotes_text_id`, `race_id`, `sex_id`, `sound_id`) values (824, 136, 3, 1, 6896);
    [999] zepcraft-legacy ([BASE,F-044]_emotestextsound.sql)
           DELETE: delete from `emotestextsound` where `id` = 824;
           INSERT: insert into `emotestextsound` (`id`, `emotes_text_id`, `race_id`, `sex_id`, `sound_id`) values (824, 136, 3, 1, 6896);
  ID 825: (CONFLICT)
    [ 10] hd-everything ([BASE,F-049]_emotestextsound.sql)
           DELETE: delete from `emotestextsound` where `id` = 825;
           INSERT: insert into `emotestextsound` (`id`, `emotes_text_id`, `race_id`, `sex_id`, `sound_id`) values (825, 65, 11, 0, 9701);
    [ 20] worgoblin ([BASE,F-030]_emotestextsound.sql)
           DELETE: delete from `emotestextsound` where `id` = 825;
           INSERT: insert into `emotestextsound` (`id`, `emotes_text_id`, `race_id`, `sex_id`, `sound_id`) values (825, 136, 3, 0, 6899);
    [999] zepcraft-legacy ([BASE,F-044]_emotestextsound.sql)
           DELETE: delete from `emotestextsound` where `id` = 825;
           INSERT: insert into `emotestextsound` (`id`, `emotes_text_id`, `race_id`, `sex_id`, `sound_id`) values (825, 136, 3, 0, 6899);
  ID 826: (CONFLICT)
    [ 10] hd-everything ([BASE,F-049]_emotestextsound.sql)
           DELETE: delete from `emotestextsound` where `id` = 826;
           INSERT: insert into `emotestextsound` (`id`, `emotes_text_id`, `race_id`, `sex_id`, `sound_id`) values (826, 76, 11, 0, 9702);
    [ 20] worgoblin ([BASE,F-030]_emotestextsound.sql)
           DELETE: delete from `emotestextsound` where `id` = 826;
           INSERT: insert into `emotestextsound` (`id`, `emotes_text_id`, `race_id`, `sex_id`, `sound_id`) values (826, 136, 7, 1, 6904);
    [999] zepcraft-legacy ([BASE,F-044]_emotestextsound.sql)
           DELETE: delete from `emotestextsound` where `id` = 826;
           INSERT: insert into `emotestextsound` (`id`, `emotes_text_id`, `race_id`, `sex_id`, `sound_id`) values (826, 136, 7, 1, 6904);
  ID 827: (CONFLICT)
    [ 10] hd-everything ([BASE,F-049]_emotestextsound.sql)
           DELETE: delete from `emotestextsound` where `id` = 827;
           INSERT: insert into `emotestextsound` (`id`, `emotes_text_id`, `race_id`, `sex_id`, `sound_id`) values (827, 136, 11, 0, 9700);
    [ 20] worgoblin ([BASE,F-030]_emotestextsound.sql)
           DELETE: delete from `emotestextsound` where `id` = 827;
           INSERT: insert into `emotestextsound` (`id`, `emotes_text_id`, `race_id`, `sex_id`, `sound_id`) values (827, 136, 7, 0, 6909);
    [999] zepcraft-legacy ([BASE,F-044]_emotestextsound.sql)
           DELETE: delete from `emotestextsound` where `id` = 827;
           INSERT: insert into `emotestextsound` (`id`, `emotes_text_id`, `race_id`, `sex_id`, `sound_id`) values (827, 136, 7, 0, 6909);
  ID 828: (CONFLICT)
    [ 10] hd-everything ([BASE,F-049]_emotestextsound.sql)
           DELETE: delete from `emotestextsound` where `id` = 828;
           INSERT: insert into `emotestextsound` (`id`, `emotes_text_id`, `race_id`, `sex_id`, `sound_id`) values (828, 20, 11, 1, 9677);
    [ 20] worgoblin ([BASE,F-030]_emotestextsound.sql)
           DELETE: delete from `emotestextsound` where `id` = 828;
           INSERT: insert into `emotestextsound` (`id`, `emotes_text_id`, `race_id`, `sex_id`, `sound_id`) values (828, 136, 1, 1, 6914);
    [999] zepcraft-legacy ([BASE,F-044]_emotestextsound.sql)
           DELETE: delete from `emotestextsound` where `id` = 828;
           INSERT: insert into `emotestextsound` (`id`, `emotes_text_id`, `race_id`, `sex_id`, `sound_id`) values (828, 136, 1, 1, 6914);
  ID 829: (CONFLICT)
    [ 10] hd-everything ([BASE,F-049]_emotestextsound.sql)
           DELETE: delete from `emotestextsound` where `id` = 829;
           INSERT: insert into `emotestextsound` (`id`, `emotes_text_id`, `race_id`, `sex_id`, `sound_id`) values (829, 22, 11, 1, 9675);
    [ 20] worgoblin ([BASE,F-030]_emotestextsound.sql)
           DELETE: delete from `emotestextsound` where `id` = 829;
           INSERT: insert into `emotestextsound` (`id`, `emotes_text_id`, `race_id`, `sex_id`, `sound_id`) values (829, 136, 1, 0, 6919);
    [999] zepcraft-legacy ([BASE,F-044]_emotestextsound.sql)
           DELETE: delete from `emotestextsound` where `id` = 829;
           INSERT: insert into `emotestextsound` (`id`, `emotes_text_id`, `race_id`, `sex_id`, `sound_id`) values (829, 136, 1, 0, 6919);
  ID 830: (CONFLICT)
    [ 10] hd-everything ([BASE,F-049]_emotestextsound.sql)
           DELETE: delete from `emotestextsound` where `id` = 830;
           INSERT: insert into `emotestextsound` (`id`, `emotes_text_id`, `race_id`, `sex_id`, `sound_id`) values (830, 23, 11, 1, 9677);
    [ 20] worgoblin ([BASE,F-030]_emotestextsound.sql)
           DELETE: delete from `emotestextsound` where `id` = 830;
           INSERT: insert into `emotestextsound` (`id`, `emotes_text_id`, `race_id`, `sex_id`, `sound_id`) values (830, 136, 4, 0, 6929);
    [999] zepcraft-legacy ([BASE,F-044]_emotestextsound.sql)
           DELETE: delete from `emotestextsound` where `id` = 830;
           INSERT: insert into `emotestextsound` (`id`, `emotes_text_id`, `race_id`, `sex_id`, `sound_id`) values (830, 136, 4, 0, 6929);
  ID 831: (CONFLICT)
    [ 10] hd-everything ([BASE,F-049]_emotestextsound.sql)
           DELETE: delete from `emotestextsound` where `id` = 831;
           INSERT: insert into `emotestextsound` (`id`, `emotes_text_id`, `race_id`, `sex_id`, `sound_id`) values (831, 31, 11, 1, 9676);
    [ 20] worgoblin ([BASE,F-030]_emotestextsound.sql)
           DELETE: delete from `emotestextsound` where `id` = 831;
           INSERT: insert into `emotestextsound` (`id`, `emotes_text_id`, `race_id`, `sex_id`, `sound_id`) values (831, 136, 2, 1, 6934);
    [999] zepcraft-legacy ([BASE,F-044]_emotestextsound.sql)
           DELETE: delete from `emotestextsound` where `id` = 831;
           INSERT: insert into `emotestextsound` (`id`, `emotes_text_id`, `race_id`, `sex_id`, `sound_id`) values (831, 136, 2, 1, 6934);
  ID 832: (CONFLICT)
    [ 10] hd-everything ([BASE,F-049]_emotestextsound.sql)
           DELETE: delete from `emotestextsound` where `id` = 832;
           INSERT: insert into `emotestextsound` (`id`, `emotes_text_id`, `race_id`, `sex_id`, `sound_id`) values (832, 45, 11, 1, 9677);
    [ 20] worgoblin ([BASE,F-030]_emotestextsound.sql)
           DELETE: delete from `emotestextsound` where `id` = 832;
           INSERT: insert into `emotestextsound` (`id`, `emotes_text_id`, `race_id`, `sex_id`, `sound_id`) values (832, 136, 2, 0, 6939);
    [999] zepcraft-legacy ([BASE,F-044]_emotestextsound.sql)
           DELETE: delete from `emotestextsound` where `id` = 832;
           INSERT: insert into `emotestextsound` (`id`, `emotes_text_id`, `race_id`, `sex_id`, `sound_id`) values (832, 136, 2, 0, 6939);
  ID 833: (CONFLICT)
    [ 10] hd-everything ([BASE,F-049]_emotestextsound.sql)
           DELETE: delete from `emotestextsound` where `id` = 833;
           INSERT: insert into `emotestextsound` (`id`, `emotes_text_id`, `race_id`, `sex_id`, `sound_id`) values (833, 47, 11, 1, 9677);
    [ 20] worgoblin ([BASE,F-030]_emotestextsound.sql)
           DELETE: delete from `emotestextsound` where `id` = 833;
           INSERT: insert into `emotestextsound` (`id`, `emotes_text_id`, `race_id`, `sex_id`, `sound_id`) values (833, 136, 6, 1, 6944);
    [999] zepcraft-legacy ([BASE,F-044]_emotestextsound.sql)
           DELETE: delete from `emotestextsound` where `id` = 833;
           INSERT: insert into `emotestextsound` (`id`, `emotes_text_id`, `race_id`, `sex_id`, `sound_id`) values (833, 136, 6, 1, 6944);
  ID 834: (CONFLICT)
    [ 10] hd-everything ([BASE,F-049]_emotestextsound.sql)
           DELETE: delete from `emotestextsound` where `id` = 834;
           INSERT: insert into `emotestextsound` (`id`, `emotes_text_id`, `race_id`, `sex_id`, `sound_id`) values (834, 52, 11, 1, 9677);
    [ 20] worgoblin ([BASE,F-030]_emotestextsound.sql)
           DELETE: delete from `emotestextsound` where `id` = 834;
           INSERT: insert into `emotestextsound` (`id`, `emotes_text_id`, `race_id`, `sex_id`, `sound_id`) values (834, 136, 6, 0, 6949);
    [999] zepcraft-legacy ([BASE,F-044]_emotestextsound.sql)
           DELETE: delete from `emotestextsound` where `id` = 834;
           INSERT: insert into `emotestextsound` (`id`, `emotes_text_id`, `race_id`, `sex_id`, `sound_id`) values (834, 136, 6, 0, 6949);
  ID 835: (CONFLICT)
    [ 10] hd-everything ([BASE,F-049]_emotestextsound.sql)
           DELETE: delete from `emotestextsound` where `id` = 835;
           INSERT: insert into `emotestextsound` (`id`, `emotes_text_id`, `race_id`, `sex_id`, `sound_id`) values (835, 58, 11, 1, 9875);
    [ 20] worgoblin ([BASE,F-030]_emotestextsound.sql)
           DELETE: delete from `emotestextsound` where `id` = 835;
           INSERT: insert into `emotestextsound` (`id`, `emotes_text_id`, `race_id`, `sex_id`, `sound_id`) values (835, 136, 8, 1, 6954);
    [999] zepcraft-legacy ([BASE,F-044]_emotestextsound.sql)
           DELETE: delete from `emotestextsound` where `id` = 835;
           INSERT: insert into `emotestextsound` (`id`, `emotes_text_id`, `race_id`, `sex_id`, `sound_id`) values (835, 136, 8, 1, 6954);
  ID 836: (CONFLICT)
    [ 10] hd-everything ([BASE,F-049]_emotestextsound.sql)
           DELETE: delete from `emotestextsound` where `id` = 836;
           INSERT: insert into `emotestextsound` (`id`, `emotes_text_id`, `race_id`, `sex_id`, `sound_id`) values (836, 60, 11, 1, 9677);
    [ 20] worgoblin ([BASE,F-030]_emotestextsound.sql)
           DELETE: delete from `emotestextsound` where `id` = 836;
           INSERT: insert into `emotestextsound` (`id`, `emotes_text_id`, `race_id`, `sex_id`, `sound_id`) values (836, 136, 8, 0, 6959);
    [999] zepcraft-legacy ([BASE,F-044]_emotestextsound.sql)
           DELETE: delete from `emotestextsound` where `id` = 836;
           INSERT: insert into `emotestextsound` (`id`, `emotes_text_id`, `race_id`, `sex_id`, `sound_id`) values (836, 136, 8, 0, 6959);
  ID 837: (CONFLICT)
    [ 10] hd-everything ([BASE,F-049]_emotestextsound.sql)
           DELETE: delete from `emotestextsound` where `id` = 837;
           INSERT: insert into `emotestextsound` (`id`, `emotes_text_id`, `race_id`, `sex_id`, `sound_id`) values (837, 65, 11, 1, 9676);
    [ 20] worgoblin ([BASE,F-030]_emotestextsound.sql)
           DELETE: delete from `emotestextsound` where `id` = 837;
           INSERT: insert into `emotestextsound` (`id`, `emotes_text_id`, `race_id`, `sex_id`, `sound_id`) values (837, 136, 5, 1, 6965);
    [999] zepcraft-legacy ([BASE,F-044]_emotestextsound.sql)
           DELETE: delete from `emotestextsound` where `id` = 837;
           INSERT: insert into `emotestextsound` (`id`, `emotes_text_id`, `race_id`, `sex_id`, `sound_id`) values (837, 136, 5, 1, 6965);
  ID 838: (CONFLICT)
    [ 10] hd-everything ([BASE,F-049]_emotestextsound.sql)
           DELETE: delete from `emotestextsound` where `id` = 838;
           INSERT: insert into `emotestextsound` (`id`, `emotes_text_id`, `race_id`, `sex_id`, `sound_id`) values (838, 76, 11, 1, 9677);
    [ 20] worgoblin ([BASE,F-030]_emotestextsound.sql)
           DELETE: delete from `emotestextsound` where `id` = 838;
           INSERT: insert into `emotestextsound` (`id`, `emotes_text_id`, `race_id`, `sex_id`, `sound_id`) values (838, 136, 5, 0, 6970);
    [999] zepcraft-legacy ([BASE,F-044]_emotestextsound.sql)
           DELETE: delete from `emotestextsound` where `id` = 838;
           INSERT: insert into `emotestextsound` (`id`, `emotes_text_id`, `race_id`, `sex_id`, `sound_id`) values (838, 136, 5, 0, 6970);
  ID 839: (CONFLICT)
    [ 10] hd-everything ([BASE,F-049]_emotestextsound.sql)
           DELETE: delete from `emotestextsound` where `id` = 839;
           INSERT: insert into `emotestextsound` (`id`, `emotes_text_id`, `race_id`, `sex_id`, `sound_id`) values (839, 136, 11, 1, 9675);
    [ 20] worgoblin ([BASE,F-030]_emotestextsound.sql)
           DELETE: delete from `emotestextsound` where `id` = 839;
           INSERT: insert into `emotestextsound` (`id`, `emotes_text_id`, `race_id`, `sex_id`, `sound_id`) values (839, 136, 23, 1, 18645);
    [999] zepcraft-legacy ([BASE,F-044]_emotestextsound.sql)
           DELETE: delete from `emotestextsound` where `id` = 839;
           INSERT: insert into `emotestextsound` (`id`, `emotes_text_id`, `race_id`, `sex_id`, `sound_id`) values (839, 136, 23, 1, 18645);
  ... and 227 more conflicts (see log file)
  ID 1000: (REDUNDANT)
    [ 20] worgoblin ([BASE,F-030]_emotestextsound.sql)
    [999] zepcraft-legacy ([BASE,F-044]_emotestextsound.sql)
  ID 1001: (REDUNDANT)
    [ 20] worgoblin ([BASE,F-030]_emotestextsound.sql)
    [999] zepcraft-legacy ([BASE,F-044]_emotestextsound.sql)
  ID 1002: (REDUNDANT)
    [ 20] worgoblin ([BASE,F-030]_emotestextsound.sql)
    [999] zepcraft-legacy ([BASE,F-044]_emotestextsound.sql)
  ID 1003: (REDUNDANT)
    [ 20] worgoblin ([BASE,F-030]_emotestextsound.sql)
    [999] zepcraft-legacy ([BASE,F-044]_emotestextsound.sql)
  ID 1004: (REDUNDANT)
    [ 20] worgoblin ([BASE,F-030]_emotestextsound.sql)
    [999] zepcraft-legacy ([BASE,F-044]_emotestextsound.sql)
  ID 1005: (REDUNDANT)
    [ 20] worgoblin ([BASE,F-030]_emotestextsound.sql)
    [999] zepcraft-legacy ([BASE,F-044]_emotestextsound.sql)
  ID 1006: (REDUNDANT)
    [ 20] worgoblin ([BASE,F-030]_emotestextsound.sql)
    [999] zepcraft-legacy ([BASE,F-044]_emotestextsound.sql)
  ID 1007: (REDUNDANT)
    [ 20] worgoblin ([BASE,F-030]_emotestextsound.sql)
    [999] zepcraft-legacy ([BASE,F-044]_emotestextsound.sql)
  ID 1008: (REDUNDANT)
    [ 20] worgoblin ([BASE,F-030]_emotestextsound.sql)
    [999] zepcraft-legacy ([BASE,F-044]_emotestextsound.sql)
  ID 1009: (REDUNDANT)
    [ 20] worgoblin ([BASE,F-030]_emotestextsound.sql)
    [999] zepcraft-legacy ([BASE,F-044]_emotestextsound.sql)
  ID 1010: (REDUNDANT)
    [ 20] worgoblin ([BASE,F-030]_emotestextsound.sql)
    [999] zepcraft-legacy ([BASE,F-044]_emotestextsound.sql)
  ID 1011: (REDUNDANT)
    [ 20] worgoblin ([BASE,F-030]_emotestextsound.sql)
    [999] zepcraft-legacy ([BASE,F-044]_emotestextsound.sql)
  ID 1012: (REDUNDANT)
    [ 20] worgoblin ([BASE,F-030]_emotestextsound.sql)
    [999] zepcraft-legacy ([BASE,F-044]_emotestextsound.sql)
  ID 1013: (REDUNDANT)
    [ 20] worgoblin ([BASE,F-030]_emotestextsound.sql)
    [999] zepcraft-legacy ([BASE,F-044]_emotestextsound.sql)
  ID 1014: (REDUNDANT)
    [ 20] worgoblin ([BASE,F-030]_emotestextsound.sql)
    [999] zepcraft-legacy ([BASE,F-044]_emotestextsound.sql)
  ID 1015: (REDUNDANT)
    [ 20] worgoblin ([BASE,F-030]_emotestextsound.sql)
    [999] zepcraft-legacy ([BASE,F-044]_emotestextsound.sql)
  ID 1016: (REDUNDANT)
    [ 20] worgoblin ([BASE,F-030]_emotestextsound.sql)
    [999] zepcraft-legacy ([BASE,F-044]_emotestextsound.sql)
  ID 1017: (REDUNDANT)
    [ 20] worgoblin ([BASE,F-030]_emotestextsound.sql)
    [999] zepcraft-legacy ([BASE,F-044]_emotestextsound.sql)
  ID 1018: (REDUNDANT)
    [ 20] worgoblin ([BASE,F-030]_emotestextsound.sql)
    [999] zepcraft-legacy ([BASE,F-044]_emotestextsound.sql)
  ID 1019: (REDUNDANT)
    [ 20] worgoblin ([BASE,F-030]_emotestextsound.sql)
    [999] zepcraft-legacy ([BASE,F-044]_emotestextsound.sql)
  ID 1020: (REDUNDANT)
    [ 20] worgoblin ([BASE,F-030]_emotestextsound.sql)
    [999] zepcraft-legacy ([BASE,F-044]_emotestextsound.sql)
  ID 1021: (REDUNDANT)
    [ 20] worgoblin ([BASE,F-030]_emotestextsound.sql)
    [999] zepcraft-legacy ([BASE,F-044]_emotestextsound.sql)
  ID 1022: (REDUNDANT)
    [ 20] worgoblin ([BASE,F-030]_emotestextsound.sql)
    [999] zepcraft-legacy ([BASE,F-044]_emotestextsound.sql)
  ID 1023: (REDUNDANT)
    [ 20] worgoblin ([BASE,F-030]_emotestextsound.sql)
    [999] zepcraft-legacy ([BASE,F-044]_emotestextsound.sql)
  ID 1024: (REDUNDANT)
    [ 20] worgoblin ([BASE,F-030]_emotestextsound.sql)
    [999] zepcraft-legacy ([BASE,F-044]_emotestextsound.sql)
  ID 1025: (REDUNDANT)
    [ 20] worgoblin ([BASE,F-030]_emotestextsound.sql)
    [999] zepcraft-legacy ([BASE,F-044]_emotestextsound.sql)
  ID 1026: (REDUNDANT)
    [ 20] worgoblin ([BASE,F-030]_emotestextsound.sql)
    [999] zepcraft-legacy ([BASE,F-044]_emotestextsound.sql)
  ID 1027: (REDUNDANT)
    [ 20] worgoblin ([BASE,F-030]_emotestextsound.sql)
    [999] zepcraft-legacy ([BASE,F-044]_emotestextsound.sql)
  ID 1028: (REDUNDANT)
    [ 20] worgoblin ([BASE,F-030]_emotestextsound.sql)
    [999] zepcraft-legacy ([BASE,F-044]_emotestextsound.sql)
  ID 1029: (REDUNDANT)
    [ 20] worgoblin ([BASE,F-030]_emotestextsound.sql)
    [999] zepcraft-legacy ([BASE,F-044]_emotestextsound.sql)
  ID 1030: (REDUNDANT)
    [ 20] worgoblin ([BASE,F-030]_emotestextsound.sql)
    [999] zepcraft-legacy ([BASE,F-044]_emotestextsound.sql)
  ID 1031: (REDUNDANT)
    [ 20] worgoblin ([BASE,F-030]_emotestextsound.sql)
    [999] zepcraft-legacy ([BASE,F-044]_emotestextsound.sql)
  ID 1032: (REDUNDANT)
    [ 20] worgoblin ([BASE,F-030]_emotestextsound.sql)
    [999] zepcraft-legacy ([BASE,F-044]_emotestextsound.sql)
  ID 1033: (REDUNDANT)
    [ 20] worgoblin ([BASE,F-030]_emotestextsound.sql)
    [999] zepcraft-legacy ([BASE,F-044]_emotestextsound.sql)
  ID 1034: (REDUNDANT)
    [ 20] worgoblin ([BASE,F-030]_emotestextsound.sql)
    [999] zepcraft-legacy ([BASE,F-044]_emotestextsound.sql)
  ID 1035: (REDUNDANT)
    [ 20] worgoblin ([BASE,F-030]_emotestextsound.sql)
    [999] zepcraft-legacy ([BASE,F-044]_emotestextsound.sql)
  ID 1036: (REDUNDANT)
    [ 20] worgoblin ([BASE,F-030]_emotestextsound.sql)
    [999] zepcraft-legacy ([BASE,F-044]_emotestextsound.sql)
  ID 1037: (REDUNDANT)
    [ 20] worgoblin ([BASE,F-030]_emotestextsound.sql)
    [999] zepcraft-legacy ([BASE,F-044]_emotestextsound.sql)
  ID 1038: (REDUNDANT)
    [ 20] worgoblin ([BASE,F-030]_emotestextsound.sql)
    [999] zepcraft-legacy ([BASE,F-044]_emotestextsound.sql)
  ID 1039: (REDUNDANT)
    [ 20] worgoblin ([BASE,F-030]_emotestextsound.sql)
    [999] zepcraft-legacy ([BASE,F-044]_emotestextsound.sql)
  ID 1040: (REDUNDANT)
    [ 20] worgoblin ([BASE,F-030]_emotestextsound.sql)
    [999] zepcraft-legacy ([BASE,F-044]_emotestextsound.sql)
  ID 1041: (REDUNDANT)
    [ 20] worgoblin ([BASE,F-030]_emotestextsound.sql)
    [999] zepcraft-legacy ([BASE,F-044]_emotestextsound.sql)
  ID 1042: (REDUNDANT)
    [ 20] worgoblin ([BASE,F-030]_emotestextsound.sql)
    [999] zepcraft-legacy ([BASE,F-044]_emotestextsound.sql)
  ID 1043: (REDUNDANT)
    [ 20] worgoblin ([BASE,F-030]_emotestextsound.sql)
    [999] zepcraft-legacy ([BASE,F-044]_emotestextsound.sql)
  ID 1044: (REDUNDANT)
    [ 20] worgoblin ([BASE,F-030]_emotestextsound.sql)
    [999] zepcraft-legacy ([BASE,F-044]_emotestextsound.sql)
  ID 1045: (REDUNDANT)
    [ 20] worgoblin ([BASE,F-030]_emotestextsound.sql)
    [999] zepcraft-legacy ([BASE,F-044]_emotestextsound.sql)
  ID 1046: (REDUNDANT)
    [ 20] worgoblin ([BASE,F-030]_emotestextsound.sql)
    [999] zepcraft-legacy ([BASE,F-044]_emotestextsound.sql)
  ID 1047: (REDUNDANT)
    [ 20] worgoblin ([BASE,F-030]_emotestextsound.sql)
    [999] zepcraft-legacy ([BASE,F-044]_emotestextsound.sql)
  ID 1048: (REDUNDANT)
    [ 20] worgoblin ([BASE,F-030]_emotestextsound.sql)
    [999] zepcraft-legacy ([BASE,F-044]_emotestextsound.sql)
  ID 1049: (REDUNDANT)
    [ 20] worgoblin ([BASE,F-030]_emotestextsound.sql)
    [999] zepcraft-legacy ([BASE,F-044]_emotestextsound.sql)
  ID 1050: (REDUNDANT)
    [ 20] worgoblin ([BASE,F-030]_emotestextsound.sql)
    [999] zepcraft-legacy ([BASE,F-044]_emotestextsound.sql)
  ID 1051: (REDUNDANT)
    [ 20] worgoblin ([BASE,F-030]_emotestextsound.sql)
    [999] zepcraft-legacy ([BASE,F-044]_emotestextsound.sql)
  ID 1052: (REDUNDANT)
    [ 20] worgoblin ([BASE,F-030]_emotestextsound.sql)
    [999] zepcraft-legacy ([BASE,F-044]_emotestextsound.sql)
  ID 1053: (REDUNDANT)
    [ 20] worgoblin ([BASE,F-030]_emotestextsound.sql)
    [999] zepcraft-legacy ([BASE,F-044]_emotestextsound.sql)
  ID 1054: (REDUNDANT)
    [ 20] worgoblin ([BASE,F-030]_emotestextsound.sql)
    [999] zepcraft-legacy ([BASE,F-044]_emotestextsound.sql)
  ID 1055: (REDUNDANT)
    [ 20] worgoblin ([BASE,F-030]_emotestextsound.sql)
    [999] zepcraft-legacy ([BASE,F-044]_emotestextsound.sql)
  ID 1056: (REDUNDANT)
    [ 20] worgoblin ([BASE,F-030]_emotestextsound.sql)
    [999] zepcraft-legacy ([BASE,F-044]_emotestextsound.sql)
  ID 1057: (REDUNDANT)
    [ 20] worgoblin ([BASE,F-030]_emotestextsound.sql)
    [999] zepcraft-legacy ([BASE,F-044]_emotestextsound.sql)
  ID 1058: (REDUNDANT)
    [ 20] worgoblin ([BASE,F-030]_emotestextsound.sql)
    [999] zepcraft-legacy ([BASE,F-044]_emotestextsound.sql)
  ID 1059: (REDUNDANT)
    [ 20] worgoblin ([BASE,F-030]_emotestextsound.sql)
    [999] zepcraft-legacy ([BASE,F-044]_emotestextsound.sql)
  ID 1060: (REDUNDANT)
    [ 20] worgoblin ([BASE,F-030]_emotestextsound.sql)
    [999] zepcraft-legacy ([BASE,F-044]_emotestextsound.sql)
  ID 1061: (REDUNDANT)
    [ 20] worgoblin ([BASE,F-030]_emotestextsound.sql)
    [999] zepcraft-legacy ([BASE,F-044]_emotestextsound.sql)
  ID 1062: (REDUNDANT)
    [ 20] worgoblin ([BASE,F-030]_emotestextsound.sql)
    [999] zepcraft-legacy ([BASE,F-044]_emotestextsound.sql)
  ID 1063: (REDUNDANT)
    [ 20] worgoblin ([BASE,F-030]_emotestextsound.sql)
    [999] zepcraft-legacy ([BASE,F-044]_emotestextsound.sql)
  ID 1064: (REDUNDANT)
    [ 20] worgoblin ([BASE,F-030]_emotestextsound.sql)
    [999] zepcraft-legacy ([BASE,F-044]_emotestextsound.sql)
  ID 1065: (REDUNDANT)
    [ 20] worgoblin ([BASE,F-030]_emotestextsound.sql)
    [999] zepcraft-legacy ([BASE,F-044]_emotestextsound.sql)
  ID 1066: (REDUNDANT)
    [ 20] worgoblin ([BASE,F-030]_emotestextsound.sql)
    [999] zepcraft-legacy ([BASE,F-044]_emotestextsound.sql)
  ID 1067: (REDUNDANT)
    [ 20] worgoblin ([BASE,F-030]_emotestextsound.sql)
    [999] zepcraft-legacy ([BASE,F-044]_emotestextsound.sql)
  ID 1068: (REDUNDANT)
    [ 20] worgoblin ([BASE,F-030]_emotestextsound.sql)
    [999] zepcraft-legacy ([BASE,F-044]_emotestextsound.sql)
  ID 1069: (REDUNDANT)
    [ 20] worgoblin ([BASE,F-030]_emotestextsound.sql)
    [999] zepcraft-legacy ([BASE,F-044]_emotestextsound.sql)
  ID 1070: (REDUNDANT)
    [ 20] worgoblin ([BASE,F-030]_emotestextsound.sql)
    [999] zepcraft-legacy ([BASE,F-044]_emotestextsound.sql)
  ID 1071: (REDUNDANT)
    [ 20] worgoblin ([BASE,F-030]_emotestextsound.sql)
    [999] zepcraft-legacy ([BASE,F-044]_emotestextsound.sql)
  ID 1072: (REDUNDANT)
    [ 20] worgoblin ([BASE,F-030]_emotestextsound.sql)
    [999] zepcraft-legacy ([BASE,F-044]_emotestextsound.sql)
  ID 1073: (REDUNDANT)
    [ 20] worgoblin ([BASE,F-030]_emotestextsound.sql)
    [999] zepcraft-legacy ([BASE,F-044]_emotestextsound.sql)
  ID 1074: (REDUNDANT)
    [ 20] worgoblin ([BASE,F-030]_emotestextsound.sql)
    [999] zepcraft-legacy ([BASE,F-044]_emotestextsound.sql)
  ID 1075: (REDUNDANT)
    [ 20] worgoblin ([BASE,F-030]_emotestextsound.sql)
    [999] zepcraft-legacy ([BASE,F-044]_emotestextsound.sql)
  ID 1076: (REDUNDANT)
    [ 20] worgoblin ([BASE,F-030]_emotestextsound.sql)
    [999] zepcraft-legacy ([BASE,F-044]_emotestextsound.sql)
  ID 1077: (REDUNDANT)
    [ 20] worgoblin ([BASE,F-030]_emotestextsound.sql)
    [999] zepcraft-legacy ([BASE,F-044]_emotestextsound.sql)
  ID 1078: (REDUNDANT)
    [ 20] worgoblin ([BASE,F-030]_emotestextsound.sql)
    [999] zepcraft-legacy ([BASE,F-044]_emotestextsound.sql)
  ID 1079: (REDUNDANT)
    [ 20] worgoblin ([BASE,F-030]_emotestextsound.sql)
    [999] zepcraft-legacy ([BASE,F-044]_emotestextsound.sql)
  ID 1080: (REDUNDANT)
    [ 20] worgoblin ([BASE,F-030]_emotestextsound.sql)
    [999] zepcraft-legacy ([BASE,F-044]_emotestextsound.sql)
  ID 1081: (REDUNDANT)
    [ 20] worgoblin ([BASE,F-030]_emotestextsound.sql)
    [999] zepcraft-legacy ([BASE,F-044]_emotestextsound.sql)
  ID 1082: (REDUNDANT)
    [ 20] worgoblin ([BASE,F-030]_emotestextsound.sql)
    [999] zepcraft-legacy ([BASE,F-044]_emotestextsound.sql)
  ID 1083: (REDUNDANT)
    [ 20] worgoblin ([BASE,F-030]_emotestextsound.sql)
    [999] zepcraft-legacy ([BASE,F-044]_emotestextsound.sql)
  ID 1084: (REDUNDANT)
    [ 20] worgoblin ([BASE,F-030]_emotestextsound.sql)
    [999] zepcraft-legacy ([BASE,F-044]_emotestextsound.sql)
  ID 1085: (REDUNDANT)
    [ 20] worgoblin ([BASE,F-030]_emotestextsound.sql)
    [999] zepcraft-legacy ([BASE,F-044]_emotestextsound.sql)
  ID 1086: (REDUNDANT)
    [ 20] worgoblin ([BASE,F-030]_emotestextsound.sql)
    [999] zepcraft-legacy ([BASE,F-044]_emotestextsound.sql)
  ID 1087: (REDUNDANT)
    [ 20] worgoblin ([BASE,F-030]_emotestextsound.sql)
    [999] zepcraft-legacy ([BASE,F-044]_emotestextsound.sql)
  ID 1088: (REDUNDANT)
    [ 20] worgoblin ([BASE,F-030]_emotestextsound.sql)
    [999] zepcraft-legacy ([BASE,F-044]_emotestextsound.sql)
  ID 1089: (REDUNDANT)
    [ 20] worgoblin ([BASE,F-030]_emotestextsound.sql)
    [999] zepcraft-legacy ([BASE,F-044]_emotestextsound.sql)
  ID 1090: (REDUNDANT)
    [ 20] worgoblin ([BASE,F-030]_emotestextsound.sql)
    [999] zepcraft-legacy ([BASE,F-044]_emotestextsound.sql)
  ID 1091: (REDUNDANT)
    [ 20] worgoblin ([BASE,F-030]_emotestextsound.sql)
    [999] zepcraft-legacy ([BASE,F-044]_emotestextsound.sql)
  ID 1092: (REDUNDANT)
    [ 20] worgoblin ([BASE,F-030]_emotestextsound.sql)
    [999] zepcraft-legacy ([BASE,F-044]_emotestextsound.sql)
  ID 1093: (REDUNDANT)
    [ 20] worgoblin ([BASE,F-030]_emotestextsound.sql)
    [999] zepcraft-legacy ([BASE,F-044]_emotestextsound.sql)
  ID 1094: (REDUNDANT)
    [ 20] worgoblin ([BASE,F-030]_emotestextsound.sql)
    [999] zepcraft-legacy ([BASE,F-044]_emotestextsound.sql)
  ID 1095: (REDUNDANT)
    [ 20] worgoblin ([BASE,F-030]_emotestextsound.sql)
    [999] zepcraft-legacy ([BASE,F-044]_emotestextsound.sql)
  ID 1096: (REDUNDANT)
    [ 20] worgoblin ([BASE,F-030]_emotestextsound.sql)
    [999] zepcraft-legacy ([BASE,F-044]_emotestextsound.sql)
  ID 1097: (REDUNDANT)
    [ 20] worgoblin ([BASE,F-030]_emotestextsound.sql)
    [999] zepcraft-legacy ([BASE,F-044]_emotestextsound.sql)
  ID 1098: (REDUNDANT)
    [ 20] worgoblin ([BASE,F-030]_emotestextsound.sql)
    [999] zepcraft-legacy ([BASE,F-044]_emotestextsound.sql)
  ID 1099: (REDUNDANT)
    [ 20] worgoblin ([BASE,F-030]_emotestextsound.sql)
    [999] zepcraft-legacy ([BASE,F-044]_emotestextsound.sql)
  ID 1100: (REDUNDANT)
    [ 20] worgoblin ([BASE,F-030]_emotestextsound.sql)
    [999] zepcraft-legacy ([BASE,F-044]_emotestextsound.sql)
  ID 1101: (REDUNDANT)
    [ 20] worgoblin ([BASE,F-030]_emotestextsound.sql)
    [999] zepcraft-legacy ([BASE,F-044]_emotestextsound.sql)
  ID 1102: (REDUNDANT)
    [ 20] worgoblin ([BASE,F-030]_emotestextsound.sql)
    [999] zepcraft-legacy ([BASE,F-044]_emotestextsound.sql)
  ID 1103: (REDUNDANT)
    [ 20] worgoblin ([BASE,F-030]_emotestextsound.sql)
    [999] zepcraft-legacy ([BASE,F-044]_emotestextsound.sql)
  ID 1104: (REDUNDANT)
    [ 20] worgoblin ([BASE,F-030]_emotestextsound.sql)
    [999] zepcraft-legacy ([BASE,F-044]_emotestextsound.sql)
  ID 1105: (REDUNDANT)
    [ 20] worgoblin ([BASE,F-030]_emotestextsound.sql)
    [999] zepcraft-legacy ([BASE,F-044]_emotestextsound.sql)
  ID 1106: (REDUNDANT)
    [ 20] worgoblin ([BASE,F-030]_emotestextsound.sql)
    [999] zepcraft-legacy ([BASE,F-044]_emotestextsound.sql)
  ID 1107: (REDUNDANT)
    [ 20] worgoblin ([BASE,F-030]_emotestextsound.sql)
    [999] zepcraft-legacy ([BASE,F-044]_emotestextsound.sql)
  ID 1108: (REDUNDANT)
    [ 20] worgoblin ([BASE,F-030]_emotestextsound.sql)
    [999] zepcraft-legacy ([BASE,F-044]_emotestextsound.sql)
  ID 1109: (REDUNDANT)
    [ 20] worgoblin ([BASE,F-030]_emotestextsound.sql)
    [999] zepcraft-legacy ([BASE,F-044]_emotestextsound.sql)
  ID 1110: (REDUNDANT)
    [ 20] worgoblin ([BASE,F-030]_emotestextsound.sql)
    [999] zepcraft-legacy ([BASE,F-044]_emotestextsound.sql)
  ID 1111: (REDUNDANT)
    [ 20] worgoblin ([BASE,F-030]_emotestextsound.sql)
    [999] zepcraft-legacy ([BASE,F-044]_emotestextsound.sql)
  ID 1112: (REDUNDANT)
    [ 20] worgoblin ([BASE,F-030]_emotestextsound.sql)
    [999] zepcraft-legacy ([BASE,F-044]_emotestextsound.sql)
  ID 1113: (REDUNDANT)
    [ 20] worgoblin ([BASE,F-030]_emotestextsound.sql)
    [999] zepcraft-legacy ([BASE,F-044]_emotestextsound.sql)
  ID 1114: (REDUNDANT)
    [ 20] worgoblin ([BASE,F-030]_emotestextsound.sql)
    [999] zepcraft-legacy ([BASE,F-044]_emotestextsound.sql)
  ID 1115: (REDUNDANT)
    [ 20] worgoblin ([BASE,F-030]_emotestextsound.sql)
    [999] zepcraft-legacy ([BASE,F-044]_emotestextsound.sql)
  ID 1116: (REDUNDANT)
    [ 20] worgoblin ([BASE,F-030]_emotestextsound.sql)
    [999] zepcraft-legacy ([BASE,F-044]_emotestextsound.sql)
  ID 1117: (REDUNDANT)
    [ 20] worgoblin ([BASE,F-030]_emotestextsound.sql)
    [999] zepcraft-legacy ([BASE,F-044]_emotestextsound.sql)
  ID 1118: (REDUNDANT)
    [ 20] worgoblin ([BASE,F-030]_emotestextsound.sql)
    [999] zepcraft-legacy ([BASE,F-044]_emotestextsound.sql)
  ID 1119: (REDUNDANT)
    [ 20] worgoblin ([BASE,F-030]_emotestextsound.sql)
    [999] zepcraft-legacy ([BASE,F-044]_emotestextsound.sql)
  ID 1121: (REDUNDANT)
    [ 20] worgoblin ([BASE,F-030]_emotestextsound.sql)
    [999] zepcraft-legacy ([BASE,F-044]_emotestextsound.sql)
  ID 1122: (REDUNDANT)
    [ 20] worgoblin ([BASE,F-030]_emotestextsound.sql)
    [999] zepcraft-legacy ([BASE,F-044]_emotestextsound.sql)
  ID 1123: (REDUNDANT)
    [ 20] worgoblin ([BASE,F-030]_emotestextsound.sql)
    [999] zepcraft-legacy ([BASE,F-044]_emotestextsound.sql)
  ID 1124: (REDUNDANT)
    [ 20] worgoblin ([BASE,F-030]_emotestextsound.sql)
    [999] zepcraft-legacy ([BASE,F-044]_emotestextsound.sql)
  ID 1125: (REDUNDANT)
    [ 20] worgoblin ([BASE,F-030]_emotestextsound.sql)
    [999] zepcraft-legacy ([BASE,F-044]_emotestextsound.sql)
  ID 1126: (REDUNDANT)
    [ 20] worgoblin ([BASE,F-030]_emotestextsound.sql)
    [999] zepcraft-legacy ([BASE,F-044]_emotestextsound.sql)
  ID 1127: (REDUNDANT)
    [ 20] worgoblin ([BASE,F-030]_emotestextsound.sql)
    [999] zepcraft-legacy ([BASE,F-044]_emotestextsound.sql)
  ID 1128: (REDUNDANT)
    [ 20] worgoblin ([BASE,F-030]_emotestextsound.sql)
    [999] zepcraft-legacy ([BASE,F-044]_emotestextsound.sql)
  ID 1129: (REDUNDANT)
    [ 20] worgoblin ([BASE,F-030]_emotestextsound.sql)
    [999] zepcraft-legacy ([BASE,F-044]_emotestextsound.sql)
  ID 1130: (REDUNDANT)
    [ 20] worgoblin ([BASE,F-030]_emotestextsound.sql)
    [999] zepcraft-legacy ([BASE,F-044]_emotestextsound.sql)
  ID 1131: (REDUNDANT)
    [ 20] worgoblin ([BASE,F-030]_emotestextsound.sql)
    [999] zepcraft-legacy ([BASE,F-044]_emotestextsound.sql)
  ID 1132: (REDUNDANT)
    [ 20] worgoblin ([BASE,F-030]_emotestextsound.sql)
    [999] zepcraft-legacy ([BASE,F-044]_emotestextsound.sql)
  ID 1133: (REDUNDANT)
    [ 20] worgoblin ([BASE,F-030]_emotestextsound.sql)
    [999] zepcraft-legacy ([BASE,F-044]_emotestextsound.sql)
  ID 1134: (REDUNDANT)
    [ 20] worgoblin ([BASE,F-030]_emotestextsound.sql)
    [999] zepcraft-legacy ([BASE,F-044]_emotestextsound.sql)
  ID 1135: (REDUNDANT)
    [ 20] worgoblin ([BASE,F-030]_emotestextsound.sql)
    [999] zepcraft-legacy ([BASE,F-044]_emotestextsound.sql)
  ID 1136: (REDUNDANT)
    [ 20] worgoblin ([BASE,F-030]_emotestextsound.sql)
    [999] zepcraft-legacy ([BASE,F-044]_emotestextsound.sql)
  ID 1137: (REDUNDANT)
    [ 20] worgoblin ([BASE,F-030]_emotestextsound.sql)
    [999] zepcraft-legacy ([BASE,F-044]_emotestextsound.sql)
  ID 1138: (REDUNDANT)
    [ 20] worgoblin ([BASE,F-030]_emotestextsound.sql)
    [999] zepcraft-legacy ([BASE,F-044]_emotestextsound.sql)
  ID 1139: (REDUNDANT)
    [ 20] worgoblin ([BASE,F-030]_emotestextsound.sql)
    [999] zepcraft-legacy ([BASE,F-044]_emotestextsound.sql)
  ID 1140: (REDUNDANT)
    [ 20] worgoblin ([BASE,F-030]_emotestextsound.sql)
    [999] zepcraft-legacy ([BASE,F-044]_emotestextsound.sql)
  ID 1141: (REDUNDANT)
    [ 20] worgoblin ([BASE,F-030]_emotestextsound.sql)
    [999] zepcraft-legacy ([BASE,F-044]_emotestextsound.sql)
  ID 1142: (REDUNDANT)
    [ 20] worgoblin ([BASE,F-030]_emotestextsound.sql)
    [999] zepcraft-legacy ([BASE,F-044]_emotestextsound.sql)
  ID 1143: (REDUNDANT)
    [ 20] worgoblin ([BASE,F-030]_emotestextsound.sql)
    [999] zepcraft-legacy ([BASE,F-044]_emotestextsound.sql)
  ID 1144: (REDUNDANT)
    [ 20] worgoblin ([BASE,F-030]_emotestextsound.sql)
    [999] zepcraft-legacy ([BASE,F-044]_emotestextsound.sql)
  ID 1145: (REDUNDANT)
    [ 20] worgoblin ([BASE,F-030]_emotestextsound.sql)
    [999] zepcraft-legacy ([BASE,F-044]_emotestextsound.sql)
  ID 1146: (REDUNDANT)
    [ 20] worgoblin ([BASE,F-030]_emotestextsound.sql)
    [999] zepcraft-legacy ([BASE,F-044]_emotestextsound.sql)
  ID 567: (REDUNDANT)
    [ 20] worgoblin ([BASE,F-030]_emotestextsound.sql)
    [999] zepcraft-legacy ([BASE,F-044]_emotestextsound.sql)
  ID 569: (REDUNDANT)
    [ 20] worgoblin ([BASE,F-030]_emotestextsound.sql)
    [999] zepcraft-legacy ([BASE,F-044]_emotestextsound.sql)
  ID 570: (REDUNDANT)
    [ 20] worgoblin ([BASE,F-030]_emotestextsound.sql)
    [999] zepcraft-legacy ([BASE,F-044]_emotestextsound.sql)
  ID 571: (REDUNDANT)
    [ 20] worgoblin ([BASE,F-030]_emotestextsound.sql)
    [999] zepcraft-legacy ([BASE,F-044]_emotestextsound.sql)
  ID 574: (REDUNDANT)
    [ 20] worgoblin ([BASE,F-030]_emotestextsound.sql)
    [999] zepcraft-legacy ([BASE,F-044]_emotestextsound.sql)
  ID 575: (REDUNDANT)
    [ 20] worgoblin ([BASE,F-030]_emotestextsound.sql)
    [999] zepcraft-legacy ([BASE,F-044]_emotestextsound.sql)
  ID 576: (REDUNDANT)
    [ 20] worgoblin ([BASE,F-030]_emotestextsound.sql)
    [999] zepcraft-legacy ([BASE,F-044]_emotestextsound.sql)
  ID 577: (REDUNDANT)
    [ 20] worgoblin ([BASE,F-030]_emotestextsound.sql)
    [999] zepcraft-legacy ([BASE,F-044]_emotestextsound.sql)
  ID 578: (REDUNDANT)
    [ 20] worgoblin ([BASE,F-030]_emotestextsound.sql)
    [999] zepcraft-legacy ([BASE,F-044]_emotestextsound.sql)
  ID 579: (REDUNDANT)
    [ 20] worgoblin ([BASE,F-030]_emotestextsound.sql)
    [999] zepcraft-legacy ([BASE,F-044]_emotestextsound.sql)
  ID 580: (REDUNDANT)
    [ 20] worgoblin ([BASE,F-030]_emotestextsound.sql)
    [999] zepcraft-legacy ([BASE,F-044]_emotestextsound.sql)
  ID 581: (REDUNDANT)
    [ 20] worgoblin ([BASE,F-030]_emotestextsound.sql)
    [999] zepcraft-legacy ([BASE,F-044]_emotestextsound.sql)
  ID 582: (REDUNDANT)
    [ 20] worgoblin ([BASE,F-030]_emotestextsound.sql)
    [999] zepcraft-legacy ([BASE,F-044]_emotestextsound.sql)
  ID 583: (REDUNDANT)
    [ 20] worgoblin ([BASE,F-030]_emotestextsound.sql)
    [999] zepcraft-legacy ([BASE,F-044]_emotestextsound.sql)
  ID 584: (REDUNDANT)
    [ 20] worgoblin ([BASE,F-030]_emotestextsound.sql)
    [999] zepcraft-legacy ([BASE,F-044]_emotestextsound.sql)
  ID 585: (REDUNDANT)
    [ 20] worgoblin ([BASE,F-030]_emotestextsound.sql)
    [999] zepcraft-legacy ([BASE,F-044]_emotestextsound.sql)
  ID 586: (REDUNDANT)
    [ 20] worgoblin ([BASE,F-030]_emotestextsound.sql)
    [999] zepcraft-legacy ([BASE,F-044]_emotestextsound.sql)
  ID 587: (REDUNDANT)
    [ 20] worgoblin ([BASE,F-030]_emotestextsound.sql)
    [999] zepcraft-legacy ([BASE,F-044]_emotestextsound.sql)
  ID 588: (REDUNDANT)
    [ 20] worgoblin ([BASE,F-030]_emotestextsound.sql)
    [999] zepcraft-legacy ([BASE,F-044]_emotestextsound.sql)
  ID 589: (REDUNDANT)
    [ 20] worgoblin ([BASE,F-030]_emotestextsound.sql)
    [999] zepcraft-legacy ([BASE,F-044]_emotestextsound.sql)
  ID 590: (REDUNDANT)
    [ 20] worgoblin ([BASE,F-030]_emotestextsound.sql)
    [999] zepcraft-legacy ([BASE,F-044]_emotestextsound.sql)
  ID 591: (REDUNDANT)
    [ 20] worgoblin ([BASE,F-030]_emotestextsound.sql)
    [999] zepcraft-legacy ([BASE,F-044]_emotestextsound.sql)
  ID 594: (REDUNDANT)
    [ 20] worgoblin ([BASE,F-030]_emotestextsound.sql)
    [999] zepcraft-legacy ([BASE,F-044]_emotestextsound.sql)
  ID 595: (REDUNDANT)
    [ 20] worgoblin ([BASE,F-030]_emotestextsound.sql)
    [999] zepcraft-legacy ([BASE,F-044]_emotestextsound.sql)
  ID 596: (REDUNDANT)
    [ 20] worgoblin ([BASE,F-030]_emotestextsound.sql)
    [999] zepcraft-legacy ([BASE,F-044]_emotestextsound.sql)
  ID 597: (REDUNDANT)
    [ 20] worgoblin ([BASE,F-030]_emotestextsound.sql)
    [999] zepcraft-legacy ([BASE,F-044]_emotestextsound.sql)
  ID 598: (REDUNDANT)
    [ 20] worgoblin ([BASE,F-030]_emotestextsound.sql)
    [999] zepcraft-legacy ([BASE,F-044]_emotestextsound.sql)
  ID 599: (REDUNDANT)
    [ 20] worgoblin ([BASE,F-030]_emotestextsound.sql)
    [999] zepcraft-legacy ([BASE,F-044]_emotestextsound.sql)
  ID 840: (REDUNDANT)
    [ 20] worgoblin ([BASE,F-030]_emotestextsound.sql)
    [999] zepcraft-legacy ([BASE,F-044]_emotestextsound.sql)
  ID 842: (REDUNDANT)
    [ 20] worgoblin ([BASE,F-030]_emotestextsound.sql)
    [999] zepcraft-legacy ([BASE,F-044]_emotestextsound.sql)
  ID 843: (REDUNDANT)
    [ 20] worgoblin ([BASE,F-030]_emotestextsound.sql)
    [999] zepcraft-legacy ([BASE,F-044]_emotestextsound.sql)
  ID 844: (REDUNDANT)
    [ 20] worgoblin ([BASE,F-030]_emotestextsound.sql)
    [999] zepcraft-legacy ([BASE,F-044]_emotestextsound.sql)
  ID 845: (REDUNDANT)
    [ 20] worgoblin ([BASE,F-030]_emotestextsound.sql)
    [999] zepcraft-legacy ([BASE,F-044]_emotestextsound.sql)
  ID 846: (REDUNDANT)
    [ 20] worgoblin ([BASE,F-030]_emotestextsound.sql)
    [999] zepcraft-legacy ([BASE,F-044]_emotestextsound.sql)
  ID 847: (REDUNDANT)
    [ 20] worgoblin ([BASE,F-030]_emotestextsound.sql)
    [999] zepcraft-legacy ([BASE,F-044]_emotestextsound.sql)
  ID 874: (REDUNDANT)
    [ 20] worgoblin ([BASE,F-030]_emotestextsound.sql)
    [999] zepcraft-legacy ([BASE,F-044]_emotestextsound.sql)
  ID 875: (REDUNDANT)
    [ 20] worgoblin ([BASE,F-030]_emotestextsound.sql)
    [999] zepcraft-legacy ([BASE,F-044]_emotestextsound.sql)
  ID 876: (REDUNDANT)
    [ 20] worgoblin ([BASE,F-030]_emotestextsound.sql)
    [999] zepcraft-legacy ([BASE,F-044]_emotestextsound.sql)
  ID 877: (REDUNDANT)
    [ 20] worgoblin ([BASE,F-030]_emotestextsound.sql)
    [999] zepcraft-legacy ([BASE,F-044]_emotestextsound.sql)
  ID 878: (REDUNDANT)
    [ 20] worgoblin ([BASE,F-030]_emotestextsound.sql)
    [999] zepcraft-legacy ([BASE,F-044]_emotestextsound.sql)
  ID 879: (REDUNDANT)
    [ 20] worgoblin ([BASE,F-030]_emotestextsound.sql)
    [999] zepcraft-legacy ([BASE,F-044]_emotestextsound.sql)
  ID 880: (REDUNDANT)
    [ 20] worgoblin ([BASE,F-030]_emotestextsound.sql)
    [999] zepcraft-legacy ([BASE,F-044]_emotestextsound.sql)
  ID 881: (REDUNDANT)
    [ 20] worgoblin ([BASE,F-030]_emotestextsound.sql)
    [999] zepcraft-legacy ([BASE,F-044]_emotestextsound.sql)
  ID 882: (REDUNDANT)
    [ 20] worgoblin ([BASE,F-030]_emotestextsound.sql)
    [999] zepcraft-legacy ([BASE,F-044]_emotestextsound.sql)
  ID 883: (REDUNDANT)
    [ 20] worgoblin ([BASE,F-030]_emotestextsound.sql)
    [999] zepcraft-legacy ([BASE,F-044]_emotestextsound.sql)
  ID 884: (REDUNDANT)
    [ 20] worgoblin ([BASE,F-030]_emotestextsound.sql)
    [999] zepcraft-legacy ([BASE,F-044]_emotestextsound.sql)
  ID 885: (REDUNDANT)
    [ 20] worgoblin ([BASE,F-030]_emotestextsound.sql)
    [999] zepcraft-legacy ([BASE,F-044]_emotestextsound.sql)
  ID 886: (REDUNDANT)
    [ 20] worgoblin ([BASE,F-030]_emotestextsound.sql)
    [999] zepcraft-legacy ([BASE,F-044]_emotestextsound.sql)
  ID 887: (REDUNDANT)
    [ 20] worgoblin ([BASE,F-030]_emotestextsound.sql)
    [999] zepcraft-legacy ([BASE,F-044]_emotestextsound.sql)
  ID 888: (REDUNDANT)
    [ 20] worgoblin ([BASE,F-030]_emotestextsound.sql)
    [999] zepcraft-legacy ([BASE,F-044]_emotestextsound.sql)
  ID 889: (REDUNDANT)
    [ 20] worgoblin ([BASE,F-030]_emotestextsound.sql)
    [999] zepcraft-legacy ([BASE,F-044]_emotestextsound.sql)
  ID 890: (REDUNDANT)
    [ 20] worgoblin ([BASE,F-030]_emotestextsound.sql)
    [999] zepcraft-legacy ([BASE,F-044]_emotestextsound.sql)
  ID 891: (REDUNDANT)
    [ 20] worgoblin ([BASE,F-030]_emotestextsound.sql)
    [999] zepcraft-legacy ([BASE,F-044]_emotestextsound.sql)
  ID 892: (REDUNDANT)
    [ 20] worgoblin ([BASE,F-030]_emotestextsound.sql)
    [999] zepcraft-legacy ([BASE,F-044]_emotestextsound.sql)
  ID 893: (REDUNDANT)
    [ 20] worgoblin ([BASE,F-030]_emotestextsound.sql)
    [999] zepcraft-legacy ([BASE,F-044]_emotestextsound.sql)
  ID 894: (REDUNDANT)
    [ 20] worgoblin ([BASE,F-030]_emotestextsound.sql)
    [999] zepcraft-legacy ([BASE,F-044]_emotestextsound.sql)
  ID 895: (REDUNDANT)
    [ 20] worgoblin ([BASE,F-030]_emotestextsound.sql)
    [999] zepcraft-legacy ([BASE,F-044]_emotestextsound.sql)
  ID 896: (REDUNDANT)
    [ 20] worgoblin ([BASE,F-030]_emotestextsound.sql)
    [999] zepcraft-legacy ([BASE,F-044]_emotestextsound.sql)
  ID 897: (REDUNDANT)
    [ 20] worgoblin ([BASE,F-030]_emotestextsound.sql)
    [999] zepcraft-legacy ([BASE,F-044]_emotestextsound.sql)
  ID 898: (REDUNDANT)
    [ 20] worgoblin ([BASE,F-030]_emotestextsound.sql)
    [999] zepcraft-legacy ([BASE,F-044]_emotestextsound.sql)
  ID 899: (REDUNDANT)
    [ 20] worgoblin ([BASE,F-030]_emotestextsound.sql)
    [999] zepcraft-legacy ([BASE,F-044]_emotestextsound.sql)
  ID 900: (REDUNDANT)
    [ 20] worgoblin ([BASE,F-030]_emotestextsound.sql)
    [999] zepcraft-legacy ([BASE,F-044]_emotestextsound.sql)
  ID 901: (REDUNDANT)
    [ 20] worgoblin ([BASE,F-030]_emotestextsound.sql)
    [999] zepcraft-legacy ([BASE,F-044]_emotestextsound.sql)
  ID 902: (REDUNDANT)
    [ 20] worgoblin ([BASE,F-030]_emotestextsound.sql)
    [999] zepcraft-legacy ([BASE,F-044]_emotestextsound.sql)
  ID 903: (REDUNDANT)
    [ 20] worgoblin ([BASE,F-030]_emotestextsound.sql)
    [999] zepcraft-legacy ([BASE,F-044]_emotestextsound.sql)
  ID 904: (REDUNDANT)
    [ 20] worgoblin ([BASE,F-030]_emotestextsound.sql)
    [999] zepcraft-legacy ([BASE,F-044]_emotestextsound.sql)
  ID 905: (REDUNDANT)
    [ 20] worgoblin ([BASE,F-030]_emotestextsound.sql)
    [999] zepcraft-legacy ([BASE,F-044]_emotestextsound.sql)
  ID 906: (REDUNDANT)
    [ 20] worgoblin ([BASE,F-030]_emotestextsound.sql)
    [999] zepcraft-legacy ([BASE,F-044]_emotestextsound.sql)
  ID 907: (REDUNDANT)
    [ 20] worgoblin ([BASE,F-030]_emotestextsound.sql)
    [999] zepcraft-legacy ([BASE,F-044]_emotestextsound.sql)
  ID 908: (REDUNDANT)
    [ 20] worgoblin ([BASE,F-030]_emotestextsound.sql)
    [999] zepcraft-legacy ([BASE,F-044]_emotestextsound.sql)
  ID 909: (REDUNDANT)
    [ 20] worgoblin ([BASE,F-030]_emotestextsound.sql)
    [999] zepcraft-legacy ([BASE,F-044]_emotestextsound.sql)
  ID 910: (REDUNDANT)
    [ 20] worgoblin ([BASE,F-030]_emotestextsound.sql)
    [999] zepcraft-legacy ([BASE,F-044]_emotestextsound.sql)
  ID 911: (REDUNDANT)
    [ 20] worgoblin ([BASE,F-030]_emotestextsound.sql)
    [999] zepcraft-legacy ([BASE,F-044]_emotestextsound.sql)
  ID 912: (REDUNDANT)
    [ 20] worgoblin ([BASE,F-030]_emotestextsound.sql)
    [999] zepcraft-legacy ([BASE,F-044]_emotestextsound.sql)
  ID 913: (REDUNDANT)
    [ 20] worgoblin ([BASE,F-030]_emotestextsound.sql)
    [999] zepcraft-legacy ([BASE,F-044]_emotestextsound.sql)
  ID 914: (REDUNDANT)
    [ 20] worgoblin ([BASE,F-030]_emotestextsound.sql)
    [999] zepcraft-legacy ([BASE,F-044]_emotestextsound.sql)
  ID 915: (REDUNDANT)
    [ 20] worgoblin ([BASE,F-030]_emotestextsound.sql)
    [999] zepcraft-legacy ([BASE,F-044]_emotestextsound.sql)
  ID 916: (REDUNDANT)
    [ 20] worgoblin ([BASE,F-030]_emotestextsound.sql)
    [999] zepcraft-legacy ([BASE,F-044]_emotestextsound.sql)
  ID 917: (REDUNDANT)
    [ 20] worgoblin ([BASE,F-030]_emotestextsound.sql)
    [999] zepcraft-legacy ([BASE,F-044]_emotestextsound.sql)
  ID 918: (REDUNDANT)
    [ 20] worgoblin ([BASE,F-030]_emotestextsound.sql)
    [999] zepcraft-legacy ([BASE,F-044]_emotestextsound.sql)
  ID 919: (REDUNDANT)
    [ 20] worgoblin ([BASE,F-030]_emotestextsound.sql)
    [999] zepcraft-legacy ([BASE,F-044]_emotestextsound.sql)
  ID 920: (REDUNDANT)
    [ 20] worgoblin ([BASE,F-030]_emotestextsound.sql)
    [999] zepcraft-legacy ([BASE,F-044]_emotestextsound.sql)
  ID 921: (REDUNDANT)
    [ 20] worgoblin ([BASE,F-030]_emotestextsound.sql)
    [999] zepcraft-legacy ([BASE,F-044]_emotestextsound.sql)
  ID 922: (REDUNDANT)
    [ 20] worgoblin ([BASE,F-030]_emotestextsound.sql)
    [999] zepcraft-legacy ([BASE,F-044]_emotestextsound.sql)
  ID 923: (REDUNDANT)
    [ 20] worgoblin ([BASE,F-030]_emotestextsound.sql)
    [999] zepcraft-legacy ([BASE,F-044]_emotestextsound.sql)
  ID 924: (REDUNDANT)
    [ 20] worgoblin ([BASE,F-030]_emotestextsound.sql)
    [999] zepcraft-legacy ([BASE,F-044]_emotestextsound.sql)
  ID 925: (REDUNDANT)
    [ 20] worgoblin ([BASE,F-030]_emotestextsound.sql)
    [999] zepcraft-legacy ([BASE,F-044]_emotestextsound.sql)
  ID 926: (REDUNDANT)
    [ 20] worgoblin ([BASE,F-030]_emotestextsound.sql)
    [999] zepcraft-legacy ([BASE,F-044]_emotestextsound.sql)
  ID 927: (REDUNDANT)
    [ 20] worgoblin ([BASE,F-030]_emotestextsound.sql)
    [999] zepcraft-legacy ([BASE,F-044]_emotestextsound.sql)
  ID 928: (REDUNDANT)
    [ 20] worgoblin ([BASE,F-030]_emotestextsound.sql)
    [999] zepcraft-legacy ([BASE,F-044]_emotestextsound.sql)
  ID 929: (REDUNDANT)
    [ 20] worgoblin ([BASE,F-030]_emotestextsound.sql)
    [999] zepcraft-legacy ([BASE,F-044]_emotestextsound.sql)
  ID 930: (REDUNDANT)
    [ 20] worgoblin ([BASE,F-030]_emotestextsound.sql)
    [999] zepcraft-legacy ([BASE,F-044]_emotestextsound.sql)
  ID 931: (REDUNDANT)
    [ 20] worgoblin ([BASE,F-030]_emotestextsound.sql)
    [999] zepcraft-legacy ([BASE,F-044]_emotestextsound.sql)
  ID 932: (REDUNDANT)
    [ 20] worgoblin ([BASE,F-030]_emotestextsound.sql)
    [999] zepcraft-legacy ([BASE,F-044]_emotestextsound.sql)
  ID 933: (REDUNDANT)
    [ 20] worgoblin ([BASE,F-030]_emotestextsound.sql)
    [999] zepcraft-legacy ([BASE,F-044]_emotestextsound.sql)
  ID 934: (REDUNDANT)
    [ 20] worgoblin ([BASE,F-030]_emotestextsound.sql)
    [999] zepcraft-legacy ([BASE,F-044]_emotestextsound.sql)
  ID 935: (REDUNDANT)
    [ 20] worgoblin ([BASE,F-030]_emotestextsound.sql)
    [999] zepcraft-legacy ([BASE,F-044]_emotestextsound.sql)
  ID 936: (REDUNDANT)
    [ 20] worgoblin ([BASE,F-030]_emotestextsound.sql)
    [999] zepcraft-legacy ([BASE,F-044]_emotestextsound.sql)
  ID 937: (REDUNDANT)
    [ 20] worgoblin ([BASE,F-030]_emotestextsound.sql)
    [999] zepcraft-legacy ([BASE,F-044]_emotestextsound.sql)
  ID 938: (REDUNDANT)
    [ 20] worgoblin ([BASE,F-030]_emotestextsound.sql)
    [999] zepcraft-legacy ([BASE,F-044]_emotestextsound.sql)
  ID 939: (REDUNDANT)
    [ 20] worgoblin ([BASE,F-030]_emotestextsound.sql)
    [999] zepcraft-legacy ([BASE,F-044]_emotestextsound.sql)
  ID 940: (REDUNDANT)
    [ 20] worgoblin ([BASE,F-030]_emotestextsound.sql)
    [999] zepcraft-legacy ([BASE,F-044]_emotestextsound.sql)
  ID 941: (REDUNDANT)
    [ 20] worgoblin ([BASE,F-030]_emotestextsound.sql)
    [999] zepcraft-legacy ([BASE,F-044]_emotestextsound.sql)
  ID 942: (REDUNDANT)
    [ 20] worgoblin ([BASE,F-030]_emotestextsound.sql)
    [999] zepcraft-legacy ([BASE,F-044]_emotestextsound.sql)
  ID 943: (REDUNDANT)
    [ 20] worgoblin ([BASE,F-030]_emotestextsound.sql)
    [999] zepcraft-legacy ([BASE,F-044]_emotestextsound.sql)
  ID 944: (REDUNDANT)
    [ 20] worgoblin ([BASE,F-030]_emotestextsound.sql)
    [999] zepcraft-legacy ([BASE,F-044]_emotestextsound.sql)
  ID 945: (REDUNDANT)
    [ 20] worgoblin ([BASE,F-030]_emotestextsound.sql)
    [999] zepcraft-legacy ([BASE,F-044]_emotestextsound.sql)
  ID 946: (REDUNDANT)
    [ 20] worgoblin ([BASE,F-030]_emotestextsound.sql)
    [999] zepcraft-legacy ([BASE,F-044]_emotestextsound.sql)
  ID 947: (REDUNDANT)
    [ 20] worgoblin ([BASE,F-030]_emotestextsound.sql)
    [999] zepcraft-legacy ([BASE,F-044]_emotestextsound.sql)
  ID 948: (REDUNDANT)
    [ 20] worgoblin ([BASE,F-030]_emotestextsound.sql)
    [999] zepcraft-legacy ([BASE,F-044]_emotestextsound.sql)
  ID 949: (REDUNDANT)
    [ 20] worgoblin ([BASE,F-030]_emotestextsound.sql)
    [999] zepcraft-legacy ([BASE,F-044]_emotestextsound.sql)
  ID 950: (REDUNDANT)
    [ 20] worgoblin ([BASE,F-030]_emotestextsound.sql)
    [999] zepcraft-legacy ([BASE,F-044]_emotestextsound.sql)
  ID 951: (REDUNDANT)
    [ 20] worgoblin ([BASE,F-030]_emotestextsound.sql)
    [999] zepcraft-legacy ([BASE,F-044]_emotestextsound.sql)
  ID 952: (REDUNDANT)
    [ 20] worgoblin ([BASE,F-030]_emotestextsound.sql)
    [999] zepcraft-legacy ([BASE,F-044]_emotestextsound.sql)
  ID 953: (REDUNDANT)
    [ 20] worgoblin ([BASE,F-030]_emotestextsound.sql)
    [999] zepcraft-legacy ([BASE,F-044]_emotestextsound.sql)
  ID 954: (REDUNDANT)
    [ 20] worgoblin ([BASE,F-030]_emotestextsound.sql)
    [999] zepcraft-legacy ([BASE,F-044]_emotestextsound.sql)
  ID 955: (REDUNDANT)
    [ 20] worgoblin ([BASE,F-030]_emotestextsound.sql)
    [999] zepcraft-legacy ([BASE,F-044]_emotestextsound.sql)
  ID 956: (REDUNDANT)
    [ 20] worgoblin ([BASE,F-030]_emotestextsound.sql)
    [999] zepcraft-legacy ([BASE,F-044]_emotestextsound.sql)
  ID 957: (REDUNDANT)
    [ 20] worgoblin ([BASE,F-030]_emotestextsound.sql)
    [999] zepcraft-legacy ([BASE,F-044]_emotestextsound.sql)
  ID 958: (REDUNDANT)
    [ 20] worgoblin ([BASE,F-030]_emotestextsound.sql)
    [999] zepcraft-legacy ([BASE,F-044]_emotestextsound.sql)
  ID 959: (REDUNDANT)
    [ 20] worgoblin ([BASE,F-030]_emotestextsound.sql)
    [999] zepcraft-legacy ([BASE,F-044]_emotestextsound.sql)
  ID 960: (REDUNDANT)
    [ 20] worgoblin ([BASE,F-030]_emotestextsound.sql)
    [999] zepcraft-legacy ([BASE,F-044]_emotestextsound.sql)
  ID 961: (REDUNDANT)
    [ 20] worgoblin ([BASE,F-030]_emotestextsound.sql)
    [999] zepcraft-legacy ([BASE,F-044]_emotestextsound.sql)
  ID 962: (REDUNDANT)
    [ 20] worgoblin ([BASE,F-030]_emotestextsound.sql)
    [999] zepcraft-legacy ([BASE,F-044]_emotestextsound.sql)
  ID 963: (REDUNDANT)
    [ 20] worgoblin ([BASE,F-030]_emotestextsound.sql)
    [999] zepcraft-legacy ([BASE,F-044]_emotestextsound.sql)
  ID 964: (REDUNDANT)
    [ 20] worgoblin ([BASE,F-030]_emotestextsound.sql)
    [999] zepcraft-legacy ([BASE,F-044]_emotestextsound.sql)
  ID 965: (REDUNDANT)
    [ 20] worgoblin ([BASE,F-030]_emotestextsound.sql)
    [999] zepcraft-legacy ([BASE,F-044]_emotestextsound.sql)
  ID 966: (REDUNDANT)
    [ 20] worgoblin ([BASE,F-030]_emotestextsound.sql)
    [999] zepcraft-legacy ([BASE,F-044]_emotestextsound.sql)
  ID 979: (REDUNDANT)
    [ 20] worgoblin ([BASE,F-030]_emotestextsound.sql)
    [999] zepcraft-legacy ([BASE,F-044]_emotestextsound.sql)
  ID 981: (REDUNDANT)
    [ 20] worgoblin ([BASE,F-030]_emotestextsound.sql)
    [999] zepcraft-legacy ([BASE,F-044]_emotestextsound.sql)
  ID 982: (REDUNDANT)
    [ 20] worgoblin ([BASE,F-030]_emotestextsound.sql)
    [999] zepcraft-legacy ([BASE,F-044]_emotestextsound.sql)
  ID 983: (REDUNDANT)
    [ 20] worgoblin ([BASE,F-030]_emotestextsound.sql)
    [999] zepcraft-legacy ([BASE,F-044]_emotestextsound.sql)
  ID 984: (REDUNDANT)
    [ 20] worgoblin ([BASE,F-030]_emotestextsound.sql)
    [999] zepcraft-legacy ([BASE,F-044]_emotestextsound.sql)
  ID 985: (REDUNDANT)
    [ 20] worgoblin ([BASE,F-030]_emotestextsound.sql)
    [999] zepcraft-legacy ([BASE,F-044]_emotestextsound.sql)
  ID 986: (REDUNDANT)
    [ 20] worgoblin ([BASE,F-030]_emotestextsound.sql)
    [999] zepcraft-legacy ([BASE,F-044]_emotestextsound.sql)
  ID 987: (REDUNDANT)
    [ 20] worgoblin ([BASE,F-030]_emotestextsound.sql)
    [999] zepcraft-legacy ([BASE,F-044]_emotestextsound.sql)
  ID 988: (REDUNDANT)
    [ 20] worgoblin ([BASE,F-030]_emotestextsound.sql)
    [999] zepcraft-legacy ([BASE,F-044]_emotestextsound.sql)
  ID 989: (REDUNDANT)
    [ 20] worgoblin ([BASE,F-030]_emotestextsound.sql)
    [999] zepcraft-legacy ([BASE,F-044]_emotestextsound.sql)
  ID 990: (REDUNDANT)
    [ 20] worgoblin ([BASE,F-030]_emotestextsound.sql)
    [999] zepcraft-legacy ([BASE,F-044]_emotestextsound.sql)
  ID 991: (REDUNDANT)
    [ 20] worgoblin ([BASE,F-030]_emotestextsound.sql)
    [999] zepcraft-legacy ([BASE,F-044]_emotestextsound.sql)
  ID 992: (REDUNDANT)
    [ 20] worgoblin ([BASE,F-030]_emotestextsound.sql)
    [999] zepcraft-legacy ([BASE,F-044]_emotestextsound.sql)
  ID 993: (REDUNDANT)
    [ 20] worgoblin ([BASE,F-030]_emotestextsound.sql)
    [999] zepcraft-legacy ([BASE,F-044]_emotestextsound.sql)
  ID 994: (REDUNDANT)
    [ 20] worgoblin ([BASE,F-030]_emotestextsound.sql)
    [999] zepcraft-legacy ([BASE,F-044]_emotestextsound.sql)
  ID 995: (REDUNDANT)
    [ 20] worgoblin ([BASE,F-030]_emotestextsound.sql)
    [999] zepcraft-legacy ([BASE,F-044]_emotestextsound.sql)
  ID 996: (REDUNDANT)
    [ 20] worgoblin ([BASE,F-030]_emotestextsound.sql)
    [999] zepcraft-legacy ([BASE,F-044]_emotestextsound.sql)
  ID 997: (REDUNDANT)
    [ 20] worgoblin ([BASE,F-030]_emotestextsound.sql)
    [999] zepcraft-legacy ([BASE,F-044]_emotestextsound.sql)
  ID 998: (REDUNDANT)
    [ 20] worgoblin ([BASE,F-030]_emotestextsound.sql)
    [999] zepcraft-legacy ([BASE,F-044]_emotestextsound.sql)
  ID 999: (REDUNDANT)
    [ 20] worgoblin ([BASE,F-030]_emotestextsound.sql)
    [999] zepcraft-legacy ([BASE,F-044]_emotestextsound.sql)
  ... and 291 more redundants (see log file)


faction (4 conflicts)

  ID 92: (CONFLICT)
    [ 20] worgoblin ([BASE,F-030]_faction.sql)
           UPDATE: update `faction` set `reputation_race_mask_1` = 4095 where `id` = 92;
    [ 25] clan-centaur ([BASE,F-042]_faction.sql)
           UPDATE: update faction set reputation_race_mask_1 = 32767, reputation_flags_1 = 16, parent_faction_cap_1 = 7...
  ID 93: (CONFLICT)
    [ 20] worgoblin ([BASE,F-030]_faction.sql)
           UPDATE: update `faction` set `reputation_race_mask_1` = 4095 where `id` = 93;
    [ 25] clan-centaur ([BASE,F-042]_faction.sql)
           UPDATE: update faction set reputation_race_mask_1 = 32767, reputation_flags_1 = 16, parent_faction_cap_1 = 7...
  ID 932: (CONFLICT)
    [ 20] worgoblin ([BASE,F-030]_faction.sql)
           UPDATE: update `faction` set `reputation_race_mask_1` = 2259 where `id` = 932;
    [999] zepcraft-legacy ([BASE,F-044]_faction.sql)
           UPDATE: update `faction` set `reputation_base_2` = 0, `reputation_base_3` = 0, `parent_faction_mod_1` = '1.0...
  ID 934: (CONFLICT)
    [ 20] worgoblin ([BASE,F-030]_faction.sql)
           UPDATE: update `faction` set `reputation_race_mask_1` = 2259 where `id` = 934;
    [999] zepcraft-legacy ([BASE,F-044]_faction.sql)
           UPDATE: update `faction` set `reputation_base_2` = 0, `reputation_base_3` = 0, `parent_faction_mod_1` = '1.0...


item (4 conflicts, 49 redundant)

  ID 62461: (CONFLICT)
    [ 20] worgoblin ([BASE,F-030]_item.sql)
           DELETE: delete from `item` where `id` = 62461;
           INSERT: insert into `item` (`id`, `class`, `subclass`, `sound_override_subclass`, `material`, `display_id`, ...
    [999] zepcraft-legacy ([BASE,F-044]_item.sql)
           DELETE: delete from `item` where `id` = 62461;
           INSERT: insert into `item` (`id`, `class`, `subclass`, `sound_override_subclass`, `material`, `display_id`, ...
  ID 62462: (CONFLICT)
    [ 20] worgoblin ([BASE,F-030]_item.sql)
           DELETE: delete from `item` where `id` = 62462;
           INSERT: insert into `item` (`id`, `class`, `subclass`, `sound_override_subclass`, `material`, `display_id`, ...
    [999] zepcraft-legacy ([BASE,F-044]_item.sql)
           DELETE: delete from `item` where `id` = 62462;
           INSERT: insert into `item` (`id`, `class`, `subclass`, `sound_override_subclass`, `material`, `display_id`, ...
  ID 73838: (CONFLICT)
    [ 20] worgoblin ([BASE,F-030]_item.sql)
           DELETE: delete from `item` where `id` = 73838;
           INSERT: insert into `item` (`id`, `class`, `subclass`, `sound_override_subclass`, `material`, `display_id`, ...
    [999] zepcraft-legacy ([BASE,F-044]_item.sql)
           DELETE: delete from `item` where `id` = 73838;
           INSERT: insert into `item` (`id`, `class`, `subclass`, `sound_override_subclass`, `material`, `display_id`, ...
  ID 73839: (CONFLICT)
    [ 20] worgoblin ([BASE,F-030]_item.sql)
           DELETE: delete from `item` where `id` = 73839;
           INSERT: insert into `item` (`id`, `class`, `subclass`, `sound_override_subclass`, `material`, `display_id`, ...
    [999] zepcraft-legacy ([BASE,F-044]_item.sql)
           DELETE: delete from `item` where `id` = 73839;
           INSERT: insert into `item` (`id`, `class`, `subclass`, `sound_override_subclass`, `material`, `display_id`, ...
  ID 49399: (REDUNDANT)
    [ 20] worgoblin ([BASE,F-030]_item.sql)
    [999] zepcraft-legacy ([BASE,F-044]_item.sql)
  ID 49400: (REDUNDANT)
    [ 20] worgoblin ([BASE,F-030]_item.sql)
    [999] zepcraft-legacy ([BASE,F-044]_item.sql)
  ID 49401: (REDUNDANT)
    [ 20] worgoblin ([BASE,F-030]_item.sql)
    [999] zepcraft-legacy ([BASE,F-044]_item.sql)
  ID 49403: (REDUNDANT)
    [ 20] worgoblin ([BASE,F-030]_item.sql)
    [999] zepcraft-legacy ([BASE,F-044]_item.sql)
  ID 49404: (REDUNDANT)
    [ 20] worgoblin ([BASE,F-030]_item.sql)
    [999] zepcraft-legacy ([BASE,F-044]_item.sql)
  ID 49406: (REDUNDANT)
    [ 20] worgoblin ([BASE,F-030]_item.sql)
    [999] zepcraft-legacy ([BASE,F-044]_item.sql)
  ID 49407: (REDUNDANT)
    [ 20] worgoblin ([BASE,F-030]_item.sql)
    [999] zepcraft-legacy ([BASE,F-044]_item.sql)
  ID 49408: (REDUNDANT)
    [ 20] worgoblin ([BASE,F-030]_item.sql)
    [999] zepcraft-legacy ([BASE,F-044]_item.sql)
  ID 49409: (REDUNDANT)
    [ 20] worgoblin ([BASE,F-030]_item.sql)
    [999] zepcraft-legacy ([BASE,F-044]_item.sql)
  ID 49502: (REDUNDANT)
    [ 20] worgoblin ([BASE,F-030]_item.sql)
    [999] zepcraft-legacy ([BASE,F-044]_item.sql)
  ID 49503: (REDUNDANT)
    [ 20] worgoblin ([BASE,F-030]_item.sql)
    [999] zepcraft-legacy ([BASE,F-044]_item.sql)
  ID 49504: (REDUNDANT)
    [ 20] worgoblin ([BASE,F-030]_item.sql)
    [999] zepcraft-legacy ([BASE,F-044]_item.sql)
  ID 49505: (REDUNDANT)
    [ 20] worgoblin ([BASE,F-030]_item.sql)
    [999] zepcraft-legacy ([BASE,F-044]_item.sql)
  ID 49506: (REDUNDANT)
    [ 20] worgoblin ([BASE,F-030]_item.sql)
    [999] zepcraft-legacy ([BASE,F-044]_item.sql)
  ID 49508: (REDUNDANT)
    [ 20] worgoblin ([BASE,F-030]_item.sql)
    [999] zepcraft-legacy ([BASE,F-044]_item.sql)
  ID 49510: (REDUNDANT)
    [ 20] worgoblin ([BASE,F-030]_item.sql)
    [999] zepcraft-legacy ([BASE,F-044]_item.sql)
  ID 49512: (REDUNDANT)
    [ 20] worgoblin ([BASE,F-030]_item.sql)
    [999] zepcraft-legacy ([BASE,F-044]_item.sql)
  ID 49514: (REDUNDANT)
    [ 20] worgoblin ([BASE,F-030]_item.sql)
    [999] zepcraft-legacy ([BASE,F-044]_item.sql)
  ID 49515: (REDUNDANT)
    [ 20] worgoblin ([BASE,F-030]_item.sql)
    [999] zepcraft-legacy ([BASE,F-044]_item.sql)
  ID 49516: (REDUNDANT)
    [ 20] worgoblin ([BASE,F-030]_item.sql)
    [999] zepcraft-legacy ([BASE,F-044]_item.sql)
  ID 49520: (REDUNDANT)
    [ 20] worgoblin ([BASE,F-030]_item.sql)
    [999] zepcraft-legacy ([BASE,F-044]_item.sql)
  ID 49521: (REDUNDANT)
    [ 20] worgoblin ([BASE,F-030]_item.sql)
    [999] zepcraft-legacy ([BASE,F-044]_item.sql)
  ID 49522: (REDUNDANT)
    [ 20] worgoblin ([BASE,F-030]_item.sql)
    [999] zepcraft-legacy ([BASE,F-044]_item.sql)
  ID 49524: (REDUNDANT)
    [ 20] worgoblin ([BASE,F-030]_item.sql)
    [999] zepcraft-legacy ([BASE,F-044]_item.sql)
  ID 49527: (REDUNDANT)
    [ 20] worgoblin ([BASE,F-030]_item.sql)
    [999] zepcraft-legacy ([BASE,F-044]_item.sql)
  ID 49528: (REDUNDANT)
    [ 20] worgoblin ([BASE,F-030]_item.sql)
    [999] zepcraft-legacy ([BASE,F-044]_item.sql)
  ID 49529: (REDUNDANT)
    [ 20] worgoblin ([BASE,F-030]_item.sql)
    [999] zepcraft-legacy ([BASE,F-044]_item.sql)
  ID 49531: (REDUNDANT)
    [ 20] worgoblin ([BASE,F-030]_item.sql)
    [999] zepcraft-legacy ([BASE,F-044]_item.sql)
  ID 49563: (REDUNDANT)
    [ 20] worgoblin ([BASE,F-030]_item.sql)
    [999] zepcraft-legacy ([BASE,F-044]_item.sql)
  ID 49564: (REDUNDANT)
    [ 20] worgoblin ([BASE,F-030]_item.sql)
    [999] zepcraft-legacy ([BASE,F-044]_item.sql)
  ID 49565: (REDUNDANT)
    [ 20] worgoblin ([BASE,F-030]_item.sql)
    [999] zepcraft-legacy ([BASE,F-044]_item.sql)
  ID 49566: (REDUNDANT)
    [ 20] worgoblin ([BASE,F-030]_item.sql)
    [999] zepcraft-legacy ([BASE,F-044]_item.sql)
  ID 49567: (REDUNDANT)
    [ 20] worgoblin ([BASE,F-030]_item.sql)
    [999] zepcraft-legacy ([BASE,F-044]_item.sql)
  ID 49568: (REDUNDANT)
    [ 20] worgoblin ([BASE,F-030]_item.sql)
    [999] zepcraft-legacy ([BASE,F-044]_item.sql)
  ID 49569: (REDUNDANT)
    [ 20] worgoblin ([BASE,F-030]_item.sql)
    [999] zepcraft-legacy ([BASE,F-044]_item.sql)
  ID 49570: (REDUNDANT)
    [ 20] worgoblin ([BASE,F-030]_item.sql)
    [999] zepcraft-legacy ([BASE,F-044]_item.sql)
  ID 49571: (REDUNDANT)
    [ 20] worgoblin ([BASE,F-030]_item.sql)
    [999] zepcraft-legacy ([BASE,F-044]_item.sql)
  ID 49572: (REDUNDANT)
    [ 20] worgoblin ([BASE,F-030]_item.sql)
    [999] zepcraft-legacy ([BASE,F-044]_item.sql)
  ID 49573: (REDUNDANT)
    [ 20] worgoblin ([BASE,F-030]_item.sql)
    [999] zepcraft-legacy ([BASE,F-044]_item.sql)
  ID 49574: (REDUNDANT)
    [ 20] worgoblin ([BASE,F-030]_item.sql)
    [999] zepcraft-legacy ([BASE,F-044]_item.sql)
  ID 49575: (REDUNDANT)
    [ 20] worgoblin ([BASE,F-030]_item.sql)
    [999] zepcraft-legacy ([BASE,F-044]_item.sql)
  ID 49576: (REDUNDANT)
    [ 20] worgoblin ([BASE,F-030]_item.sql)
    [999] zepcraft-legacy ([BASE,F-044]_item.sql)
  ID 49577: (REDUNDANT)
    [ 20] worgoblin ([BASE,F-030]_item.sql)
    [999] zepcraft-legacy ([BASE,F-044]_item.sql)
  ID 49578: (REDUNDANT)
    [ 20] worgoblin ([BASE,F-030]_item.sql)
    [999] zepcraft-legacy ([BASE,F-044]_item.sql)
  ID 49579: (REDUNDANT)
    [ 20] worgoblin ([BASE,F-030]_item.sql)
    [999] zepcraft-legacy ([BASE,F-044]_item.sql)
  ID 52532: (REDUNDANT)
    [ 20] worgoblin ([BASE,F-030]_item.sql)
    [999] zepcraft-legacy ([BASE,F-044]_item.sql)
  ID 52550: (REDUNDANT)
    [ 20] worgoblin ([BASE,F-030]_item.sql)
    [999] zepcraft-legacy ([BASE,F-044]_item.sql)
  ID 52551: (REDUNDANT)
    [ 20] worgoblin ([BASE,F-030]_item.sql)
    [999] zepcraft-legacy ([BASE,F-044]_item.sql)
  ID 52552: (REDUNDANT)
    [ 20] worgoblin ([BASE,F-030]_item.sql)
    [999] zepcraft-legacy ([BASE,F-044]_item.sql)
  ... and 46 more redundants (see log file)


itemdisplayinfo (48 redundant)

  ID 132261: (REDUNDANT)
    [ 20] worgoblin ([BASE,F-030]_itemdisplayinfo.sql)
    [999] zepcraft-legacy ([BASE,F-044]_itemdisplayinfo.sql)
  ID 134237: (REDUNDANT)
    [ 20] worgoblin ([BASE,F-030]_itemdisplayinfo.sql)
    [999] zepcraft-legacy ([BASE,F-044]_itemdisplayinfo.sql)
  ID 134238: (REDUNDANT)
    [ 20] worgoblin ([BASE,F-030]_itemdisplayinfo.sql)
    [999] zepcraft-legacy ([BASE,F-044]_itemdisplayinfo.sql)
  ID 62448: (REDUNDANT)
    [ 20] worgoblin ([BASE,F-030]_itemdisplayinfo.sql)
    [999] zepcraft-legacy ([BASE,F-044]_itemdisplayinfo.sql)
  ID 62549: (REDUNDANT)
    [ 20] worgoblin ([BASE,F-030]_itemdisplayinfo.sql)
    [999] zepcraft-legacy ([BASE,F-044]_itemdisplayinfo.sql)
  ID 62557: (REDUNDANT)
    [ 20] worgoblin ([BASE,F-030]_itemdisplayinfo.sql)
    [999] zepcraft-legacy ([BASE,F-044]_itemdisplayinfo.sql)
  ID 62558: (REDUNDANT)
    [ 20] worgoblin ([BASE,F-030]_itemdisplayinfo.sql)
    [999] zepcraft-legacy ([BASE,F-044]_itemdisplayinfo.sql)
  ID 62559: (REDUNDANT)
    [ 20] worgoblin ([BASE,F-030]_itemdisplayinfo.sql)
    [999] zepcraft-legacy ([BASE,F-044]_itemdisplayinfo.sql)
  ID 62561: (REDUNDANT)
    [ 20] worgoblin ([BASE,F-030]_itemdisplayinfo.sql)
    [999] zepcraft-legacy ([BASE,F-044]_itemdisplayinfo.sql)
  ID 62565: (REDUNDANT)
    [ 20] worgoblin ([BASE,F-030]_itemdisplayinfo.sql)
    [999] zepcraft-legacy ([BASE,F-044]_itemdisplayinfo.sql)
  ID 62566: (REDUNDANT)
    [ 20] worgoblin ([BASE,F-030]_itemdisplayinfo.sql)
    [999] zepcraft-legacy ([BASE,F-044]_itemdisplayinfo.sql)
  ID 62568: (REDUNDANT)
    [ 20] worgoblin ([BASE,F-030]_itemdisplayinfo.sql)
    [999] zepcraft-legacy ([BASE,F-044]_itemdisplayinfo.sql)
  ID 62573: (REDUNDANT)
    [ 20] worgoblin ([BASE,F-030]_itemdisplayinfo.sql)
    [999] zepcraft-legacy ([BASE,F-044]_itemdisplayinfo.sql)
  ID 62598: (REDUNDANT)
    [ 20] worgoblin ([BASE,F-030]_itemdisplayinfo.sql)
    [999] zepcraft-legacy ([BASE,F-044]_itemdisplayinfo.sql)
  ID 62614: (REDUNDANT)
    [ 20] worgoblin ([BASE,F-030]_itemdisplayinfo.sql)
    [999] zepcraft-legacy ([BASE,F-044]_itemdisplayinfo.sql)
  ID 62617: (REDUNDANT)
    [ 20] worgoblin ([BASE,F-030]_itemdisplayinfo.sql)
    [999] zepcraft-legacy ([BASE,F-044]_itemdisplayinfo.sql)
  ID 62618: (REDUNDANT)
    [ 20] worgoblin ([BASE,F-030]_itemdisplayinfo.sql)
    [999] zepcraft-legacy ([BASE,F-044]_itemdisplayinfo.sql)
  ID 62621: (REDUNDANT)
    [ 20] worgoblin ([BASE,F-030]_itemdisplayinfo.sql)
    [999] zepcraft-legacy ([BASE,F-044]_itemdisplayinfo.sql)
  ID 62706: (REDUNDANT)
    [ 20] worgoblin ([BASE,F-030]_itemdisplayinfo.sql)
    [999] zepcraft-legacy ([BASE,F-044]_itemdisplayinfo.sql)
  ID 62707: (REDUNDANT)
    [ 20] worgoblin ([BASE,F-030]_itemdisplayinfo.sql)
    [999] zepcraft-legacy ([BASE,F-044]_itemdisplayinfo.sql)
  ID 65743: (REDUNDANT)
    [ 20] worgoblin ([BASE,F-030]_itemdisplayinfo.sql)
    [999] zepcraft-legacy ([BASE,F-044]_itemdisplayinfo.sql)
  ID 65787: (REDUNDANT)
    [ 20] worgoblin ([BASE,F-030]_itemdisplayinfo.sql)
    [999] zepcraft-legacy ([BASE,F-044]_itemdisplayinfo.sql)
  ID 65789: (REDUNDANT)
    [ 20] worgoblin ([BASE,F-030]_itemdisplayinfo.sql)
    [999] zepcraft-legacy ([BASE,F-044]_itemdisplayinfo.sql)
  ID 65798: (REDUNDANT)
    [ 20] worgoblin ([BASE,F-030]_itemdisplayinfo.sql)
    [999] zepcraft-legacy ([BASE,F-044]_itemdisplayinfo.sql)
  ID 65799: (REDUNDANT)
    [ 20] worgoblin ([BASE,F-030]_itemdisplayinfo.sql)
    [999] zepcraft-legacy ([BASE,F-044]_itemdisplayinfo.sql)
  ID 65800: (REDUNDANT)
    [ 20] worgoblin ([BASE,F-030]_itemdisplayinfo.sql)
    [999] zepcraft-legacy ([BASE,F-044]_itemdisplayinfo.sql)
  ID 65801: (REDUNDANT)
    [ 20] worgoblin ([BASE,F-030]_itemdisplayinfo.sql)
    [999] zepcraft-legacy ([BASE,F-044]_itemdisplayinfo.sql)
  ID 65847: (REDUNDANT)
    [ 20] worgoblin ([BASE,F-030]_itemdisplayinfo.sql)
    [999] zepcraft-legacy ([BASE,F-044]_itemdisplayinfo.sql)
  ID 65849: (REDUNDANT)
    [ 20] worgoblin ([BASE,F-030]_itemdisplayinfo.sql)
    [999] zepcraft-legacy ([BASE,F-044]_itemdisplayinfo.sql)
  ID 65850: (REDUNDANT)
    [ 20] worgoblin ([BASE,F-030]_itemdisplayinfo.sql)
    [999] zepcraft-legacy ([BASE,F-044]_itemdisplayinfo.sql)
  ID 65851: (REDUNDANT)
    [ 20] worgoblin ([BASE,F-030]_itemdisplayinfo.sql)
    [999] zepcraft-legacy ([BASE,F-044]_itemdisplayinfo.sql)
  ID 65852: (REDUNDANT)
    [ 20] worgoblin ([BASE,F-030]_itemdisplayinfo.sql)
    [999] zepcraft-legacy ([BASE,F-044]_itemdisplayinfo.sql)
  ID 65853: (REDUNDANT)
    [ 20] worgoblin ([BASE,F-030]_itemdisplayinfo.sql)
    [999] zepcraft-legacy ([BASE,F-044]_itemdisplayinfo.sql)
  ID 65854: (REDUNDANT)
    [ 20] worgoblin ([BASE,F-030]_itemdisplayinfo.sql)
    [999] zepcraft-legacy ([BASE,F-044]_itemdisplayinfo.sql)
  ID 68128: (REDUNDANT)
    [ 20] worgoblin ([BASE,F-030]_itemdisplayinfo.sql)
    [999] zepcraft-legacy ([BASE,F-044]_itemdisplayinfo.sql)
  ID 68129: (REDUNDANT)
    [ 20] worgoblin ([BASE,F-030]_itemdisplayinfo.sql)
    [999] zepcraft-legacy ([BASE,F-044]_itemdisplayinfo.sql)
  ID 68130: (REDUNDANT)
    [ 20] worgoblin ([BASE,F-030]_itemdisplayinfo.sql)
    [999] zepcraft-legacy ([BASE,F-044]_itemdisplayinfo.sql)
  ID 68131: (REDUNDANT)
    [ 20] worgoblin ([BASE,F-030]_itemdisplayinfo.sql)
    [999] zepcraft-legacy ([BASE,F-044]_itemdisplayinfo.sql)
  ID 68132: (REDUNDANT)
    [ 20] worgoblin ([BASE,F-030]_itemdisplayinfo.sql)
    [999] zepcraft-legacy ([BASE,F-044]_itemdisplayinfo.sql)
  ID 69175: (REDUNDANT)
    [ 20] worgoblin ([BASE,F-030]_itemdisplayinfo.sql)
    [999] zepcraft-legacy ([BASE,F-044]_itemdisplayinfo.sql)
  ID 69176: (REDUNDANT)
    [ 20] worgoblin ([BASE,F-030]_itemdisplayinfo.sql)
    [999] zepcraft-legacy ([BASE,F-044]_itemdisplayinfo.sql)
  ID 69181: (REDUNDANT)
    [ 20] worgoblin ([BASE,F-030]_itemdisplayinfo.sql)
    [999] zepcraft-legacy ([BASE,F-044]_itemdisplayinfo.sql)
  ID 69182: (REDUNDANT)
    [ 20] worgoblin ([BASE,F-030]_itemdisplayinfo.sql)
    [999] zepcraft-legacy ([BASE,F-044]_itemdisplayinfo.sql)
  ID 69183: (REDUNDANT)
    [ 20] worgoblin ([BASE,F-030]_itemdisplayinfo.sql)
    [999] zepcraft-legacy ([BASE,F-044]_itemdisplayinfo.sql)
  ID 69185: (REDUNDANT)
    [ 20] worgoblin ([BASE,F-030]_itemdisplayinfo.sql)
    [999] zepcraft-legacy ([BASE,F-044]_itemdisplayinfo.sql)
  ID 69187: (REDUNDANT)
    [ 20] worgoblin ([BASE,F-030]_itemdisplayinfo.sql)
    [999] zepcraft-legacy ([BASE,F-044]_itemdisplayinfo.sql)
  ID 69188: (REDUNDANT)
    [ 20] worgoblin ([BASE,F-030]_itemdisplayinfo.sql)
    [999] zepcraft-legacy ([BASE,F-044]_itemdisplayinfo.sql)
  ID 98023: (REDUNDANT)
    [ 20] worgoblin ([BASE,F-030]_itemdisplayinfo.sql)
    [999] zepcraft-legacy ([BASE,F-044]_itemdisplayinfo.sql)
  ... and 45 more redundants (see log file)


skillline (1 conflict, 1 redundant)

  ID 789: (CONFLICT)
    [ 20] worgoblin ([BASE,F-030]_skillline.sql)
           DELETE: delete from `skillline` where `id` = 789;
           INSERT: insert into `skillline` (`id`, `category`, `cost`, `name_enus`, `name_flags`, `desc_enus`, `desc_fla...
    [999] zepcraft-legacy ([BASE,F-044]_skillline.sql)
           DELETE: delete from `skillline` where `id` = 789;
           INSERT: insert into `skillline` (`id`, `category`, `cost`, `name_enus`, `name_flags`, `desc_enus`, `desc_fla...
  ID 790: (REDUNDANT)
    [ 20] worgoblin ([BASE,F-030]_skillline.sql)
    [999] zepcraft-legacy ([BASE,F-044]_skillline.sql)


skilllineability (1 conflict, 11 redundant)

  ID 31448: (CONFLICT)
    [ 20] worgoblin ([BASE,F-030]_skilllineability.sql)
           DELETE: delete from `skilllineability` where `id` = 31448;
           INSERT: insert into `skilllineability` (`id`, `skill_line`, `spell_id`, `required_races`, `required_classes`...
    [999] zepcraft-legacy ([BASE,F-044]_skilllineability.sql)
           DELETE: delete from `skilllineability` where `id` = 31448;
           INSERT: insert into `skilllineability` (`id`, `skill_line`, `spell_id`, `required_races`, `required_classes`...
  ID 21981: (REDUNDANT)
    [ 20] worgoblin ([BASE,F-030]_skilllineability.sql)
    [999] zepcraft-legacy ([BASE,F-044]_skilllineability.sql)
  ID 21982: (REDUNDANT)
    [ 20] worgoblin ([BASE,F-030]_skilllineability.sql)
    [999] zepcraft-legacy ([BASE,F-044]_skilllineability.sql)
  ID 21983: (REDUNDANT)
    [ 20] worgoblin ([BASE,F-030]_skilllineability.sql)
    [999] zepcraft-legacy ([BASE,F-044]_skilllineability.sql)
  ID 21984: (REDUNDANT)
    [ 20] worgoblin ([BASE,F-030]_skilllineability.sql)
    [999] zepcraft-legacy ([BASE,F-044]_skilllineability.sql)
  ID 21985: (REDUNDANT)
    [ 20] worgoblin ([BASE,F-030]_skilllineability.sql)
    [999] zepcraft-legacy ([BASE,F-044]_skilllineability.sql)
  ID 21986: (REDUNDANT)
    [ 20] worgoblin ([BASE,F-030]_skilllineability.sql)
    [999] zepcraft-legacy ([BASE,F-044]_skilllineability.sql)
  ID 21987: (REDUNDANT)
    [ 20] worgoblin ([BASE,F-030]_skilllineability.sql)
    [999] zepcraft-legacy ([BASE,F-044]_skilllineability.sql)
  ID 21988: (REDUNDANT)
    [ 20] worgoblin ([BASE,F-030]_skilllineability.sql)
    [999] zepcraft-legacy ([BASE,F-044]_skilllineability.sql)
  ID 21989: (REDUNDANT)
    [ 20] worgoblin ([BASE,F-030]_skilllineability.sql)
    [999] zepcraft-legacy ([BASE,F-044]_skilllineability.sql)
  ID 590: (REDUNDANT)
    [ 20] worgoblin ([BASE,F-030]_skilllineability.sql)
    [999] zepcraft-legacy ([BASE,F-044]_skilllineability.sql)
  ID 592: (REDUNDANT)
    [ 20] worgoblin ([BASE,F-030]_skilllineability.sql)
    [999] zepcraft-legacy ([BASE,F-044]_skilllineability.sql)
  ... and 8 more redundants (see log file)


skillraceclassinfo (4 conflicts, 28 redundant)

  ID 133: (CONFLICT)
    [ 20] worgoblin ([BASE,F-030]_skillraceclassinfo.sql)
           UPDATE: update `skillraceclassinfo` set `race_mask` = 2340 where `id` = 133;
    [999] zepcraft-legacy ([BASE,F-044]_skillraceclassinfo.sql)
           DELETE: delete from `skillraceclassinfo` where `id` = 133;
  ID 246: (CONFLICT)
    [ 20] worgoblin ([BASE,F-030]_skillraceclassinfo.sql)
           UPDATE: update `skillraceclassinfo` set `race_mask` = 4095 where `id` = 246;
    [999] zepcraft-legacy ([BASE,F-044]_skillraceclassinfo.sql)
           DELETE: delete from `skillraceclassinfo` where `id` = 246;
  ID 624: (CONFLICT)
    [ 20] worgoblin ([BASE,F-030]_skillraceclassinfo.sql)
           UPDATE: update `skillraceclassinfo` set `race_mask` = 288 where `id` = 624;
    [999] zepcraft-legacy ([BASE,F-044]_skillraceclassinfo.sql)
           DELETE: delete from `skillraceclassinfo` where `id` = 624;
  ID 625: (CONFLICT)
    [ 20] worgoblin ([BASE,F-030]_skillraceclassinfo.sql)
           UPDATE: update `skillraceclassinfo` set `race_mask` = 261855 where `id` = 625;
    [999] zepcraft-legacy ([BASE,F-044]_skillraceclassinfo.sql)
           DELETE: delete from `skillraceclassinfo` where `id` = 625;
  ID 145: (REDUNDANT)
    [ 20] worgoblin ([BASE,F-030]_skillraceclassinfo.sql)
    [999] zepcraft-legacy ([BASE,F-044]_skillraceclassinfo.sql)
  ID 146: (REDUNDANT)
    [ 20] worgoblin ([BASE,F-030]_skillraceclassinfo.sql)
    [999] zepcraft-legacy ([BASE,F-044]_skillraceclassinfo.sql)
  ID 147: (REDUNDANT)
    [ 20] worgoblin ([BASE,F-030]_skillraceclassinfo.sql)
    [999] zepcraft-legacy ([BASE,F-044]_skillraceclassinfo.sql)
  ID 148: (REDUNDANT)
    [ 20] worgoblin ([BASE,F-030]_skillraceclassinfo.sql)
    [999] zepcraft-legacy ([BASE,F-044]_skillraceclassinfo.sql)
  ID 21: (REDUNDANT)
    [ 20] worgoblin ([BASE,F-030]_skillraceclassinfo.sql)
    [999] zepcraft-legacy ([BASE,F-044]_skillraceclassinfo.sql)
  ID 241: (REDUNDANT)
    [ 20] worgoblin ([BASE,F-030]_skillraceclassinfo.sql)
    [999] zepcraft-legacy ([BASE,F-044]_skillraceclassinfo.sql)
  ID 243: (REDUNDANT)
    [ 20] worgoblin ([BASE,F-030]_skillraceclassinfo.sql)
    [999] zepcraft-legacy ([BASE,F-044]_skillraceclassinfo.sql)
  ID 244: (REDUNDANT)
    [ 20] worgoblin ([BASE,F-030]_skillraceclassinfo.sql)
    [999] zepcraft-legacy ([BASE,F-044]_skillraceclassinfo.sql)
  ID 27: (REDUNDANT)
    [ 20] worgoblin ([BASE,F-030]_skillraceclassinfo.sql)
    [999] zepcraft-legacy ([BASE,F-044]_skillraceclassinfo.sql)
  ID 28: (REDUNDANT)
    [ 20] worgoblin ([BASE,F-030]_skillraceclassinfo.sql)
    [999] zepcraft-legacy ([BASE,F-044]_skillraceclassinfo.sql)
  ID 281: (REDUNDANT)
    [ 20] worgoblin ([BASE,F-030]_skillraceclassinfo.sql)
    [999] zepcraft-legacy ([BASE,F-044]_skillraceclassinfo.sql)
  ID 282: (REDUNDANT)
    [ 20] worgoblin ([BASE,F-030]_skillraceclassinfo.sql)
    [999] zepcraft-legacy ([BASE,F-044]_skillraceclassinfo.sql)
  ID 284: (REDUNDANT)
    [ 20] worgoblin ([BASE,F-030]_skillraceclassinfo.sql)
    [999] zepcraft-legacy ([BASE,F-044]_skillraceclassinfo.sql)
  ID 29: (REDUNDANT)
    [ 20] worgoblin ([BASE,F-030]_skillraceclassinfo.sql)
    [999] zepcraft-legacy ([BASE,F-044]_skillraceclassinfo.sql)
  ID 30: (REDUNDANT)
    [ 20] worgoblin ([BASE,F-030]_skillraceclassinfo.sql)
    [999] zepcraft-legacy ([BASE,F-044]_skillraceclassinfo.sql)
  ID 40: (REDUNDANT)
    [ 20] worgoblin ([BASE,F-030]_skillraceclassinfo.sql)
    [999] zepcraft-legacy ([BASE,F-044]_skillraceclassinfo.sql)
  ID 41: (REDUNDANT)
    [ 20] worgoblin ([BASE,F-030]_skillraceclassinfo.sql)
    [999] zepcraft-legacy ([BASE,F-044]_skillraceclassinfo.sql)
  ID 48: (REDUNDANT)
    [ 20] worgoblin ([BASE,F-030]_skillraceclassinfo.sql)
    [999] zepcraft-legacy ([BASE,F-044]_skillraceclassinfo.sql)
  ID 49: (REDUNDANT)
    [ 20] worgoblin ([BASE,F-030]_skillraceclassinfo.sql)
    [999] zepcraft-legacy ([BASE,F-044]_skillraceclassinfo.sql)
  ID 84: (REDUNDANT)
    [ 20] worgoblin ([BASE,F-030]_skillraceclassinfo.sql)
    [999] zepcraft-legacy ([BASE,F-044]_skillraceclassinfo.sql)
  ID 85: (REDUNDANT)
    [ 20] worgoblin ([BASE,F-030]_skillraceclassinfo.sql)
    [999] zepcraft-legacy ([BASE,F-044]_skillraceclassinfo.sql)
  ID 865: (REDUNDANT)
    [ 20] worgoblin ([BASE,F-030]_skillraceclassinfo.sql)
    [999] zepcraft-legacy ([BASE,F-044]_skillraceclassinfo.sql)
  ID 866: (REDUNDANT)
    [ 20] worgoblin ([BASE,F-030]_skillraceclassinfo.sql)
    [999] zepcraft-legacy ([BASE,F-044]_skillraceclassinfo.sql)
  ID 88: (REDUNDANT)
    [ 20] worgoblin ([BASE,F-030]_skillraceclassinfo.sql)
    [999] zepcraft-legacy ([BASE,F-044]_skillraceclassinfo.sql)
  ID 899: (REDUNDANT)
    [ 20] worgoblin ([BASE,F-030]_skillraceclassinfo.sql)
    [999] zepcraft-legacy ([BASE,F-044]_skillraceclassinfo.sql)
  ID 93: (REDUNDANT)
    [ 20] worgoblin ([BASE,F-030]_skillraceclassinfo.sql)
    [999] zepcraft-legacy ([BASE,F-044]_skillraceclassinfo.sql)
  ID 971: (REDUNDANT)
    [ 20] worgoblin ([BASE,F-030]_skillraceclassinfo.sql)
    [999] zepcraft-legacy ([BASE,F-044]_skillraceclassinfo.sql)
  ID 972: (REDUNDANT)
    [ 20] worgoblin ([BASE,F-030]_skillraceclassinfo.sql)
    [999] zepcraft-legacy ([BASE,F-044]_skillraceclassinfo.sql)
  ... and 25 more redundants (see log file)


spell (62 conflicts, 19 redundant)

  ID 103195: (CONFLICT)
    [ 20] worgoblin ([BASE,F-030]_spell.sql)
           DELETE: delete from `spell` where `id` = 103195;
           INSERT: insert into `spell` (`id`, `category`, `dispel`, `mechanic`, `attributes`, `attributes_ex_1`, `attri...
    [999] zepcraft-legacy ([BASE,F-044]_spell.sql)
           DELETE: delete from `spell` where `id` = 103195;
           INSERT: insert into `spell` (`id`, `category`, `dispel`, `mechanic`, `attributes`, `attributes_ex_1`, `attri...
  ID 103196: (CONFLICT)
    [ 20] worgoblin ([BASE,F-030]_spell.sql)
           DELETE: delete from `spell` where `id` = 103196;
           INSERT: insert into `spell` (`id`, `category`, `dispel`, `mechanic`, `attributes`, `attributes_ex_1`, `attri...
    [999] zepcraft-legacy ([BASE,F-044]_spell.sql)
           DELETE: delete from `spell` where `id` = 103196;
           INSERT: insert into `spell` (`id`, `category`, `dispel`, `mechanic`, `attributes`, `attributes_ex_1`, `attri...
  ID 1066: (CONFLICT)
    [ 20] worgoblin ([BASE,F-030]_spell.sql)
           UPDATE: update `spell` set `spell_desc_enus` = 'shapeshift into aquatic form, increasing swim speed by $5421...
    [999] zepcraft-legacy ([BASE,F-044]_spell.sql)
           UPDATE: update `spell` set `cast_time_index` = 6 where `id` = 1066;
  ID 10768: (CONFLICT)
    [ 20] worgoblin ([BASE,F-030]_spell.sql)
           UPDATE: update `spell` set `spell_class_set` = 3, `spell_class_mask_3` = 64 where `id` = 10768;
    [999] zepcraft-legacy ([BASE,F-044]_spell.sql)
           UPDATE: update `spell` set `cast_time_index` = 10, `spell_tooltip_flags` = 16712190 where `id` = 10768;
  ID 11020: (CONFLICT)
    [ 20] worgoblin ([BASE,F-030]_spell.sql)
           UPDATE: update `spell` set `spell_tooltip_enus` = 'stunned.armor increased by $s2%.' where `id` = 11020;
    [999] zepcraft-legacy ([BASE,F-044]_spell.sql)
           UPDATE: update `spell` set `duration_index` = 27, `spell_subtext_flags` = 16712190 where `id` = 11020;
  ID 13880: (CONFLICT)
    [ 20] worgoblin ([BASE,F-030]_spell.sql)
           UPDATE: update `spell` set `spell_tooltip_enus` = '$s2 fire damage inflicted every $t2 sec.armor reduced by $s3.' where `id` = 13880;
    [999] zepcraft-legacy ([BASE,F-044]_spell.sql)
           UPDATE: update `spell` set `stack_amount` = 20, `spell_subtext_flags` = 16712190 where `id` = 13880;
  ID 18173: (CONFLICT)
    [ 20] worgoblin ([BASE,F-030]_spell.sql)
           UPDATE: update `spell` set `spell_desc_enus` = 'damage done increased by $s1%.spells cast are all instant.reduces max health by $23619s1% every second.deals $*2;23478s1 damage to surrounding allies on death.', `spell_tooltip_enus` = 'damage done increased by $s1%.spells cast are all instant.reduces max health by $23619s1% every second.deals $*2;23478s1 damage to surrounding allies on death.' where `id` = 18173;
    [999] zepcraft-legacy ([BASE,F-044]_spell.sql)
           UPDATE: update `spell` set `spell_subtext_flags` = 16712190, `spell_desc_enus` = 'damage done increased by $s1%. spells cast are all instant. reduces max health by $23619s1% every second. ', `spell_tooltip_enus` = 'damage done increased by $s1%. spells cast are all instant. reduces max health by $23619s1% every second. ' where `id` = 18173;
  ID 22247: (CONFLICT)
    [ 20] worgoblin ([BASE,F-030]_spell.sql)
           UPDATE: update `spell` set `spell_desc_enus` = 'movement speed reduced by $s1%.time between attacks increased by $s2%.casting speed reduced by $s3%.', `spell_tooltip_enus` = 'movement speed reduced by $s1%.time between attacks increased by $s2%.casting speed reduced by $s3%.' where `id` = 22247;
    [999] zepcraft-legacy ([BASE,F-044]_spell.sql)
           UPDATE: update `spell` set `effect_radius_index_1` = 45, `effect_radius_index_2` = 13, `effect_radius_index_3` = 13, `spell_subtext_flags` = 16712190 where `id` = 22247;
  ID 23310: (CONFLICT)
    [ 20] worgoblin ([BASE,F-030]_spell.sql)
           UPDATE: update `spell` set `spell_desc_enus` = 'frozen in time!health reduced by $s2%.lasts $d.', `spell_tooltip_enus` = 'frozen in time!health reduced by $s2%.' where `id` = 23310;
    [999] zepcraft-legacy ([BASE,F-044]_spell.sql)
           UPDATE: update `spell` set `effect_die_sides_1` = 1, `effect_base_points_1` = -51, `effect_apply_aura_name_1` = 33, `spell_subtext_flags` = 16712190, `spell_desc_enus` = 'frozen in time! health reduced by $s2%. movement slowed by $s1% lasts $d.', `effect_bonus_multiplier_1` = '0e-16' where `id` = 23310;
  ID 23312: (CONFLICT)
    [ 20] worgoblin ([BASE,F-030]_spell.sql)
           UPDATE: update `spell` set `spell_desc_enus` = 'frozen in time!health reduced by $s2%.lasts $d.', `spell_tooltip_enus` = 'frozen in time!health reduced by $s2%.' where `id` = 23312;
    [999] zepcraft-legacy ([BASE,F-044]_spell.sql)
           UPDATE: update `spell` set `effect_die_sides_1` = 1, `effect_base_points_1` = -51, `effect_apply_aura_name_1` = 33, `spell_subtext_flags` = 16712190, `spell_desc_enus` = 'frozen in time! health reduced by $s2%. movement slowed by $s1% lasts $d.' where `id` = 23312;
  ID 23620: (CONFLICT)
    [ 20] worgoblin ([BASE,F-030]_spell.sql)
           UPDATE: update `spell` set `spell_tooltip_enus` = 'damage done increased by $s1%.spells cast are all instant.reduces max health by $23619s1% every second.deals $*2;23478s1 damage to surrounding allies on death.' where `id` = 23620;
    [999] zepcraft-legacy ([BASE,F-044]_spell.sql)
           UPDATE: update `spell` set `spell_subtext_flags` = 16712190, `spell_desc_flags` = 16712190, `spell_tooltip_enus` = 'damage done increased by $s1%. spells cast are all instant. reduces max health by $23619s1% every second. ' where `id` = 23620;
  ID 25177: (CONFLICT)
    [ 20] worgoblin ([BASE,F-030]_spell.sql)
           UPDATE: update `spell` set `spell_tooltip_enus` = 'fire resistance reduced by $s1%fire damage taken increased by $s2%' where `id` = 25177;
    [999] zepcraft-legacy ([BASE,F-044]_spell.sql)
           UPDATE: update `spell` set `duration_index` = 3, `spell_subtext_flags` = 16712190, `spell_desc_flags` = 16712190 where `id` = 25177;
  ID 25178: (CONFLICT)
    [ 20] worgoblin ([BASE,F-030]_spell.sql)
           UPDATE: update `spell` set `spell_tooltip_enus` = 'frost resistance reduced by $s1%frost damage taken increased by $s2%' where `id` = 25178;
    [999] zepcraft-legacy ([BASE,F-044]_spell.sql)
           UPDATE: update `spell` set `duration_index` = 3, `spell_subtext_flags` = 16712190, `spell_desc_flags` = 16712190 where `id` = 25178;
  ID 25180: (CONFLICT)
    [ 20] worgoblin ([BASE,F-030]_spell.sql)
           UPDATE: update `spell` set `spell_tooltip_enus` = 'nature resistance reduced by $s1%nature damage taken increased by $s2%' where `id` = 25180;
    [999] zepcraft-legacy ([BASE,F-044]_spell.sql)
           UPDATE: update `spell` set `duration_index` = 3, `spell_subtext_flags` = 16712190, `spell_desc_flags` = 16712190 where `id` = 25180;
  ID 25181: (CONFLICT)
    [ 20] worgoblin ([BASE,F-030]_spell.sql)
           UPDATE: update `spell` set `spell_tooltip_enus` = 'arcane resistance reduced by $s1%arcane damage taken increased by $s2%' where `id` = 25181;
    [999] zepcraft-legacy ([BASE,F-044]_spell.sql)
           UPDATE: update `spell` set `duration_index` = 3, `spell_subtext_flags` = 16712190, `spell_desc_flags` = 16712190 where `id` = 25181;
  ID 25183: (CONFLICT)
    [ 20] worgoblin ([BASE,F-030]_spell.sql)
           UPDATE: update `spell` set `spell_tooltip_enus` = 'shadow resistance reduced by $s1%shadow damage taken increased by $s2%' where `id` = 25183;
    [999] zepcraft-legacy ([BASE,F-044]_spell.sql)
           UPDATE: update `spell` set `duration_index` = 3, `spell_subtext_flags` = 16712190, `spell_desc_flags` = 16712190 where `id` = 25183;
  ID 25656: (CONFLICT)
    [ 20] worgoblin ([BASE,F-030]_spell.sql)
           UPDATE: update `spell` set `spell_tooltip_enus` = 'chance to hit reduced by $s2%.unable to cast spells.' where `id` = 25656;
    [999] zepcraft-legacy ([BASE,F-044]_spell.sql)
           UPDATE: update `spell` set `effect_radius_index_1` = 29, `effect_radius_index_2` = 29, `effect_radius_index_3` = 29, `spell_subtext_flags` = 16712190, `spell_desc_flags` = 16712190 where `id` = 25656;
  ID 26053: (CONFLICT)
    [ 20] worgoblin ([BASE,F-030]_spell.sql)
           UPDATE: update `spell` set `spell_tooltip_enus` = 'deals $s1 nature damage every $t1 sec.cannot cast spells.' where `id` = 26053;
    [999] zepcraft-legacy ([BASE,F-044]_spell.sql)
           UPDATE: update `spell` set `effect_implicit_target_a_2` = 0, `effect_implicit_target_b_2` = 0, `effect_radius_index_2` = 0, `effect_apply_aura_name_2` = 0, `spell_subtext_flags` = 16712190, `spell_desc_enus` = 'spits a noxious poison onto the target and any enemies within $r1 yd of the target, dealing $s1 nature damage over $d.', `spell_tooltip_enus` = 'deals $s1 nature damage every $t1 sec.' where `id` = 26053;
  ID 2645: (CONFLICT)
    [ 20] worgoblin ([BASE,F-030]_spell.sql)
           UPDATE: update `spell` set `spell_tooltip_enus` = 'increases movement speed by $s2%$?s59289[ and regenerates $59289s1% of your maximum health every 5 sec][].effects that reduce movement speed may not bring you below your normal movement speed.' where `id` = 2645;
    [999] zepcraft-legacy ([BASE,F-044]_spell.sql)
           UPDATE: update `spell` set `cast_time_index` = 6, `max_level` = 60, `base_level` = 20, `effect_real_points_per_level_2` = '2.0000000000000000', `effect_base_points_2` = 19, `spell_class_set` = 14, `spell_class_mask_1` = 2147483648 where `id` = 2645;
  ID 31956: (CONFLICT)
    [ 20] worgoblin ([BASE,F-030]_spell.sql)
           UPDATE: update `spell` set `spell_tooltip_enus` = '$s1 physical damage inflicted every $t1 sec.you will bleed until fully healed.' where `id` = 31956;
    [999] zepcraft-legacy ([BASE,F-044]_spell.sql)
           UPDATE: update `spell` set `duration_index` = 32, `spell_subtext_flags` = 16712190, `spell_desc_enus` = 'a vicious attack that causes the target to bleed profusely. deals $o1 damage over $d. ' where `id` = 31956;
  ID 32678: (CONFLICT)
    [ 20] worgoblin ([BASE,F-030]_spell.sql)
           UPDATE: update `spell` set `spell_class_set` = 3, `spell_class_mask_3` = 64 where `id` = 32678;
    [999] zepcraft-legacy ([BASE,F-044]_spell.sql)
           UPDATE: update `spell` set `cast_time_index` = 10, `spell_tooltip_flags` = 16712190 where `id` = 32678;
  ID 33891: (CONFLICT)
    [ 20] worgoblin ([BASE,F-030]_spell.sql)
           UPDATE: update `spell` set `spell_desc_enus` = 'shapeshift into the tree of life. while in this form you increase healing received by $34123s1% for all party and raid members within $34123a1 yards, and you can only cast restoration spells in addition to innervate, barkskin, nature\'s grasp and thorns spells.the act of shapeshifting frees the caster of polymorph and movement impairing effects.' where `id` = 33891;
    [999] zepcraft-legacy ([BASE,F-044]_spell.sql)
           UPDATE: update `spell` set `effect_3` = 6, `effect_base_points_3` = 74, `effect_implicit_target_a_3` = 1, `effect_apply_aura_name_3` = 108, `effect_misc_value_a_3` = 22, `effect_spell_class_mask_c_1` = 512 where `id` = 33891;
  ID 33943: (CONFLICT)
    [ 20] worgoblin ([BASE,F-030]_spell.sql)
           UPDATE: update `spell` set `spell_desc_enus` = 'shapeshift into flight form, increasing movement speed by $33948s2% and allowing you to fly. cannot use in combat. can only use this form in outland or northrend.the act of shapeshifting frees the caster of polymorph and movement impairing effects.', `spell_tooltip_enus` = 'immune to polymorph effects.movement speed increased by $33948s2% and allows you to fly.' where `id` = 33943;
    [999] zepcraft-legacy ([BASE,F-044]_spell.sql)
           UPDATE: update `spell` set `cast_time_index` = 6 where `id` = 33943;
  ID 34697: (CONFLICT)
    [ 20] worgoblin ([BASE,F-030]_spell.sql)
           UPDATE: update `spell` set `spell_tooltip_enus` = 'damage taken is increased by $s1.nature damage inflicted every $t2 sec.you are contagious...' where `id` = 34697;
    [999] zepcraft-legacy ([BASE,F-044]_spell.sql)
           UPDATE: update `spell` set `effect_base_points_1` = 29, `effect_apply_aura_name_1` = 87, `spell_subtext_flags` = 16712190 where `id` = 34697;
  ID 40120: (CONFLICT)
    [ 20] worgoblin ([BASE,F-030]_spell.sql)
           UPDATE: update `spell` set `spell_desc_enus` = 'shapeshift into swift flight form, increasing movement speed by $40121s2% and allowing you to fly. cannot use in combat. can only use this form in outland or northrend.the act of shapeshifting frees the caster of polymorph and movement impairing effects.', `spell_tooltip_enus` = 'immune to polymorph effects.movement speed increased by $40121s2% and allows you to fly.' where `id` = 40120;
    [999] zepcraft-legacy ([BASE,F-044]_spell.sql)
           UPDATE: update `spell` set `cast_time_index` = 6 where `id` = 40120;
  ID 41617: (CONFLICT)
    [ 20] worgoblin ([BASE,F-030]_spell.sql)
           UPDATE: update `spell` set `spell_desc_enus` = 'restores $s1 mana.only works inside coilfang: the serpentshrine, the underbog, the steamvaults, the slave pens.' where `id` = 41617;
    [999] zepcraft-legacy ([BASE,F-044]_spell.sql)
           UPDATE: update `spell` set `spell_desc_enus` = 'restores $<potion1> to $<potion1max> mana. only works inside coilfang: the serpentshrine, the underbog, the steamvaults, the slave pens.', `spell_class_mask_1` = 4, `spell_desc_variable_id` = 183 where `id` = 41617;
  ID 41618: (CONFLICT)
    [ 20] worgoblin ([BASE,F-030]_spell.sql)
           UPDATE: update `spell` set `spell_desc_enus` = 'restores $s1 mana.only works inside tempest keep: the eye, the arcatraz, the botanica, the mechanar.' where `id` = 41618;
    [999] zepcraft-legacy ([BASE,F-044]_spell.sql)
           UPDATE: update `spell` set `spell_desc_enus` = 'restores $<potion1> to $<potion1max> mana. only works inside tempest keep: the eye, the arcatraz, the botanica, the mechanar.', `spell_class_mask_1` = 4, `spell_desc_variable_id` = 183 where `id` = 41618;
  ID 41619: (CONFLICT)
    [ 20] worgoblin ([BASE,F-030]_spell.sql)
           UPDATE: update `spell` set `spell_desc_enus` = 'restores $s1 health.only works inside coilfang: the serpentshrine, the underbog, the steamvaults, the slave pens.' where `id` = 41619;
    [999] zepcraft-legacy ([BASE,F-044]_spell.sql)
           UPDATE: update `spell` set `spell_desc_enus` = 'restores $<potion1> to $<potion1max> health. only works inside coilfang: the serpentshrine, the underbog, the steamvaults, the slave pens.', `spell_class_mask_1` = 2, `spell_desc_variable_id` = 183 where `id` = 41619;
  ID 41620: (CONFLICT)
    [ 20] worgoblin ([BASE,F-030]_spell.sql)
           UPDATE: update `spell` set `spell_desc_enus` = 'restores $s1 health.only works inside tempest keep: the eye, the arcatraz, the botanica, the mechanar.' where `id` = 41620;
    [999] zepcraft-legacy ([BASE,F-044]_spell.sql)
           UPDATE: update `spell` set `spell_desc_enus` = 'restores $<potion1> to $<potion1max> health. only works inside tempest keep: the eye, the arcatraz, the botanica, the mechanar.', `spell_class_mask_1` = 2, `spell_desc_variable_id` = 183 where `id` = 41620;
  ID 49748: (CONFLICT)
    [ 20] worgoblin ([BASE,F-030]_spell.sql)
           UPDATE: update `spell` set `spell_desc_enus` = 'restores $s1 mana.drinking mana potions inflicts mana sickness, draining all of your mana after 1 min.' where `id` = 49748;
    [999] zepcraft-legacy ([BASE,F-044]_spell.sql)
           UPDATE: update `spell` set `spell_desc_enus` = 'restores $<potion1> to $<potion1max> mana. drinking mana potions inflicts mana sickness, draining all of your mana after 1 min.', `spell_class_mask_1` = 4, `spell_desc_variable_id` = 183 where `id` = 49748;
  ID 50305: (CONFLICT)
    [ 20] worgoblin ([BASE,F-030]_spell.sql)
           UPDATE: update `spell` set `spell_class_set` = 3, `spell_class_mask_3` = 64 where `id` = 50305;
    [999] zepcraft-legacy ([BASE,F-044]_spell.sql)
           UPDATE: update `spell` set `cast_time_index` = 10, `spell_tooltip_flags` = 16712190 where `id` = 50305;
  ID 5159: (CONFLICT)
    [ 20] worgoblin ([BASE,F-030]_spell.sql)
           UPDATE: update `spell` set `spell_tooltip_enus` = '$o1 fire damage inflicted over $d.movement speed reduced by $s2%.' where `id` = 5159;
    [999] zepcraft-legacy ([BASE,F-044]_spell.sql)
           UPDATE: update `spell` set `max_level` = 80, `effect_real_points_per_level_1` = '2.0000000000000000', `spell_subtext_flags` = 16712190 where `id` = 5159;
  ID 5213: (CONFLICT)
    [ 20] worgoblin ([BASE,F-030]_spell.sql)
           UPDATE: update `spell` set `spell_tooltip_enus` = '$s1 fire damage inflicted every $t1 sec.movement speed reduced by $s2%.time between attacks increased by $s3%.' where `id` = 5213;
    [999] zepcraft-legacy ([BASE,F-044]_spell.sql)
           UPDATE: update `spell` set `max_level` = 80, `effect_real_points_per_level_1` = '5.0000000000000000', `spell_subtext_flags` = 16712190 where `id` = 5213;
  ID 5504: (CONFLICT)
    [ 20] worgoblin ([BASE,F-030]_spell.sql)
           UPDATE: update `spell` set `spell_desc_enus` = 'conjures $s1 $lbottle:bottles; of water, providing the mage and $ghis:her; allies with something to drink.conjured items disappear if logged out for more than 15 minutes.' where `id` = 5504;
    [999] zepcraft-legacy ([BASE,F-044]_spell.sql)
           UPDATE: update `spell` set `max_level` = 5, `base_level` = 1, `spell_level` = 1, `effect_real_points_per_level_1` = '4.0000000000000000', `effect_base_points_1` = 3, `spell_tooltip_flags` = 16712190 where `id` = 5504;
  ID 5505: (CONFLICT)
    [ 20] worgoblin ([BASE,F-030]_spell.sql)
           UPDATE: update `spell` set `spell_desc_enus` = 'conjures $s1 $lbottle:bottles; of fresh water, providing the mage and $ghis:her; allies with something to drink.conjured items disappear if logged out for more than 15 minutes.' where `id` = 5505;
    [999] zepcraft-legacy ([BASE,F-044]_spell.sql)
           UPDATE: update `spell` set `max_level` = 9, `base_level` = 5, `spell_level` = 5, `effect_real_points_per_level_1` = '4.0000000000000000', `effect_base_points_1` = 3, `spell_tooltip_flags` = 16712190 where `id` = 5505;
  ID 5506: (CONFLICT)
    [ 20] worgoblin ([BASE,F-030]_spell.sql)
           UPDATE: update `spell` set `spell_desc_enus` = 'conjures $s1 $lbottle:bottles; of purified water, providing the mage and $ghis:her; allies with something to drink.conjured items disappear if logged out for more than 15 minutes.' where `id` = 5506;
    [999] zepcraft-legacy ([BASE,F-044]_spell.sql)
           UPDATE: update `spell` set `max_level` = 19, `base_level` = 15, `spell_level` = 15, `effect_real_points_per_level_1` = '4.0000000000000000', `effect_base_points_1` = 3, `spell_tooltip_flags` = 16712190 where `id` = 5506;
  ID 55502: (CONFLICT)
    [ 20] worgoblin ([BASE,F-030]_spell.sql)
           UPDATE: update `spell` set `spell_desc_enus` = 'uses your skill in herbalism to absorb energy and nutrients from the earth, healing you for $o1 (increased by maximum health) over $d. can be used while stealthed or invisible.target must be level 40 or higher.' where `id` = 55502;
    [999] zepcraft-legacy ([BASE,F-044]_spell.sql)
           UPDATE: update `spell` set `spell_level` = 25, `effect_base_points_1` = 359 where `id` = 55502;
  ID 55628: (CONFLICT)
    [ 20] worgoblin ([BASE,F-030]_spell.sql)
           UPDATE: update `spell` set `spell_desc_enus` = 'permanently add a socket to your bracers. requires a level 60 or higher item.cannot add more than one socket to an item. can only add a socket to your own armor, and adding a socket binds the item to you. the added socket requires that you maintain 400 blacksmithing or it will become inactive.' where `id` = 55628;
    [999] zepcraft-legacy ([BASE,F-044]_spell.sql)
           UPDATE: update `spell` set `spell_class_set` = 14, `spell_class_mask_1` = 1 where `id` = 55628;
  ID 55641: (CONFLICT)
    [ 20] worgoblin ([BASE,F-030]_spell.sql)
           UPDATE: update `spell` set `spell_desc_enus` = 'permanently add a socket to your gloves. requires a level 60 or higher item.cannot add more than one socket to an item. can only add a socket to your own armor, and adding a socket binds the item to you. the added socket requires that you maintain 400 blacksmithing or it will become inactive.' where `id` = 55641;
    [999] zepcraft-legacy ([BASE,F-044]_spell.sql)
           UPDATE: update `spell` set `spell_class_set` = 14, `spell_class_mask_1` = 1 where `id` = 55641;
  ID 57683: (CONFLICT)
    [ 20] worgoblin ([BASE,F-030]_spell.sql)
           UPDATE: update `spell` set `spell_desc_enus` = 'permanently enchant bracers to increase attack power by 130.can only be used on the leatherworker\'s bracers, and doing so will cause them to become soulbound. fur lining requires at least 400 skill in leatherworking to remain active.' where `id` = 57683;
    [999] zepcraft-legacy ([BASE,F-044]_spell.sql)
           UPDATE: update `spell` set `spell_class_set` = 14, `spell_class_mask_1` = 16 where `id` = 57683;
  ID 57690: (CONFLICT)
    [ 20] worgoblin ([BASE,F-030]_spell.sql)
           UPDATE: update `spell` set `spell_desc_enus` = 'permanently enchant bracers to increase stamina by 102.can only be used on the leatherworker\'s bracers, and doing so will cause them to become soulbound. fur lining requires at least 400 skill in leatherworking to remain active.' where `id` = 57690;
    [999] zepcraft-legacy ([BASE,F-044]_spell.sql)
           UPDATE: update `spell` set `spell_class_set` = 14, `spell_class_mask_1` = 16 where `id` = 57690;
  ID 57691: (CONFLICT)
    [ 20] worgoblin ([BASE,F-030]_spell.sql)
           UPDATE: update `spell` set `spell_desc_enus` = 'permanently enchant bracers to increase spell power by 76.can only be used on the leatherworker\'s bracers, and doing so will cause them to become soulbound. fur lining requires at least 400 skill in leatherworking to remain active.' where `id` = 57691;
    [999] zepcraft-legacy ([BASE,F-044]_spell.sql)
           UPDATE: update `spell` set `spell_class_set` = 14, `spell_class_mask_1` = 16 where `id` = 57691;
  ID 57692: (CONFLICT)
    [ 20] worgoblin ([BASE,F-030]_spell.sql)
           UPDATE: update `spell` set `spell_desc_enus` = 'permanently enchant bracers to increase your fire resistance by 70.can only be used on the leatherworker\'s bracers, and doing so will cause them to become soulbound. fur lining requires at least 400 skill in leatherworking to remain active.' where `id` = 57692;
    [999] zepcraft-legacy ([BASE,F-044]_spell.sql)
           UPDATE: update `spell` set `spell_class_set` = 14, `spell_class_mask_1` = 16 where `id` = 57692;
  ID 57694: (CONFLICT)
    [ 20] worgoblin ([BASE,F-030]_spell.sql)
           UPDATE: update `spell` set `spell_desc_enus` = 'permanently enchant bracers to increase your frost resistance by 70.can only be used on the leatherworker\'s bracers, and doing so will cause them to become soulbound. fur lining requires at least 400 skill in leatherworking to remain active.' where `id` = 57694;
    [999] zepcraft-legacy ([BASE,F-044]_spell.sql)
           UPDATE: update `spell` set `spell_class_set` = 14, `spell_class_mask_1` = 16 where `id` = 57694;
  ID 57696: (CONFLICT)
    [ 20] worgoblin ([BASE,F-030]_spell.sql)
           UPDATE: update `spell` set `spell_desc_enus` = 'permanently enchant bracers to increase your shadow resistance by 70.can only be used on the leatherworker\'s bracers, and doing so will cause them to become soulbound. fur lining requires at least 400 skill in leatherworking to remain active.' where `id` = 57696;
    [999] zepcraft-legacy ([BASE,F-044]_spell.sql)
           UPDATE: update `spell` set `spell_class_set` = 14, `spell_class_mask_1` = 16 where `id` = 57696;
  ID 57699: (CONFLICT)
    [ 20] worgoblin ([BASE,F-030]_spell.sql)
           UPDATE: update `spell` set `spell_desc_enus` = 'permanently enchant bracers to increase your nature resistance by 70.can only be used on the leatherworker\'s bracers, and doing so will cause them to become soulbound. fur lining requires at least 400 skill in leatherworking to remain active.' where `id` = 57699;
    [999] zepcraft-legacy ([BASE,F-044]_spell.sql)
           UPDATE: update `spell` set `spell_class_set` = 14, `spell_class_mask_1` = 16 where `id` = 57699;
  ID 57701: (CONFLICT)
    [ 20] worgoblin ([BASE,F-030]_spell.sql)
           UPDATE: update `spell` set `spell_desc_enus` = 'permanently enchant bracers to increase your arcane resistance by 70.can only be used on the leatherworker\'s bracers, and doing so will cause them to become soulbound. fur lining requires at least 400 skill in leatherworking to remain active.' where `id` = 57701;
    [999] zepcraft-legacy ([BASE,F-044]_spell.sql)
           UPDATE: update `spell` set `spell_class_set` = 14, `spell_class_mask_1` = 16 where `id` = 57701;
  ID 587: (CONFLICT)
    [ 20] worgoblin ([BASE,F-030]_spell.sql)
           UPDATE: update `spell` set `spell_desc_enus` = 'conjures $s1 $lmuffin:muffins;, providing the mage and $ghis:her; allies with something to eat.conjured items disappear if logged out for more than 15 minutes.' where `id` = 587;
    [999] zepcraft-legacy ([BASE,F-044]_spell.sql)
           UPDATE: update `spell` set `spell_icon_id` = 260, `spell_tooltip_flags` = 16712190 where `id` = 587;
  ID 60583: (CONFLICT)
    [ 20] worgoblin ([BASE,F-030]_spell.sql)
           UPDATE: update `spell` set `spell_desc_enus` = 'permanently attach jormungar reinforcements onto your pants, increasing stamina by 55 and agility by 22.can only attach to your own armor, and attaching causes the item to become soulbound.' where `id` = 60583;
    [999] zepcraft-legacy ([BASE,F-044]_spell.sql)
           UPDATE: update `spell` set `spell_class_set` = 14, `spell_class_mask_1` = 16 where `id` = 60583;
  ID 60584: (CONFLICT)
    [ 20] worgoblin ([BASE,F-030]_spell.sql)
           UPDATE: update `spell` set `spell_desc_enus` = 'permanently attach nerubian reinforcements onto your pants, increasing attack power by 75 and critical strike rating by 22.can only attach to your own armor, and attaching causes the item to become soulbound.' where `id` = 60584;
    [999] zepcraft-legacy ([BASE,F-044]_spell.sql)
           UPDATE: update `spell` set `spell_class_set` = 14, `spell_class_mask_1` = 16 where `id` = 60584;
  ID 6127: (CONFLICT)
    [ 20] worgoblin ([BASE,F-030]_spell.sql)
           UPDATE: update `spell` set `spell_desc_enus` = 'conjures $s1 $lbottle:bottles; of spring water, providing the mage and $ghis:her; allies with something to drink.conjured items disappear if logged out for more than 15 minutes.' where `id` = 6127;
    [999] zepcraft-legacy ([BASE,F-044]_spell.sql)
           UPDATE: update `spell` set `max_level` = 29, `base_level` = 25, `spell_level` = 25, `effect_real_points_per_level_1` = '4.0000000000000000', `effect_base_points_1` = 3, `spell_tooltip_flags` = 16712190 where `id` = 6127;
  ID 7125: (CONFLICT)
    [ 20] worgoblin ([BASE,F-030]_spell.sql)
           UPDATE: update `spell` set `spell_tooltip_enus` = '$s1 nature damage inflicted every $t1 sec.$s2 mana leeched every $t2 sec.' where `id` = 7125;
    [999] zepcraft-legacy ([BASE,F-044]_spell.sql)
           UPDATE: update `spell` set `max_level` = 80, `base_level` = 30, `spell_level` = 30, `effect_real_points_per_level_1` = '10.0000000000000000', `effect_real_points_per_level_2` = '10.0000000000000000', `spell_subtext_flags` = 16712190 where `id` = 7125;
  ID 783: (CONFLICT)
    [ 20] worgoblin ([BASE,F-030]_spell.sql)
           UPDATE: update `spell` set `spell_desc_enus` = 'shapeshift into travel form, increasing movement speed by $5419s1%. also protects the caster from polymorph effects. only useable outdoors.the act of shapeshifting frees the caster of polymorph and movement impairing effects.' where `id` = 783;
    [999] zepcraft-legacy ([BASE,F-044]_spell.sql)
           UPDATE: update `spell` set `cast_time_index` = 6 where `id` = 783;
  ID 785: (CONFLICT)
    [ 20] worgoblin ([BASE,F-030]_spell.sql)
           UPDATE: update `spell` set `spell_tooltip_enus` = 'charmed.damage increased by $s2%.spells cast instantly.all resistances increased by $2313s2.movement speed increased by $2313s3%.' where `id` = 785;
    [999] zepcraft-legacy ([BASE,F-044]_spell.sql)
           UPDATE: update `spell` set `duration_index` = 28, `spell_subtext_flags` = 16712190 where `id` = 785;
  ID 7965: (CONFLICT)
    [ 20] worgoblin ([BASE,F-030]_spell.sql)
           UPDATE: update `spell` set `spell_tooltip_enus` = 'transformed into serpent.physical damage dealt is increased by $s2.time between attacks increased by $s3%.' where `id` = 7965;
    [999] zepcraft-legacy ([BASE,F-044]_spell.sql)
           UPDATE: update `spell` set `max_level` = 80, `base_level` = 30, `spell_level` = 30, `effect_real_points_per_level_2` = '10.0000000000000000', `spell_subtext_flags` = 16712190 where `id` = 7965;
  ID 8041: (CONFLICT)
    [ 20] worgoblin ([BASE,F-030]_spell.sql)
           UPDATE: update `spell` set `spell_tooltip_enus` = 'transformed into snake.physical damage dealt is increased by $s3.cannot cast spells.' where `id` = 8041;
    [999] zepcraft-legacy ([BASE,F-044]_spell.sql)
           UPDATE: update `spell` set `max_level` = 80, `effect_real_points_per_level_3` = '20.0000000000000000' where `id` = 8041;
  ID 8147: (CONFLICT)
    [ 20] worgoblin ([BASE,F-030]_spell.sql)
           UPDATE: update `spell` set `spell_tooltip_enus` = 'time between attacks increased by $s3%.movement speed reduced by $s2%.' where `id` = 8147;
    [999] zepcraft-legacy ([BASE,F-044]_spell.sql)
           UPDATE: update `spell` set `max_level` = 80, `base_level` = 30, `spell_level` = 30, `effect_real_points_per_level_1` = '20.0000000000000000' where `id` = 8147;
  ID 8613: (CONFLICT)
    [ 20] worgoblin ([BASE,F-030]_spell.sql)
           UPDATE: update `spell` set `spell_class_set` = 3, `spell_class_mask_3` = 64 where `id` = 8613;
    [999] zepcraft-legacy ([BASE,F-044]_spell.sql)
           UPDATE: update `spell` set `cast_time_index` = 10, `spell_tooltip_flags` = 16712190 where `id` = 8613;
  ID 8617: (CONFLICT)
    [ 20] worgoblin ([BASE,F-030]_spell.sql)
           UPDATE: update `spell` set `spell_class_set` = 3, `spell_class_mask_3` = 64 where `id` = 8617;
    [999] zepcraft-legacy ([BASE,F-044]_spell.sql)
           UPDATE: update `spell` set `cast_time_index` = 10, `spell_tooltip_flags` = 16712190 where `id` = 8617;
  ID 8618: (CONFLICT)
    [ 20] worgoblin ([BASE,F-030]_spell.sql)
           UPDATE: update `spell` set `spell_class_set` = 3, `spell_class_mask_3` = 64 where `id` = 8618;
    [999] zepcraft-legacy ([BASE,F-044]_spell.sql)
           UPDATE: update `spell` set `cast_time_index` = 10, `spell_tooltip_flags` = 16712190 where `id` = 8618;
  ID 87090: (CONFLICT)
    [ 20] worgoblin ([BASE,F-030]_spell.sql)
           DELETE: delete from `spell` where `id` = 87090;
           INSERT: insert into `spell` (`id`, `category`, `dispel`, `mechanic`, `attributes`, `attributes_ex_1`, `attributes_ex_2`, `attributes_ex_3`, `attributes_ex_4`, `attributes_ex_5`, `attributes_ex_6`, `attributes_ex_7`, `stances`, `unk_1`, `excluded_stances`, `unk_2`, `targets`, `target_creature_type`, `spell_focus_object`, `facing_caster_flags`, `caster_aura_state`, `target_aura_state`, `excluded_caster_aura_state`, `excluded_target_aura_state`, `caster_aura_spell`, `target_aura_spell`, `excluded_caster_aura_spell`, `excluded_target_aura_spell`, `cast_time_index`, `recovery_time`, `category_recovery_time`, `interrupt_flags`, `aura_interrupt_flags`, `channel_interrupt_flags`, `proc_flags`, `proc_chance`, `proc_charges`, `max_level`, `base_level`, `spell_level`, `duration_index`, `power_type`, `power_cost`, `power_cost_per_level`, `power_per_second`, `power_per_second_per_level`, `range_index`, `speed`, `modal_next_spell`, `stack_amount`, `totem_1`, `totem_2`, `reagent_1`, `reagent_2`, `reagent_3`, `reagent_4`, `reagent_5`, `reagent_6`, `reagent_7`, `reagent_8`, `reagent_count_1`, `reagent_count_2`, `reagent_count_3`, `reagent_count_4`, `reagent_count_5`, `reagent_count_6`, `reagent_count_7`, `reagent_count_8`, `equipped_item_class`, `equipped_item_subclass_mask`, `equipped_item_inventorytype_mask`, `effect_1`, `effect_2`, `effect_3`, `effect_die_sides_1`, `effect_die_sides_2`, `effect_die_sides_3`, `effect_real_points_per_level_1`, `effect_real_points_per_level_2`, `effect_real_points_per_level_3`, `effect_base_points_1`, `effect_base_points_2`, `effect_base_points_3`, `effect_mechanic_1`, `effect_mechanic_2`, `effect_mechanic_3`, `effect_implicit_target_a_1`, `effect_implicit_target_a_2`, `effect_implicit_target_a_3`, `effect_implicit_target_b_1`, `effect_implicit_target_b_2`, `effect_implicit_target_b_3`, `effect_radius_index_1`, `effect_radius_index_2`, `effect_radius_index_3`, `effect_apply_aura_name_1`, `effect_apply_aura_name_2`, `effect_apply_aura_name_3`, `effect_amplitude_1`, `effect_amplitude_2`, `effect_amplitude_3`, `effect_multiple_value_1`, `effect_multiple_value_2`, `effect_multiple_value_3`, `effect_chain_target_1`, `effect_chain_target_2`, `effect_chain_target_3`, `effect_item_type_1`, `effect_item_type_2`, `effect_item_type_3`, `effect_misc_value_a_1`, `effect_misc_value_a_2`, `effect_misc_value_a_3`, `effect_misc_value_b_1`, `effect_misc_value_b_2`, `effect_misc_value_b_3`, `effect_trigger_spell_1`, `effect_trigger_spell_2`, `effect_trigger_spell_3`, `effect_points_per_combo_point_1`, `effect_points_per_combo_point_2`, `effect_points_per_combo_point_3`, `effect_spell_class_mask_a_1`, `effect_spell_class_mask_a_2`, `effect_spell_class_mask_a_3`, `effect_spell_class_mask_b_1`, `effect_spell_class_mask_b_2`, `effect_spell_class_mask_b_3`, `effect_spell_class_mask_c_1`, `effect_spell_class_mask_c_2`, `effect_spell_class_mask_c_3`, `spell_visual_1`, `spell_visual_2`, `spell_icon_id`, `active_icon_id`, `spell_priority`, `spell_name_enus`, `spell_name_flags`, `spell_subtext_enus`, `spell_subtext_flags`, `spell_desc_enus`, `spell_desc_flags`, `spell_tooltip_enus`, `spell_tooltip_flags`, `power_cost_percentage`, `start_recovery_category`, `start_recovery_time`, `maximum_target_level`, `spell_class_set`, `spell_class_mask_1`, `spell_class_mask_2`, `spell_class_mask_3`, `max_affected_targets`, `damage_class`, `prevention_type`, `stance_bar_order`, `effect_damage_multiplier_1`, `effect_damage_multiplier_2`, `effect_damage_multiplier_3`, `min_faction_id`, `min_reputation`, `req_aura_vision`, `totem_category_1`, `totem_category_2`, `area_group_id`, `school_mask`, `rune_cost_id`, `spell_missile_id`, `power_display_id`, `effect_bonus_multiplier_1`, `effect_bonus_multiplier_2`, `effect_bonus_multiplier_3`, `spell_desc_variable_id`, `spell_difficulty_id`) values (87090, 0, 0, 21, 269844752, 0, 0, 536870912, 0, 0, 131072, 0, 0, 0, 0, 0, 0, 0, 0, 0, 0, 0, 0, 0, 0, 0, 0, 0, 16, 0, 0, 31, 128, 0, 0, 101, 0, 0, 0, 1, 21, 0, 0, 0, 0, 0, 1, '0e-16', 0, 0, 0, 0, 0, 0, 0, 0, 0, 0, 0, 0, 0, 0, 0, 0, 0, 0, 0, 0, -1, 0, 0, 6, 0, 6, 0, 1, 1, '0e-16', '0e-16', '0e-16', 0, 309, 59, 0, 0, 0, 1, 1, 1, 0, 0, 0, 0, 0, 0, 78, 207, 32, 0, 0, 0, '0e-16', '0e-16', '0e-16', 0, 0, 0, 0, 0, 0, 46754, 0, 0, 0, 0, 0, 0, 0, 0, '0e-16', '0e-16', '0e-16', 0, 0, 0, 0, 0, 0, 0, 0, 0, 7644, 0, 936, 0, 0, 'goblin trike', 16712190, '', 16712190, 'summons and dismisses a rideable goblin trike.', 16712190, 'increases ground speed by $s3%.', 16712190, 0, 330, 0, 0, 0, 0, 0, 0, 0, 0, 0, 0, '1.0000000000000000', '1.0000000000000000', '1.0000000000000000', 0, 0, 0, 0, 0, 0, 1, 0, 0, 0, '0e-16', '0e-16', '1.0000000000000000', 0, 0);
    [999] zepcraft-legacy ([BASE,F-044]_spell.sql)
           DELETE: delete from `spell` where `id` = 87090;
           INSERT: insert into `spell` (`id`, `category`, `dispel`, `mechanic`, `attributes`, `attributes_ex_1`, `attributes_ex_2`, `attributes_ex_3`, `attributes_ex_4`, `attributes_ex_5`, `attributes_ex_6`, `attributes_ex_7`, `stances`, `unk_1`, `excluded_stances`, `unk_2`, `targets`, `target_creature_type`, `spell_focus_object`, `facing_caster_flags`, `caster_aura_state`, `target_aura_state`, `excluded_caster_aura_state`, `excluded_target_aura_state`, `caster_aura_spell`, `target_aura_spell`, `excluded_caster_aura_spell`, `excluded_target_aura_spell`, `cast_time_index`, `recovery_time`, `category_recovery_time`, `interrupt_flags`, `aura_interrupt_flags`, `channel_interrupt_flags`, `proc_flags`, `proc_chance`, `proc_charges`, `max_level`, `base_level`, `spell_level`, `duration_index`, `power_type`, `power_cost`, `power_cost_per_level`, `power_per_second`, `power_per_second_per_level`, `range_index`, `speed`, `modal_next_spell`, `stack_amount`, `totem_1`, `totem_2`, `reagent_1`, `reagent_2`, `reagent_3`, `reagent_4`, `reagent_5`, `reagent_6`, `reagent_7`, `reagent_8`, `reagent_count_1`, `reagent_count_2`, `reagent_count_3`, `reagent_count_4`, `reagent_count_5`, `reagent_count_6`, `reagent_count_7`, `reagent_count_8`, `equipped_item_class`, `equipped_item_subclass_mask`, `equipped_item_inventorytype_mask`, `effect_1`, `effect_2`, `effect_3`, `effect_die_sides_1`, `effect_die_sides_2`, `effect_die_sides_3`, `effect_real_points_per_level_1`, `effect_real_points_per_level_2`, `effect_real_points_per_level_3`, `effect_base_points_1`, `effect_base_points_2`, `effect_base_points_3`, `effect_mechanic_1`, `effect_mechanic_2`, `effect_mechanic_3`, `effect_implicit_target_a_1`, `effect_implicit_target_a_2`, `effect_implicit_target_a_3`, `effect_implicit_target_b_1`, `effect_implicit_target_b_2`, `effect_implicit_target_b_3`, `effect_radius_index_1`, `effect_radius_index_2`, `effect_radius_index_3`, `effect_apply_aura_name_1`, `effect_apply_aura_name_2`, `effect_apply_aura_name_3`, `effect_amplitude_1`, `effect_amplitude_2`, `effect_amplitude_3`, `effect_multiple_value_1`, `effect_multiple_value_2`, `effect_multiple_value_3`, `effect_chain_target_1`, `effect_chain_target_2`, `effect_chain_target_3`, `effect_item_type_1`, `effect_item_type_2`, `effect_item_type_3`, `effect_misc_value_a_1`, `effect_misc_value_a_2`, `effect_misc_value_a_3`, `effect_misc_value_b_1`, `effect_misc_value_b_2`, `effect_misc_value_b_3`, `effect_trigger_spell_1`, `effect_trigger_spell_2`, `effect_trigger_spell_3`, `effect_points_per_combo_point_1`, `effect_points_per_combo_point_2`, `effect_points_per_combo_point_3`, `effect_spell_class_mask_a_1`, `effect_spell_class_mask_a_2`, `effect_spell_class_mask_a_3`, `effect_spell_class_mask_b_1`, `effect_spell_class_mask_b_2`, `effect_spell_class_mask_b_3`, `effect_spell_class_mask_c_1`, `effect_spell_class_mask_c_2`, `effect_spell_class_mask_c_3`, `spell_visual_1`, `spell_visual_2`, `spell_icon_id`, `active_icon_id`, `spell_priority`, `spell_name_enus`, `spell_name_flags`, `spell_subtext_enus`, `spell_subtext_flags`, `spell_desc_enus`, `spell_desc_flags`, `spell_tooltip_enus`, `spell_tooltip_flags`, `power_cost_percentage`, `start_recovery_category`, `start_recovery_time`, `maximum_target_level`, `spell_class_set`, `spell_class_mask_1`, `spell_class_mask_2`, `spell_class_mask_3`, `max_affected_targets`, `damage_class`, `prevention_type`, `stance_bar_order`, `effect_damage_multiplier_1`, `effect_damage_multiplier_2`, `effect_damage_multiplier_3`, `min_faction_id`, `min_reputation`, `req_aura_vision`, `totem_category_1`, `totem_category_2`, `area_group_id`, `school_mask`, `rune_cost_id`, `spell_missile_id`, `power_display_id`, `effect_bonus_multiplier_1`, `effect_bonus_multiplier_2`, `effect_bonus_multiplier_3`, `spell_desc_variable_id`, `spell_difficulty_id`) values (87090, 0, 0, 21, 269844752, 0, 0, 0, 0, 0, 131072, 0, 0, 0, 0, 0, 0, 0, 0, 0, 0, 0, 0, 0, 0, 0, 0, 0, 14, 0, 0, 31, 128, 0, 0, 101, 0, 0, 0, 1, 21, 0, 0, 0, 0, 0, 1, '0e-16', 0, 0, 0, 0, 0, 0, 0, 0, 0, 0, 0, 0, 0, 0, 0, 0, 0, 0, 0, 0, -1, 0, 0, 6, 6, 0, 0, 1, 0, '0e-16', '0e-16', '0e-16', 0, 59, 0, 0, 0, 0, 1, 1, 0, 0, 0, 0, 0, 0, 0, 78, 32, 0, 0, 0, 0, '0e-16', '0e-16', '0e-16', 0, 0, 0, 0, 0, 0, 46754, 0, 0, 0, 0, 0, 0, 0, 0, '0e-16', '0e-16', '0e-16', 0, 0, 0, 0, 0, 0, 0, 0, 0, 7644, 0, 936, 0, 0, 'goblin trike', 16712190, '', 16712190, 'summons and dismisses a rideable goblin trike. increases speed by $<groundspeed2>%.', 16712190, 'increases speed by $<groundspeed>%.', 16712190, 0, 330, 0, 0, 14, 2147483648, 0, 0, 0, 0, 0, 0, '1.0000000000000000', '1.0000000000000000', '1.0000000000000000', 0, 0, 0, 0, 0, 0, 1, 0, 0, 0, '0e-16', '0e-16', '1.0000000000000000', 182, 0);
  ID 87091: (CONFLICT)
    [ 20] worgoblin ([BASE,F-030]_spell.sql)
           DELETE: delete from `spell` where `id` = 87091;
           INSERT: insert into `spell` (`id`, `category`, `dispel`, `mechanic`, `attributes`, `attributes_ex_1`, `attributes_ex_2`, `attributes_ex_3`, `attributes_ex_4`, `attributes_ex_5`, `attributes_ex_6`, `attributes_ex_7`, `stances`, `unk_1`, `excluded_stances`, `unk_2`, `targets`, `target_creature_type`, `spell_focus_object`, `facing_caster_flags`, `caster_aura_state`, `target_aura_state`, `excluded_caster_aura_state`, `excluded_target_aura_state`, `caster_aura_spell`, `target_aura_spell`, `excluded_caster_aura_spell`, `excluded_target_aura_spell`, `cast_time_index`, `recovery_time`, `category_recovery_time`, `interrupt_flags`, `aura_interrupt_flags`, `channel_interrupt_flags`, `proc_flags`, `proc_chance`, `proc_charges`, `max_level`, `base_level`, `spell_level`, `duration_index`, `power_type`, `power_cost`, `power_cost_per_level`, `power_per_second`, `power_per_second_per_level`, `range_index`, `speed`, `modal_next_spell`, `stack_amount`, `totem_1`, `totem_2`, `reagent_1`, `reagent_2`, `reagent_3`, `reagent_4`, `reagent_5`, `reagent_6`, `reagent_7`, `reagent_8`, `reagent_count_1`, `reagent_count_2`, `reagent_count_3`, `reagent_count_4`, `reagent_count_5`, `reagent_count_6`, `reagent_count_7`, `reagent_count_8`, `equipped_item_class`, `equipped_item_subclass_mask`, `equipped_item_inventorytype_mask`, `effect_1`, `effect_2`, `effect_3`, `effect_die_sides_1`, `effect_die_sides_2`, `effect_die_sides_3`, `effect_real_points_per_level_1`, `effect_real_points_per_level_2`, `effect_real_points_per_level_3`, `effect_base_points_1`, `effect_base_points_2`, `effect_base_points_3`, `effect_mechanic_1`, `effect_mechanic_2`, `effect_mechanic_3`, `effect_implicit_target_a_1`, `effect_implicit_target_a_2`, `effect_implicit_target_a_3`, `effect_implicit_target_b_1`, `effect_implicit_target_b_2`, `effect_implicit_target_b_3`, `effect_radius_index_1`, `effect_radius_index_2`, `effect_radius_index_3`, `effect_apply_aura_name_1`, `effect_apply_aura_name_2`, `effect_apply_aura_name_3`, `effect_amplitude_1`, `effect_amplitude_2`, `effect_amplitude_3`, `effect_multiple_value_1`, `effect_multiple_value_2`, `effect_multiple_value_3`, `effect_chain_target_1`, `effect_chain_target_2`, `effect_chain_target_3`, `effect_item_type_1`, `effect_item_type_2`, `effect_item_type_3`, `effect_misc_value_a_1`, `effect_misc_value_a_2`, `effect_misc_value_a_3`, `effect_misc_value_b_1`, `effect_misc_value_b_2`, `effect_misc_value_b_3`, `effect_trigger_spell_1`, `effect_trigger_spell_2`, `effect_trigger_spell_3`, `effect_points_per_combo_point_1`, `effect_points_per_combo_point_2`, `effect_points_per_combo_point_3`, `effect_spell_class_mask_a_1`, `effect_spell_class_mask_a_2`, `effect_spell_class_mask_a_3`, `effect_spell_class_mask_b_1`, `effect_spell_class_mask_b_2`, `effect_spell_class_mask_b_3`, `effect_spell_class_mask_c_1`, `effect_spell_class_mask_c_2`, `effect_spell_class_mask_c_3`, `spell_visual_1`, `spell_visual_2`, `spell_icon_id`, `active_icon_id`, `spell_priority`, `spell_name_enus`, `spell_name_flags`, `spell_subtext_enus`, `spell_subtext_flags`, `spell_desc_enus`, `spell_desc_flags`, `spell_tooltip_enus`, `spell_tooltip_flags`, `power_cost_percentage`, `start_recovery_category`, `start_recovery_time`, `maximum_target_level`, `spell_class_set`, `spell_class_mask_1`, `spell_class_mask_2`, `spell_class_mask_3`, `max_affected_targets`, `damage_class`, `prevention_type`, `stance_bar_order`, `effect_damage_multiplier_1`, `effect_damage_multiplier_2`, `effect_damage_multiplier_3`, `min_faction_id`, `min_reputation`, `req_aura_vision`, `totem_category_1`, `totem_category_2`, `area_group_id`, `school_mask`, `rune_cost_id`, `spell_missile_id`, `power_display_id`, `effect_bonus_multiplier_1`, `effect_bonus_multiplier_2`, `effect_bonus_multiplier_3`, `spell_desc_variable_id`, `spell_difficulty_id`) values (87091, 0, 0, 21, 269844752, 0, 0, 536870912, 0, 0, 131072, 0, 0, 0, 0, 0, 0, 0, 0, 0, 0, 0, 0, 0, 0, 0, 0, 0, 16, 0, 0, 31, 128, 0, 0, 101, 0, 0, 0, 1, 21, 0, 0, 0, 0, 0, 1, '0e-16', 0, 0, 0, 0, 0, 0, 0, 0, 0, 0, 0, 0, 0, 0, 0, 0, 0, 0, 0, 0, -1, 0, 0, 6, 0, 6, 0, 1, 1, '0e-16', '0e-16', '0e-16', 0, 309, 99, 0, 0, 0, 1, 1, 1, 0, 0, 0, 0, 0, 0, 78, 207, 32, 0, 0, 0, '0e-16', '0e-16', '0e-16', 0, 0, 0, 0, 0, 0, 46755, 0, 0, 0, 0, 0, 0, 0, 0, '0e-16', '0e-16', '0e-16', 0, 0, 0, 0, 0, 0, 0, 0, 0, 7644, 0, 343, 0, 0, 'goblin turbo-trike', 16712190, '', 16712190, 'summons and dismisses a goblin turbo-trike.', 16712190, 'increases ground speed by $s3%.', 16712190, 0, 330, 0, 0, 0, 0, 0, 0, 0, 0, 0, 0, '1.0000000000000000', '1.0000000000000000', '1.0000000000000000', 0, 0, 0, 0, 0, 0, 1, 0, 0, 0, '0e-16', '0e-16', '1.0000000000000000', 0, 0);
    [999] zepcraft-legacy ([BASE,F-044]_spell.sql)
           DELETE: delete from `spell` where `id` = 87091;
           INSERT: insert into `spell` (`id`, `category`, `dispel`, `mechanic`, `attributes`, `attributes_ex_1`, `attributes_ex_2`, `attributes_ex_3`, `attributes_ex_4`, `attributes_ex_5`, `attributes_ex_6`, `attributes_ex_7`, `stances`, `unk_1`, `excluded_stances`, `unk_2`, `targets`, `target_creature_type`, `spell_focus_object`, `facing_caster_flags`, `caster_aura_state`, `target_aura_state`, `excluded_caster_aura_state`, `excluded_target_aura_state`, `caster_aura_spell`, `target_aura_spell`, `excluded_caster_aura_spell`, `excluded_target_aura_spell`, `cast_time_index`, `recovery_time`, `category_recovery_time`, `interrupt_flags`, `aura_interrupt_flags`, `channel_interrupt_flags`, `proc_flags`, `proc_chance`, `proc_charges`, `max_level`, `base_level`, `spell_level`, `duration_index`, `power_type`, `power_cost`, `power_cost_per_level`, `power_per_second`, `power_per_second_per_level`, `range_index`, `speed`, `modal_next_spell`, `stack_amount`, `totem_1`, `totem_2`, `reagent_1`, `reagent_2`, `reagent_3`, `reagent_4`, `reagent_5`, `reagent_6`, `reagent_7`, `reagent_8`, `reagent_count_1`, `reagent_count_2`, `reagent_count_3`, `reagent_count_4`, `reagent_count_5`, `reagent_count_6`, `reagent_count_7`, `reagent_count_8`, `equipped_item_class`, `equipped_item_subclass_mask`, `equipped_item_inventorytype_mask`, `effect_1`, `effect_2`, `effect_3`, `effect_die_sides_1`, `effect_die_sides_2`, `effect_die_sides_3`, `effect_real_points_per_level_1`, `effect_real_points_per_level_2`, `effect_real_points_per_level_3`, `effect_base_points_1`, `effect_base_points_2`, `effect_base_points_3`, `effect_mechanic_1`, `effect_mechanic_2`, `effect_mechanic_3`, `effect_implicit_target_a_1`, `effect_implicit_target_a_2`, `effect_implicit_target_a_3`, `effect_implicit_target_b_1`, `effect_implicit_target_b_2`, `effect_implicit_target_b_3`, `effect_radius_index_1`, `effect_radius_index_2`, `effect_radius_index_3`, `effect_apply_aura_name_1`, `effect_apply_aura_name_2`, `effect_apply_aura_name_3`, `effect_amplitude_1`, `effect_amplitude_2`, `effect_amplitude_3`, `effect_multiple_value_1`, `effect_multiple_value_2`, `effect_multiple_value_3`, `effect_chain_target_1`, `effect_chain_target_2`, `effect_chain_target_3`, `effect_item_type_1`, `effect_item_type_2`, `effect_item_type_3`, `effect_misc_value_a_1`, `effect_misc_value_a_2`, `effect_misc_value_a_3`, `effect_misc_value_b_1`, `effect_misc_value_b_2`, `effect_misc_value_b_3`, `effect_trigger_spell_1`, `effect_trigger_spell_2`, `effect_trigger_spell_3`, `effect_points_per_combo_point_1`, `effect_points_per_combo_point_2`, `effect_points_per_combo_point_3`, `effect_spell_class_mask_a_1`, `effect_spell_class_mask_a_2`, `effect_spell_class_mask_a_3`, `effect_spell_class_mask_b_1`, `effect_spell_class_mask_b_2`, `effect_spell_class_mask_b_3`, `effect_spell_class_mask_c_1`, `effect_spell_class_mask_c_2`, `effect_spell_class_mask_c_3`, `spell_visual_1`, `spell_visual_2`, `spell_icon_id`, `active_icon_id`, `spell_priority`, `spell_name_enus`, `spell_name_flags`, `spell_subtext_enus`, `spell_subtext_flags`, `spell_desc_enus`, `spell_desc_flags`, `spell_tooltip_enus`, `spell_tooltip_flags`, `power_cost_percentage`, `start_recovery_category`, `start_recovery_time`, `maximum_target_level`, `spell_class_set`, `spell_class_mask_1`, `spell_class_mask_2`, `spell_class_mask_3`, `max_affected_targets`, `damage_class`, `prevention_type`, `stance_bar_order`, `effect_damage_multiplier_1`, `effect_damage_multiplier_2`, `effect_damage_multiplier_3`, `min_faction_id`, `min_reputation`, `req_aura_vision`, `totem_category_1`, `totem_category_2`, `area_group_id`, `school_mask`, `rune_cost_id`, `spell_missile_id`, `power_display_id`, `effect_bonus_multiplier_1`, `effect_bonus_multiplier_2`, `effect_bonus_multiplier_3`, `spell_desc_variable_id`, `spell_difficulty_id`) values (87091, 0, 0, 21, 269844752, 0, 0, 0, 0, 0, 131072, 0, 0, 0, 0, 0, 0, 0, 0, 0, 0, 0, 0, 0, 0, 0, 0, 0, 14, 0, 0, 31, 128, 0, 0, 101, 0, 0, 0, 1, 21, 0, 0, 0, 0, 0, 1, '0e-16', 0, 0, 0, 0, 0, 0, 0, 0, 0, 0, 0, 0, 0, 0, 0, 0, 0, 0, 0, 0, -1, 0, 0, 6, 6, 0, 0, 1, 0, '0e-16', '0e-16', '0e-16', 0, 99, 0, 0, 0, 0, 1, 1, 0, 0, 0, 0, 0, 0, 0, 78, 32, 0, 0, 0, 0, '0e-16', '0e-16', '0e-16', 0, 0, 0, 0, 0, 0, 46755, 0, 0, 0, 0, 0, 0, 0, 0, '0e-16', '0e-16', '0e-16', 0, 0, 0, 0, 0, 0, 0, 0, 0, 7644, 0, 343, 0, 0, 'goblin turbo-trike', 16712190, '', 16712190, 'summons and dismisses a goblin turbo-trike. increases speed by $<groundspeed2>%.', 16712190, 'increases speed by $<groundspeed>%.', 16712190, 0, 330, 0, 0, 14, 2147483648, 0, 0, 0, 0, 0, 0, '1.0000000000000000', '1.0000000000000000', '1.0000000000000000', 0, 0, 0, 0, 0, 0, 1, 0, 0, 0, '0e-16', '0e-16', '1.0000000000000000', 182, 0);
  ... and 57 more conflicts (see log file)
  ID 25681: (REDUNDANT)
    [ 10] hd-everything ([BASE,F-049]_spell.sql)
    [ 20] worgoblin ([BASE,F-030]_spell.sql)
    [999] zepcraft-legacy ([BASE,F-044]_spell.sql)
  ID 25682: (REDUNDANT)
    [ 10] hd-everything ([BASE,F-049]_spell.sql)
    [ 20] worgoblin ([BASE,F-030]_spell.sql)
    [999] zepcraft-legacy ([BASE,F-044]_spell.sql)
  ID 25683: (REDUNDANT)
    [ 10] hd-everything ([BASE,F-049]_spell.sql)
    [ 20] worgoblin ([BASE,F-030]_spell.sql)
    [999] zepcraft-legacy ([BASE,F-044]_spell.sql)
  ID 5: (REDUNDANT)
    [ 10] hd-everything ([BASE,F-049]_spell.sql)
    [999] zepcraft-legacy ([BASE,F-044]_spell.sql)
  ID 53749: (REDUNDANT)
    [ 10] hd-everything ([BASE,F-049]_spell.sql)
    [999] zepcraft-legacy ([BASE,F-044]_spell.sql)
  ID 53848: (REDUNDANT)
    [ 10] hd-everything ([BASE,F-049]_spell.sql)
    [999] zepcraft-legacy ([BASE,F-044]_spell.sql)
  ID 59285: (REDUNDANT)
    [ 10] hd-everything ([BASE,F-049]_spell.sql)
    [999] zepcraft-legacy ([BASE,F-044]_spell.sql)
  ID 68975: (REDUNDANT)
    [ 20] worgoblin ([BASE,F-030]_spell.sql)
    [999] zepcraft-legacy ([BASE,F-044]_spell.sql)
  ID 68976: (REDUNDANT)
    [ 20] worgoblin ([BASE,F-030]_spell.sql)
    [999] zepcraft-legacy ([BASE,F-044]_spell.sql)
  ID 68978: (REDUNDANT)
    [ 20] worgoblin ([BASE,F-030]_spell.sql)
    [999] zepcraft-legacy ([BASE,F-044]_spell.sql)
  ID 68992: (REDUNDANT)
    [ 20] worgoblin ([BASE,F-030]_spell.sql)
    [999] zepcraft-legacy ([BASE,F-044]_spell.sql)
  ID 68995: (REDUNDANT)
    [ 20] worgoblin ([BASE,F-030]_spell.sql)
    [999] zepcraft-legacy ([BASE,F-044]_spell.sql)
  ID 68996: (REDUNDANT)
    [ 20] worgoblin ([BASE,F-030]_spell.sql)
    [999] zepcraft-legacy ([BASE,F-044]_spell.sql)
  ID 69041: (REDUNDANT)
    [ 20] worgoblin ([BASE,F-030]_spell.sql)
    [999] zepcraft-legacy ([BASE,F-044]_spell.sql)
  ID 69042: (REDUNDANT)
    [ 20] worgoblin ([BASE,F-030]_spell.sql)
    [999] zepcraft-legacy ([BASE,F-044]_spell.sql)
  ID 69044: (REDUNDANT)
    [ 20] worgoblin ([BASE,F-030]_spell.sql)
    [999] zepcraft-legacy ([BASE,F-044]_spell.sql)
  ID 69045: (REDUNDANT)
    [ 20] worgoblin ([BASE,F-030]_spell.sql)
    [999] zepcraft-legacy ([BASE,F-044]_spell.sql)
  ID 69046: (REDUNDANT)
    [ 20] worgoblin ([BASE,F-030]_spell.sql)
    [999] zepcraft-legacy ([BASE,F-044]_spell.sql)
  ID 69070: (REDUNDANT)
    [ 20] worgoblin ([BASE,F-030]_spell.sql)
    [999] zepcraft-legacy ([BASE,F-044]_spell.sql)
  ... and 16 more redundants (see log file)


spellicon (10 redundant)

  ID 133032: (REDUNDANT)
    [ 20] worgoblin ([BASE,F-030]_spellicon.sql)
    [999] zepcraft-legacy ([BASE,F-044]_spellicon.sql)
  ID 366937: (REDUNDANT)
    [ 20] worgoblin ([BASE,F-030]_spellicon.sql)
    [999] zepcraft-legacy ([BASE,F-044]_spellicon.sql)
  ID 369214: (REDUNDANT)
    [ 20] worgoblin ([BASE,F-030]_spellicon.sql)
    [999] zepcraft-legacy ([BASE,F-044]_spellicon.sql)
  ID 370211: (REDUNDANT)
    [ 20] worgoblin ([BASE,F-030]_spellicon.sql)
    [999] zepcraft-legacy ([BASE,F-044]_spellicon.sql)
  ID 370670: (REDUNDANT)
    [ 20] worgoblin ([BASE,F-030]_spellicon.sql)
    [999] zepcraft-legacy ([BASE,F-044]_spellicon.sql)
  ID 370769: (REDUNDANT)
    [ 20] worgoblin ([BASE,F-030]_spellicon.sql)
    [999] zepcraft-legacy ([BASE,F-044]_spellicon.sql)
  ID 4331: (REDUNDANT)
    [ 20] worgoblin ([BASE,F-030]_spellicon.sql)
    [999] zepcraft-legacy ([BASE,F-044]_spellicon.sql)
  ID 463874: (REDUNDANT)
    [ 20] worgoblin ([BASE,F-030]_spellicon.sql)
    [999] zepcraft-legacy ([BASE,F-044]_spellicon.sql)
  ID 463876: (REDUNDANT)
    [ 20] worgoblin ([BASE,F-030]_spellicon.sql)
    [999] zepcraft-legacy ([BASE,F-044]_spellicon.sql)
  ID 514641: (REDUNDANT)
    [ 20] worgoblin ([BASE,F-030]_spellicon.sql)
    [999] zepcraft-legacy ([BASE,F-044]_spellicon.sql)
  ... and 7 more redundants (see log file)


spellmissile (39 redundant)

  ID 1002: (REDUNDANT)
    [ 10] hd-everything ([BASE,F-049]_spellmissile.sql)
    [999] zepcraft-legacy ([BASE,F-044]_spellmissile.sql)
  ID 1022: (REDUNDANT)
    [ 10] hd-everything ([BASE,F-049]_spellmissile.sql)
    [999] zepcraft-legacy ([BASE,F-044]_spellmissile.sql)
  ID 1023: (REDUNDANT)
    [ 10] hd-everything ([BASE,F-049]_spellmissile.sql)
    [999] zepcraft-legacy ([BASE,F-044]_spellmissile.sql)
  ID 1024: (REDUNDANT)
    [ 10] hd-everything ([BASE,F-049]_spellmissile.sql)
    [999] zepcraft-legacy ([BASE,F-044]_spellmissile.sql)
  ID 1342: (REDUNDANT)
    [ 10] hd-everything ([BASE,F-049]_spellmissile.sql)
    [999] zepcraft-legacy ([BASE,F-044]_spellmissile.sql)
  ID 1364: (REDUNDANT)
    [ 10] hd-everything ([BASE,F-049]_spellmissile.sql)
    [999] zepcraft-legacy ([BASE,F-044]_spellmissile.sql)
  ID 1365: (REDUNDANT)
    [ 10] hd-everything ([BASE,F-049]_spellmissile.sql)
    [999] zepcraft-legacy ([BASE,F-044]_spellmissile.sql)
  ID 1382: (REDUNDANT)
    [ 10] hd-everything ([BASE,F-049]_spellmissile.sql)
    [999] zepcraft-legacy ([BASE,F-044]_spellmissile.sql)
  ID 1402: (REDUNDANT)
    [ 10] hd-everything ([BASE,F-049]_spellmissile.sql)
    [999] zepcraft-legacy ([BASE,F-044]_spellmissile.sql)
  ID 1422: (REDUNDANT)
    [ 10] hd-everything ([BASE,F-049]_spellmissile.sql)
    [999] zepcraft-legacy ([BASE,F-044]_spellmissile.sql)
  ID 1482: (REDUNDANT)
    [ 10] hd-everything ([BASE,F-049]_spellmissile.sql)
    [999] zepcraft-legacy ([BASE,F-044]_spellmissile.sql)
  ID 1662: (REDUNDANT)
    [ 10] hd-everything ([BASE,F-049]_spellmissile.sql)
    [999] zepcraft-legacy ([BASE,F-044]_spellmissile.sql)
  ID 1682: (REDUNDANT)
    [ 10] hd-everything ([BASE,F-049]_spellmissile.sql)
    [999] zepcraft-legacy ([BASE,F-044]_spellmissile.sql)
  ID 1702: (REDUNDANT)
    [ 10] hd-everything ([BASE,F-049]_spellmissile.sql)
    [999] zepcraft-legacy ([BASE,F-044]_spellmissile.sql)
  ID 1802: (REDUNDANT)
    [ 10] hd-everything ([BASE,F-049]_spellmissile.sql)
    [999] zepcraft-legacy ([BASE,F-044]_spellmissile.sql)
  ID 1882: (REDUNDANT)
    [ 10] hd-everything ([BASE,F-049]_spellmissile.sql)
    [999] zepcraft-legacy ([BASE,F-044]_spellmissile.sql)
  ID 1902: (REDUNDANT)
    [ 10] hd-everything ([BASE,F-049]_spellmissile.sql)
    [999] zepcraft-legacy ([BASE,F-044]_spellmissile.sql)
  ID 2022: (REDUNDANT)
    [ 10] hd-everything ([BASE,F-049]_spellmissile.sql)
    [999] zepcraft-legacy ([BASE,F-044]_spellmissile.sql)
  ID 2024: (REDUNDANT)
    [ 10] hd-everything ([BASE,F-049]_spellmissile.sql)
    [999] zepcraft-legacy ([BASE,F-044]_spellmissile.sql)
  ID 2042: (REDUNDANT)
    [ 10] hd-everything ([BASE,F-049]_spellmissile.sql)
    [999] zepcraft-legacy ([BASE,F-044]_spellmissile.sql)
  ID 2162: (REDUNDANT)
    [ 10] hd-everything ([BASE,F-049]_spellmissile.sql)
    [999] zepcraft-legacy ([BASE,F-044]_spellmissile.sql)
  ID 2166: (REDUNDANT)
    [ 10] hd-everything ([BASE,F-049]_spellmissile.sql)
    [999] zepcraft-legacy ([BASE,F-044]_spellmissile.sql)
  ID 2264: (REDUNDANT)
    [ 10] hd-everything ([BASE,F-049]_spellmissile.sql)
    [999] zepcraft-legacy ([BASE,F-044]_spellmissile.sql)
  ID 2342: (REDUNDANT)
    [ 10] hd-everything ([BASE,F-049]_spellmissile.sql)
    [999] zepcraft-legacy ([BASE,F-044]_spellmissile.sql)
  ID 2362: (REDUNDANT)
    [ 10] hd-everything ([BASE,F-049]_spellmissile.sql)
    [999] zepcraft-legacy ([BASE,F-044]_spellmissile.sql)
  ID 2503: (REDUNDANT)
    [ 10] hd-everything ([BASE,F-049]_spellmissile.sql)
    [999] zepcraft-legacy ([BASE,F-044]_spellmissile.sql)
  ID 2674: (REDUNDANT)
    [ 10] hd-everything ([BASE,F-049]_spellmissile.sql)
    [999] zepcraft-legacy ([BASE,F-044]_spellmissile.sql)
  ID 2675: (REDUNDANT)
    [ 10] hd-everything ([BASE,F-049]_spellmissile.sql)
    [999] zepcraft-legacy ([BASE,F-044]_spellmissile.sql)
  ID 2694: (REDUNDANT)
    [ 10] hd-everything ([BASE,F-049]_spellmissile.sql)
    [999] zepcraft-legacy ([BASE,F-044]_spellmissile.sql)
  ID 441: (REDUNDANT)
    [ 10] hd-everything ([BASE,F-049]_spellmissile.sql)
    [999] zepcraft-legacy ([BASE,F-044]_spellmissile.sql)
  ID 481: (REDUNDANT)
    [ 10] hd-everything ([BASE,F-049]_spellmissile.sql)
    [999] zepcraft-legacy ([BASE,F-044]_spellmissile.sql)
  ID 502: (REDUNDANT)
    [ 10] hd-everything ([BASE,F-049]_spellmissile.sql)
    [999] zepcraft-legacy ([BASE,F-044]_spellmissile.sql)
  ID 526: (REDUNDANT)
    [ 10] hd-everything ([BASE,F-049]_spellmissile.sql)
    [999] zepcraft-legacy ([BASE,F-044]_spellmissile.sql)
  ID 561: (REDUNDANT)
    [ 10] hd-everything ([BASE,F-049]_spellmissile.sql)
    [999] zepcraft-legacy ([BASE,F-044]_spellmissile.sql)
  ID 582: (REDUNDANT)
    [ 10] hd-everything ([BASE,F-049]_spellmissile.sql)
    [999] zepcraft-legacy ([BASE,F-044]_spellmissile.sql)
  ID 642: (REDUNDANT)
    [ 10] hd-everything ([BASE,F-049]_spellmissile.sql)
    [999] zepcraft-legacy ([BASE,F-044]_spellmissile.sql)
  ID 763: (REDUNDANT)
    [ 10] hd-everything ([BASE,F-049]_spellmissile.sql)
    [999] zepcraft-legacy ([BASE,F-044]_spellmissile.sql)
  ID 764: (REDUNDANT)
    [ 10] hd-everything ([BASE,F-049]_spellmissile.sql)
    [999] zepcraft-legacy ([BASE,F-044]_spellmissile.sql)
  ID 781: (REDUNDANT)
    [ 10] hd-everything ([BASE,F-049]_spellmissile.sql)
    [999] zepcraft-legacy ([BASE,F-044]_spellmissile.sql)
  ... and 36 more redundants (see log file)


spellvisual (1 redundant)

  ID 17000: (REDUNDANT)
    [ 10] hd-everything ([BASE,F-049]_spellvisual.sql)
    [999] zepcraft-legacy ([BASE,F-044]_spellvisual.sql)


spellvisualeffectname (1 redundant)

  ID 7100: (REDUNDANT)
    [ 10] hd-everything ([BASE,F-049]_spellvisualeffectname.sql)
    [999] zepcraft-legacy ([BASE,F-044]_spellvisualeffectname.sql)


spellvisualkit (1 redundant)

  ID 16000: (REDUNDANT)
    [ 10] hd-everything ([BASE,F-049]_spellvisualkit.sql)
    [999] zepcraft-legacy ([BASE,F-044]_spellvisualkit.sql)


spellvisualkitmodelattach (101 redundant)

  ID 1141: (REDUNDANT)
    [ 10] hd-everything ([BASE,F-049]_spellvisualkitmodelattach.sql)
    [999] zepcraft-legacy ([BASE,F-044]_spellvisualkitmodelattach.sql)
  ID 1181: (REDUNDANT)
    [ 10] hd-everything ([BASE,F-049]_spellvisualkitmodelattach.sql)
    [999] zepcraft-legacy ([BASE,F-044]_spellvisualkitmodelattach.sql)
  ID 1224: (REDUNDANT)
    [ 10] hd-everything ([BASE,F-049]_spellvisualkitmodelattach.sql)
    [999] zepcraft-legacy ([BASE,F-044]_spellvisualkitmodelattach.sql)
  ID 1225: (REDUNDANT)
    [ 10] hd-everything ([BASE,F-049]_spellvisualkitmodelattach.sql)
    [999] zepcraft-legacy ([BASE,F-044]_spellvisualkitmodelattach.sql)
  ID 1226: (REDUNDANT)
    [ 10] hd-everything ([BASE,F-049]_spellvisualkitmodelattach.sql)
    [999] zepcraft-legacy ([BASE,F-044]_spellvisualkitmodelattach.sql)
  ID 1228: (REDUNDANT)
    [ 10] hd-everything ([BASE,F-049]_spellvisualkitmodelattach.sql)
    [999] zepcraft-legacy ([BASE,F-044]_spellvisualkitmodelattach.sql)
  ID 1229: (REDUNDANT)
    [ 10] hd-everything ([BASE,F-049]_spellvisualkitmodelattach.sql)
    [999] zepcraft-legacy ([BASE,F-044]_spellvisualkitmodelattach.sql)
  ID 1230: (REDUNDANT)
    [ 10] hd-everything ([BASE,F-049]_spellvisualkitmodelattach.sql)
    [999] zepcraft-legacy ([BASE,F-044]_spellvisualkitmodelattach.sql)
  ID 1241: (REDUNDANT)
    [ 10] hd-everything ([BASE,F-049]_spellvisualkitmodelattach.sql)
    [999] zepcraft-legacy ([BASE,F-044]_spellvisualkitmodelattach.sql)
  ID 1321: (REDUNDANT)
    [ 10] hd-everything ([BASE,F-049]_spellvisualkitmodelattach.sql)
    [999] zepcraft-legacy ([BASE,F-044]_spellvisualkitmodelattach.sql)
  ID 1361: (REDUNDANT)
    [ 10] hd-everything ([BASE,F-049]_spellvisualkitmodelattach.sql)
    [999] zepcraft-legacy ([BASE,F-044]_spellvisualkitmodelattach.sql)
  ID 1364: (REDUNDANT)
    [ 10] hd-everything ([BASE,F-049]_spellvisualkitmodelattach.sql)
    [999] zepcraft-legacy ([BASE,F-044]_spellvisualkitmodelattach.sql)
  ID 1365: (REDUNDANT)
    [ 10] hd-everything ([BASE,F-049]_spellvisualkitmodelattach.sql)
    [999] zepcraft-legacy ([BASE,F-044]_spellvisualkitmodelattach.sql)
  ID 1382: (REDUNDANT)
    [ 10] hd-everything ([BASE,F-049]_spellvisualkitmodelattach.sql)
    [999] zepcraft-legacy ([BASE,F-044]_spellvisualkitmodelattach.sql)
  ID 1383: (REDUNDANT)
    [ 10] hd-everything ([BASE,F-049]_spellvisualkitmodelattach.sql)
    [999] zepcraft-legacy ([BASE,F-044]_spellvisualkitmodelattach.sql)
  ID 1384: (REDUNDANT)
    [ 10] hd-everything ([BASE,F-049]_spellvisualkitmodelattach.sql)
    [999] zepcraft-legacy ([BASE,F-044]_spellvisualkitmodelattach.sql)
  ID 1386: (REDUNDANT)
    [ 10] hd-everything ([BASE,F-049]_spellvisualkitmodelattach.sql)
    [999] zepcraft-legacy ([BASE,F-044]_spellvisualkitmodelattach.sql)
  ID 1404: (REDUNDANT)
    [ 10] hd-everything ([BASE,F-049]_spellvisualkitmodelattach.sql)
    [999] zepcraft-legacy ([BASE,F-044]_spellvisualkitmodelattach.sql)
  ID 1486: (REDUNDANT)
    [ 10] hd-everything ([BASE,F-049]_spellvisualkitmodelattach.sql)
    [999] zepcraft-legacy ([BASE,F-044]_spellvisualkitmodelattach.sql)
  ID 1521: (REDUNDANT)
    [ 10] hd-everything ([BASE,F-049]_spellvisualkitmodelattach.sql)
    [999] zepcraft-legacy ([BASE,F-044]_spellvisualkitmodelattach.sql)
  ID 1581: (REDUNDANT)
    [ 10] hd-everything ([BASE,F-049]_spellvisualkitmodelattach.sql)
    [999] zepcraft-legacy ([BASE,F-044]_spellvisualkitmodelattach.sql)
  ID 1752: (REDUNDANT)
    [ 10] hd-everything ([BASE,F-049]_spellvisualkitmodelattach.sql)
    [999] zepcraft-legacy ([BASE,F-044]_spellvisualkitmodelattach.sql)
  ID 1756: (REDUNDANT)
    [ 10] hd-everything ([BASE,F-049]_spellvisualkitmodelattach.sql)
    [999] zepcraft-legacy ([BASE,F-044]_spellvisualkitmodelattach.sql)
  ID 2121: (REDUNDANT)
    [ 10] hd-everything ([BASE,F-049]_spellvisualkitmodelattach.sql)
    [999] zepcraft-legacy ([BASE,F-044]_spellvisualkitmodelattach.sql)
  ID 2122: (REDUNDANT)
    [ 10] hd-everything ([BASE,F-049]_spellvisualkitmodelattach.sql)
    [999] zepcraft-legacy ([BASE,F-044]_spellvisualkitmodelattach.sql)
  ID 2182: (REDUNDANT)
    [ 10] hd-everything ([BASE,F-049]_spellvisualkitmodelattach.sql)
    [999] zepcraft-legacy ([BASE,F-044]_spellvisualkitmodelattach.sql)
  ID 2183: (REDUNDANT)
    [ 10] hd-everything ([BASE,F-049]_spellvisualkitmodelattach.sql)
    [999] zepcraft-legacy ([BASE,F-044]_spellvisualkitmodelattach.sql)
  ID 2207: (REDUNDANT)
    [ 10] hd-everything ([BASE,F-049]_spellvisualkitmodelattach.sql)
    [999] zepcraft-legacy ([BASE,F-044]_spellvisualkitmodelattach.sql)
  ID 2341: (REDUNDANT)
    [ 10] hd-everything ([BASE,F-049]_spellvisualkitmodelattach.sql)
    [999] zepcraft-legacy ([BASE,F-044]_spellvisualkitmodelattach.sql)
  ID 2342: (REDUNDANT)
    [ 10] hd-everything ([BASE,F-049]_spellvisualkitmodelattach.sql)
    [999] zepcraft-legacy ([BASE,F-044]_spellvisualkitmodelattach.sql)
  ID 2581: (REDUNDANT)
    [ 10] hd-everything ([BASE,F-049]_spellvisualkitmodelattach.sql)
    [999] zepcraft-legacy ([BASE,F-044]_spellvisualkitmodelattach.sql)
  ID 2583: (REDUNDANT)
    [ 10] hd-everything ([BASE,F-049]_spellvisualkitmodelattach.sql)
    [999] zepcraft-legacy ([BASE,F-044]_spellvisualkitmodelattach.sql)
  ID 2705: (REDUNDANT)
    [ 10] hd-everything ([BASE,F-049]_spellvisualkitmodelattach.sql)
    [999] zepcraft-legacy ([BASE,F-044]_spellvisualkitmodelattach.sql)
  ID 2802: (REDUNDANT)
    [ 10] hd-everything ([BASE,F-049]_spellvisualkitmodelattach.sql)
    [999] zepcraft-legacy ([BASE,F-044]_spellvisualkitmodelattach.sql)
  ID 2861: (REDUNDANT)
    [ 10] hd-everything ([BASE,F-049]_spellvisualkitmodelattach.sql)
    [999] zepcraft-legacy ([BASE,F-044]_spellvisualkitmodelattach.sql)
  ID 2862: (REDUNDANT)
    [ 10] hd-everything ([BASE,F-049]_spellvisualkitmodelattach.sql)
    [999] zepcraft-legacy ([BASE,F-044]_spellvisualkitmodelattach.sql)
  ID 2863: (REDUNDANT)
    [ 10] hd-everything ([BASE,F-049]_spellvisualkitmodelattach.sql)
    [999] zepcraft-legacy ([BASE,F-044]_spellvisualkitmodelattach.sql)
  ID 2864: (REDUNDANT)
    [ 10] hd-everything ([BASE,F-049]_spellvisualkitmodelattach.sql)
    [999] zepcraft-legacy ([BASE,F-044]_spellvisualkitmodelattach.sql)
  ID 2865: (REDUNDANT)
    [ 10] hd-everything ([BASE,F-049]_spellvisualkitmodelattach.sql)
    [999] zepcraft-legacy ([BASE,F-044]_spellvisualkitmodelattach.sql)
  ID 2868: (REDUNDANT)
    [ 10] hd-everything ([BASE,F-049]_spellvisualkitmodelattach.sql)
    [999] zepcraft-legacy ([BASE,F-044]_spellvisualkitmodelattach.sql)
  ID 2869: (REDUNDANT)
    [ 10] hd-everything ([BASE,F-049]_spellvisualkitmodelattach.sql)
    [999] zepcraft-legacy ([BASE,F-044]_spellvisualkitmodelattach.sql)
  ID 2870: (REDUNDANT)
    [ 10] hd-everything ([BASE,F-049]_spellvisualkitmodelattach.sql)
    [999] zepcraft-legacy ([BASE,F-044]_spellvisualkitmodelattach.sql)
  ID 2871: (REDUNDANT)
    [ 10] hd-everything ([BASE,F-049]_spellvisualkitmodelattach.sql)
    [999] zepcraft-legacy ([BASE,F-044]_spellvisualkitmodelattach.sql)
  ID 2872: (REDUNDANT)
    [ 10] hd-everything ([BASE,F-049]_spellvisualkitmodelattach.sql)
    [999] zepcraft-legacy ([BASE,F-044]_spellvisualkitmodelattach.sql)
  ID 2873: (REDUNDANT)
    [ 10] hd-everything ([BASE,F-049]_spellvisualkitmodelattach.sql)
    [999] zepcraft-legacy ([BASE,F-044]_spellvisualkitmodelattach.sql)
  ID 2875: (REDUNDANT)
    [ 10] hd-everything ([BASE,F-049]_spellvisualkitmodelattach.sql)
    [999] zepcraft-legacy ([BASE,F-044]_spellvisualkitmodelattach.sql)
  ID 2967: (REDUNDANT)
    [ 10] hd-everything ([BASE,F-049]_spellvisualkitmodelattach.sql)
    [999] zepcraft-legacy ([BASE,F-044]_spellvisualkitmodelattach.sql)
  ID 306: (REDUNDANT)
    [ 10] hd-everything ([BASE,F-049]_spellvisualkitmodelattach.sql)
    [999] zepcraft-legacy ([BASE,F-044]_spellvisualkitmodelattach.sql)
  ID 3122: (REDUNDANT)
    [ 10] hd-everything ([BASE,F-049]_spellvisualkitmodelattach.sql)
    [999] zepcraft-legacy ([BASE,F-044]_spellvisualkitmodelattach.sql)
  ID 3124: (REDUNDANT)
    [ 10] hd-everything ([BASE,F-049]_spellvisualkitmodelattach.sql)
    [999] zepcraft-legacy ([BASE,F-044]_spellvisualkitmodelattach.sql)
  ID 3125: (REDUNDANT)
    [ 10] hd-everything ([BASE,F-049]_spellvisualkitmodelattach.sql)
    [999] zepcraft-legacy ([BASE,F-044]_spellvisualkitmodelattach.sql)
  ID 3193: (REDUNDANT)
    [ 10] hd-everything ([BASE,F-049]_spellvisualkitmodelattach.sql)
    [999] zepcraft-legacy ([BASE,F-044]_spellvisualkitmodelattach.sql)
  ID 3196: (REDUNDANT)
    [ 10] hd-everything ([BASE,F-049]_spellvisualkitmodelattach.sql)
    [999] zepcraft-legacy ([BASE,F-044]_spellvisualkitmodelattach.sql)
  ID 3197: (REDUNDANT)
    [ 10] hd-everything ([BASE,F-049]_spellvisualkitmodelattach.sql)
    [999] zepcraft-legacy ([BASE,F-044]_spellvisualkitmodelattach.sql)
  ID 3198: (REDUNDANT)
    [ 10] hd-everything ([BASE,F-049]_spellvisualkitmodelattach.sql)
    [999] zepcraft-legacy ([BASE,F-044]_spellvisualkitmodelattach.sql)
  ID 3200: (REDUNDANT)
    [ 10] hd-everything ([BASE,F-049]_spellvisualkitmodelattach.sql)
    [999] zepcraft-legacy ([BASE,F-044]_spellvisualkitmodelattach.sql)
  ID 3212: (REDUNDANT)
    [ 10] hd-everything ([BASE,F-049]_spellvisualkitmodelattach.sql)
    [999] zepcraft-legacy ([BASE,F-044]_spellvisualkitmodelattach.sql)
  ID 3222: (REDUNDANT)
    [ 10] hd-everything ([BASE,F-049]_spellvisualkitmodelattach.sql)
    [999] zepcraft-legacy ([BASE,F-044]_spellvisualkitmodelattach.sql)
  ID 3308: (REDUNDANT)
    [ 10] hd-everything ([BASE,F-049]_spellvisualkitmodelattach.sql)
    [999] zepcraft-legacy ([BASE,F-044]_spellvisualkitmodelattach.sql)
  ID 3310: (REDUNDANT)
    [ 10] hd-everything ([BASE,F-049]_spellvisualkitmodelattach.sql)
    [999] zepcraft-legacy ([BASE,F-044]_spellvisualkitmodelattach.sql)
  ID 3331: (REDUNDANT)
    [ 10] hd-everything ([BASE,F-049]_spellvisualkitmodelattach.sql)
    [999] zepcraft-legacy ([BASE,F-044]_spellvisualkitmodelattach.sql)
  ID 3543: (REDUNDANT)
    [ 10] hd-everything ([BASE,F-049]_spellvisualkitmodelattach.sql)
    [999] zepcraft-legacy ([BASE,F-044]_spellvisualkitmodelattach.sql)
  ID 3545: (REDUNDANT)
    [ 10] hd-everything ([BASE,F-049]_spellvisualkitmodelattach.sql)
    [999] zepcraft-legacy ([BASE,F-044]_spellvisualkitmodelattach.sql)
  ID 3555: (REDUNDANT)
    [ 10] hd-everything ([BASE,F-049]_spellvisualkitmodelattach.sql)
    [999] zepcraft-legacy ([BASE,F-044]_spellvisualkitmodelattach.sql)
  ID 3686: (REDUNDANT)
    [ 10] hd-everything ([BASE,F-049]_spellvisualkitmodelattach.sql)
    [999] zepcraft-legacy ([BASE,F-044]_spellvisualkitmodelattach.sql)
  ID 3687: (REDUNDANT)
    [ 10] hd-everything ([BASE,F-049]_spellvisualkitmodelattach.sql)
    [999] zepcraft-legacy ([BASE,F-044]_spellvisualkitmodelattach.sql)
  ID 3688: (REDUNDANT)
    [ 10] hd-everything ([BASE,F-049]_spellvisualkitmodelattach.sql)
    [999] zepcraft-legacy ([BASE,F-044]_spellvisualkitmodelattach.sql)
  ID 3719: (REDUNDANT)
    [ 10] hd-everything ([BASE,F-049]_spellvisualkitmodelattach.sql)
    [999] zepcraft-legacy ([BASE,F-044]_spellvisualkitmodelattach.sql)
  ID 3725: (REDUNDANT)
    [ 10] hd-everything ([BASE,F-049]_spellvisualkitmodelattach.sql)
    [999] zepcraft-legacy ([BASE,F-044]_spellvisualkitmodelattach.sql)
  ID 3740: (REDUNDANT)
    [ 10] hd-everything ([BASE,F-049]_spellvisualkitmodelattach.sql)
    [999] zepcraft-legacy ([BASE,F-044]_spellvisualkitmodelattach.sql)
  ID 3754: (REDUNDANT)
    [ 10] hd-everything ([BASE,F-049]_spellvisualkitmodelattach.sql)
    [999] zepcraft-legacy ([BASE,F-044]_spellvisualkitmodelattach.sql)
  ID 3879: (REDUNDANT)
    [ 10] hd-everything ([BASE,F-049]_spellvisualkitmodelattach.sql)
    [999] zepcraft-legacy ([BASE,F-044]_spellvisualkitmodelattach.sql)
  ID 3884: (REDUNDANT)
    [ 10] hd-everything ([BASE,F-049]_spellvisualkitmodelattach.sql)
    [999] zepcraft-legacy ([BASE,F-044]_spellvisualkitmodelattach.sql)
  ID 3887: (REDUNDANT)
    [ 10] hd-everything ([BASE,F-049]_spellvisualkitmodelattach.sql)
    [999] zepcraft-legacy ([BASE,F-044]_spellvisualkitmodelattach.sql)
  ID 3888: (REDUNDANT)
    [ 10] hd-everything ([BASE,F-049]_spellvisualkitmodelattach.sql)
    [999] zepcraft-legacy ([BASE,F-044]_spellvisualkitmodelattach.sql)
  ID 3906: (REDUNDANT)
    [ 10] hd-everything ([BASE,F-049]_spellvisualkitmodelattach.sql)
    [999] zepcraft-legacy ([BASE,F-044]_spellvisualkitmodelattach.sql)
  ID 3966: (REDUNDANT)
    [ 10] hd-everything ([BASE,F-049]_spellvisualkitmodelattach.sql)
    [999] zepcraft-legacy ([BASE,F-044]_spellvisualkitmodelattach.sql)
  ID 3981: (REDUNDANT)
    [ 10] hd-everything ([BASE,F-049]_spellvisualkitmodelattach.sql)
    [999] zepcraft-legacy ([BASE,F-044]_spellvisualkitmodelattach.sql)
  ID 3993: (REDUNDANT)
    [ 10] hd-everything ([BASE,F-049]_spellvisualkitmodelattach.sql)
    [999] zepcraft-legacy ([BASE,F-044]_spellvisualkitmodelattach.sql)
  ID 3998: (REDUNDANT)
    [ 10] hd-everything ([BASE,F-049]_spellvisualkitmodelattach.sql)
    [999] zepcraft-legacy ([BASE,F-044]_spellvisualkitmodelattach.sql)
  ID 4000: (REDUNDANT)
    [ 10] hd-everything ([BASE,F-049]_spellvisualkitmodelattach.sql)
    [999] zepcraft-legacy ([BASE,F-044]_spellvisualkitmodelattach.sql)
  ID 4170: (REDUNDANT)
    [ 10] hd-everything ([BASE,F-049]_spellvisualkitmodelattach.sql)
    [999] zepcraft-legacy ([BASE,F-044]_spellvisualkitmodelattach.sql)
  ID 4175: (REDUNDANT)
    [ 10] hd-everything ([BASE,F-049]_spellvisualkitmodelattach.sql)
    [999] zepcraft-legacy ([BASE,F-044]_spellvisualkitmodelattach.sql)
  ID 4178: (REDUNDANT)
    [ 10] hd-everything ([BASE,F-049]_spellvisualkitmodelattach.sql)
    [999] zepcraft-legacy ([BASE,F-044]_spellvisualkitmodelattach.sql)
  ID 4271: (REDUNDANT)
    [ 10] hd-everything ([BASE,F-049]_spellvisualkitmodelattach.sql)
    [999] zepcraft-legacy ([BASE,F-044]_spellvisualkitmodelattach.sql)
  ID 4317: (REDUNDANT)
    [ 10] hd-everything ([BASE,F-049]_spellvisualkitmodelattach.sql)
    [999] zepcraft-legacy ([BASE,F-044]_spellvisualkitmodelattach.sql)
  ID 4318: (REDUNDANT)
    [ 10] hd-everything ([BASE,F-049]_spellvisualkitmodelattach.sql)
    [999] zepcraft-legacy ([BASE,F-044]_spellvisualkitmodelattach.sql)
  ID 4410: (REDUNDANT)
    [ 10] hd-everything ([BASE,F-049]_spellvisualkitmodelattach.sql)
    [999] zepcraft-legacy ([BASE,F-044]_spellvisualkitmodelattach.sql)
  ID 4411: (REDUNDANT)
    [ 10] hd-everything ([BASE,F-049]_spellvisualkitmodelattach.sql)
    [999] zepcraft-legacy ([BASE,F-044]_spellvisualkitmodelattach.sql)
  ID 541: (REDUNDANT)
    [ 10] hd-everything ([BASE,F-049]_spellvisualkitmodelattach.sql)
    [999] zepcraft-legacy ([BASE,F-044]_spellvisualkitmodelattach.sql)
  ID 542: (REDUNDANT)
    [ 10] hd-everything ([BASE,F-049]_spellvisualkitmodelattach.sql)
    [999] zepcraft-legacy ([BASE,F-044]_spellvisualkitmodelattach.sql)
  ID 561: (REDUNDANT)
    [ 10] hd-everything ([BASE,F-049]_spellvisualkitmodelattach.sql)
    [999] zepcraft-legacy ([BASE,F-044]_spellvisualkitmodelattach.sql)
  ID 562: (REDUNDANT)
    [ 10] hd-everything ([BASE,F-049]_spellvisualkitmodelattach.sql)
    [999] zepcraft-legacy ([BASE,F-044]_spellvisualkitmodelattach.sql)
  ID 609: (REDUNDANT)
    [ 10] hd-everything ([BASE,F-049]_spellvisualkitmodelattach.sql)
    [999] zepcraft-legacy ([BASE,F-044]_spellvisualkitmodelattach.sql)
  ID 611: (REDUNDANT)
    [ 10] hd-everything ([BASE,F-049]_spellvisualkitmodelattach.sql)
    [999] zepcraft-legacy ([BASE,F-044]_spellvisualkitmodelattach.sql)
  ID 612: (REDUNDANT)
    [ 10] hd-everything ([BASE,F-049]_spellvisualkitmodelattach.sql)
    [999] zepcraft-legacy ([BASE,F-044]_spellvisualkitmodelattach.sql)
  ID 613: (REDUNDANT)
    [ 10] hd-everything ([BASE,F-049]_spellvisualkitmodelattach.sql)
    [999] zepcraft-legacy ([BASE,F-044]_spellvisualkitmodelattach.sql)
  ID 764: (REDUNDANT)
    [ 10] hd-everything ([BASE,F-049]_spellvisualkitmodelattach.sql)
    [999] zepcraft-legacy ([BASE,F-044]_spellvisualkitmodelattach.sql)
  ID 781: (REDUNDANT)
    [ 10] hd-everything ([BASE,F-049]_spellvisualkitmodelattach.sql)
    [999] zepcraft-legacy ([BASE,F-044]_spellvisualkitmodelattach.sql)
  ID 801: (REDUNDANT)
    [ 10] hd-everything ([BASE,F-049]_spellvisualkitmodelattach.sql)
    [999] zepcraft-legacy ([BASE,F-044]_spellvisualkitmodelattach.sql)
  ID 802: (REDUNDANT)
    [ 10] hd-everything ([BASE,F-049]_spellvisualkitmodelattach.sql)
    [999] zepcraft-legacy ([BASE,F-044]_spellvisualkitmodelattach.sql)
  ... and 98 more redundants (see log file)


  Conflict Breakdown

  Zpak                     Pri Conflicts Redundant   Total  Most Conflicted With
  ──────────────────────── ─── ───────── ───────── ───────  ────────────────────────────
  worgoblin                 20       318       517     835  zepcraft-legacy (772)
  zepcraft-legacy          999       306       613     919  worgoblin (772)
  hd-everything             10       242       201     443  zepcraft-legacy (382)
  clan-centaur              25         2         0       2  worgoblin (2)

  Tables with issues: 19
  Real conflicts: 318 (different values, order matters)
  Redundant: 664 (identical changes, can consolidate)

  Note: Higher priority zpaks overwrite lower priority changes.
        Lower priority number = applied first, higher = wins.
